COD_ACIDENTE;DIA;MES;ANO;HORA;INTERSECAO;LOG1;LOG2;LOG3;NUMERO;REFERENCIA;NATUREZA;ILUMINACAO;TEMPO;SUPERFICIEPISTA;TIPOCRUZAMENTO;CONTROLETRAFEGO;USOSOLO;MORTOS;FERIDOS;ILESOS;AUTOMOVEL;ONIBUS;BICICLETA;CAMINHAO;MICROONIBUS;CICLOMOTOR;MOTOCICLETA;TRACAOANIMAL;TREM;LATITUDE;LONGITUDE;METODO
355011;12;1;2020;15:07;0;AV MOZART PINHEIRO DE LUCENA;;;3344;;Queda;Luz do Dia;;;Meio de Quadra;;;0;1;0;0;0;0;0;0;0;1;0;0;-3,73396518000;-38,59998520000;mq_qgis
355012;12;1;2020;15:25;11721;RUA SAO JOAO D34 (BONSUCESSO);RUA BUENO;;;;ColisÃ£o;Luz do Dia;;;Cruz;NÃ£o HÃ¡ Controle;Residencial;0;1;0;1;0;0;0;0;0;1;0;0;-3,72451000000;-38,60362000000;inter_gpsv
355013;12;1;2020;16:26;0;AV COS GOMES DE FREITAS (SAPIRANGA/COITE);;;4160;;Queda;Luz do Dia;;;Meio de Quadra;;;0;1;0;0;0;0;0;0;0;1;0;0;-3,79484200000;-38,46971600000;mq_match
355131;12;1;2020;21:11;0;RUA SOUSA CARVALHO;;;856;;Queda;;;;Meio de Quadra;;;0;1;0;0;0;0;0;0;0;1;0;0;-3,78254088000;-38,59243720000;mq_qgis
355133;12;1;2020;23:11;0;RUA ASTROGILDO FONTOURA;;;680;;Queda;;;;Meio de Quadra;;;0;1;0;0;0;1;0;0;0;0;0;0;-3,71206300000;-38,58509500000;mq_qgis
355135;12;1;2020;23:11;0;AV PRS JUSCELINO KUBITSCHEK (PASSARÃ‰);;;;;Queda;;;;Meio de Quadra;;;0;1;0;0;0;1;0;0;0;0;0;0;;;
355101;12;1;2020;19:54;0;RUA VICENTE LEITE;;;909;;Atropelamento;;;;Meio de Quadra;;;0;1;1;0;0;0;0;0;0;0;0;0;-3,73444122000;-38,49454480000;mq_qgis
355106;12;1;2020;20:07;0;RUA JOSE DANTAS VIEIRA;;;;;Atropelamento;;;;Meio de Quadra;;;0;1;1;0;0;0;0;0;0;0;0;0;;;
355094;12;1;2020;19:13;0;RUA FRANCISCO CALACA;;;1403;;Queda;;;;Meio de Quadra;;;0;1;0;0;0;1;0;0;0;0;0;0;-3,71416648000;-38,57301720000;mq_qgis
355063;12;1;2020;18:07;0;RUA MAL DEODORO;;;1264;;ColisÃ£o;Anoitecer;;;Meio de Quadra;;;0;3;0;0;0;1;0;0;0;1;0;0;-3,74642500000;-38,53809000000;mq_qgis
355097;12;1;2020;19:44;0;AV SEN CARLOS JEREISSATI (AEROPORTO);;;19;;Atropelamento;;;;Meio de Quadra;;;0;1;1;1;0;0;0;0;0;0;0;0;;;
355082;12;1;2020;18:42;0;RUA JULIO SILVA;;;440;;Queda;;;;Meio de Quadra;;;0;1;0;0;0;1;0;0;0;0;0;0;-3,74537000000;-38,45462000000;mq_match
355068;12;1;2020;18:19;5039;AV ALBERTO NEPOMUCENO;RUA PESSOA ANTA;;;;Atropelamento;Anoitecer;;;;;;0;1;1;0;0;0;0;0;0;1;0;0;-3,72125700000;-38,52321200000;inter_match
355559;12;1;2020;08:26;0;RUA PRO HERIBALDO COSTA;;;;;NÃ£o Informado;Luz do Dia;;;Meio de Quadra;;;0;0;2;1;0;0;0;0;1;0;0;0;;;
355560;13;1;2020;23:35;0;AV JOR THOMAZ COELHO;;;;;ColisÃ£o;;;;Meio de Quadra;;;0;0;2;1;0;0;0;0;0;0;0;0;;;
355147;13;1;2020;06:05;0;RUA MARIA JULIA;;;1968;;Atropelamento;Luz do Dia;;;Meio de Quadra;;;0;2;1;1;0;0;0;0;0;0;0;0;-3,80277300000;-38,60368800000;mq_match
355148;13;1;2020;07:37;0;AV GAL OSORIO DE PAIVA;;;5374;;ColisÃ£o;Luz do Dia;;;Meio de Quadra;;;0;1;0;0;0;0;0;0;0;0;0;0;-3,80440075000;-38,60175088000;mq_match
355149;13;1;2020;08:23;0;RUA LEONARDO MOTA;;;2597;;ColisÃ£o;Luz do Dia;;;Meio de Quadra;;;0;1;0;0;0;0;0;0;0;0;0;0;-3,74847773000;-38,50011960000;mq_qgis
355151;13;1;2020;10:28;0;AV CARNEIRO DE MENDONCA;;;;;ColisÃ£o;Luz do Dia;;;Meio de Quadra;;;0;1;0;1;0;0;0;0;0;1;0;0;;;
355152;13;1;2020;10:39;0;RUA VALPARAISO;;;686;;ColisÃ£o;Luz do Dia;;;Meio de Quadra;;;0;1;0;1;0;0;0;0;0;1;0;0;-3,84383131400;-38,52624986000;mq_match
355153;13;1;2020;10:40;0;RUA TEODOMIRO DE CASTRO;;;4166;;ColisÃ£o;Luz do Dia;;;Meio de Quadra;;;0;1;2;1;0;0;0;0;0;1;0;0;-3,71922100000;-38,57140400000;mq_qgis
355154;13;1;2020;11:02;0;RUA VALPARAISO;;;686;;ColisÃ£o;Luz do Dia;;;Meio de Quadra;;;0;2;0;1;0;0;0;0;0;1;0;0;-3,84383131400;-38,52624986000;mq_match
355155;13;1;2020;12:15;0;AV ALM HENRIQUE SABOIA;;;164;;Atropelamento;Luz do Dia;;;Meio de Quadra;;;0;1;1;0;0;0;0;0;0;1;0;0;-3,72312580600;-38,47999366000;mq_match
355156;13;1;2020;12:26;0;AV SEN CARLOS JEREISSATI (AEROPORTO);;;121;;ColisÃ£o;Luz do Dia;;;Meio de Quadra;;;0;1;0;1;0;0;0;0;0;1;0;0;-3,78375300000;-38,52685000000;mq_match
355157;13;1;2020;13:02;0;RUA CON DE CASTRO;;;1124;;ColisÃ£o;Luz do Dia;;;Meio de Quadra;;;0;1;0;1;0;0;0;0;0;1;0;0;-3,80027000000;-38,58761000000;mq_gpsv
355158;13;1;2020;16:34;0;AV GODOFREDO MACIEL;;;606;;ColisÃ£o;Luz do Dia;;;Meio de Quadra;;;0;2;0;1;0;0;0;0;0;1;0;0;-3,78149500000;-38,56531600000;mq_match
355159;13;1;2020;16:46;0;AV DOS JANGADEIROS;;;960;;Atropelamento;Luz do Dia;;;Meio de Quadra;;;0;1;1;0;0;0;0;0;0;1;0;0;-3,72588000000;-38,47881000000;mq_match
355164;13;1;2020;16:47;0;AV GAL OSORIO DE PAIVA;;;6652;;ColisÃ£o;Luz do Dia;;;Meio de Quadra;;;0;1;0;1;0;0;0;0;0;1;0;0;-3,81171800000;-38,60882400000;mq_match
355165;13;1;2020;16:47;0;AV PRS JUSCELINO KUBITSCHEK (PASSARÃ‰);;;3653;;ColisÃ£o;Luz do Dia;;;Meio de Quadra;;;0;3;0;0;0;0;0;0;0;1;0;0;-3,81415675000;-38,53007125000;mq_match
355166;13;1;2020;16:49;0;RUA MAJ FACUNDO;;;242;;ColisÃ£o;Luz do Dia;;;Meio de Quadra;;;0;1;0;0;0;0;0;0;0;0;0;0;-3,72535000000;-38,52704000000;mq_gpsv
355168;13;1;2020;17:13;0;AV BEIRA MAR;;;;;Queda;Anoitecer;;;Meio de Quadra;;;0;1;0;0;0;1;0;0;0;0;0;0;;;
355169;13;1;2020;17:19;0;ET DO FIO (MESSEJANA);;;3000;;ColisÃ£o;Anoitecer;;;Meio de Quadra;;;0;1;0;0;0;0;0;0;0;0;0;0;;;
355171;13;1;2020;18:39;8787;RUA MARCELINO LOPES;RUA SALVADOR CORREIA SA;;;;ColisÃ£o;;;;;;;0;1;0;1;0;0;0;0;0;1;0;0;-3,79283300000;-38,47507400000;inter_match
355172;13;1;2020;18:58;0;RUA JOAO BRIGIDO;;;2191;;ColisÃ£o;;;;Meio de Quadra;;;0;1;0;0;0;0;0;0;0;1;0;0;-3,73894007000;-38,52106850000;mq_qgis
355183;13;1;2020;19:59;0;AV K CJ PLANALTO BARRA;;;137;;Queda;;;;Meio de Quadra;;;0;1;1;0;0;0;0;0;0;1;0;0;-3,82429170000;-38,55405610000;mq_gpsv
355180;13;1;2020;19:36;0;RUA DO CARANGUEJO;;;2233;;Atropelamento;;;;Meio de Quadra;;;0;1;1;0;0;0;0;0;0;1;0;0;-3,73278000000;-38,59875000000;mq_gpsv
355181;13;1;2020;19:43;0;RUA SALVADOR CORREIA SA;;;740;;ColisÃ£o;;;;Meio de Quadra;;;0;1;1;1;0;0;0;0;0;1;0;0;-3,79502000000;-38,47491000000;mq_gpsv
355178;13;1;2020;18:59;5247;AV IMPERADOR;RUA PEDRO PEREIRA;;;;ColisÃ£o;;;;Cruz;SemÃ¡foro;Comercial;0;1;0;1;0;0;0;0;0;1;0;0;-3,72771400000;-38,53460900000;inter_match
355191;13;1;2020;20:24;0;RUA STA CECILIA (VILA VELHA);;;54;;Queda;;;;Meio de Quadra;;;0;1;0;0;0;1;0;0;0;0;0;0;-3,71822660000;-38,60489080000;mq_gpsv
355192;13;1;2020;21:48;0;RUA MANUEL ARRUDA;;;991;;ColisÃ£o;;;;Meio de Quadra;;;0;1;0;0;0;0;0;0;0;0;0;0;-3,82795000000;-38,50823000000;mq_gpsv
355193;13;1;2020;23:22;10998;RUA DOM CARLOTO TAVORA;RUA ALBERTO MAGNO;;;;ColisÃ£o;;;;Cruz;Pare;Residencial;0;1;0;1;0;0;0;0;0;1;0;0;-3,77083200000;-38,55349500000;inter_match
354663;13;1;2020;09:40;5403;RUA PINTO MADEIRA;RUA GONCALVES LEDO;;;;ColisÃ£o Transversal;Luz do Dia;Bom;Seca;Cruz;Pare;Residencial;0;1;2;1;0;0;0;0;0;1;0;0;-3,73262600000;-38,51649700000;inter_match
354664;13;1;2020;09:45;9039;RUA BAR RIO BRANCO;RUA PDE MIGUELINHO;;;;ColisÃ£o Transversal;Luz do Dia;Bom;Seca;Cruz;Pare;Comercial;0;1;1;1;0;0;0;0;0;1;0;0;-3,74274900000;-38,53346000000;inter_match
354665;13;1;2020;14:16;0;AV DOMINGOS OLIMPIO;;;1265;;ColisÃ£o Traseira;Luz do Dia;Bom;Seca;Meio de Quadra;NÃ£o HÃ¡ Controle;Comercial;0;1;1;1;0;0;0;0;0;1;0;0;-3,73540132000;-38,53482750000;mq_qgis
354666;13;1;2020;14:08;1358;AV SANTOS DUMONT;AV DES MOREIRA;;;;ColisÃ£o Lateral;Luz do Dia;Bom;Seca;Cruz;SemÃ¡foro;Comercial;0;1;1;1;0;0;0;1;0;0;0;0;-3,73622600000;-38,49836500000;inter_match
354667;13;1;2020;20:20;0;AV IMPERADOR;RUA PEDRO FERREIRA;;0;;ColisÃ£o Transversal;Via Iluminada;Bom;Seca;Meio de Quadra;SemÃ¡foro;Comercial;0;1;1;1;0;0;0;0;0;1;0;0;-3,72286000000;-38,59923000000;inter_gpsv
354668;13;1;2020;22:36;0;RUA CEL FRANCISCO ALVES RIBEIRO;;;0;;ColisÃ£o Traseira;Via Iluminada;Bom;Seca;T;SemÃ¡foro;Comercial;0;0;2;1;0;0;0;0;0;0;0;0;-3,83283600000;-38,50984800000;mq_match
354561;13;1;2020;12:00;0;AV SEN CARLOS JEREISSATI (AEROPORTO);;;;KM 04;ColisÃ£o;Luz do Dia;;;Meio de Quadra;;;0;1;1;1;0;0;0;0;0;1;0;0;-3,77402000000;-38,55090700000;rod_match
354617;13;1;2020;06:50;0;RD BR 116;;;;KM-12;ColisÃ£o Transversal;Luz do Dia;Bom;Seca;Meio de Quadra;;;0;1;1;1;0;1;0;0;0;0;0;0;-3,85574000000;-38,49606600000;rod_match
354562;14;1;2020;07:10;0;AV SEN CARLOS JEREISSATI (AEROPORTO);;;;KM 04;Queda;Luz do Dia;;;Meio de Quadra;;;0;1;1;0;0;0;0;0;0;1;0;0;-3,77402000000;-38,55090700000;rod_match
354563;14;1;2020;12:53;0;RD CE-040;;;;KM-03;ColisÃ£o;Luz do Dia;;;Meio de Quadra;;;0;0;2;1;0;0;0;0;0;0;0;0;-3,78261432500;-38,48108390000;rod_match
354564;14;1;2020;15:00;0;RD CE-040;;;;KM-05;Engavetamento;Luz do Dia;;;Meio de Quadra;;;0;0;3;1;0;0;0;0;0;0;0;0;-3,80059582300;-38,47953463000;rod_match
354565;14;1;2020;16:40;0;RD CE-040;;;;KM-09;ColisÃ£o;Luz do Dia;;;Meio de Quadra;;;0;0;2;1;0;0;0;0;0;0;0;0;-3,83445089700;-38,48246582000;rod_match
354566;14;1;2020;22:17;0;RD CE-040;;;;KM-02;ColisÃ£o;;;;Meio de Quadra;;;0;0;3;1;0;0;0;0;0;1;0;0;-3,77361614800;-38,48179940000;rod_match
354669;14;1;2020;08:25;11069;RUA SUECIA;RUA EQUADOR;;0;;ColisÃ£o Traseira;Luz do Dia;Bom;Molhada;T;Pare;Residencial;0;0;2;1;0;0;0;0;0;1;0;0;-3,78444900000;-38,55711100000;inter_match
354670;14;1;2020;09:33;0;RUA MARCELINO LOPES;RUA SALVADOR CORREIA SA;;0;;ColisÃ£o Transversal;Luz do Dia;Bom;Seca;Meio de Quadra;Pare;Comercial;0;1;1;0;0;0;0;0;0;1;0;0;-3,79283300000;-38,47507400000;inter_match
354671;14;1;2020;14:05;1525;RUA BARBOSA DE FREITAS;AV PDE ANTONIO TOMAS;;;;ColisÃ£o Transversal;Luz do Dia;Nublado;Molhada;Cruz;SemÃ¡foro;Comercial;0;1;1;0;0;0;0;0;0;1;0;0;-3,74049500000;-38,49861900000;inter_match
354672;14;1;2020;19:50;0;AV SANTOS DUMONT;;;5140;;ColisÃ£o Traseira;Via Iluminada;Bom;Seca;Meio de Quadra;Pare;Comercial;0;1;2;0;0;0;0;0;0;1;0;0;-3,74042487500;-38,48538275000;mq_match
354673;14;1;2020;21:31;0;RUA CEL QUEIROZ;;;777;;ColisÃ£o Lateral;Via Iluminada;Bom;Seca;Meio de Quadra;SemÃ¡foro;Comercial;0;2;1;0;0;0;0;0;0;1;0;0;-3,83368410000;-38,56893920000;mq_gpsv
355300;14;1;2020;16:05;0;AV PRS COSTA E SILVA;;;;;ColisÃ£o;Luz do Dia;;;Meio de Quadra;;;0;1;0;1;0;0;0;0;0;1;0;0;;;
355301;14;1;2020;16:07;0;RUA PEREIRA VALENTE;;;610;;ColisÃ£o;Luz do Dia;;;Meio de Quadra;;;0;1;0;1;0;0;0;0;0;1;0;0;-3,73257800000;-38,49608000000;mq_qgis
355275;14;1;2020;15:55;0;AV MAJ ASSIS;;;2815;;ColisÃ£o;Luz do Dia;;;Meio de Quadra;;;0;2;0;0;0;0;0;0;0;1;0;0;-3,71905677000;-38,60493320000;mq_qgis
355273;14;1;2020;15:54;13124;AV C CJ JOSE WALTER;AV I CJ JOSE WALTER;;;;ColisÃ£o;Luz do Dia;;;T;NÃ£o HÃ¡ Controle;Residencial;0;1;0;0;0;0;0;0;0;1;0;0;-3,82982400000;-38,55216100000;inter_match
355271;14;1;2020;15:33;0;RUA MANUEL COSTA;;;93;;ColisÃ£o;Luz do Dia;;;Meio de Quadra;;;0;2;0;0;0;0;1;0;0;1;0;0;-3,85969000000;-38,49566000000;mq_gpsv
355256;14;1;2020;11:47;5402;RUA METON DE ALENCAR;RUA VINTE E QUATRO DE MAIO;;;;ColisÃ£o;Luz do Dia;;;Cruz;Pare;Comercial;0;1;0;1;0;0;0;0;0;1;0;0;-3,73262600000;-38,53384800000;inter_match
355233;14;1;2020;09:14;0;RUA DO GUAJIRU D56;;;249;;ColisÃ£o;Luz do Dia;;;Meio de Quadra;;;0;1;0;1;0;0;0;0;0;1;0;0;-3,78127000000;-38,50755000000;mq_gpsv
355234;14;1;2020;09:53;0;AV GAL OSORIO DE PAIVA;;;1127;FROTINHA DA PARANGABA;ColisÃ£o;Luz do Dia;;;Meio de Quadra;;;0;1;0;1;0;1;0;0;0;0;0;0;-3,77914552500;-38,57207319000;mq_match
355236;14;1;2020;10:00;12866;RUA SOLON PINHEIRO;RUA JOAQUIM MAGALHAES;;;;ColisÃ£o;Luz do Dia;;;Cruz;Pare;Residencial;0;1;0;0;0;0;0;0;0;0;0;0;-3,73949000000;-38,52935200000;inter_match
355259;14;1;2020;12:31;0;AV 13 DE MAIO;;;;;ColisÃ£o;Luz do Dia;;;Meio de Quadra;;;0;1;0;0;0;0;0;0;0;0;0;0;;;
355263;14;1;2020;14:11;1564;RUA LEONARDO MOTA;RUA CAROLINA SUCUPIRA;;;;ColisÃ£o;Luz do Dia;;;Cruz;Pare;Residencial;0;1;0;1;0;0;0;0;0;1;0;0;-3,74182500000;-38,49799500000;inter_match
355195;14;1;2020;00:44;0;RUA LUIS GUIMARAES;;;384;;ColisÃ£o;;;;Meio de Quadra;;;0;1;0;0;0;0;0;0;0;1;0;0;-3,72226000000;-38,57111000000;mq_gpsv
355224;14;1;2020;07:55;0;RUA SEN ALENCAR;;;252;;ColisÃ£o;Luz do Dia;;;Meio de Quadra;;;0;2;0;1;0;0;0;0;0;1;0;0;-3,72485824000;-38,52782010000;mq_qgis
355216;14;1;2020;07:27;5279;RUA NOGUEIRA ACIOLI;RUA COSTA BARROS;;;;ColisÃ£o;Luz do Dia;;;Cruz;Pare;Comercial;0;1;0;1;0;0;0;0;0;1;0;0;-3,72854280000;-38,51634000000;inter_match
355222;14;1;2020;07:48;9168;AV LUCIANO CARNEIRO;AV BORGES DE MELO;;;;ColisÃ£o;Luz do Dia;;;Cruz;SemÃ¡foro;Comercial;0;1;0;1;0;0;0;0;0;1;0;0;-3,75646500000;-38,53409700000;inter_match
355197;14;1;2020;01:53;0;RUA RUI MONTE;;;624;;Atropelamento;;;;Meio de Quadra;;;0;1;1;1;0;0;0;0;0;0;0;0;-3,74442039000;-38,58706600000;mq_qgis
355198;14;1;2020;06:35;0;RUA BETEL;;;;;Queda;Luz do Dia;;;Meio de Quadra;;;0;1;0;0;0;0;0;0;0;1;0;0;;;
355563;14;1;2020;13:40;0;RUA JOSE FACANHA;;;676;;NÃ£o Informado;Luz do Dia;;;Meio de Quadra;;;0;0;1;0;0;0;0;0;0;0;0;0;-3,75208000000;-38,55732500000;mq_match
355564;14;1;2020;11:50;25306;AV LUCIANO CARNEIRO;RUA DA SAUDADE (MONTESE);;;;NÃ£o Informado;Luz do Dia;;;;;;0;0;2;0;0;0;0;0;0;0;0;0;-3,77621000000;-38,49019000000;inter_gpsv
355566;14;1;2020;14:00;0;RUA CANAL;;;;;NÃ£o Informado;Luz do Dia;;;Meio de Quadra;;;0;0;1;0;0;0;0;0;0;0;0;0;;;
355213;14;1;2020;07:02;0;AV SEN CARLOS JEREISSATI (AEROPORTO);;;733;;Queda;Luz do Dia;;;Meio de Quadra;;;0;1;0;0;0;0;0;0;0;1;0;0;-3,78375300000;-38,52685000000;mq_match
355357;14;1;2020;23:08;0;RUA BETEL;;;;;Atropelamento;;;;Meio de Quadra;;;0;1;1;1;0;0;0;0;0;0;0;0;;;
355344;14;1;2020;17:11;22353;AV OLAVO BILAC;AV BEZERRA DE MENEZES;;;;ColisÃ£o;Anoitecer;;;;;;0;1;0;1;0;0;0;0;0;1;0;0;-3,73560100000;-38,56415100000;inter_match
355345;14;1;2020;17:31;0;AV GODOFREDO MACIEL;;;;;ColisÃ£o;Anoitecer;;;Meio de Quadra;;;0;1;0;1;0;0;0;0;0;1;0;0;;;
355346;14;1;2020;18:15;0;RUA E VENEZA TROPICAL;;;170;;ColisÃ£o;Anoitecer;;;Meio de Quadra;;;0;1;0;1;0;0;0;0;0;1;0;0;-3,83479000000;-38,55562000000;mq_gpsv
355347;14;1;2020;18:21;0;RUA PRIMEIRO DE JANEIRO;;;963;;ColisÃ£o;Anoitecer;;;Meio de Quadra;;;0;2;0;0;0;0;0;0;0;1;0;0;-3,78414619000;-38,56901730000;mq_qgis
355348;14;1;2020;18:32;0;AV CHANC EDSON QUEIROZ;;;200;;ColisÃ£o;;;;Meio de Quadra;;;0;1;0;1;0;0;0;0;0;1;0;0;-3,76724000000;-38,48695000000;mq_gpsv
355349;14;1;2020;19:13;0;RUA VITAL BRASIL;;;1913;;ColisÃ£o;;;;Meio de Quadra;;;0;1;0;0;0;0;0;0;0;0;0;0;-3,77801200000;-38,59799500000;mq_match
355350;14;1;2020;20:57;0;AV ANTONIO SALES;;;130;;ColisÃ£o;;;;Meio de Quadra;;;0;1;0;1;0;0;0;0;0;1;0;0;-3,73946000000;-38,52176000000;mq_gpsv
355363;15;1;2020;07:29;0;AV FRE CIRILO;;;3009;;Queda;Luz do Dia;;;Meio de Quadra;;;0;1;0;0;0;1;0;0;0;0;0;0;-3,81072282000;-38,50043140000;mq_qgis
355364;15;1;2020;07:44;0;RUA ALM RUBIM;;;1605;;Queda;Luz do Dia;;;Meio de Quadra;;;0;1;0;0;0;0;0;0;0;1;0;0;-3,77153676000;-38,55686630000;mq_qgis
355373;15;1;2020;07:52;14662;RUA JOAO A ALBUQUERQUE;RUA JOAO REGINO;;;;ColisÃ£o;Luz do Dia;;;Cruz;Pare;Comercial;0;1;1;1;0;0;0;0;0;1;0;0;-3,79439000000;-38,48261000000;inter_gpsv
355412;15;1;2020;14:17;26083;AV BEZERRA DE MENEZES;AV JOSE JATAHY;;;;Queda;Luz do Dia;;;Cruz;SemÃ¡foro;Comercial;0;1;0;0;0;0;0;0;0;1;0;0;-3,73151830000;-38,54502060000;inter_match
355397;15;1;2020;10:13;0;AV PRO JOSE ARTHUR CARVALHO;;;955;;ColisÃ£o;Luz do Dia;;;Meio de Quadra;;;0;1;0;1;0;1;0;0;0;0;0;0;-3,82463000000;-38,45807000000;mq_gpsv
355398;15;1;2020;11:35;0;AV SANTOS DUMONT;;;4000;;Atropelamento;Luz do Dia;;;Meio de Quadra;;;0;1;1;1;0;0;0;0;0;0;0;0;-3,73936800000;-38,48863800000;mq_match
355402;15;1;2020;11:56;22717;RUA EUCLIDES O DE SOUSA;RUA BILL CARTAXO;;;;ColisÃ£o;Luz do Dia;;;Cruz;Pare;Escola;0;1;0;0;0;0;0;0;0;1;0;0;-3,79771000000;-38,47379300000;inter_match
355403;15;1;2020;12:28;0;RUA ALFREDO MAMEDE;;;119;;Queda;Luz do Dia;;;Meio de Quadra;;;0;1;0;0;0;0;0;0;0;1;0;0;-3,80704000000;-38,57985000000;mq_gpsv
355404;15;1;2020;12:37;0;AV MON TABOSA;;;;;ColisÃ£o;Luz do Dia;;;Meio de Quadra;;;0;1;0;0;0;0;0;0;0;0;0;0;;;
355395;15;1;2020;08:35;3312;RUA VIRIATO RIBEIRO;RUA BOLIVIA;;;;Queda;Luz do Dia;;;Cruz;Pare;Residencial;0;1;0;0;0;0;0;0;0;1;0;0;-3,74535500000;-38,56607100000;inter_match
355459;15;1;2020;21:14;21292;RUA ALVARO DE ALENCAR;RUA STA INES D20;;;;ColisÃ£o;;;;;;;0;1;0;0;0;0;0;0;0;1;0;0;-3,70871000000;-38,55640000000;inter_gpsv
355462;15;1;2020;23:17;0;RUA EDUARDO PERDIGAO;;;;;Atropelamento;;;;Meio de Quadra;;;0;1;1;0;0;0;0;0;0;0;0;0;;;
355438;15;1;2020;18:49;0;AV DR SILAS MUNGUBA;;;;;ColisÃ£o;;;;Meio de Quadra;;;0;1;1;1;0;1;0;0;0;0;0;0;;;
355441;15;1;2020;20:35;0;RUA HUMAITA D73;;;1090;;ColisÃ£o;;;;Meio de Quadra;;;0;1;0;0;0;0;0;0;0;0;0;0;-3,75589503000;-38,59974590000;mq_qgis
355430;15;1;2020;15:00;0;AV SGT HERMINIO SAMPAIO;;;1122;;Atropelamento;Luz do Dia;;;Meio de Quadra;;;0;1;1;0;0;0;0;0;0;1;0;0;-3,72465280800;-38,55060546000;mq_match
355432;15;1;2020;15:11;0;AV JOR THOMAZ COELHO;;;;;ColisÃ£o;Luz do Dia;;;Meio de Quadra;;;0;2;0;0;0;0;0;0;0;0;0;0;;;
355434;15;1;2020;18:26;0;RUA ISRAEL BEZERRA;;;149;;ColisÃ£o;Anoitecer;;;Meio de Quadra;;;0;1;0;1;0;0;0;0;0;1;0;0;-3,74799437000;-38,50075170000;mq_qgis
355570;15;1;2020;23:48;0;AV DR THEBERGE;;;;;ColisÃ£o;;;;Meio de Quadra;;;0;0;1;1;0;0;0;0;0;0;0;0;;;
355571;15;1;2020;14:25;0;AV JOSE SABOIA;;;500;;NÃ£o Informado;Luz do Dia;;;Meio de Quadra;;;0;0;1;0;0;0;0;0;0;0;0;0;-3,71708400000;-38,46750200000;mq_match
354674;15;1;2020;03:00;0;AV CEL CARVALHO;;;1166;;ColisÃ£o Lateral;Via Iluminada;Chuva;Molhada;Meio de Quadra;NÃ£o HÃ¡ Controle;Comercial;0;0;2;1;0;0;0;0;0;0;0;0;-3,71273654500;-38,58910127000;mq_match
354675;15;1;2020;08:07;25716;AV PDE ANTONIO TOMAS;RUA ARQ REGINALDO RANGEL;;;;Choque c/ ObstÃ¡culo Fixo;Luz do Dia;Nublado;Molhada;Outros;NÃ£o HÃ¡ Controle;Residencial;0;0;1;0;1;0;0;0;0;0;0;0;-3,74538300000;-38,48357800000;inter_match
354676;15;1;2020;08:44;0;AV PRS CASTELO BRANCO;;;3385;;ColisÃ£o Traseira;Luz do Dia;Chuva;Molhada;Meio de Quadra;NÃ£o HÃ¡ Controle;Comercial;0;1;1;1;0;0;0;0;0;1;0;0;-3,71038321000;-38,56144310000;mq_qgis
354677;15;1;2020;16:00;0;RUA VER ZELIA C DE SOUZA;;;393;;ColisÃ£o Traseira;Luz do Dia;Bom;Seca;Meio de Quadra;NÃ£o HÃ¡ Controle;Residencial;0;1;1;1;0;0;0;0;0;1;0;0;-3,81741000000;-38,55842000000;mq_gpsv
354569;15;1;2020;12:00;0;RD CE-040;;;;KM-06;ColisÃ£o;Luz do Dia;;;Meio de Quadra;;;0;0;2;1;0;0;0;0;0;0;0;0;-3,80959680400;-38,47873348000;rod_match
354570;15;1;2020;11:17;0;RD CE-040;;;;KM-06;ColisÃ£o;Luz do Dia;;;Meio de Quadra;;;0;0;2;1;0;0;0;0;0;0;0;0;-3,80959680400;-38,47873348000;rod_match
354571;15;1;2020;17:00;0;RD CE-040;;;;KM-12;ColisÃ£o;Anoitecer;;;Meio de Quadra;;;0;0;2;0;0;0;1;0;0;1;0;0;-3,85769094900;-38,47204254000;rod_match
354618;15;1;2020;06:10;0;AV MR HULL;;;5633;;Atropelamento;Luz do Dia;Nublado;Molhada;Meio de Quadra;;;0;2;0;0;0;0;0;0;0;1;0;0;-3,74012500000;-38,59471600000;mq_match
354572;16;1;2020;14:28;0;RD CE-040;;;;KM-06;ColisÃ£o;Luz do Dia;;;Meio de Quadra;;;0;0;1;1;0;0;0;0;0;0;0;0;-3,80959680400;-38,47873348000;rod_match
354678;16;1;2020;01:56;0;RUA BAR SOBRAL;;;0;;NÃ£o Informado;Via Iluminada;Bom;Seca;Cruz;NÃ£o HÃ¡ Controle;Residencial;0;1;0;1;0;0;0;0;0;0;0;0;-3,76470000000;-38,55835850000;mq_boat
354679;16;1;2020;07:30;0;AV SGT HERMINIO SAMPAIO;;;1998;;ColisÃ£o Frontal;Luz do Dia;Bom;Seca;Meio de Quadra;NÃ£o HÃ¡ Controle;Comercial;0;1;1;1;0;0;0;0;0;1;0;0;-3,72594880000;-38,55821440000;mq_match
354680;16;1;2020;13:15;12925;AV AGUANAMBI;AV DOMINGOS OLIMPIO;;;;ColisÃ£o Traseira;Luz do Dia;Bom;Seca;Cruz;SemÃ¡foro;Comercial;0;1;1;1;0;0;0;0;0;1;0;0;-3,73868300000;-38,52462800000;inter_match
354681;16;1;2020;16:58;19739;RUA GUSTAVO SAMPAIO;RUA MOREIRA DE SOUSA;;;;ColisÃ£o;Luz do Dia;Bom;Seca;Cruz;Pare;Comercial;0;2;1;1;0;0;0;0;0;1;0;0;-3,73736700000;-38,56665000000;inter_match
359433;16;1;2020;14:30;0;AV CASTELO DE CASTRO;;;;;Choque c/ ObstÃ¡culo Fixo;Luz do Dia;;;Meio de Quadra;;;1;0;0;0;0;0;0;0;0;1;0;0;-3,84101500000;-38,52173900000;fat_match