COD_ACIDENTE;DIA;MES;ANO;HORA;INTERSECAO;LOG1;LOG2;LOG3;NUMERO;REFERENCIA;NATUREZA;ILUMINACAO;TEMPO;SUPERFICIEPISTA;TIPOCRUZAMENTO;CONTROLETRAFEGO;USOSOLO;MORTOS;FERIDOS;ILESOS;AUTOMOVEL;ONIBUS;BICICLETA;CAMINHAO;MICROONIBUS;CICLOMOTOR;MOTOCICLETA;TRACAOANIMAL;TREM;LATITUDE;LONGITUDE;METODO
354691;20;1;2020;10:49;0;RUA COM LUIS RIBEIRO;;;257;;Choque c/ ObstÃ¡culo Fixo;Luz do Dia;Bom;Seca;Meio de Quadra;DÃª PreferÃªncia;Residencial;0;0;1;1;0;0;0;0;0;0;0;0;-3,72199000000;-38,54886000000;mq_gpsv
354692;20;1;2020;12:30;0;AV CARAPINIMA;;;2424;;ColisÃ£o Lateral;Luz do Dia;Bom;Seca;Meio de Quadra;NÃ£o HÃ¡ Controle;Comercial;0;1;1;0;0;0;1;0;0;1;0;0;-3,74093600000;-38,54117000000;mq_match
354693;20;1;2020;14:22;3211;RUA VERBENA;RUA EMILIO DE MENESES;;;;ColisÃ£o Lateral;Luz do Dia;Bom;Seca;Cruz;SemÃ¡foro;Comercial;0;1;1;1;0;0;0;0;0;1;0;0;-3,78134400000;-38,58883800000;inter_match
354694;20;1;2020;17:45;0;AV BEZERRA DE MENEZES;;;1051;;Atropelamento;Via Iluminada;Bom;Seca;Meio de Quadra;SemÃ¡foro;Comercial;1;0;1;0;1;0;0;0;0;0;0;0;-3,73356900000;-38,55431900000;mq_match
354619;20;1;2020;06:40;0;RD BR 222;;;;KM-03;ColisÃ£o Lateral;Luz do Dia;Bom;Seca;Meio de Quadra;;;0;1;2;1;0;0;0;0;0;1;0;0;-3,74030084800;-38,59594097000;rod_match
355269;20;1;2020;07:05;0;AV MR HULL;;;5764;;ColisÃ£o;Luz do Dia;;;Meio de Quadra;;;0;1;1;1;0;0;0;0;0;1;0;0;-3,74021300000;-38,59534000000;mq_match
355283;20;1;2020;10:55;0;RUA ITALIA D43;;;673;;ColisÃ£o;Luz do Dia;;;Meio de Quadra;;;0;1;1;1;0;0;0;0;0;1;0;0;-3,79051600000;-38,56401347000;mq_gpsv
355284;20;1;2020;10:58;0;AV VIS RIO BRANCO;;;;;ColisÃ£o;Luz do Dia;;;Meio de Quadra;;;0;1;1;1;0;0;0;0;0;1;0;0;;;
355285;20;1;2020;12:47;0;AV ENG LEAL LIMA VERDE (SAPIRANGA/COITE);;;639;;ColisÃ£o;Luz do Dia;;;Meio de Quadra;;;0;1;1;1;0;0;0;0;0;1;0;0;-3,79411000000;-38,47562000000;mq_gpsv
355286;20;1;2020;13:03;0;RUA ANTERO QUENTAL;;;;;ColisÃ£o;Luz do Dia;;;Meio de Quadra;;;0;1;1;1;0;0;0;0;0;1;0;0;;;
355287;20;1;2020;13:05;0;RUA ADOLFO CAMINHA;;;;;ColisÃ£o;Luz do Dia;;;Meio de Quadra;;;0;1;1;1;0;0;0;0;0;1;0;0;;;
355277;20;1;2020;07:08;0;AV PERIMETRAL;;;875;;ColisÃ£o;Luz do Dia;;;Meio de Quadra;;;0;1;0;0;0;0;0;0;0;0;0;0;;;
355290;20;1;2020;13:40;1360;RUA JOAQUIM NABUCO;RUA DES LEITE ALBUQUERQUE;;;;ColisÃ£o;Luz do Dia;;;Cruz;Pare;Comercial;0;1;1;1;0;0;0;0;0;1;0;0;-3,73627300000;-38,50162100000;inter_match
355291;20;1;2020;14:08;0;AV IMPERADOR;;;405;;Atropelamento;Luz do Dia;;;Meio de Quadra;;;0;1;1;1;0;0;0;0;0;0;0;0;-3,72497237000;-38,53379660000;mq_qgis
355292;20;1;2020;15:18;0;AV JOSE BASTOS;;;3200;;ColisÃ£o;Luz do Dia;;;Meio de Quadra;;;0;1;1;1;0;0;0;0;0;1;0;0;-3,74761550000;-38,54807350000;mq_match
355297;20;1;2020;16:48;14698;RUA CON DE CASTRO;RUA MAJ MONTENEGRO;;;;ColisÃ£o;Luz do Dia;;;;;;0;1;1;1;0;0;0;0;0;1;0;0;-3,79252200000;-38,58038000000;inter_match
355298;20;1;2020;18:10;0;AV WASHINGTON SOARES;;;4000;;ColisÃ£o;Anoitecer;;;Meio de Quadra;;;0;1;1;1;0;1;0;0;0;0;0;0;-3,79196800000;-38,48025900000;mq_match
355299;20;1;2020;18:14;0;RUA STO AGOSTINHO D71;;;1406;;ColisÃ£o;Anoitecer;;;Meio de Quadra;;;0;1;1;0;0;0;0;0;0;1;0;0;-3,80606000000;-38,60220900000;mq_gpsv
355294;20;1;2020;16:01;0;RUA ANTONIO DIVINO;;;294;;ColisÃ£o;Luz do Dia;;;Meio de Quadra;;;0;1;1;1;0;0;0;0;0;1;0;0;-3,80522000000;-38,56180000000;mq_gpsv
355295;20;1;2020;16:07;0;AV PERIMETRAL;;;2706;;ColisÃ£o;Luz do Dia;;;Meio de Quadra;;;0;1;1;1;0;0;0;0;0;1;0;0;;;
355279;20;1;2020;07:30;0;RUA PERNAMBUCO;;;;;ColisÃ£o;Luz do Dia;;;Meio de Quadra;;;0;1;0;0;0;0;0;0;0;0;0;0;;;
355262;20;1;2020;00:36;0;RUA GUILHERME ROCHA;;;748;;Atropelamento;;;;Meio de Quadra;;;0;1;1;1;0;0;0;0;0;0;0;0;-3,72531281900;-38,53311454000;mq_match
355264;20;1;2020;00:43;0;AV H CJ CEARA;;;1535;;ColisÃ£o;;;;Meio de Quadra;;;0;1;1;1;0;0;0;0;0;1;0;0;-3,77598300000;-38,61152300000;mq_match
355265;20;1;2020;03:05;0;RUA CON DE CASTRO;;;4309;;Atropelamento;;;;Meio de Quadra;;;0;1;1;1;0;0;0;0;0;0;0;0;-3,80306000000;-38,59021300000;mq_match
355266;20;1;2020;06:07;0;AV ALM BARROSO;;;;;Atropelamento;Luz do Dia;;;Meio de Quadra;;;0;1;1;1;0;0;0;0;0;0;0;0;;;
355267;20;1;2020;07:01;0;RUA L CJ VILA VELHA;;;1230;;ColisÃ£o;Luz do Dia;;;Meio de Quadra;;;0;1;1;1;0;0;0;0;0;1;0;0;;;
355587;20;1;2020;09:00;0;RUA PERNAMBUCO;;;;;ColisÃ£o;Luz do Dia;;;Meio de Quadra;;;0;0;2;1;0;0;0;0;0;1;0;0;;;
355588;20;1;2020;04:45;25536;RUA CON DE CASTRO;RUA JOAQUIM ALFREDO;;;;Atropelamento;;;;T;Pare;Comercial;0;1;1;0;0;0;0;0;0;0;0;0;-3,80303000000;-38,59021000000;inter_gpsv
355600;20;1;2020;09:00;0;RUA CANDIDO HOLANDA;;;;;ColisÃ£o;Luz do Dia;;;Meio de Quadra;;;0;1;2;1;1;0;0;0;0;1;0;0;;;
355374;20;1;2020;23:24;0;AV FRANCISCO SA;;;1771;;ColisÃ£o;;;;Meio de Quadra;;;0;1;0;0;0;0;0;0;0;0;0;0;-3,72257900000;-38,54158000000;mq_qgis
355371;20;1;2020;20:34;0;AV PERIMETRAL;;;665;;Queda;;;;Meio de Quadra;;;0;1;0;0;0;0;0;0;0;1;0;0;;;
355365;20;1;2020;18:21;0;AV PERIMETRAL;;;;;ColisÃ£o;Anoitecer;;;Meio de Quadra;;;0;1;0;0;0;0;0;0;0;0;0;0;;;
355366;20;1;2020;18:24;0;RUA MON AGOSTINHO;;;1406;;ColisÃ£o;Anoitecer;;;Meio de Quadra;;;0;1;1;0;0;0;0;0;0;1;0;0;-3,79434892000;-38,58889460000;mq_qgis
355367;20;1;2020;19:19;0;RUA REPUBLICA DO LIBANO;;;800;;Atropelamento;;;;Meio de Quadra;;;0;1;1;1;0;0;0;0;0;0;0;0;-3,73254000000;-38,49286500000;mq_qgis
355368;20;1;2020;19:36;15273;RUA ANA BILHAR;RUA OSVALDO CRUZ (ALDEOTA);;;;ColisÃ£o;;;;Cruz;SemÃ¡foro;Residencial;0;1;1;1;0;0;0;0;0;1;0;0;-3,72869900000;-38,49809100000;inter_match
355369;20;1;2020;20:34;0;RUA CHICO MENDES;;;1051;;Queda;;;;Meio de Quadra;;;0;1;0;0;0;0;0;0;0;1;0;0;-3,83292000000;-38,57143000000;mq_gpsv
355376;21;1;2020;00:31;1406;AV DES MOREIRA;RUA DES LEITE ALBUQUERQUE;;;;ColisÃ£o;;;;Cruz;SemÃ¡foro;Comercial;0;1;1;1;0;0;0;0;0;1;0;0;-3,73722000000;-38,49867800000;inter_match
355385;21;1;2020;07:15;0;AV ENG HUMBERTO MONTE;;;1440;;Queda;Luz do Dia;;;Meio de Quadra;;;0;1;0;0;0;0;0;0;0;1;0;0;-3,74754200000;-38,56177300000;mq_qgis
355378;21;1;2020;04:55;0;AV N CJ JOSE WALTER;;;571;;ColisÃ£o;;;;Meio de Quadra;;;0;1;1;0;0;0;0;0;0;1;0;0;-3,77306790000;-38,49996920000;mq_gpsv
355379;21;1;2020;05:18;0;AV PERIMETRAL;;;1428;;ColisÃ£o;Amanhecer;;;Meio de Quadra;;;0;1;1;1;0;0;0;0;0;1;0;0;;;
355381;21;1;2020;06:34;0;AV GAL OSORIO DE PAIVA;;;;;ColisÃ£o;Luz do Dia;;;Meio de Quadra;;;0;1;1;1;0;0;0;0;0;1;0;0;;;
355382;21;1;2020;06:57;0;RUA PDE MORORO;;;580;;ColisÃ£o;Luz do Dia;;;Meio de Quadra;;;0;1;1;1;0;0;0;0;0;1;0;0;-3,72187988000;-38,53638380000;mq_qgis
355383;21;1;2020;07:09;0;AV WASHINGTON SOARES;;;100;;ColisÃ£o;Luz do Dia;;;Meio de Quadra;;;0;1;1;1;0;0;0;0;0;1;0;0;-3,75733100000;-38,48995300000;mq_match
355392;21;1;2020;11:23;14714;RUA FRANCISCO GLICERIO;RUA FRANCFORT;;;;ColisÃ£o;Luz do Dia;;;Cruz;Pare;Comercial;0;1;1;1;0;0;0;0;0;1;0;0;-3,79456700000;-38,58159900000;inter_match
355389;21;1;2020;08:56;0;RUA SGT JOAO PINHEIRO;;;;;Atropelamento;Luz do Dia;;;Meio de Quadra;;;0;1;1;1;0;0;0;0;0;0;0;0;;;
355390;21;1;2020;09:36;0;RUA CARLOS AMORA;;;24;;Queda;Luz do Dia;;;Meio de Quadra;;;0;1;0;0;0;0;0;0;0;1;0;0;-3,77431650000;-38,56434200000;mq_match
355387;21;1;2020;07:38;0;RUA FRE ODILON;;;1662;;ColisÃ£o;Luz do Dia;;;Meio de Quadra;;;0;1;1;1;0;0;0;0;0;1;0;0;-3,73323000000;-38,57259000000;mq_gpsv
355405;21;1;2020;11:56;7328;RUA PRO EDGAR DE ARRUDA;RUA MANAUS;;;;ColisÃ£o;Luz do Dia;;;Cruz;Pare;Residencial;0;1;1;0;0;0;0;0;0;1;0;0;-3,75454200000;-38,59167600000;inter_match
355407;21;1;2020;15:11;19409;AV AUGUSTO DOS ANJOS;RUA FRE SERAFIM;;;;ColisÃ£o;Luz do Dia;;;T;Pare;Comercial;0;1;1;1;0;0;0;0;0;1;0;0;-3,77874300000;-38,57790000000;inter_match
355408;21;1;2020;15:56;16271;RUA PARANAI;RUA IPAUMIRIM D72;;;;ColisÃ£o;Luz do Dia;;;;;;0;1;1;1;0;0;0;0;0;1;0;0;-3,82997000000;-38,56749000000;inter_gpsv
355411;21;1;2020;16:54;0;AV MR HULL;;;146;;ColisÃ£o;Luz do Dia;;;Meio de Quadra;;;0;1;1;1;0;0;0;0;0;1;0;0;-3,73660000000;-38,56956000000;mq_gpsv
355416;21;1;2020;17:48;0;RUA BOLIVIA;;;119;;ColisÃ£o;Anoitecer;;;Meio de Quadra;;;0;1;1;1;0;0;0;0;0;1;0;0;-3,74470424000;-38,56553040000;mq_qgis
355414;21;1;2020;17:31;0;AV H CJ CEARA;;;;;ColisÃ£o;Anoitecer;;;Meio de Quadra;;;0;1;1;1;0;1;0;0;0;0;0;0;;;
355426;21;1;2020;18:35;0;RUA GABRIEL FIUZA;;;552;;ColisÃ£o;;;;Meio de Quadra;;;0;1;1;1;0;0;0;0;0;1;0;0;-3,78601384000;-38,58101730000;mq_qgis
355427;21;1;2020;19:08;11768;AV PRS CASTELO BRANCO;AV FILOMENO GOMES;;;;Atropelamento;;;;T;SemÃ¡foro;Comercial;0;1;1;0;0;0;0;0;0;1;0;0;-3,71554200000;-38,54198200000;inter_match
355423;21;1;2020;18:11;17294;RUA JOAO FIRMINO;RUA CEL ALEXANDRINO;;;;Atropelamento;Anoitecer;;;Cruz;Pare;Residencial;0;1;1;0;0;0;0;0;0;1;0;0;-3,76351400000;-38,55492200000;inter_match
355424;21;1;2020;18:21;3313;RUA BOLIVIA;RUA 21 DE ABRIL D27;;;;ColisÃ£o;Anoitecer;;;Cruz;Pare;Residencial;0;1;1;1;0;0;0;0;0;1;0;0;-3,74481200000;-38,56561400000;inter_match
355420;21;1;2020;18:06;0;RUA POMPILIO GOMES;;;1590;;ColisÃ£o;Anoitecer;;;Meio de Quadra;;;0;1;1;1;0;0;0;0;0;1;0;0;-3,82569984800;-38,52115445000;mq_match
355421;21;1;2020;18:11;0;RUA BERNARDO MANUEL;;;7536;;ColisÃ£o;Anoitecer;;;Meio de Quadra;;;0;1;1;1;0;0;0;0;0;1;0;0;-3,78407300000;-38,54692700000;mq_match
355418;21;1;2020;17:53;0;RUA BERNARDO MANUEL;;;;;ColisÃ£o;Anoitecer;;;Meio de Quadra;;;0;1;1;1;0;0;0;0;0;1;0;0;;;
355435;21;1;2020;20:47;0;RUA MANUEL TEOFILO;;;85;;ColisÃ£o;;;;Meio de Quadra;;;0;1;1;1;0;0;0;0;0;0;0;0;-3,78094000000;-38,55926000000;mq_gpsv
355433;21;1;2020;20:43;0;RUA ESMERALDA (CJ HAB NOVO BARROSO);;;;;ColisÃ£o;;;;Meio de Quadra;;;0;1;0;0;0;0;0;0;0;0;0;0;;;
355431;21;1;2020;19:12;0;AV FRE CIRILO;;;3480;;Atropelamento;;;;Meio de Quadra;;;0;1;1;0;0;0;0;0;0;1;0;0;-3,81484711600;-38,49850911600;mq_match
355437;21;1;2020;22:17;0;AV GAL OSORIO DE PAIVA;;;4431;;ColisÃ£o;;;;Meio de Quadra;;;0;1;1;1;0;0;0;0;0;1;0;0;-3,79747800000;-38,59503400000;mq_qgis
355591;21;1;2020;18:00;0;AV CEL CARVALHO;;;;;NÃ£o Informado;Anoitecer;;;Meio de Quadra;;;0;0;1;0;0;0;0;0;0;1;0;0;;;
354695;21;1;2020;09:38;607;AV DR THEBERGE;RUA LIRIO;;;;ColisÃ£o;Luz do Dia;Bom;Seca;T;Pare;Comercial;0;1;1;0;0;0;0;1;0;1;0;0;-3,71270400000;-38,56431300000;inter_match
354696;21;1;2020;13:10;6725;RUA JULIO AZEVEDO;RUA BENTO ALBUQUERQUE;;0;;NÃ£o Informado;Luz do Dia;Bom;Seca;Cruz;Pare;Residencial;0;1;0;0;0;0;0;1;0;1;0;0;-3,74386100000;-38,48285400000;inter_match
354697;21;1;2020;16:32;0;AV PRS JUSCELINO KUBITSCHEK (PASSARÃ‰);;;0;;NÃ£o Informado;Luz do Dia;Bom;Seca;Meio de Quadra;SemÃ¡foro;Residencial;0;0;1;1;0;0;0;0;0;0;0;0;-3,82236550000;-38,53604850000;mq_boat
354698;21;1;2020;15:36;9188;RUA PDE BARBOSA DE JESUS;RUA NAPOLEAO LAUREANO;;;;ColisÃ£o Transversal;Luz do Dia;Bom;Seca;Cruz;Pare;Residencial;0;2;0;1;0;0;0;0;0;1;0;0;-3,74891700000;-38,52854000000;inter_match
354541;21;1;2020;17:00;25351;AV PRS JUSCELINO KUBITSCHEK (PASSARÃ‰);RUA MARINHO E SILVA;;;;ColisÃ£o Transversal;Anoitecer;Bom;Seca;T;Pare;Comercial;0;1;1;0;1;0;0;0;0;1;0;0;-3,82144000000;-38,53525000000;inter_gpsv
354610;21;1;2020;18:00;0;RD BR 222;;;1300;KM-01;Queda;Anoitecer;Bom;Seca;Meio de Quadra;;;0;0;1;0;0;0;0;0;0;1;0;0;-3,73769844400;-38,57814693000;rod_match
354611;21;1;2020;08:00;0;RD BR 116;;;500;;ColisÃ£o;Luz do Dia;Bom;Seca;Meio de Quadra;;;0;1;3;1;0;0;0;0;0;1;0;0;-3,79603590000;-38,50719230000;rod_match
354609;22;1;2020;07:10;0;RD BR 116;;;2000;KM-02;ColisÃ£o Traseira;Luz do Dia;Bom;Seca;Meio de Quadra;;;0;1;2;1;0;0;0;0;0;1;0;0;-3,77139100000;-38,51678000000;rod_match
354543;22;1;2020;18:00;17416;RUA ELVIRA PINHO;RUA EDITE BRAGA;;;;ColisÃ£o Lateral;Anoitecer;Bom;Seca;Cruz;Pare;Residencial;0;1;1;1;0;0;0;0;0;0;0;0;-3,76806400000;-38,55355200000;inter_match
354546;22;1;2020;22:20;0;AV JOR THOMAZ COELHO;;;3159;;ColisÃ£o Lateral;Via Iluminada;Bom;Seca;Meio de Quadra;NÃ£o HÃ¡ Controle;Comercial;0;2;0;0;0;0;0;0;0;1;0;0;-3,82896700000;-38,52268600000;mq_match
354575;22;1;2020;08:00;0;AV MIN JOSE AMERICO;;;;;ColisÃ£o;Luz do Dia;;;Meio de Quadra;;;0;0;2;1;0;0;0;0;0;0;0;0;;;
354576;22;1;2020;15:55;0;RD CE-040;;;;KM-13;ColisÃ£o;Luz do Dia;;;Meio de Quadra;;;0;0;2;0;0;0;0;0;0;0;0;0;-3,86609325400;-38,46893682000;rod_match
354577;22;1;2020;;0;AV SEN CARLOS JEREISSATI (AEROPORTO);;;;KM 01;ColisÃ£o;;;;Meio de Quadra;;;0;0;2;1;1;0;0;0;0;0;0;0;-3,78375300000;-38,52685000000;rod_match
354699;22;1;2020;08:00;0;AV VICENTE DE CASTRO;;;5700;MOINHO DIAS BRANCO;Capotamento;Luz do Dia;Bom;Seca;Meio de Quadra;NÃ£o HÃ¡ Controle;Comercial;0;1;0;1;0;0;0;0;0;0;0;0;-3,71513000000;-38,47410900000;mq_match
354700;22;1;2020;10:25;5448;RUA METON DE ALENCAR;RUA BAR ARATANHA;;;;ColisÃ£o Transversal;Luz do Dia;Bom;Seca;Cruz;Pare;Comercial;0;1;1;1;0;0;0;0;0;1;0;0;-3,73484700000;-38,52702800000;inter_match
354701;22;1;2020;13:52;0;AV OLIVEIRA PAIVA;;;3024;;Atropelamento;Luz do Dia;Bom;Seca;Meio de Quadra;SemÃ¡foro;Comercial;0;1;1;0;0;0;0;0;0;1;0;0;-3,79572310000;-38,48016680000;mq_qgis
355592;22;1;2020;12:24;25139;RUA LUCIANO MAGALHAES;RUA SIGEFREDO PINHEIRO;;;;ColisÃ£o;Luz do Dia;;;T;Pare;;0;0;2;1;0;0;0;0;0;0;0;0;-3,75779000000;-38,52752000000;inter_gpsv
355440;22;1;2020;02:11;0;AV JOR THOMAZ COELHO;;;2570;;Atropelamento;;;;Meio de Quadra;;;0;1;1;1;0;0;0;0;0;0;0;0;-3,82818263000;-38,51724911000;mq_match
355443;22;1;2020;05:30;0;AV SGT HERMINIO SAMPAIO;;;;;ColisÃ£o;Amanhecer;;;Meio de Quadra;;;0;1;1;1;0;0;0;0;0;1;0;0;;;
355447;22;1;2020;06:02;0;AV BEZERRA DE MENEZES;;;340;;ColisÃ£o;Luz do Dia;;;Meio de Quadra;;;0;1;0;0;0;0;0;0;0;1;0;0;-3,73222540000;-38,54785430000;mq_qgis
355445;22;1;2020;05:51;0;AV PONTES VIEIRA;;;80;;ColisÃ£o;Amanhecer;;;Meio de Quadra;;;0;1;1;0;0;0;0;0;0;1;0;0;-3,75322770000;-38,51834500000;mq_match
355453;22;1;2020;08:46;0;RUA DR THOMPSON BULCAO;;;830;;Queda;Luz do Dia;;;Meio de Quadra;;;0;1;0;0;0;0;0;0;0;1;0;0;-3,76835000000;-38,49578000000;mq_gpsv
355455;22;1;2020;08:59;0;AV DIOGUINHO;;;;;ColisÃ£o;Luz do Dia;;;Meio de Quadra;;;0;1;1;1;0;0;0;0;0;1;0;0;;;
355457;22;1;2020;09:04;0;AV AMERICO BARREIRA;;;4855;;ColisÃ£o;Luz do Dia;;;Meio de Quadra;;;0;1;1;1;0;0;0;0;0;1;0;0;-3,75737120000;-38,55983400000;mq_match
355458;22;1;2020;09:46;0;AV WASHINGTON SOARES;;;9284;;ColisÃ£o;Luz do Dia;;;Meio de Quadra;;;0;1;1;1;0;0;0;0;0;1;0;0;-3,83233000000;-38,48247500000;mq_qgis
355477;22;1;2020;14:03;19599;RUA NEREU RAMOS;RUA MONACO;;;;ColisÃ£o;Luz do Dia;;;Cruz;Pare;Comercial;0;1;1;1;0;0;0;0;0;1;0;0;-3,78622900000;-38,56960900000;inter_match
355478;22;1;2020;14:25;0;AV AUGUSTO DOS ANJOS;;;2171;;ColisÃ£o;Luz do Dia;;;Meio de Quadra;;;0;1;1;1;0;0;0;0;0;1;0;0;-3,78486100000;-38,58322500000;mq_match
355479;22;1;2020;14:42;0;AV PERIMETRAL;;;531;;ColisÃ£o;Luz do Dia;;;Meio de Quadra;;;0;1;1;1;0;0;0;0;0;1;0;0;;;
355480;22;1;2020;15:55;0;AV PERIMETRAL;;;;;ColisÃ£o;Luz do Dia;;;Meio de Quadra;;;0;1;1;0;0;1;0;0;0;1;0;0;;;
355481;22;1;2020;16:44;0;RUA MOZART PINTO;;;240;;ColisÃ£o;Luz do Dia;;;Meio de Quadra;;;0;1;1;0;0;0;0;0;0;1;0;0;-3,72691131000;-38,55202110000;mq_qgis
355482;22;1;2020;20:58;0;RUA FLORIANOPOLIS;;;1127;;Queda;;;;Meio de Quadra;;;0;1;0;0;0;0;0;0;0;1;0;0;-3,76154472000;-38,58579420000;mq_qgis
355484;22;1;2020;22:55;0;RUA BAR ARATANHA;;;1515;;Atropelamento;;;;Meio de Quadra;;;0;1;1;0;0;0;0;0;0;0;0;0;-3,74637200000;-38,53090000000;mq_match
355485;22;1;2020;23:41;0;RUA JOSE ABILIO;;;1575;;ColisÃ£o;;;;Meio de Quadra;;;0;1;1;1;0;0;0;0;0;1;0;0;-3,78184600000;-38,60580200000;mq_gpsv
355460;22;1;2020;10:19;0;AV BEZERRA DE MENEZES;;;1219;;Queda;Luz do Dia;;;Meio de Quadra;;;0;1;0;0;0;0;0;0;0;1;0;0;-3,73385700000;-38,55571400000;mq_qgis
355489;23;1;2020;07:25;0;RUA EMILIO DE MENESES;;;1368;;ColisÃ£o;Luz do Dia;;;Meio de Quadra;;;0;1;1;1;0;0;0;0;0;1;0;0;-3,77997420000;-38,59375180000;mq_match
355494;23;1;2020;08:20;0;AV CESAR CALS;;;1457;;ColisÃ£o;Luz do Dia;;;Meio de Quadra;;;0;1;1;1;0;0;0;0;0;1;0;0;-3,73049600000;-38,45939500000;mq_qgis
355492;23;1;2020;07:40;0;AV DEP PAULINO ROCHA;;;2171;;ColisÃ£o;Luz do Dia;;;Meio de Quadra;;;0;1;1;0;0;0;0;0;0;1;0;0;-3,81109000000;-38,51592000000;mq_gpsv
355496;23;1;2020;08:47;0;RUA CACHOEIRA ALEGRE;;;576;;ColisÃ£o;Luz do Dia;;;Meio de Quadra;;;0;1;1;1;0;0;0;0;0;1;0;0;-3,82519000000;-38,58214000000;mq_gpsv
355497;23;1;2020;09:09;0;AV DOS EXPEDICIONARIOS;;;5005;;ColisÃ£o;Luz do Dia;;;Meio de Quadra;;;0;1;1;1;0;0;0;0;0;1;0;0;-3,76367900000;-38,54083900000;mq_qgis
355499;23;1;2020;10:23;0;RUA ALVARO DE ALENCAR;;;500;;Atropelamento;Luz do Dia;;;Meio de Quadra;;;0;1;1;0;0;0;0;0;0;1;0;0;-3,71584471000;-38,55801580000;mq_qgis
355500;23;1;2020;11:46;0;RUA PRO GOMES BRASIL;;;149;;Atropelamento;Luz do Dia;;;Meio de Quadra;;;0;1;1;1;0;0;0;0;0;0;0;0;-3,77428571000;-38,56745480000;mq_qgis
355501;23;1;2020;12:06;0;AV PERIMETRAL;;;351;;ColisÃ£o;Luz do Dia;;;Meio de Quadra;;;0;1;1;1;0;0;0;0;0;1;0;0;;;
355502;23;1;2020;12:23;0;AV JOSE LEON;;;1133;;ColisÃ£o;Luz do Dia;;;Meio de Quadra;;;0;1;1;1;0;0;0;0;0;1;0;0;-3,78796200000;-38,50122710000;mq_qgis
355503;23;1;2020;13:04;0;RUA VALPARAISO;;;101;;ColisÃ£o;Luz do Dia;;;Meio de Quadra;;;0;1;1;1;0;0;0;0;0;1;0;0;-3,84645280000;-38,52156390000;mq_match
355504;23;1;2020;13:41;25070;AV DOS EXPEDICIONARIOS;RUA ALM RUFINO;;;;Queda;Luz do Dia;;;Cruz;SemÃ¡foro;Comercial;0;1;0;0;0;0;0;0;0;1;0;0;-3,76528900000;-38,54128600000;inter_match
355505;23;1;2020;13:41;0;AV H CJ CEARA;;;1535;;ColisÃ£o;Luz do Dia;;;Meio de Quadra;;;0;1;0;0;0;0;0;0;0;0;0;0;-3,77598300000;-38,61152300000;mq_match
355506;23;1;2020;15:37;0;RUA NELSON COELHO;;;288;;Queda;Luz do Dia;;;Meio de Quadra;;;0;1;0;0;0;0;0;0;0;1;0;0;-3,82799300000;-38,46382800000;mq_match
355507;23;1;2020;16:11;26073;AV JOSE JATAHY;AV FRANCISCO SA;;;;ColisÃ£o;Luz do Dia;;;T;Pare;Comercial;0;1;0;0;0;0;0;0;0;0;0;0;-3,72087600000;-38,54678730000;inter_match
355486;23;1;2020;06:12;0;AV JOSE BASTOS;;;;;Queda;Luz do Dia;;;Meio de Quadra;;;0;1;0;0;0;0;0;0;0;1;0;0;;;
355487;23;1;2020;06:51;0;AV PERIMETRAL;;;5676;;ColisÃ£o;Luz do Dia;;;Meio de Quadra;;;0;1;1;1;0;0;0;0;0;1;0;0;;;
355593;23;1;2020;16:30;0;RUA TRILHO;;;334;;ColisÃ£o;Luz do Dia;;;Meio de Quadra;;;0;0;1;1;0;0;0;0;0;0;0;0;-3,71961000000;-38,53261000000;mq_gpsv
355525;23;1;2020;16:37;0;RUA ESPIRITO SANTO;;;918;;ColisÃ£o;Luz do Dia;;;Meio de Quadra;;;0;1;1;0;0;0;0;0;0;1;0;0;-3,75609500000;-38,57018200000;mq_match
355526;23;1;2020;17:06;0;RUA CASTRO E SILVA;;;26;;ColisÃ£o;Anoitecer;;;Meio de Quadra;;;0;1;1;1;0;0;0;0;0;1;0;0;-3,72436900000;-38,52559400000;mq_match
355527;23;1;2020;17:47;1967;RD QUARTO ANEL VIARIO;RD BR 116;;;;Queda;Anoitecer;;;;;;0;1;0;0;0;0;0;0;0;1;0;0;-3,87148000000;-38,49842000000;inter_gpsv
355528;23;1;2020;17:48;0;AV JOR THOMAZ COELHO;;;1860;;ColisÃ£o;Anoitecer;;;Meio de Quadra;;;0;1;0;0;0;0;0;0;0;0;0;0;-3,82931800000;-38,51118100000;mq_qgis
355529;23;1;2020;17:51;0;AV OLIVEIRA PAIVA;;;890;;ColisÃ£o;Anoitecer;;;Meio de Quadra;;;0;1;1;1;0;0;0;0;0;1;0;0;-3,79636860000;-38,49814000000;mq_match
355530;23;1;2020;18:17;0;AV SGT HERMINIO SAMPAIO;;;1823;;ColisÃ£o;Anoitecer;;;Meio de Quadra;;;0;1;1;1;0;0;0;0;0;1;0;0;-3,72572700000;-38,55701600000;mq_match
355531;23;1;2020;20:27;0;RUA JULIO CESAR D12;;;2194;;ColisÃ£o;;;;Meio de Quadra;;;0;1;1;1;0;0;0;0;0;1;0;0;-3,76026400000;-38,55132600000;mq_qgis
355532;23;1;2020;21:19;0;RUA VALPARAISO;;;;;ColisÃ£o;;;;Meio de Quadra;;;0;1;1;1;0;1;0;0;0;0;0;0;;;
355533;23;1;2020;23:09;0;AV BEZERRA DE MENEZES;;;;;ColisÃ£o;;;;Meio de Quadra;;;0;2;1;1;0;0;0;0;0;1;0;0;;;
354702;23;1;2020;09:09;0;RUA MON HIPOLITO BRASIL;;;223;;ColisÃ£o Transversal;Luz do Dia;Nublado;Seca;Meio de Quadra;NÃ£o HÃ¡ Controle;Residencial;0;1;1;1;0;0;0;0;0;1;0;0;-3,76071100000;-38,57543640000;mq_qgis