COD_ACIDENTE;DIA;MES;ANO;HORA;INTERSECAO;LOG1;LOG2;LOG3;NUMERO;REFERENCIA;NATUREZA;ILUMINACAO;TEMPO;SUPERFICIEPISTA;TIPOCRUZAMENTO;CONTROLETRAFEGO;USOSOLO;MORTOS;FERIDOS;ILESOS;AUTOMOVEL;ONIBUS;BICICLETA;CAMINHAO;MICROONIBUS;CICLOMOTOR;MOTOCICLETA;TRACAOANIMAL;TREM;LATITUDE;LONGITUDE;METODO
354703;23;1;2020;14:31;0;AV DEP PAULINO ROCHA;;;0;;Choque c/ ObstÃ¡culo Fixo;Luz do Dia;Bom;Seca;Meio de Quadra;NÃ£o HÃ¡ Controle;Lazer;0;0;1;1;0;0;0;0;0;0;0;0;-3,81060720000;-38,51709000000;mq_match
354704;23;1;2020;13:30;0;AV JOAO PESSOA;;;5061;;ColisÃ£o Traseira;Luz do Dia;Bom;Seca;Meio de Quadra;NÃ£o HÃ¡ Controle;Residencial;0;0;2;0;0;0;0;0;0;0;0;0;-3,75615000000;-38,55284600000;mq_match
354705;23;1;2020;15:08;0;AV ABOLICAO;;;4036;;Queda;Luz do Dia;Bom;Seca;Meio de Quadra;NÃ£o HÃ¡ Controle;Residencial;0;0;2;0;1;0;0;0;0;0;0;0;-3,72353960000;-38,48132300000;mq_match
354706;23;1;2020;16:49;25697;RUA JOAO CORDEIRO;RUA ROCHA LIMA;;0;;ColisÃ£o Transversal;Luz do Dia;Bom;Seca;Cruz;Pare;Residencial;0;0;4;1;0;0;0;0;0;0;0;0;-3,73800000000;-38,51727500000;inter_match
354578;23;1;2020;07:30;0;RD CE-040;;;;KM-03;ColisÃ£o;Luz do Dia;;;Meio de Quadra;;;0;0;2;1;0;0;0;0;0;0;0;0;-3,78261432500;-38,48108390000;rod_match
354579;23;1;2020;22:00;0;RD CE-025;;;;KM-02;ColisÃ£o;;;;Meio de Quadra;;;0;1;1;1;0;0;0;0;0;1;0;0;-3,80763450500;-38,46108452000;rod_match
354581;23;1;2020;22:30;0;AV SEN CARLOS JEREISSATI (AEROPORTO);;;;KM 01;ColisÃ£o;;;;Meio de Quadra;;;0;1;1;1;0;0;1;0;0;0;0;0;-3,78375300000;-38,52685000000;rod_match
354605;23;1;2020;23:00;0;RD BR 222;;;;KM 00;ColisÃ£o Lateral;Via Iluminada;Bom;Seca;Meio de Quadra;;;0;2;1;1;0;0;0;0;0;1;0;0;-3,73666400000;-38,56919700000;rod_match
354607;23;1;2020;17:30;0;RD BR 116;;;4700;KM-04;ColisÃ£o Traseira;Anoitecer;Bom;Seca;Meio de Quadra;;;0;2;0;0;0;0;0;0;0;1;0;0;-3,80235400000;-38,50386900000;rod_match
354608;23;1;2020;07:30;0;RD BR 116;;;2700;KM-02;ColisÃ£o Traseira;Luz do Dia;Bom;Seca;Meio de Quadra;;;0;0;2;1;0;0;1;0;0;0;0;0;-3,77139100000;-38,51678000000;rod_match
354602;24;1;2020;14:50;0;RD BR 020;;;;KM 426;ColisÃ£o Transversal;Luz do Dia;Bom;Seca;Meio de Quadra;;;0;2;2;1;0;0;1;0;0;0;0;0;-3,86300000000;-38,52400000000;rod_match
354603;24;1;2020;14:20;0;RD BR 222;;;3100;KM-03;ColisÃ£o Traseira;Luz do Dia;Bom;Seca;Meio de Quadra;;;0;1;1;0;0;0;0;0;0;1;0;0;-3,74030084800;-38,59594097000;rod_match
354547;24;1;2020;19:53;15277;AV ANTONIO JUSTA;AV SEN VIRGILIO TAVORA;;;;ColisÃ£o Lateral;;Bom;Seca;Cruz;SemÃ¡foro;Residencial;0;1;1;1;0;0;0;0;0;1;0;0;-3,72887500000;-38,49069200000;inter_match
354707;24;1;2020;09:35;12758;RUA JULIO CESAR D12;RUA DELMIRO FARIAS;;0;;ColisÃ£o Transversal;Luz do Dia;Bom;Seca;Cruz;Pare;Residencial;0;1;1;1;0;0;0;0;0;0;0;0;-3,75250800000;-38,54507000000;inter_match
354708;24;1;2020;13:38;0;AV HERACLITO GRACA;;;826;;NÃ£o Informado;Luz do Dia;Bom;Seca;Meio de Quadra;SemÃ¡foro;Comercial;0;0;2;1;0;0;0;0;0;0;0;0;-3,73577400000;-38,51745600000;mq_match
354709;24;1;2020;14:23;12819;AV PRO GOMES DE MATOS;RUA ANDRE CHAVES;;;;ColisÃ£o Transversal;Luz do Dia;Bom;Seca;Cruz;SemÃ¡foro;Comercial;0;1;2;0;1;0;0;0;0;1;0;0;-3,75639600000;-38,54153300000;inter_match
354710;24;1;2020;15:22;0;AV PRS COSTA E SILVA;;;2403;CIALNE;ColisÃ£o Lateral;Luz do Dia;Bom;Seca;Meio de Quadra;NÃ£o HÃ¡ Controle;Comercial;0;1;1;1;0;0;0;0;0;1;0;0;-3,81976560000;-38,56099700000;mq_match
354711;24;1;2020;16:38;0;RUA VALMIR PONTES;RUA XIV JAO ESMEC;;0;;NÃ£o Informado;Luz do Dia;Bom;Seca;Meio de Quadra;NÃ£o HÃ¡ Controle;Escola;0;0;2;1;0;0;0;0;0;0;0;0;-3,72725000000;-38,59619000000;inter_gpsv
354712;24;1;2020;14:45;0;RUA ASSUNCAO;;;757;;ColisÃ£o Lateral;Luz do Dia;Bom;Seca;Meio de Quadra;SemÃ¡foro;Residencial;0;0;2;0;0;0;0;0;0;1;0;0;-3,73691467000;-38,52945530000;mq_qgis
354713;24;1;2020;20:27;11836;RUA JACINTO MATOS;RUA MON DANTAS;;;;ColisÃ£o;Via Iluminada;Bom;Seca;Cruz;SemÃ¡foro;Residencial;0;2;1;1;0;0;0;0;0;0;0;0;-3,71971400000;-38,54680000000;inter_match
355205;24;1;2020;00:43;0;RUA ANGELICA GURGEL;;;;;ColisÃ£o;;;;Meio de Quadra;;;0;1;1;1;0;0;0;0;0;1;0;0;;;
355206;24;1;2020;06:27;0;RUA CON DE CASTRO;;;2836;;ColisÃ£o;Luz do Dia;;;Meio de Quadra;;;0;1;1;1;0;1;0;0;0;0;0;0;-3,79393700000;-38,58168690000;mq_qgis
355207;24;1;2020;07:01;0;AV CARNEIRO DE MENDONCA;;;694;;ColisÃ£o;Luz do Dia;;;Meio de Quadra;;;0;1;1;1;0;0;0;0;0;1;0;0;-3,76460007800;-38,56581507700;mq_match
355208;24;1;2020;07:26;0;RUA GETULIO VARGAS;;;2664;;ColisÃ£o;Luz do Dia;;;Meio de Quadra;;;0;2;0;0;0;0;0;0;0;1;0;0;;;
355209;24;1;2020;07:50;0;RUA VITAL BRASIL;;;1132;;ColisÃ£o;Luz do Dia;;;Meio de Quadra;;;0;1;1;0;0;0;0;0;0;0;0;0;-3,77982600000;-38,59156900000;mq_qgis
355210;24;1;2020;07:57;0;RUA ILDEFONSO ALBANO;;;2540;;Queda;Luz do Dia;;;Meio de Quadra;;;0;1;0;0;0;0;0;0;0;1;0;0;-3,74366300000;-38,51669500000;mq_qgis
355211;24;1;2020;08:05;8113;RUA HOLANDA;RUA CARLOS JUACABA;;;;ColisÃ£o;Luz do Dia;;;T;Pare;Residencial;0;1;1;1;0;0;0;0;0;1;0;0;-3,79554500000;-38,56355100000;inter_match
355212;24;1;2020;08:56;0;AV ENG SANTANA JUNIOR;;;699;;Atropelamento;Luz do Dia;;;Meio de Quadra;;;0;1;1;1;0;0;0;0;0;0;0;0;-3,73431815000;-38,48123690000;mq_qgis
355311;24;1;2020;09:40;8125;RUA MANUEL DE QUEIROZ;RUA BENTO ALBUQUERQUE;;;;ColisÃ£o;Luz do Dia;;;Cruz;Pare;Comercial;0;1;1;0;0;0;0;0;0;1;0;0;-3,74883700000;-38,46739300000;inter_match
355315;24;1;2020;10:06;0;AV ENG LEAL LIMA VERDE (SAPIRANGA/COITE);;;2505;;ColisÃ£o;Luz do Dia;;;Meio de Quadra;;;0;1;1;0;0;0;0;0;0;0;0;0;-3,81123759600;-38,47436335000;mq_match
355309;24;1;2020;09:10;0;RUA OSCAR ROMERO;;;502;;Outros;Luz do Dia;;;Meio de Quadra;;;0;1;1;0;1;0;0;0;0;0;0;0;-3,83211000000;-38,57190000000;mq_gpsv
355332;24;1;2020;15:56;0;AV PRS JUSCELINO KUBITSCHEK (PASSARÃ‰);;;;;ColisÃ£o;Luz do Dia;;;Meio de Quadra;;;0;1;1;1;0;0;0;0;0;1;0;0;;;
355333;24;1;2020;16:30;0;RUA AFONSO HENRIQUE;;;911;;ColisÃ£o;Luz do Dia;;;Meio de Quadra;;;0;1;1;1;0;0;0;0;0;1;0;0;-3,82540326000;-38,48476100000;mq_qgis
355334;24;1;2020;16:43;0;RUA SAO BERNARDO DE CAMPOS;;;344;;ColisÃ£o;Luz do Dia;;;Meio de Quadra;;;0;1;1;1;0;0;0;0;0;1;0;0;-3,72174000000;-38,47544000000;mq_gpsv
355335;24;1;2020;17:26;0;RUA LUIS VIEIRA;;;490;;ColisÃ£o;Anoitecer;;;Meio de Quadra;;;0;1;1;1;0;0;0;0;0;1;0;0;-3,79404000000;-38,58738900000;mq_match
355336;24;1;2020;17:42;0;AV ABOLICAO;;;3877;;ColisÃ£o;Anoitecer;;;Meio de Quadra;;;0;1;1;0;0;0;0;0;0;1;0;0;-3,72497060000;-38,48346000000;mq_match
355337;24;1;2020;18:00;0;AV JOSE BASTOS;;;3000;;ColisÃ£o;Anoitecer;;;Meio de Quadra;;;0;1;1;0;0;0;0;0;0;0;0;0;-3,74685500000;-38,54729550000;mq_qgis
355338;24;1;2020;18:40;0;RUA COSTA BARROS;;;787;;Atropelamento de Animal;;;;Meio de Quadra;;;0;2;0;0;0;0;0;0;0;1;0;0;-3,72869900000;-38,51665430000;mq_qgis
355339;24;1;2020;18:57;0;AV WASHINGTON LUIS;;;35;;ColisÃ£o;;;;Meio de Quadra;;;0;1;1;1;0;0;0;0;0;1;0;0;-3,71748100000;-38,58911720000;mq_qgis
355340;24;1;2020;19:51;0;RUA PORTO VELHO;;;1832;;Queda;;;;Meio de Quadra;;;0;1;0;0;0;0;0;0;0;1;0;0;-3,76194900000;-38,59471500000;mq_match
355341;24;1;2020;20:21;10793;RUA PRO HERIBALDO COSTA;RUA PORTO ALEGRE;;;;ColisÃ£o;;;;Cruz;NÃ£o HÃ¡ Controle;Comercial;0;1;1;1;0;0;0;0;0;1;0;0;-3,76299700000;-38,58543300000;inter_match
355342;24;1;2020;22:02;0;RUA CAROLINA SUCUPIRA;;;1820;;ColisÃ£o;;;;Meio de Quadra;;;0;1;1;1;0;0;0;0;0;1;0;0;-3,74179000000;-38,49814000000;mq_gpsv
355343;24;1;2020;23:04;0;RUA PRO COSTA MENDES;;;917;;ColisÃ£o;;;;Meio de Quadra;;;0;1;1;0;0;0;0;0;0;0;0;0;-3,75345180000;-38,54833600000;mq_match
355330;24;1;2020;15:07;0;RUA DOM JERONIMO D06;;;899;;ColisÃ£o;Luz do Dia;;;Meio de Quadra;;;0;1;1;1;0;0;0;0;0;1;0;0;-3,73928243000;-38,54219970000;mq_qgis
355319;24;1;2020;11:02;0;AV GAL OSORIO DE PAIVA;;;2384;;ColisÃ£o;Luz do Dia;;;Meio de Quadra;;;0;1;1;0;0;0;0;0;0;1;0;0;-3,78614497000;-38,58309580000;mq_qgis
355320;24;1;2020;11:07;0;RUA CEL JOAO OLIVEIRA;;;250;;ColisÃ£o;Luz do Dia;;;Meio de Quadra;;;0;1;1;1;0;0;0;0;0;1;0;0;-3,82228100000;-38,49246300000;mq_match
355321;24;1;2020;11:18;0;AV JOVITA FEITOSA;;;125;;ColisÃ£o;Luz do Dia;;;Meio de Quadra;;;0;2;0;0;0;0;0;0;0;1;0;0;-3,73743700000;-38,54474800000;mq_match
355323;24;1;2020;11:21;0;RUA NICOLAU COELHO;;;250;;ColisÃ£o;Luz do Dia;;;Meio de Quadra;;;0;1;1;1;0;0;0;0;0;1;0;0;-3,81325535000;-38,49216070000;mq_qgis
355324;24;1;2020;12:32;0;AV DUQ CAXIAS;;;137;;Atropelamento;Luz do Dia;;;Meio de Quadra;;;0;1;1;1;0;0;0;0;0;0;0;0;-3,73309470000;-38,52601000000;mq_match
355325;24;1;2020;14:12;0;AV PRS COSTA E SILVA;;;;RAMPA DO JANGURUSSU;ColisÃ£o;Luz do Dia;;;Meio de Quadra;;;0;1;1;0;0;0;0;0;0;1;0;0;;;
355596;24;1;2020;12:20;0;AV JOSE SABOIA;;;1006;;ColisÃ£o;Luz do Dia;;;Meio de Quadra;;;0;0;2;1;0;0;0;0;0;0;0;0;-3,71877278000;-38,46541820000;mq_qgis
355317;24;1;2020;10:19;0;AV GAL OSORIO DE PAIVA;;;1645;;Atropelamento;Luz do Dia;;;Meio de Quadra;;;0;1;1;0;0;0;0;0;0;1;0;0;-3,78201277000;-38,57656210000;mq_qgis
357686;24;1;2020;15:02;0;RD QUARTO ANEL VIARIO;;;;;ColisÃ£o;Luz do Dia;;;Meio de Quadra;;;0;4;1;1;1;0;0;0;0;0;0;0;;;
355199;25;1;2020;11:04;12653;AV MAJ ASSIS;RUA ALBERTO FERREIRA;;;;Atropelamento;Luz do Dia;;;Cruz;Pare;Residencial;0;1;1;0;0;0;0;0;0;1;0;0;-3,72405000000;-38,58340300000;inter_match
355200;25;1;2020;10:40;0;RUA MANUEL CASTELO BRANCO;;;248;;Atropelamento;Luz do Dia;;;Meio de Quadra;;;0;1;1;0;0;0;0;0;0;1;0;0;-3,83197000000;-38,49185000000;mq_gpsv
355201;25;1;2020;09:31;0;RD BR 116;;;13000;KM-13;ColisÃ£o;Luz do Dia;;;Meio de Quadra;;;0;1;1;1;0;0;0;0;0;1;0;0;-3,86467000000;-38,49772700000;rod_match
355202;25;1;2020;07:34;10119;RUA LONDRINA;RUA ITAJAI;;;;ColisÃ£o;Luz do Dia;;;Cruz;Pare;Comercial;0;1;1;1;0;0;0;0;0;1;0;0;-3,78317600000;-38,59559700000;inter_match
355203;25;1;2020;05:42;0;RUA MAL DEODORO;;;686;;ColisÃ£o;Amanhecer;;;Meio de Quadra;;;0;2;1;1;0;0;0;0;0;1;0;0;-3,74172000000;-38,53596300000;mq_qgis
355204;25;1;2020;03:13;0;AV JOSE BASTOS;;;;;Queda;;;;Meio de Quadra;;;0;1;0;0;0;0;0;0;0;1;0;0;;;
355196;25;1;2020;12:42;6545;AV A CJ CEARA;AV H CJ CEARA;;;;ColisÃ£o;Luz do Dia;;;Cruz;SemÃ¡foro;Comercial;0;1;1;0;0;0;0;0;0;1;0;0;-3,77514600000;-38,60592400000;inter_match
355188;25;1;2020;13:29;0;RUA MONTE LIBANO;;;280;;ColisÃ£o;Luz do Dia;;;Meio de Quadra;;;0;1;2;1;0;0;0;0;0;1;0;0;-3,82319300000;-38,56074900000;mq_qgis
355194;25;1;2020;12:56;0;AV DOS EXPEDICIONARIOS;;;4680;;ColisÃ£o;Luz do Dia;;;Meio de Quadra;;;0;1;1;1;0;0;0;0;0;1;0;0;-3,75929900000;-38,53947700000;mq_qgis
355179;25;1;2020;13:52;0;AV AUGUSTO DOS ANJOS;;;2089;;ColisÃ£o;Luz do Dia;;;Meio de Quadra;;;0;1;1;0;0;0;0;0;0;0;0;0;-3,78382000000;-38,58232900000;mq_match
355177;25;1;2020;14:31;11652;TR RIO DE JANEIRO;RUA PRO HERIBALDO COSTA;;;;ColisÃ£o;Luz do Dia;;;Cruz;NÃ£o HÃ¡ Controle;Residencial;0;1;1;1;0;0;0;0;0;1;0;0;-3,76958400000;-38,58888700000;inter_match
355184;25;1;2020;13:30;0;RUA ENG JAIME ROLEMBERG;;;277;;ColisÃ£o;Luz do Dia;;;Meio de Quadra;;;0;1;1;1;0;0;0;0;0;1;0;0;-3,80261000000;-38,56229000000;mq_gpsv
355173;25;1;2020;15:34;0;RUA PEREIRA COUTINHO;;;997;;ColisÃ£o;Luz do Dia;;;Meio de Quadra;;;0;1;1;1;0;0;0;0;0;1;0;0;-3,73259010000;-38,48633700000;mq_gpsv
355175;25;1;2020;15:13;0;AV DR SILAS MUNGUBA;;;4493;;ColisÃ£o;Luz do Dia;;;Meio de Quadra;;;0;1;1;0;0;0;0;0;0;1;0;0;-3,79284267000;-38,53528760000;mq_qgis
355134;25;1;2020;23:15;6855;AV CONTORNO OESTE D71;AV CONTORNO SUL D71;;;;ColisÃ£o;;;;;;;0;1;1;0;0;0;0;0;0;1;0;0;-3,84022000000;-38,59757000000;inter_gpsv
355132;25;1;2020;23:40;0;AV WASHINGTON SOARES;;;;;ColisÃ£o;;;;Meio de Quadra;;;0;1;1;0;0;0;0;0;0;0;0;0;;;
355136;25;1;2020;22:57;0;RUA PRO RAIMUNDO ARRUDA;;;;;ColisÃ£o;;;;Meio de Quadra;;;0;1;1;1;0;0;0;0;0;0;0;0;;;
355137;25;1;2020;22:14;0;RUA FRE GALVAO D64;;;;;Queda;;;;Meio de Quadra;;;0;2;0;0;0;0;0;0;0;1;0;0;;;
355138;25;1;2020;21:18;5711;AV OLIVEIRA PAIVA;RUA CHICO LEMOS;;;;Queda;;;;Cruz;SemÃ¡foro;Comercial;0;1;0;0;0;0;0;0;0;1;0;0;-3,79585700000;-38,49709100000;inter_match
355139;25;1;2020;21:03;20185;RUA POMPILIO GOMES;RUA MARIA AMALIA;;;;ColisÃ£o;;;;Cruz;SemÃ¡foro;Comercial;0;1;1;1;0;0;0;0;0;1;0;0;-3,81275400000;-38,52041500000;inter_match
355140;25;1;2020;20:47;0;RUA VICENTE DE CASTRO FILHO;;;1750;;ColisÃ£o;;;;Meio de Quadra;;;0;1;1;1;0;0;0;0;0;0;0;0;-3,78217160000;-38,48355000000;mq_gpsv
355141;25;1;2020;19:41;0;RUA LAURO NOGUEIRA;;;1201;;ColisÃ£o;;;;Meio de Quadra;;;0;1;1;1;0;0;0;0;0;1;0;0;-3,74109000000;-38,47504000000;mq_gpsv
355142;25;1;2020;18:39;1234;AV SANTOS DUMONT;RUA ANTONIO AUGUSTO;;;;ColisÃ£o;;;;Cruz;Pare;Comercial;0;1;1;1;0;0;0;0;0;1;0;0;-3,73122200000;-38,51373300000;inter_match
355143;25;1;2020;17:56;0;AV CARNEIRO DE MENDONCA;;;1852;;ColisÃ£o;Anoitecer;;;Meio de Quadra;;;0;1;1;0;0;0;0;0;0;1;0;0;-3,75994914000;-38,57500510000;mq_qgis
355144;25;1;2020;17:12;0;AV ODILON GUIMARAES;;;;;ColisÃ£o;Anoitecer;;;Meio de Quadra;;;0;1;1;1;0;0;0;0;0;1;0;0;;;
355145;25;1;2020;16:52;0;RUA SEN ALENCAR;;;311;;ColisÃ£o;Luz do Dia;;;Meio de Quadra;;;0;1;1;1;0;0;0;0;0;1;0;0;-3,72452600000;-38,52891100000;mq_qgis
355146;25;1;2020;16:13;0;RUA CEL JOAO CORREIA;;;1801;;Atropelamento de Animal;Luz do Dia;;;Meio de Quadra;;;0;1;0;0;0;0;0;0;0;1;0;0;-3,79079537000;-38,60767650000;mq_qgis
354714;25;1;2020;04:02;5037;RUA PESSOA ANTA;RUA GUILHERME BLHUM;;;;ColisÃ£o Lateral;Via Iluminada;Bom;Seca;T;NÃ£o HÃ¡ Controle;Comercial;0;1;1;1;0;0;0;0;0;1;0;0;-3,72111300000;-38,52201700000;inter_match
354715;25;1;2020;08:09;17582;RUA MARANHAO;RUA STA CATARINA (BELA VISTA / PAN AMERICANO);;;;ColisÃ£o Lateral;Luz do Dia;Bom;Seca;;;;0;1;1;0;0;0;0;0;0;1;0;0;-3,75531500000;-38,56628300000;inter_match
354716;25;1;2020;13:06;13492;RUA DR JOSE LOURENCO;RUA PINHO PESSOA;;;;NÃ£o Informado;Luz do Dia;Bom;Seca;Cruz;Pare;Comercial;0;1;1;1;0;0;0;0;0;0;0;0;-3,74548700000;-38,51125400000;inter_match
354717;25;1;2020;13:23;15717;RUA DR JOAQUIM BENTO;RUA TOME DE SOUZA;;;;ColisÃ£o Transversal;Luz do Dia;Bom;Seca;T;NÃ£o HÃ¡ Controle;Comercial;0;1;1;1;0;0;0;0;0;1;0;0;-3,82828500000;-38,48612800000;inter_match
354548;25;1;2020;10:09;25043;AV CEL CARVALHO;RUA RIO TAPAJOS;;;;ColisÃ£o Lateral;Luz do Dia;Bom;Seca;T;NÃ£o HÃ¡ Controle;Comercial;0;1;1;1;0;0;0;0;0;1;0;0;-3,70815400000;-38,59031200000;inter_match
354601;26;1;2020;15:55;0;RD BR 020;;;;;ColisÃ£o;Luz do Dia;Nublado;Molhada;Meio de Quadra;;;0;0;7;1;0;0;0;0;0;0;0;0;;;
354599;26;1;2020;19:20;0;RD BR 116;;;6700;KM-06;Atropelamento;Via Iluminada;Nublado;Seca;Meio de Quadra;;;0;2;0;0;0;0;0;0;0;1;0;0;-3,80469100000;-38,50305300000;rod_match
354582;26;1;2020;00:22;0;AV MIN JOSE AMERICO;;;;;ColisÃ£o;;;;Meio de Quadra;;;0;0;2;1;0;0;0;0;0;0;0;0;;;
354583;26;1;2020;;0;AV SEN CARLOS JEREISSATI (AEROPORTO);;;;;Choque c/ ObstÃ¡culo Fixo;;;;Meio de Quadra;;;0;0;1;1;0;0;0;0;0;0;0;0;;;
354584;26;1;2020;12:48;0;RD CE-040;;;7263;KM-07;ColisÃ£o;Luz do Dia;;;Meio de Quadra;;;0;1;2;1;0;0;0;0;0;0;0;0;-3,81715944500;-38,48303286000;rod_match
354718;26;1;2020;00:40;0;AV ENG SANTANA JUNIOR;;;1315;;Choque c/ ObstÃ¡culo Fixo;Via Iluminada;Bom;Seca;Meio de Quadra;NÃ£o HÃ¡ Controle;Comercial;1;0;0;0;0;0;0;0;0;1;0;0;-3,73923785700;-38,48433314300;mq_match
354719;26;1;2020;09:00;0;AV ENG HUMBERTO MONTE;;;692;;NÃ£o Informado;Luz do Dia;Chuva;Molhada;Meio de Quadra;NÃ£o HÃ¡ Controle;Residencial;0;0;2;0;1;0;0;0;0;1;0;0;-3,75230485000;-38,55790740000;mq_qgis
354720;26;1;2020;21:12;12666;AV CEL CARVALHO;RUA ROSINHA SAMPAIO;;;;ColisÃ£o;Via Iluminada;Bom;Seca;Cruz;SemÃ¡foro;Comercial;0;2;1;1;0;0;0;0;0;1;0;0;-3,72693800000;-38,58541300000;inter_match
355116;26;1;2020;12:19;0;AV JOVITA FEITOSA;;;1086;;ColisÃ£o;Luz do Dia;;;Meio de Quadra;;;0;1;1;1;0;0;0;0;0;1;0;0;-3,73934300000;-38,55387700000;mq_match
355117;26;1;2020;10:44;0;AV PERIMETRAL;;;;VIADUTO ANTONIO BEZERRA;Queda;Luz do Dia;;;Meio de Quadra;;;0;1;0;0;0;0;0;0;0;1;0;0;;;
355118;26;1;2020;10:58;0;RUA NEREU RAMOS;;;70;;Queda;Luz do Dia;;;Meio de Quadra;;;0;1;0;0;0;0;0;0;0;1;0;0;-3,78705600000;-38,56734350000;mq_match
355119;26;1;2020;09:59;620;RUA COS GOUVEIA;RUA ENG JOAO NOGUEIRA;;;;ColisÃ£o;Luz do Dia;;;Cruz;Pare;Residencial;0;1;1;1;0;0;0;0;0;1;0;0;-3,71701900000;-38,56414300000;inter_match
355120;26;1;2020;09:35;0;AV WASHINGTON SOARES;;;6055;CASA JOSE DE ALENCAR;Queda;Luz do Dia;;;Meio de Quadra;;;0;1;0;0;0;0;0;0;0;1;0;0;-3,81216300000;-38,47915400000;mq_match
355121;26;1;2020;09:23;0;AV MAE LISBOA;;;2049;;Queda;Luz do Dia;;;Meio de Quadra;;;0;1;0;0;0;1;0;0;0;0;0;0;-3,80762800000;-38,46119700000;mq_qgis
355122;26;1;2020;09:04;0;AV JOSE BASTOS;;;5365;;ColisÃ£o;Luz do Dia;;;Meio de Quadra;;;0;1;1;1;0;0;0;0;0;1;0;0;-3,75879600000;-38,56335100000;mq_qgis
355123;26;1;2020;06:57;0;AV MOZART PINHEIRO DE LUCENA;;;472;;Queda;Luz do Dia;;;Meio de Quadra;;;0;1;0;0;0;0;0;0;0;1;0;0;-3,70645000000;-38,59225700000;mq_qgis
355124;26;1;2020;06:38;0;AV RAD JOSE LIMA VERDE;;;1268;;NÃ£o Informado;Luz do Dia;;;Meio de Quadra;;;0;1;0;0;0;0;0;0;0;1;0;0;-3,70342000000;-38,59156400000;mq_match
355125;26;1;2020;04:50;0;AV AUGUSTO DOS ANJOS;;;1659;;ColisÃ£o;;;;Meio de Quadra;;;0;4;0;0;0;0;0;0;0;1;0;0;-3,78092300000;-38,57981600000;mq_match
355126;26;1;2020;03:08;0;AV I CJ JOSE WALTER;;;1020;;Queda;;;;Meio de Quadra;;;0;1;0;0;0;0;0;0;0;1;0;0;-3,83305450000;-38,55314000000;mq_qgis
355127;26;1;2020;02:51;0;AV DR SILAS MUNGUBA;;;5255;;ColisÃ£o;;;;Meio de Quadra;;;0;1;1;0;0;0;0;0;0;0;0;0;-3,79933400000;-38,53075200000;mq_match
355128;26;1;2020;02:28;0;AV CENTRAL CJ CEARA;;;406;;ColisÃ£o;;;;Meio de Quadra;;;0;2;0;0;0;0;0;0;0;1;0;0;-3,75071000000;-38,47215000000;mq_gpsv
355129;26;1;2020;01:22;0;RUA FARIAS LEMOS;;;1136;;Queda;;;;Meio de Quadra;;;0;2;0;0;0;0;0;0;0;1;0;0;-3,81714000000;-38,49266000000;mq_gpsv
355130;26;1;2020;00:32;0;RUA PEDRO LAZAR;;;;;ColisÃ£o;;;;Meio de Quadra;;;0;1;1;1;0;0;0;0;0;0;0;0;;;
355113;26;1;2020;13:12;0;AV PRO GOMES DE MATOS;;;1326;;ColisÃ£o;Luz do Dia;;;Meio de Quadra;;;0;1;1;1;0;0;0;0;0;1;0;0;-3,76391591200;-38,54798411800;mq_match
355111;26;1;2020;13:39;0;AV DA INDEPENDENCIA;;;754;;ColisÃ£o;Luz do Dia;;;Meio de Quadra;;;0;1;1;0;0;0;0;0;0;0;0;0;-3,72787000000;-38,58743000000;mq_gpsv
355091;26;1;2020;14:43;12954;AV PRS COSTA E SILVA;RUA BERNARDO MANUEL;;;;ColisÃ£o;Luz do Dia;;;Cruz;SemÃ¡foro;Comercial;0;1;1;1;0;0;0;0;0;1;0;0;-3,82107900000;-38,55827600000;inter_match
355099;26;1;2020;14:15;0;RUA ILDEFONSO ALBANO;;;2600;;Queda;Luz do Dia;;;Meio de Quadra;;;0;1;0;0;0;0;0;0;0;1;0;0;-3,74372600000;-38,51671400000;mq_match
355089;26;1;2020;14:51;0;AV ENG HUMBERTO MONTE;;;;;Choque c/ ObstÃ¡culo Fixo;Luz do Dia;;;Meio de Quadra;;;0;1;0;1;0;0;0;0;0;0;0;0;;;
355087;26;1;2020;15:06;0;RUA CON DE CASTRO;;;405;;Queda;Luz do Dia;;;Meio de Quadra;;;0;1;0;0;0;1;0;0;0;0;0;0;-3,77758968000;-38,56666710000;mq_qgis
355051;26;1;2020;23:33;0;AV ABOLICAO;;;4970;;Atropelamento;;;;Meio de Quadra;;;0;1;1;1;0;0;0;0;0;0;0;0;;;
355052;26;1;2020;23:28;0;RUA JOSE BUSON;;;908;;Queda;;;;Meio de Quadra;;;0;1;0;0;0;0;0;0;0;1;0;0;-3,76323000000;-38,50895000000;mq_gpsv
355053;26;1;2020;19:39;0;AV PRS CASTELO BRANCO;;;;;Queda;;;;Meio de Quadra;;;0;1;0;0;0;0;0;0;0;1;0;0;;;
355054;26;1;2020;19:00;0;AV ROGACIANO LEITE;;;318;;Atropelamento;;;;Meio de Quadra;;;0;1;1;1;0;0;0;0;0;0;0;0;-3,76083160000;-38,49293290000;mq_qgis
355055;26;1;2020;18:36;0;RUA NOVO LAR;;;1232;;Queda;;;;Meio de Quadra;;;0;1;0;0;0;0;0;0;0;1;0;0;-3,70052000000;-38,57625000000;mq_gpsv