COD_ACIDENTE;DIA;MES;ANO;HORA;INTERSECAO;LOG1;LOG2;LOG3;NUMERO;REFERENCIA;NATUREZA;ILUMINACAO;TEMPO;SUPERFICIEPISTA;TIPOCRUZAMENTO;CONTROLETRAFEGO;USOSOLO;MORTOS;FERIDOS;ILESOS;AUTOMOVEL;ONIBUS;BICICLETA;CAMINHAO;MICROONIBUS;CICLOMOTOR;MOTOCICLETA;TRACAOANIMAL;TREM;LATITUDE;LONGITUDE;METODO
355072;26;1;2020;15:21;0;RUA 23 DE JUNHO;;;1008;;Atropelamento;Luz do Dia;;;Meio de Quadra;;;0;1;1;1;0;0;0;0;0;0;0;0;-3,78400150000;-38,60073800000;mq_qgis
355066;26;1;2020;16:56;5628;RUA TEOFREDO GOIANA;RUA TEN NICOLAU;;;;Atropelamento;Luz do Dia;;;;;;0;1;1;1;0;0;0;0;0;0;0;0;-3,78918000000;-38,50526000000;inter_gpsv
355060;26;1;2020;18:35;0;AV GAL OSORIO DE PAIVA;;;4239;;ColisÃ£o;;;;Meio de Quadra;;;0;1;1;1;0;0;0;0;0;1;0;0;-3,79586769000;-38,59349000000;mq_qgis
355061;26;1;2020;17:16;0;RUA CARLOS JUACABA;;;;;ColisÃ£o;Anoitecer;;;Meio de Quadra;;;0;1;1;0;0;0;0;0;0;0;0;0;;;
355062;26;1;2020;17:02;0;RUA CEL VIRGILIO NOGUEIRA (BOM JARDIM);;;1093;;Queda;Anoitecer;;;Meio de Quadra;;;0;1;0;0;0;0;0;0;0;1;0;0;-3,79206000000;-38,60975000000;mq_gpsv
355018;27;1;2020;21:44;0;RUA OSCAR FRANCA;;;3555;;Atropelamento;;;;Meio de Quadra;;;0;1;1;1;0;0;0;0;0;0;0;0;-3,78453800000;-38,62327400000;mq_qgis
355019;27;1;2020;19:50;0;RUA PEDRO DE QUEIROZ;;;640;;ColisÃ£o;;;;Meio de Quadra;;;0;1;1;0;0;0;0;0;0;1;0;0;-3,74123500000;-38,55950900000;mq_qgis
355020;27;1;2020;19:34;12685;AV CEL CARVALHO;AV DA INDEPENDENCIA;;;;Atropelamento;;;;Cruz;Gesto;Comercial;0;1;1;0;0;0;0;0;0;1;0;0;-3,72871100000;-38,58495200000;inter_match
355021;27;1;2020;19:30;0;RUA PRO VIRGILIO DE MORAIS;;;614;;ColisÃ£o;;;;Meio de Quadra;;;0;1;1;0;0;0;0;0;0;0;0;0;-3,75397432300;-38,59717690000;mq_match
355022;27;1;2020;18:50;0;RUA ROSA CRUZ;;;307;;ColisÃ£o;;;;Meio de Quadra;;;0;2;0;0;0;0;0;0;0;0;0;0;-3,79903288000;-38,56612960000;mq_qgis
355023;27;1;2020;18:30;0;AV DEP PAULINO ROCHA;;;2175;;Atropelamento;Anoitecer;;;Meio de Quadra;;;0;1;1;0;0;0;0;0;0;1;0;0;-3,81083100000;-38,51660200000;mq_match
355024;27;1;2020;18:28;0;RUA ASSUNCAO;;;757;;ColisÃ£o;Anoitecer;;;Meio de Quadra;;;0;1;1;0;0;0;0;0;0;1;0;0;-3,73691467000;-38,52945530000;mq_qgis
355025;27;1;2020;17:56;0;AV ROGACIANO LEITE;;;2471;;ColisÃ£o;Anoitecer;;;Meio de Quadra;;;0;1;1;1;0;0;0;0;0;1;0;0;-3,77791500000;-38,50091300000;mq_qgis
354722;27;1;2020;06:40;19260;RUA PRO GOMES BRASIL;RUA CANDIDO HOLANDA;;;;ColisÃ£o;Luz do Dia;Bom;Seca;T;NÃ£o HÃ¡ Controle;Comercial;0;2;1;0;1;0;0;0;0;1;0;0;-3,77158520000;-38,56952700000;inter_match
354723;27;1;2020;09:04;25697;RUA JOAO CORDEIRO;RUA ROCHA LIMA;;0;;ColisÃ£o Lateral;Luz do Dia;Bom;Seca;Cruz;Pare;Residencial;0;0;2;1;0;0;0;0;0;1;0;0;-3,73800000000;-38,51727500000;inter_match
354724;27;1;2020;09:46;347;RUA PRO COSTA MENDES;RUA FRANCISCA CLOTILDE;;;;ColisÃ£o;Luz do Dia;Bom;Seca;Cruz;Pare;Comercial;0;2;2;1;0;0;0;0;0;1;0;0;-3,74633500000;-38,55613700000;inter_match
354725;27;1;2020;12:08;14786;RUA STA LIDUINA D42;RUA JOAO AMORA;;;;ColisÃ£o Transversal;Luz do Dia;Bom;Seca;Cruz;SemÃ¡foro;Comercial;0;2;0;0;0;0;0;0;0;1;0;0;-3,79966300000;-38,58510400000;inter_match
354726;27;1;2020;12:42;15743;RUA HERBENE;RUA MANUEL ARRUDA;;;;ColisÃ£o Transversal;Luz do Dia;Bom;Seca;Cruz;Pare;Comercial;0;1;1;1;0;0;0;0;0;1;0;0;-3,82894800000;-38,50401900000;inter_match
354727;27;1;2020;15:29;0;AV ALM HENRIQUE SABOIA;;;505;;ColisÃ£o Traseira;Luz do Dia;Nublado;Seca;Meio de Quadra;NÃ£o HÃ¡ Controle;Residencial;0;2;1;1;0;0;0;0;0;1;0;0;-3,75108340000;-38,49551400000;mq_match
354728;27;1;2020;17:40;0;RUA FRANCISCO BENTO;RUA DNA LIBANIA R. MELO NUNES;;;;ColisÃ£o Transversal;Anoitecer;Bom;Seca;;;;0;1;1;0;0;0;0;0;0;1;0;0;-3,81233000000;-38,57662000000;inter_gpsv
354729;27;1;2020;19:46;0;AV GOV RAUL BARBOSA;;;7450;;ColisÃ£o Lateral;Via Iluminada;Bom;Seca;Meio de Quadra;SemÃ¡foro;Comercial;0;0;3;1;0;0;0;0;0;0;0;0;-3,77677197000;-38,51330040000;mq_qgis
355030;27;1;2020;17:52;0;AV HERACLITO GRACA;;;1245;;Atropelamento;Anoitecer;;;Meio de Quadra;;;0;1;1;1;0;0;0;0;0;0;0;0;-3,73679500000;-38,51433900000;mq_match
355031;27;1;2020;17:17;5351;RUA GAL CLARINDO DE QUEIROZ;AV IMPERADOR;;;;ColisÃ£o;Anoitecer;;;Cruz;SemÃ¡foro;Comercial;0;1;1;1;0;0;0;0;0;1;0;0;-3,73096200000;-38,53556600000;inter_match
355032;27;1;2020;16:40;0;AV CASTELO DE CASTRO;;;1552;JANGURUSSU;Queda;Luz do Dia;;;Meio de Quadra;;;0;1;0;0;0;1;0;0;0;0;0;0;-3,84335535300;-38,52155599000;mq_match
355033;27;1;2020;16:33;0;RUA 39 CJ NOVA ASSUNCAO;;;39;;Queda;Luz do Dia;;;Meio de Quadra;;;0;1;0;0;0;1;0;0;0;0;0;0;-3,85115000000;-38,51207010000;mq_gpsv
355034;27;1;2020;16:17;0;RUA BOM JESUS (GRANJA LISBOA);;;1743;;Queda;Luz do Dia;;;Meio de Quadra;;;0;1;0;0;0;1;0;0;0;0;0;0;-3,79227400000;-38,60786900000;mq_qgis
355035;27;1;2020;16:03;25043;AV CEL CARVALHO;RUA RIO TAPAJOS;;;;ColisÃ£o;Luz do Dia;;;T;NÃ£o HÃ¡ Controle;Comercial;0;1;1;1;0;0;0;0;0;1;0;0;-3,70815400000;-38,59031200000;inter_match
355036;27;1;2020;15:48;5001;RUA ANTONIO FERREIRA;RUA ANTONIO FARIAS;;;;ColisÃ£o;Luz do Dia;;;Cruz;NÃ£o HÃ¡ Controle;Residencial;0;1;1;1;0;0;0;0;0;1;0;0;-3,80018000000;-38,52826000000;inter_gpsv
355037;27;1;2020;15:06;15216;AV ABOLICAO;RUA VIS MAUA;;;;ColisÃ£o;Luz do Dia;;;Cruz;Pare;Comercial;0;1;1;1;0;0;0;0;1;0;0;0;-3,72700600000;-38,49647700000;inter_match
355038;27;1;2020;13:30;0;RUA DOURADO D69;;;;;ColisÃ£o;Luz do Dia;;;Meio de Quadra;;;0;1;1;1;0;0;0;0;0;1;0;0;;;
355039;27;1;2020;10:54;0;RUA DR CORREIA LIMA;;;1319;;Queda;Luz do Dia;;;Meio de Quadra;;;0;1;0;0;0;0;0;0;0;1;0;0;-3,79261000000;-38,45881000000;mq_gpsv
355040;27;1;2020;10:48;0;RUA SEN POMPEU;;;2508;;Queda;Luz do Dia;;;Meio de Quadra;;;0;1;0;0;0;0;0;0;0;1;0;0;-3,74045800000;-38,53372500000;mq_match
355041;27;1;2020;10:14;0;AV GAL OSORIO DE PAIVA;;;7775;;Queda;Luz do Dia;;;Meio de Quadra;;;0;1;0;0;0;0;0;0;0;1;0;0;-3,82040100000;-38,61725900000;mq_match
355042;27;1;2020;09:37;0;RUA MANUEL MOURA;;;251;;ColisÃ£o;Luz do Dia;;;Meio de Quadra;;;0;1;1;1;0;0;0;0;0;1;0;0;-3,71555000000;-38,58030000000;mq_gpsv
355043;27;1;2020;09:02;675;AV PASTEUR;RUA CRUZEIRO DO SUL;;;;ColisÃ£o;Luz do Dia;;;Cruz;Pare;Residencial;0;1;1;1;0;0;0;0;0;1;0;0;-3,71400300000;-38,55986800000;inter_match
355044;27;1;2020;08:20;0;AV OLIVEIRA PAIVA;;;;;Queda;Luz do Dia;;;Meio de Quadra;;;0;1;0;0;0;0;0;0;0;1;0;0;;;
355045;27;1;2020;08:10;0;AV FRANCISCO SA;;;6365;;Queda;Luz do Dia;;;Meio de Quadra;;;0;1;0;0;0;0;0;0;0;1;0;0;-3,70914345100;-38,58141646000;mq_match
355046;27;1;2020;06:47;0;RUA PRO COSTA MENDES;;;1264;;ColisÃ£o;Luz do Dia;;;Meio de Quadra;;;0;1;1;1;0;0;0;0;0;1;0;0;-3,75132232000;-38,55065200000;mq_qgis
355047;27;1;2020;06:43;0;RUA PAPI JUNIOR;;;268;;NÃ£o Informado;Luz do Dia;;;Meio de Quadra;;;0;1;1;0;0;0;0;0;0;1;0;0;-3,74167200000;-38,54792600000;mq_qgis
355048;27;1;2020;06:39;0;RUA ASP MENDES;;;;;ColisÃ£o;Luz do Dia;;;Meio de Quadra;;;0;1;1;1;0;0;0;0;0;1;0;0;;;
355049;27;1;2020;06:30;0;RUA CARLOS VASCONCELOS;;;146;;Queda;Luz do Dia;;;Meio de Quadra;;;0;1;0;0;0;1;0;0;0;0;0;0;-3,72324417000;-38,50764280000;mq_qgis
355050;27;1;2020;05:53;0;AV ALBERTO CRAVEIRO;;;430;;Queda;Amanhecer;;;Meio de Quadra;;;0;1;0;0;0;0;0;0;0;1;0;0;-3,78259100000;-38,51647600000;mq_match
354585;27;1;2020;11:00;0;AV SEN CARLOS JEREISSATI (AEROPORTO);;;;KM 03;ColisÃ£o;Luz do Dia;;;Meio de Quadra;;;0;0;2;1;0;0;0;0;0;0;0;0;-3,77964100000;-38,54403800000;rod_match
354586;27;1;2020;14:20;0;RD CE-040;;;;KM-06;ColisÃ£o;Luz do Dia;;;Meio de Quadra;;;0;0;2;1;0;0;0;0;0;0;0;0;-3,80959680400;-38,47873348000;rod_match
354552;27;1;2020;23:40;10951;RUA EQUADOR;RUA DOM CARLOTO TAVORA;;;;ColisÃ£o Lateral;;Nublado;Seca;Cruz;Pare;Comercial;0;1;1;1;0;0;0;0;0;1;0;0;-3,77150000000;-38,55164500000;inter_match
354593;27;1;2020;21:30;0;AV SEN CARLOS JEREISSATI (AEROPORTO);;;;KM 03;ColisÃ£o;;;;Meio de Quadra;;;0;0;2;1;0;0;0;0;0;0;0;0;-3,77964100000;-38,54403800000;rod_match
354587;28;1;2020;07:26;0;RD CE-040;;;;KM-02;ColisÃ£o;Luz do Dia;;;Meio de Quadra;;;0;0;3;1;0;0;0;0;0;0;0;0;-3,77361614800;-38,48179940000;rod_match
354567;28;1;2020;20:09;17708;RUA AFONSO LOPES;RUA ACARAPE;;;;ColisÃ£o Transversal;;Bom;;Cruz;NÃ£o HÃ¡ Controle;Residencial;0;2;0;1;0;0;0;0;0;1;0;0;-3,79990600000;-38,55029200000;inter_match
355014;28;1;2020;08:58;0;RUA L CJ VILA VELHA;;;1234;;ColisÃ£o;Luz do Dia;;;Meio de Quadra;;;0;1;1;1;0;0;0;0;0;1;0;0;;;
355015;28;1;2020;08:25;0;RUA MONTE FLOR;;;1260;;ColisÃ£o;Luz do Dia;;;Meio de Quadra;;;0;2;1;1;0;0;0;0;0;1;0;0;-3,83750000000;-38,57592000000;mq_gpsv
355016;28;1;2020;07:25;0;RD BR 116;;;;;ColisÃ£o;Luz do Dia;;;Meio de Quadra;;;0;1;1;1;0;0;0;0;0;1;0;0;;;
355017;28;1;2020;06:19;0;RUA BOA VISTA;;;3202;;ColisÃ£o;Luz do Dia;;;Meio de Quadra;;;0;1;1;1;0;0;0;0;0;1;0;0;;;
354965;28;1;2020;07:18;0;AV PERIMETRAL;;;1878;;ColisÃ£o;Luz do Dia;;;Meio de Quadra;;;0;1;1;1;0;0;0;0;0;1;0;0;;;
354988;28;1;2020;13:31;0;RUA CAETANO SILVA (A. NUNES);;;1060;;Queda;Luz do Dia;;;Meio de Quadra;;;0;1;0;0;0;1;0;0;0;0;0;0;;;
354989;28;1;2020;12:57;0;AV ROGACIANO LEITE;;;2300;;ColisÃ£o;Luz do Dia;;;Meio de Quadra;;;0;1;1;0;0;0;0;0;0;1;0;0;-3,77540750000;-38,49998840000;mq_qgis
354990;28;1;2020;12:20;0;AV MIN JOSE AMERICO;;;587;;ColisÃ£o;Luz do Dia;;;Meio de Quadra;;;0;1;1;1;0;0;0;0;0;1;0;0;-3,81041170000;-38,49442570000;mq_match
354991;28;1;2020;11:44;0;AV GODOFREDO MACIEL;;;5200;;ColisÃ£o;Luz do Dia;;;Meio de Quadra;;;0;1;1;1;0;0;0;0;0;1;0;0;-3,81960500000;-38,57706500000;mq_match
354992;28;1;2020;11:37;0;RUA RUBENS MONTE D43;;;409;;ColisÃ£o;Luz do Dia;;;Meio de Quadra;;;0;1;1;1;0;0;0;0;0;1;0;0;-3,80184400000;-38,56694300000;mq_gpsv
354993;28;1;2020;10:28;0;AV ENG ALBERTO SA;;;569;;ColisÃ£o;Luz do Dia;;;Meio de Quadra;;;0;1;1;1;0;0;0;0;0;1;0;0;-3,73479144000;-38,47504210000;mq_qgis
354994;28;1;2020;09:58;0;RUA ILDEFONSO ALBANO;;;;;ColisÃ£o;Luz do Dia;;;Meio de Quadra;;;0;1;1;1;0;0;0;0;0;1;0;0;;;
354938;28;1;2020;22:35;0;AV WASHINGTON SOARES;;;70;;ColisÃ£o;;;;Meio de Quadra;;;0;1;1;1;0;0;0;0;0;1;0;0;-3,75726850000;-38,49030150000;mq_qgis
354939;28;1;2020;20:30;0;RUA RIO GRANDE DO SUL;;;389;;ColisÃ£o;;;;Meio de Quadra;;;0;1;1;0;0;0;0;0;0;0;0;0;-3,75275253000;-38,56380430000;mq_qgis
354940;28;1;2020;19:26;0;AV DA UNIVERSIDADE;;;3099;;ColisÃ£o;;;;Meio de Quadra;;;0;1;1;0;0;0;0;0;0;0;0;0;-3,74287627000;-38,54084730000;mq_qgis
354941;28;1;2020;17:12;0;AV GODOFREDO MACIEL;;;6239;;ColisÃ£o;Anoitecer;;;Meio de Quadra;;;0;2;0;1;0;0;0;0;0;1;0;0;-3,83015352000;-38,58068560000;mq_qgis
354942;28;1;2020;18:36;0;AV BORGES DE MELO;;;404;;ColisÃ£o;;;;Meio de Quadra;;;0;1;1;1;0;0;0;0;0;1;0;0;-3,76113950000;-38,52196100000;mq_qgis
354943;28;1;2020;17:30;0;AV ALBERTO CRAVEIRO;;;1111;;Queda;Anoitecer;;;Meio de Quadra;;;0;1;0;0;0;1;0;0;0;0;0;0;-3,78805500000;-38,51716200000;mq_match
354944;28;1;2020;17:22;6750;RUA VILEBALDO AGUIAR;RUA BATISTA DE OLIVEIRA;;;;ColisÃ£o;Anoitecer;;;NÃ£o Informado;Pare;Comercial;0;1;1;1;0;1;0;0;0;0;0;0;-3,74301900000;-38,48013400000;inter_match
354730;28;1;2020;13:18;0;AV DES MOREIRA;;;2262;;ColisÃ£o Traseira;Luz do Dia;Bom;Seca;Meio de Quadra;NÃ£o HÃ¡ Controle;Comercial;0;1;1;1;0;0;0;0;0;1;0;0;-3,74513400000;-38,50120900000;mq_match
354731;28;1;2020;14:43;1250;AV BAR STUDART;RUA COSTA BARROS;;;;ColisÃ£o Transversal;Luz do Dia;Bom;Seca;Cruz;SemÃ¡foro;Comercial;0;1;1;0;0;0;0;0;0;1;0;0;-3,73223100000;-38,50583700000;inter_match
354975;28;1;2020;14:59;0;AV JOSE BASTOS;;;;;ColisÃ£o;Luz do Dia;;;Meio de Quadra;;;0;2;0;1;0;0;0;0;0;1;0;0;;;
354732;29;1;2020;14:20;10020;AV H CJ CEARA;RUA DUAS NACOES;;0;;ColisÃ£o Transversal;Luz do Dia;Bom;Seca;Outros;Pare;Comercial;0;0;2;1;0;0;0;0;0;0;0;0;-3,77895000000;-38,60262000000;inter_gpsv
354733;29;1;2020;18:42;3107;RUA FRANCISCO DOMINGOS;RUA LUZIA MOREIRA;;;;Choque c/ ObstÃ¡culo Fixo;Via Iluminada;Bom;Seca;Cruz;Gesto;Comercial;0;1;0;1;0;0;0;0;0;0;0;0;-3,77735000000;-38,59244000000;inter_gpsv
354734;29;1;2020;17:30;11006;RUA EQUADOR;RUA LIVINO DE CARVALHO;;;;ColisÃ£o Transversal;Anoitecer;Bom;Seca;Cruz;Pare;Residencial;0;1;1;1;0;0;0;0;0;0;0;0;-3,77348200000;-38,55222200000;inter_match
354930;29;1;2020;07:18;7643;RUA GUANABARA;RUA RIO GRANDE DO NORTE;;;;ColisÃ£o;Luz do Dia;;;Cruz;Pare;Residencial;0;1;1;1;0;0;0;0;0;1;0;0;-3,75746900000;-38,56935300000;inter_match
354932;29;1;2020;07:09;21535;RUA TULIPA NEGRA;RUA PRO CABRAL;;;;ColisÃ£o;Luz do Dia;;;;;;0;2;0;0;0;0;0;0;0;1;0;0;-3,82073000000;-38,59585000000;inter_gpsv
354933;29;1;2020;07:07;0;AV FRANCISCO SA;;;2368;;ColisÃ£o;Luz do Dia;;;Meio de Quadra;;;0;1;1;1;0;1;0;0;0;0;0;0;-3,72052880000;-38,54737630000;mq_match
354934;29;1;2020;06:24;0;RUA ALUISIO AZEVEDO;;;145;;ColisÃ£o;Luz do Dia;;;Meio de Quadra;;;0;1;1;0;0;0;0;0;0;0;0;0;-3,77279583000;-38,57432440000;mq_qgis
354935;29;1;2020;06:24;5187;RUA BAR RIO BRANCO;RUA SAO PAULO;;;;ColisÃ£o;Luz do Dia;;;Cruz;SemÃ¡foro;Comercial;0;1;1;0;0;0;0;0;0;0;0;0;-3,72585600000;-38,52807100000;inter_match
354936;29;1;2020;05:51;0;AV JOAO PESSOA;;;5439;;ColisÃ£o;Amanhecer;;;Meio de Quadra;;;0;1;1;0;0;0;0;0;0;0;0;0;-3,75871000000;-38,55508000000;mq_match
354937;29;1;2020;05:47;0;AV GAL OSORIO DE PAIVA;;;7530;;ColisÃ£o;Amanhecer;;;Meio de Quadra;;;0;1;1;1;0;0;0;0;0;1;0;0;-3,81788100000;-38,61482300000;mq_match
354928;29;1;2020;07:25;23797;RUA ANTONIO COSTA MENDES (PQ SÃƒO JOSÃ‰);RUA PLACIDO DE CASTRO;;;;ColisÃ£o;Luz do Dia;;;Cruz;NÃ£o HÃ¡ Controle;Residencial;0;1;1;1;0;0;0;0;0;1;0;0;-3,79105000000;-38,58474300000;inter_match
354918;29;1;2020;14:07;0;RUA DR FERNANDO AUGUSTO;;;251;;ColisÃ£o;Luz do Dia;;;Meio de Quadra;;;0;2;0;0;0;0;0;0;0;1;0;0;-3,79538404000;-38,59602570000;mq_qgis
354920;29;1;2020;13:03;5322;AV IMPERADOR;AV DUQ CAXIAS;;;;ColisÃ£o;Luz do Dia;;;Cruz;SemÃ¡foro;Comercial;0;1;1;1;0;0;0;0;0;1;0;0;-3,73004800000;-38,53529700000;inter_match
354921;29;1;2020;12:21;0;RUA LEONARDO MOTA;;;2507;;ColisÃ£o;Luz do Dia;;;Meio de Quadra;;;0;1;1;1;0;0;0;0;0;1;0;0;-3,74730800000;-38,49974800000;mq_qgis
354922;29;1;2020;11:04;0;AV AUGUSTO DOS ANJOS;;;352;;ColisÃ£o;Luz do Dia;;;Meio de Quadra;;;0;1;1;1;0;0;0;0;0;1;0;0;-3,77227550000;-38,57206750000;mq_qgis
354923;29;1;2020;09:07;0;AV DES MOREIRA;;;2621;;ColisÃ£o;Luz do Dia;;;Meio de Quadra;;;0;1;1;1;0;0;0;0;0;1;0;0;-3,74839360000;-38,50223700000;mq_qgis
354924;29;1;2020;08:33;0;AV CARAPINIMA;;;1734;;Queda;Luz do Dia;;;Meio de Quadra;;;0;1;0;0;0;0;0;0;0;1;0;0;-3,73688125000;-38,53702950000;mq_qgis
354925;29;1;2020;08:17;5127;RUA GAL SAMPAIO;RUA SEN ALENCAR;;;;ColisÃ£o;Luz do Dia;;;Cruz;SemÃ¡foro;Comercial;0;1;1;0;1;0;0;0;0;1;0;0;-3,72419200000;-38,52998400000;inter_match
354926;29;1;2020;07:42;0;AV F CJ ESPERANCA;;;103;;ColisÃ£o;Luz do Dia;;;Meio de Quadra;;;0;1;1;0;0;0;0;0;0;0;0;0;-3,81576846000;-38,58684830000;mq_qgis
354904;29;1;2020;14:30;0;RUA SOLON PINHEIRO;;;775;;Queda;Luz do Dia;;;Meio de Quadra;;;0;2;0;0;0;0;0;0;0;1;0;0;-3,73737538000;-38,52863820000;mq_qgis
354895;29;1;2020;16:02;0;AV GAL OSORIO DE PAIVA;;;2000;;ColisÃ£o;Luz do Dia;;;Meio de Quadra;;;0;1;1;1;0;0;0;0;0;1;0;0;-3,78419900000;-38,58003000000;mq_match
354896;29;1;2020;15:59;0;RUA EDUARDO ANGELIM;;;726;;ColisÃ£o;Luz do Dia;;;Meio de Quadra;;;0;1;1;1;0;0;0;0;0;1;0;0;-3,76510482000;-38,54634140000;mq_qgis
354897;29;1;2020;14:36;0;AV C CJ CEARA;;;1879;;ColisÃ£o;Luz do Dia;;;Meio de Quadra;;;0;1;1;0;0;0;0;0;0;0;0;0;-3,77485500000;-38,61596400000;mq_qgis
354883;29;1;2020;17:55;10089;RUA CEL VIRGILIO NOGUEIRA (BOM JARDIM);RUA NEREIDE;;;;ColisÃ£o;Anoitecer;;;Cruz;NÃ£o HÃ¡ Controle;Misto;0;2;0;0;0;0;0;0;0;1;0;0;-3,79100000000;-38,60945000000;inter_gpsv
354884;29;1;2020;17:17;0;RUA OSCAR ARARIPE;;;3200;;ColisÃ£o;Anoitecer;;;Meio de Quadra;;;0;1;1;1;0;0;0;0;0;1;0;0;-3,78491660000;-38,61924920000;mq_qgis
354881;29;1;2020;17:58;22672;RUA ELISEU ORIA;AV COS GOMES DE FREITAS (SAPIRANGA/COITE);;;;ColisÃ£o;Anoitecer;;;Cruz;Pare;Residencial;0;2;0;0;0;0;0;0;0;1;0;0;-3,79548700000;-38,47741800000;inter_match
354878;29;1;2020;19:26;0;LOGRADOURO SEM NOME;;;;;Atropelamento;;;;Meio de Quadra;;;0;1;1;0;0;0;0;0;0;1;0;0;;;
354868;29;1;2020;23:47;0;RUA 12 PQ SANTANA;;;147;;ColisÃ£o;;;;Meio de Quadra;;;0;1;1;1;0;0;0;0;0;1;0;0;-3,81317000000;-38,58174000000;mq_gpsv
354869;29;1;2020;23:10;0;RUA COS ESTELITA;;;67;;Queda;;;;Meio de Quadra;;;0;2;0;0;0;0;0;0;0;1;0;0;-3,72153445000;-38,53862180000;mq_qgis
354870;29;1;2020;20:56;0;RUA MON HIPOLITO BRASIL;;;;;ColisÃ£o;;;;Meio de Quadra;;;0;1;1;0;0;0;0;0;0;0;0;0;;;
354874;29;1;2020;20:33;0;RUA NOSSA SRA DAS GRACAS;;;942;;ColisÃ£o;;;;Meio de Quadra;;;0;1;1;1;0;0;0;0;0;1;0;0;-3,70937388200;-38,55642312000;mq_match
354875;29;1;2020;22:00;0;RUA TULIPA;;;777;;Atropelamento;;;;Meio de Quadra;;;0;3;0;0;0;0;0;0;0;1;0;0;-3,71737358000;-38,58062100000;mq_qgis
354876;29;1;2020;19:46;0;AV DOMINGOS OLIMPIO;;;1301;;Atropelamento;;;;Meio de Quadra;;;0;1;1;0;0;0;0;0;0;1;0;0;-3,73527800000;-38,53521900000;mq_qgis
354568;29;1;2020;05:55;25232;AV PRS COSTA E SILVA;AV M CJ JOSE WALTER;;;;ColisÃ£o Transversal;Amanhecer;Bom;Seca;T;Pare;Comercial;0;2;1;1;0;0;0;0;0;1;0;0;-3,82209800000;-38,55497300000;inter_match
354588;29;1;2020;14:20;0;RD CE-060;;;;KM-02;ColisÃ£o;Luz do Dia;;;Meio de Quadra;;;0;0;2;1;0;0;0;0;0;0;0;0;-3,83406400000;-38,58211100000;rod_match
354589;29;1;2020;17:10;0;RD CE-060;;;;KM-02;ColisÃ£o;Anoitecer;;;Meio de Quadra;;;0;0;2;1;0;0;0;0;0;0;0;0;-3,83406400000;-38,58211100000;rod_match
354590;29;1;2020;18:20;0;RD CE-060;;;;KM-02;ColisÃ£o;Anoitecer;;;Meio de Quadra;;;0;0;2;1;0;0;1;0;0;0;0;0;-3,83406400000;-38,58211100000;rod_match
359438;29;1;2020;20:40;0;RUA 860 CJ CEARA;;;;;ColisÃ£o;;;;Meio de Quadra;;;1;0;0;0;0;0;0;0;0;1;0;0;-3,76933800000;-38,59914300000;fat_match
354591;30;1;2020;10:00;0;RD CE-040;;;;KM-02;ColisÃ£o;Luz do Dia;;;Meio de Quadra;;;0;0;2;0;0;0;1;0;0;0;0;0;-3,77361614800;-38,48179940000;rod_match
354592;30;1;2020;11:00;0;RD CE-040;;;2567;KM-11;ColisÃ£o;Luz do Dia;;;Meio de Quadra;;;0;1;2;1;1;0;0;0;0;0;0;0;-3,84962623000;-38,47606989000;rod_match
354597;30;1;2020;07:00;0;RD BR 116;;;5300;KM-05;ColisÃ£o Lateral;Luz do Dia;Nublado;Seca;Meio de Quadra;;;0;0;2;1;1;0;0;0;0;0;0;0;-3,79650200000;-38,50678700000;rod_match
354867;30;1;2020;02:31;7982;RUA MAJ WEYNE;RUA CARLOS CAMARA;;;;Queda;;;;Cruz;Pare;Residencial;0;1;0;0;0;0;0;0;0;1;0;0;-3,74860000000;-38,54449700000;inter_match
354852;30;1;2020;07:55;0;RUA GERALDO MAGALHAES;;;;;Queda;Luz do Dia;;;Meio de Quadra;;;0;1;0;0;0;0;0;0;0;1;0;0;;;
354735;30;1;2020;11:59;0;AV JOR THOMAZ COELHO;;;2550;;ColisÃ£o Transversal;Luz do Dia;Nublado;Seca;Meio de Quadra;NÃ£o HÃ¡ Controle;Comercial;0;2;1;0;0;0;0;1;0;1;0;0;-3,82815289500;-38,51701974600;mq_match
354736;30;1;2020;13:14;183;AV CEL CARVALHO;AV SGT HERMINIO SAMPAIO;;;;ColisÃ£o Transversal;Luz do Dia;Bom;Seca;Cruz;SemÃ¡foro;Comercial;0;1;1;1;0;0;0;0;0;1;0;0;-3,73381040000;-38,58428510000;inter_match
354737;30;1;2020;12:00;12407;RUA MELO DE OLIVEIRA;RUA ALUISIO AZEVEDO;;;;ColisÃ£o Transversal;Luz do Dia;Bom;Seca;Cruz;Pare;Residencial;0;1;2;0;0;0;0;0;0;1;0;0;-3,77109800000;-38,57748600000;inter_match
354738;30;1;2020;18:31;12863;AV DOMINGOS OLIMPIO;RUA FLORIANO PEIXOTO;;;;Engavetamento;Via Iluminada;Bom;Seca;Cruz;Gesto;Comercial;0;1;2;1;0;0;0;0;0;0;0;0;-3,73697600000;-38,53031300000;inter_match
354739;30;1;2020;17:45;0;AV JOSE BASTOS;;;4699;AUTO SHOPPING;ColisÃ£o;Anoitecer;Bom;Seca;Outros;SemÃ¡foro;Comercial;0;1;1;1;0;0;0;0;0;1;0;0;-3,75718300000;-38,55907100000;mq_qgis
354743;30;1;2020;09:06;25120;AV DOLOR BARREIRA;AV SANTOS DUMONT;;;;ColisÃ£o Transversal;Luz do Dia;Bom;Seca;Cruz;Pare;Residencial;0;1;1;1;0;0;0;0;0;1;0;0;-3,74736300000;-38,46379400000;inter_match