COD_ACIDENTE;DIA;MES;ANO;HORA;INTERSECAO;LOG1;LOG2;LOG3;NUMERO;REFERENCIA;NATUREZA;ILUMINACAO;TEMPO;SUPERFICIEPISTA;TIPOCRUZAMENTO;CONTROLETRAFEGO;USOSOLO;MORTOS;FERIDOS;ILESOS;AUTOMOVEL;ONIBUS;BICICLETA;CAMINHAO;MICROONIBUS;CICLOMOTOR;MOTOCICLETA;TRACAOANIMAL;TREM;LATITUDE;LONGITUDE;METODO
356069;2;2;2020;19:15;10392;RUA JOSE MENDONCA;RUA STA ADELIA;;;;ColisÃ£o;;;;Cruz;Pare;Residencial;0;1;0;1;0;0;0;0;0;1;0;0;-3,75904300000;-38,60254500000;inter_match
356070;2;2;2020;19:35;0;AV JOAO DE ARAUJO LIMA;;;61;;ColisÃ£o;;;;Meio de Quadra;;;0;1;0;1;0;0;0;0;0;0;0;0;-3,82226000000;-38,55816000000;mq_gpsv
356071;2;2;2020;20:05;0;AV DR THEBERGE;;;1168;;ColisÃ£o;;;;Meio de Quadra;;;0;1;0;1;0;0;0;0;0;1;0;0;-3,71300400000;-38,56440700000;mq_match
356072;2;2;2020;20:06;5903;AV C CJ CEARA;RUA 410 CJ CEARA;;;;ColisÃ£o;;;;T;Outros;Rural;0;1;0;1;0;0;0;0;0;1;0;0;-3,76040300000;-38,60865600000;inter_match
356073;2;2;2020;20:31;0;RUA CACILDA BECKER;;;368;;Queda;;;;Meio de Quadra;;;0;1;0;0;0;1;0;0;0;0;0;0;-3,77224367700;-38,58870255000;mq_match
356074;2;2;2020;21:19;0;AV 9 CJ PEQ MONDUBIM;;;69;;ColisÃ£o;;;;Meio de Quadra;;;0;1;0;1;0;0;0;0;0;1;0;0;-3,81672540000;-38,58041540000;mq_gpsv
356076;2;2;2020;22:00;0;AV PDE ANTONIO TOMAS;;;850;;Atropelamento;;;;Meio de Quadra;;;0;1;0;1;0;0;0;0;0;0;0;0;-3,74143500000;-38,49572800000;mq_qgis
356077;2;2;2020;22:11;0;AV RUI BARBOSA;;;5170;;Queda;;;;Meio de Quadra;;;0;1;0;0;0;0;0;0;0;1;0;0;;;
356078;2;2;2020;22:12;0;RUA EDSON MARTINS;;;1845;;Queda;;;;Meio de Quadra;;;0;1;0;0;0;0;0;0;0;1;0;0;-3,78755785000;-38,60828550000;mq_qgis
356079;2;2;2020;22:59;0;RUA AFONSO HENRIQUE;;;440;;Queda;;;;Meio de Quadra;;;0;1;0;0;0;0;0;0;0;1;0;0;-3,82486820000;-38,48885580000;mq_qgis
356080;2;2;2020;23:18;0;RUA PRO GOMES BRASIL;;;555;;ColisÃ£o;;;;Meio de Quadra;;;0;1;0;0;0;0;0;0;0;0;0;0;-3,77052450000;-38,57032800000;mq_match
356081;2;2;2020;23:48;0;RUA PEDRO A ALBUQUERQUE;;;588;;Atropelamento;;;;Meio de Quadra;;;0;1;0;0;0;0;0;0;0;1;0;0;-3,74852000000;-38,51529000000;mq_gpsv
355537;2;2;2020;16:00;12519;AV AUGUSTO DOS ANJOS;RUA LEONEL CHAVES;;;;ColisÃ£o Lateral;Luz do Dia;Bom;Seca;T;SemÃ¡foro;Residencial;0;0;2;1;0;0;0;0;0;1;0;0;-3,77101300000;-38,57087700000;inter_match
355523;2;2;2020;03:00;11159;RUA JOSE MENELEU D41;RUA INGLATERRA;;;;ColisÃ£o Transversal;Via Iluminada;Chuva;Molhada;Cruz;Pare;Residencial;1;0;1;0;0;0;0;0;0;1;0;0;-3,78337000000;-38,55999000000;inter_gpsv
355524;2;2;2020;01:30;0;AV AUGUSTO DOS ANJOS;;;1947;;ColisÃ£o Traseira;Via Iluminada;Bom;Seca;Meio de Quadra;NÃ£o HÃ¡ Controle;Residencial;0;0;3;1;0;0;0;0;0;0;0;0;-3,78273400000;-38,58138700000;mq_match
355567;2;2;2020;16:00;0;RD CE-040;;;;KM-13;ColisÃ£o;Luz do Dia;;Seca;Meio de Quadra;;;0;0;3;1;0;0;0;0;0;1;0;0;-3,86609325400;-38,46893682000;rod_match
355616;2;2;2020;06:58;0;RUA PORTO ALEGRE;;;1156;;ColisÃ£o Frontal;Luz do Dia;Chuva;Molhada;Meio de Quadra;NÃ£o HÃ¡ Controle;Residencial;0;1;1;0;1;0;0;0;0;1;0;0;-3,76117757000;-38,58885030000;mq_qgis
355617;2;2;2020;14:11;12835;AV DOMINGOS OLIMPIO;RUA SOLON PINHEIRO;;;;ColisÃ£o Traseira;Luz do Dia;Bom;Seca;Cruz;SemÃ¡foro;Comercial;0;1;1;1;0;0;0;0;0;0;0;0;-3,73740900000;-38,52865000000;inter_match
355618;2;2;2020;13:30;11159;RUA JOSE MENELEU D41;RUA INGLATERRA;;;;ColisÃ£o Lateral;Luz do Dia;Bom;Seca;Cruz;Pare;Residencial;0;1;1;1;0;0;0;0;0;1;0;0;-3,78337000000;-38,55999000000;inter_gpsv
355619;2;2;2020;16:50;0;AV DEP PAULINO ROCHA;;;1963;;ColisÃ£o Traseira;Luz do Dia;Bom;Seca;Meio de Quadra;Pare;Comercial;0;0;3;1;0;0;0;0;0;0;0;0;-3,81152000000;-38,51418000000;mq_gpsv
355620;2;2;2020;15:30;0;AV PRS COSTA E SILVA;;;;;Engavetamento;Luz do Dia;Bom;Seca;;;;0;1;2;1;0;0;0;0;0;1;0;0;;;
355621;2;2;2020;00:00;0;AV BERNARDO MANUEL;;;41;;ColisÃ£o Lateral;Via Iluminada;Bom;Seca;Meio de Quadra;NÃ£o HÃ¡ Controle;Comercial;0;0;1;1;0;0;0;0;0;0;0;0;-3,82677000000;-38,55949000000;mq_gpsv
355622;2;2;2020;21:15;0;AV PRS CASTELO BRANCO;;;5684;;Choque c/ ObstÃ¡culo Fixo;Via Iluminada;Bom;Seca;Meio de Quadra;NÃ£o HÃ¡ Controle;Residencial;0;1;0;1;0;0;0;0;0;0;0;0;-3,70282800000;-38,58168000000;mq_match
356783;2;2;2020;08:32;0;RUA PASCOAL BARROSO;;;;;ColisÃ£o;Luz do Dia;;;Meio de Quadra;;;0;0;2;1;0;0;0;0;0;0;0;0;;;
356800;3;2;2020;10:00;0;RUA DES JOSE GIL DE CARVALHO;;;;;ColisÃ£o;Luz do Dia;;;Meio de Quadra;;;0;0;1;1;0;0;0;0;0;0;0;0;;;
356802;3;2;2020;16:30;0;RUA CESAR ROSSAS;;;;;ColisÃ£o;Luz do Dia;;;Meio de Quadra;;;0;0;2;1;0;0;0;0;0;1;0;0;;;
355623;3;2;2020;02:51;26091;AV JOSE JATAHY;AV 13 DE MAIO;;;;Choque c/ ObstÃ¡culo Fixo;Via Iluminada;Bom;Seca;Cruz;SemÃ¡foro;Residencial;0;1;0;0;0;0;0;0;0;0;0;0;-3,73723000000;-38,54374000000;inter_gpsv
355624;3;2;2020;08:00;17287;AV PRO GOMES DE MATOS;RUA VASCO DA GAMA;;;;ColisÃ£o Transversal;Luz do Dia;Bom;Seca;Cruz;Pare;Comercial;0;1;0;1;0;0;0;0;0;1;0;0;-3,76316600000;-38,54733500000;inter_match
355625;3;2;2020;09:04;0;AV ROGACIANO LEITE;;;473;;ColisÃ£o Traseira;Luz do Dia;Bom;Seca;Meio de Quadra;NÃ£o HÃ¡ Controle;Comercial;0;1;1;1;0;0;0;0;0;1;0;0;-3,76269300000;-38,49399300000;mq_qgis
355626;3;2;2020;07:45;14353;RUA BAR CRATO;RUA DEMOSTENES CARVALHO;;;;ColisÃ£o;Luz do Dia;Nublado;Seca;Cruz;Pare;Comercial;0;2;1;1;0;0;0;0;0;1;0;0;-3,72144100000;-38,56030500000;inter_match
355627;3;2;2020;08:15;0;AV HERACLITO GRACA;;;300;BANCO CENTRAL;Engavetamento;Luz do Dia;Nublado;Seca;Meio de Quadra;SemÃ¡foro;Comercial;0;0;4;1;0;0;0;0;0;0;0;0;-3,73426000000;-38,52178000000;mq_match
355628;3;2;2020;15:45;0;RUA ALUISIO AZEVEDO;;;600;;ColisÃ£o Lateral;Luz do Dia;Bom;Seca;Cruz;Pare;Comercial;0;0;2;1;0;0;0;0;0;1;0;0;-3,77066400000;-38,57829600000;mq_qgis
355629;3;2;2020;13:50;17434;RUA CESAR ROSSAS;RUA EDITE BRAGA;;;;ColisÃ£o Transversal;Luz do Dia;Bom;Seca;Cruz;Pare;Residencial;0;1;0;1;0;0;0;0;0;1;0;0;-3,76890600000;-38,55386900000;inter_match
355630;3;2;2020;07:40;0;RUA DES JOSE GIL DE CARVALHO;;;135;;ColisÃ£o Lateral;Luz do Dia;Bom;Seca;Meio de Quadra;NÃ£o HÃ¡ Controle;Residencial;0;1;1;1;0;0;0;0;0;1;0;0;-3,80139125000;-38,49284330000;mq_qgis
355631;3;2;2020;18:25;4531;AV DEP PAULINO ROCHA;RUA ENF JOAQUIM PINTO;;;;ColisÃ£o Transversal;Via Iluminada;Bom;Seca;T;Pare;Comercial;0;1;1;1;0;0;0;0;0;1;0;0;-3,80320300000;-38,50777400000;inter_match
355632;3;2;2020;22:02;0;AV SGT HERMINIO SAMPAIO;;;3790;;ColisÃ£o Lateral;Via Iluminada;Bom;Seca;Meio de Quadra;NÃ£o HÃ¡ Controle;Residencial;0;0;2;1;0;0;0;0;0;0;0;0;-3,72963600000;-38,57443700000;mq_qgis
355568;3;2;2020;06:10;0;AV ENG SANTANA JUNIOR;;;1;IGUATEMI;ColisÃ£o;Luz do Dia;;Seca;Meio de Quadra;;;0;0;2;1;0;0;0;0;0;0;0;0;-3,74432560000;-38,48841500000;mq_match
355575;3;2;2020;09:40;0;AV SEN CARLOS JEREISSATI (AEROPORTO);;;1;;Engavetamento;Luz do Dia;;Seca;Meio de Quadra;;;0;0;4;1;0;0;0;0;0;0;0;0;-3,77892800000;-38,54042400000;mq_match
355573;3;2;2020;14:00;0;AV ENG SANTANA JUNIOR;;;2;IGUATEMI;ColisÃ£o;Luz do Dia;;Seca;Meio de Quadra;;;0;0;2;1;1;0;0;0;0;0;0;0;-3,72900000000;-38,47797000000;mq_gpsv
356082;3;2;2020;06:19;0;AV I CJ JOSE WALTER;;;;;ColisÃ£o;Luz do Dia;;;Meio de Quadra;;;0;2;1;0;1;1;0;0;0;0;0;0;;;
356083;3;2;2020;06:20;0;AV 13 DE MAIO;;;;;Queda;Luz do Dia;;;Meio de Quadra;;;0;1;0;0;0;0;0;0;0;1;0;0;;;
356084;3;2;2020;07:03;0;AV JOSE JATAHY;;;305;;Atropelamento;Luz do Dia;;;Meio de Quadra;;;0;1;0;0;0;0;0;0;0;1;0;0;-3,74066128200;-38,54307274000;mq_match
356085;3;2;2020;07:14;0;AV MR HULL;;;;;ColisÃ£o;Luz do Dia;;;Meio de Quadra;;;0;2;0;1;0;0;0;0;0;1;0;0;;;
356086;3;2;2020;07:22;0;AV BEIRA MAR;;;4777;;ColisÃ£o;Luz do Dia;;;Meio de Quadra;;;0;1;0;0;0;0;0;0;0;1;0;0;-3,72139530000;-38,47855800000;mq_match
356087;3;2;2020;07:32;0;AV BORGES DE MELO;;;1287;;Queda;Luz do Dia;;;Meio de Quadra;;;0;1;0;0;0;0;0;0;0;1;0;0;-3,75968650000;-38,53067400000;mq_match
356112;3;2;2020;08:01;12398;AV LINEU MACHADO;ET PICI;;;;ColisÃ£o;Luz do Dia;;;Duplo T;NÃ£o HÃ¡ Controle;Comercial;0;2;0;1;0;0;0;0;0;1;0;0;-3,76740700000;-38,57768300000;inter_match
356116;3;2;2020;08:11;7926;AV ANTONIO SALES;RUA BARBOSA DE FREITAS;;;;ColisÃ£o;Luz do Dia;;;Cruz;SemÃ¡foro;Comercial;0;1;1;1;0;0;0;0;0;1;0;0;-3,74605100000;-38,50040700000;inter_match
356124;3;2;2020;11:39;0;RUA ELISEU ORIA;;;339;;Atropelamento;Luz do Dia;;;Meio de Quadra;;;1;0;1;1;0;0;0;0;0;0;0;0;-3,79131480000;-38,47777100000;mq_qgis
356138;3;2;2020;11:58;0;RUA SEN POMPEU;;;474;;ColisÃ£o;Luz do Dia;;;Meio de Quadra;;;0;1;1;1;0;0;0;0;0;1;0;0;-3,72279160000;-38,52839300000;mq_qgis
356139;3;2;2020;12:53;10793;RUA PRO HERIBALDO COSTA;RUA PORTO ALEGRE;;;;ColisÃ£o;Luz do Dia;;;Cruz;NÃ£o HÃ¡ Controle;Comercial;0;1;0;1;0;0;0;0;0;1;0;0;-3,76299700000;-38,58543300000;inter_match
356119;3;2;2020;08:46;0;RUA URUCUTUBA;;;1550;;ColisÃ£o;Luz do Dia;;;Meio de Quadra;;;0;1;0;1;0;0;0;0;0;1;0;0;-3,79768400000;-38,60893260000;mq_qgis
356121;3;2;2020;09:36;0;RUA 4 PQ BOATAN;;;960;;ColisÃ£o;Luz do Dia;;;Meio de Quadra;;;0;1;0;1;0;0;0;0;0;1;0;0;-3,73468000000;-38,59643000000;mq_gpsv
356122;3;2;2020;11:20;0;AV AUGUSTO DOS ANJOS;;;489;;ColisÃ£o;Luz do Dia;;;Meio de Quadra;;;0;1;0;1;0;0;0;0;0;1;0;0;-3,77304700000;-38,57279210000;mq_match
356187;3;2;2020;13:40;7495;RUA JOAO FONSECA;RUA BANDEIRA DE MELO;;;;ColisÃ£o;Luz do Dia;;;;;;0;2;0;0;0;0;0;0;0;1;0;0;-3,78773000000;-38,52327000000;inter_gpsv
356188;3;2;2020;14:20;0;AV PRUDENTE BRASIL;;;1064;;ColisÃ£o;Luz do Dia;;;Meio de Quadra;;;0;1;0;0;0;0;0;0;0;0;0;0;-3,81142990800;-38,53503505000;mq_match
356189;3;2;2020;14:36;0;RUA DEP MATOSO FILHO;;;1231;;ColisÃ£o;Luz do Dia;;;Meio de Quadra;;;0;1;1;1;0;0;0;0;0;1;0;0;-3,73422416000;-38,59483970000;mq_qgis
356190;3;2;2020;15:17;25119;RUA MIGUEL COUTO;RUA BAR AQUIRAZ;;;;ColisÃ£o;Luz do Dia;;;Cruz;Pare;Residencial;0;1;0;1;0;0;0;0;0;1;0;0;-3,83744100000;-38,48799600000;inter_match
356191;3;2;2020;16:22;0;AV PRS CASTELO BRANCO;;;;;ColisÃ£o;Luz do Dia;;;Meio de Quadra;;;0;1;0;1;0;0;0;0;0;1;0;0;;;
356221;3;2;2020;17:58;0;RUA MANOEL AGUIAR PONTES;;;1342;;Queda;Anoitecer;;;Meio de Quadra;;;0;1;0;0;0;0;0;0;0;1;0;0;-3,80827000000;-38,51610000000;mq_gpsv
356207;3;2;2020;17:34;0;AV DEP PAULINO ROCHA;;;1001;;ColisÃ£o;Anoitecer;;;Meio de Quadra;;;0;1;0;1;0;0;0;0;0;1;0;0;-3,80762000000;-38,50840000000;mq_match
356202;3;2;2020;17:03;26073;AV JOSE JATAHY;AV FRANCISCO SA;;;;ColisÃ£o;Anoitecer;;;T;Pare;Comercial;0;1;0;0;0;0;0;0;0;0;0;0;-3,72087600000;-38,54678730000;inter_match
356238;3;2;2020;18:51;26073;AV JOSE JATAHY;AV FRANCISCO SA;;;;ColisÃ£o;;;;T;Pare;Comercial;0;2;0;0;0;0;0;0;0;0;0;0;-3,72087600000;-38,54678730000;inter_match
356240;3;2;2020;19:12;0;RUA GONTRAN GIFFONI;;;100;;ColisÃ£o;;;;Meio de Quadra;;;0;1;0;1;0;0;0;0;0;1;0;0;-3,76642600000;-38,49494200000;mq_match
356247;3;2;2020;23:25;13155;AV I CJ JOSE WALTER;RUA 48 CJ JOSE WALTER;;;;ColisÃ£o;;;;T;NÃ£o HÃ¡ Controle;Residencial;0;1;0;1;0;0;0;0;0;1;0;0;-3,83157900000;-38,55269500000;inter_match
356242;3;2;2020;21:11;0;AV BEZERRA DE MENEZES;;;3000;;Atropelamento;;;;Meio de Quadra;;;0;1;0;1;0;0;0;0;0;0;0;0;-3,73574450000;-38,56543530000;mq_gpsv
356244;3;2;2020;22:59;0;RUA CAMELIA;;;267;;Queda;;;;Meio de Quadra;;;0;1;0;0;0;1;0;0;0;0;0;0;-3,70888500000;-38,56392400000;mq_qgis
356315;4;2;2020;11:25;0;RUA RECANTO VERDE;;;1387;;ColisÃ£o;Luz do Dia;;;Meio de Quadra;;;0;1;0;1;0;0;0;0;0;1;0;0;-3,83860000000;-38,51160000000;mq_gpsv
356316;4;2;2020;11:34;0;AV GAL OSORIO DE PAIVA;;;2053;;ColisÃ£o;Luz do Dia;;;Meio de Quadra;;;0;1;0;1;0;0;0;0;0;1;0;0;-3,78450600000;-38,58052100000;mq_match
356317;4;2;2020;13:07;0;RUA SOBRAL D03;;;68;;ColisÃ£o;Luz do Dia;;;Meio de Quadra;;;0;1;0;1;0;0;0;0;0;1;0;0;-3,72523400000;-38,52417150000;mq_qgis
356274;4;2;2020;10:28;0;AV A CJ CEARA;;;172;;Atropelamento;Luz do Dia;;;Meio de Quadra;;;0;1;0;0;0;0;0;0;0;1;0;0;-3,76702000000;-38,60153000000;mq_gpsv
356319;4;2;2020;17:09;0;AV PRO JOSE ARTHUR CARVALHO;;;8092;;ColisÃ£o;Anoitecer;;;Meio de Quadra;;;0;1;0;0;0;0;0;0;0;1;0;0;;;
356320;4;2;2020;18:20;0;AV LEITE BARBOSA;;;;;Queda;Anoitecer;;;Meio de Quadra;;;0;1;0;0;0;0;0;0;0;1;0;0;;;
356321;4;2;2020;18:42;0;RD BR 222;;;;;ColisÃ£o;;;;Meio de Quadra;;;0;0;1;0;0;0;1;0;0;1;0;0;;;
356322;4;2;2020;19:32;23446;RUA ESV PINHEIRO;RUA PAULO FIRMEZA;;;;ColisÃ£o;;;;Cruz;Pare;Residencial;0;1;0;1;0;0;0;0;0;1;0;0;-3,75669400000;-38,50786000000;inter_match
356324;4;2;2020;21:50;0;RUA JACI;;;777;;ColisÃ£o;;;;Meio de Quadra;;;0;1;0;0;0;0;0;0;0;1;0;0;-3,71376000000;-38,58519000000;mq_gpsv
356248;4;2;2020;04:18;0;RUA BERNARDO MANUEL;;;10161;;Atropelamento;;;;Meio de Quadra;;;0;1;0;0;0;0;0;0;0;0;0;0;-3,80752484000;-38,55409100000;mq_qgis
356249;4;2;2020;07:27;0;AV PRS CASTELO BRANCO;;;3746;;Queda;Luz do Dia;;;Meio de Quadra;;;0;1;0;0;0;0;0;0;0;1;0;0;-3,70924760000;-38,56587600000;mq_match
356260;4;2;2020;08:06;0;AV OLIVEIRA PAIVA;;;2051;;ColisÃ£o;Luz do Dia;;;Meio de Quadra;;;0;1;0;0;0;0;0;0;0;1;0;0;-3,79618900000;-38,48822400000;mq_qgis
356261;4;2;2020;08:09;0;RUA URUCUTUBA;;;1672;;ColisÃ£o;Luz do Dia;;;Meio de Quadra;;;0;1;1;0;0;0;0;0;0;1;0;0;-3,79807587000;-38,61148240000;mq_qgis
356262;4;2;2020;08:43;0;AV BENJAMIM BRASIL;;;622;;Queda;Luz do Dia;;;Meio de Quadra;;;0;1;0;0;0;0;0;0;0;1;0;0;-3,80470950000;-38,56733950000;mq_match
356263;4;2;2020;08:51;0;RUA MILTON BARBOSA DE SOUZA;;;50;;ColisÃ£o;Luz do Dia;;;Meio de Quadra;;;0;1;0;1;0;0;0;0;0;1;0;0;-3,78673000000;-38,56782000000;mq_gpsv
356264;4;2;2020;09:45;0;RUA ANTENOR ROCHA ALEXANDRE;;;650;;Choque c/ ObstÃ¡culo Fixo;Luz do Dia;;;Meio de Quadra;;;0;1;0;1;0;0;0;0;0;0;0;0;-3,79200742000;-38,48073960000;mq_qgis
355576;4;2;2020;11:30;0;RD CE-040;;;;KM-02;ColisÃ£o;Luz do Dia;;Seca;Meio de Quadra;;;0;0;3;1;0;0;0;0;0;0;0;0;-3,77361614800;-38,48179940000;rod_match
355538;4;2;2020;21:20;15301;RUA SILVA PAULET;RUA TEN BENEVOLO;;;;Choque c/ ObstÃ¡culo Fixo;Via Iluminada;Nublado;Seca;Cruz;Pare;Residencial;0;0;1;0;0;0;0;0;0;0;0;0;-3,72972400000;-38,50388800000;inter_match
355633;4;2;2020;07:15;0;RUA DR THOMPSON BULCAO;;;0;CAMARA MUNICIPAL;ColisÃ£o Traseira;Luz do Dia;Nublado;Molhada;Meio de Quadra;NÃ£o HÃ¡ Controle;Comercial;0;0;2;1;0;0;0;0;0;0;0;0;-3,77030420000;-38,48991800000;mq_match
355634;4;2;2020;14:20;0;RUA BAR SOBRAL;;;174;;NÃ£o Informado;Luz do Dia;Chuva;Molhada;Meio de Quadra;NÃ£o HÃ¡ Controle;Comercial;0;0;1;0;0;0;0;0;0;1;0;0;-3,76846000000;-38,55155000000;mq_gpsv
355635;4;2;2020;16:57;12429;RUA MELO DE OLIVEIRA;ET PICI;;;;Choque c/ ObstÃ¡culo Fixo;Luz do Dia;Bom;Seca;Outros;NÃ£o HÃ¡ Controle;Residencial;0;0;2;1;0;0;0;0;0;0;0;0;-3,76889000000;-38,57633000000;inter_gpsv
355636;4;2;2020;20:08;20042;AV DR SILAS MUNGUBA;AV PRS JUSCELINO KUBITSCHEK (PASSARÃ‰);;;;ColisÃ£o Transversal;Via Iluminada;Chuva;Molhada;RotatÃ³ria;DÃª PreferÃªncia;Lazer;0;1;1;1;0;0;0;0;0;1;0;0;-3,80213000000;-38,52933000000;inter_gpsv
355637;4;2;2020;18:00;0;AV AUGUSTO DOS ANJOS;;;1659;;ColisÃ£o Lateral;Via Iluminada;Chuva;Molhada;Meio de Quadra;NÃ£o HÃ¡ Controle;Comercial;0;0;1;1;0;0;0;0;0;0;0;0;-3,78092300000;-38,57981600000;mq_match
356840;4;2;2020;09:05;0;RUA DR ALMEIDA LUSTOSA (MONDUBIM);;;2267;FUNDACAO BRADESCO;ColisÃ£o;Luz do Dia;;;Meio de Quadra;;;0;0;2;1;0;0;0;0;0;0;0;0;;;
355638;5;2;2020;19:34;0;AV GAL OSORIO DE PAIVA;;;5899;;Atropelamento;Via Iluminada;Nublado;Seca;Meio de Quadra;;;0;1;1;0;0;0;0;0;0;1;0;0;-3,80801300000;-38,60524900000;mq_match
355645;5;2;2020;02:20;0;RUA TRES MARIAS;RUA ANTONIO FIUZA;;0;;ColisÃ£o;Via Iluminada;Chuva;Molhada;Meio de Quadra;SemÃ¡foro;Comercial;0;2;0;0;0;0;0;0;0;1;0;0;-3,77116000000;-38,55259000000;inter_gpsv
355584;5;2;2020;18:55;0;AV ENG SANTANA JUNIOR;;;1;;ColisÃ£o;;;Outros;Meio de Quadra;;;0;0;2;1;0;0;0;0;0;0;0;0;-3,74432560000;-38,48841500000;mq_match
355578;5;2;2020;12:30;0;AV SEN CARLOS JEREISSATI (AEROPORTO);;;;KM 03;ColisÃ£o;Luz do Dia;;Seca;Meio de Quadra;;;0;0;2;1;0;0;0;0;0;0;0;0;-3,77964100000;-38,54403800000;rod_match
355579;5;2;2020;11:40;0;AV MIN JOSE AMERICO;;;2;;ColisÃ£o;Luz do Dia;;Seca;Meio de Quadra;;;0;0;3;1;0;0;0;0;0;0;0;0;-3,81291000000;-38,49932000000;mq_gpsv
355580;5;2;2020;17:08;0;AV SEN CARLOS JEREISSATI (AEROPORTO);;;1;KM 01;ColisÃ£o;Anoitecer;;Outros;Meio de Quadra;;;0;0;2;1;0;0;0;0;0;0;0;0;-3,77892800000;-38,54042400000;mq_match
356325;5;2;2020;06:48;0;RD BR 222;;;;;ColisÃ£o;Luz do Dia;;;Meio de Quadra;;;0;1;0;0;0;0;0;0;0;1;0;0;;;
356326;5;2;2020;06:48;0;AV ROGACIANO LEITE;;;1020;;ColisÃ£o;Luz do Dia;;;Meio de Quadra;;;0;1;0;1;0;0;0;0;0;1;0;0;-3,76631470000;-38,49641400000;mq_match
356327;5;2;2020;07:27;0;RUA ULISSES BEZERRA;;;;;ColisÃ£o;Luz do Dia;;;Meio de Quadra;;;0;1;0;1;0;0;0;0;0;1;0;0;;;
356328;5;2;2020;07:33;0;RUA PRA HELOISA F LIMA;;;640;;ColisÃ£o;Luz do Dia;;;Meio de Quadra;;;0;1;0;0;0;0;0;0;0;1;0;0;-3,79582170000;-38,49972820000;mq_match
356329;5;2;2020;08:13;0;AV DR SILAS MUNGUBA;;;1409;;ColisÃ£o;Luz do Dia;;;Meio de Quadra;;;0;1;0;1;0;0;0;0;0;1;0;0;-3,78395000000;-38,55391000000;mq_match
356330;5;2;2020;12:04;0;AV BAR STUDART;;;410;;ColisÃ£o;Luz do Dia;;;Meio de Quadra;;;0;1;0;1;0;0;0;0;0;1;0;0;-3,72725400000;-38,50423800000;mq_qgis
356331;5;2;2020;12:05;1325;RUA JOAQUIM NABUCO;AV SANTOS DUMONT;;;;Queda;Luz do Dia;;;Cruz;SemÃ¡foro;Comercial;0;1;0;0;0;0;0;0;0;1;0;0;-3,73529500000;-38,50128500000;inter_match
356332;5;2;2020;12:48;0;RUA MARIA JOSE TEIXEIRA;;;302;;Queda;Luz do Dia;;;Meio de Quadra;;;0;1;0;0;0;0;0;0;0;1;0;0;-3,72735325000;-38,59365150000;mq_qgis
356333;5;2;2020;13:06;0;RUA DEMETRIO MENEZES;;;3625;;Queda;Luz do Dia;;;Meio de Quadra;;;0;1;0;0;0;0;0;0;0;1;0;0;-3,73520500000;-38,58415900000;mq_match
356334;5;2;2020;16:23;0;AV N CJ JOSE WALTER;;;1475;;ColisÃ£o;Luz do Dia;;;Meio de Quadra;;;0;1;1;0;0;1;0;0;0;1;0;0;-3,77560020000;-38,49214490000;mq_gpsv
356335;5;2;2020;17:40;0;AV AUGUSTO DOS ANJOS;;;644;;Queda;Anoitecer;;;Meio de Quadra;;;0;1;0;0;0;0;0;0;0;1;0;0;-3,77399192600;-38,57367915000;mq_match
356337;5;2;2020;17:40;7417;RUA MACEIO;RUA MON HIPOLITO BRASIL;;;;ColisÃ£o;Anoitecer;;;;;;0;1;0;0;0;0;0;0;0;1;0;0;-3,75506300000;-38,58601600000;inter_match
356339;5;2;2020;18:11;17430;RUA EDITE BRAGA;RUA PRO TEODORICO;;;;ColisÃ£o;Anoitecer;;;Cruz;Pare;Comercial;0;1;0;1;0;0;0;0;0;1;0;0;-3,76864300000;-38,55377200000;inter_match
356340;5;2;2020;19:28;0;RUA PORFIRIO SAMPAIO;;;2258;;Atropelamento;;;;Meio de Quadra;;;0;1;1;0;0;0;0;0;0;1;0;0;-3,74024508000;-38,55241170000;mq_qgis
356343;5;2;2020;20:11;0;RUA DOM XISTO ALBANO;;;2210;;Queda;;;;Meio de Quadra;;;0;1;0;0;0;0;0;0;0;1;0;0;-3,80071792000;-38,58903810000;mq_qgis
356415;6;2;2020;08:37;0;AV JOSE BASTOS;;;;;Queda;Luz do Dia;;;Meio de Quadra;;;0;0;1;0;0;0;0;0;0;1;0;0;;;
356416;6;2;2020;10:10;0;RUA STA CATARINA (BELA VISTA / PAN AMERICANO);;;992;;ColisÃ£o;Luz do Dia;;;Meio de Quadra;;;0;1;1;0;0;1;0;0;0;1;0;0;-3,75514655000;-38,56617930000;mq_qgis
356417;6;2;2020;11:14;0;AV ZEZE DIOGO;;;;;ColisÃ£o;Luz do Dia;;;Meio de Quadra;;;0;1;0;1;0;0;0;0;0;1;0;0;;;
356418;6;2;2020;11:33;0;RUA JOSE MENDONCA;;;935;;ColisÃ£o;Luz do Dia;;;Meio de Quadra;;;0;1;0;0;0;0;0;0;0;1;0;0;-3,75529869700;-38,60184856200;mq_match
356419;6;2;2020;11:37;0;AV PRS CASTELO BRANCO;;;2667;;Queda;Luz do Dia;;;Meio de Quadra;;;0;1;0;0;0;0;0;0;0;1;0;0;-3,71279448000;-38,55168630000;mq_qgis
356420;6;2;2020;11:42;0;AV JOAO PESSOA;;;4961;;ColisÃ£o;Luz do Dia;;;Meio de Quadra;;;1;0;1;0;0;0;0;0;0;1;0;0;-3,75553000000;-38,55221000000;mq_gpsv
356421;6;2;2020;12:40;0;AV GODOFREDO MACIEL;;;3181;;ColisÃ£o;Luz do Dia;;;Meio de Quadra;;;0;1;0;1;0;0;0;0;0;1;0;0;-3,80326400000;-38,57204000000;mq_qgis
356382;6;2;2020;06:58;0;RUA JOSE FACANHA;;;692;;Queda;Luz do Dia;;;Meio de Quadra;;;0;1;0;0;0;0;0;0;0;1;0;0;-3,75201900000;-38,55739580000;mq_qgis