COD_ACIDENTE;DIA;MES;ANO;HORA;INTERSECAO;LOG1;LOG2;LOG3;NUMERO;REFERENCIA;NATUREZA;ILUMINACAO;TEMPO;SUPERFICIEPISTA;TIPOCRUZAMENTO;CONTROLETRAFEGO;USOSOLO;MORTOS;FERIDOS;ILESOS;AUTOMOVEL;ONIBUS;BICICLETA;CAMINHAO;MICROONIBUS;CICLOMOTOR;MOTOCICLETA;TRACAOANIMAL;TREM;LATITUDE;LONGITUDE;METODO
356772;9;2;2020;06:57;0;AV PERIMETRAL;;;5717;;Queda;Luz do Dia;;;Meio de Quadra;;;0;1;0;0;0;0;0;0;0;1;0;0;;;
356773;9;2;2020;08:05;0;AV C CJ CEARA;;;600;;ColisÃ£o;Luz do Dia;;;Meio de Quadra;;;0;1;1;1;0;0;0;0;0;1;0;0;-3,76434000000;-38,61053850000;mq_qgis
356798;9;2;2020;23:01;0;RUA GAL ALIPIO DOS SANTOS;;;120;;ColisÃ£o;;;;Meio de Quadra;;;0;1;0;1;0;0;0;0;0;1;0;0;-3,72898010000;-38,58646780000;mq_qgis
356799;9;2;2020;23:23;0;RUA GUSTAVO BARROSO;;;1092;;ColisÃ£o;;;;Meio de Quadra;;;0;1;0;1;0;0;0;0;0;1;0;0;-3,78561000000;-38,60044000000;mq_gpsv
356780;9;2;2020;10:46;0;RUA MONTE PASCOAL;;;1151;;ColisÃ£o;Luz do Dia;;;Meio de Quadra;;;0;1;0;1;0;0;0;0;0;1;0;0;-3,75736340000;-38,48314220000;mq_gpsv
356781;9;2;2020;12:22;0;AV MOZART PINHEIRO DE LUCENA;;;2291;;Atropelamento;Luz do Dia;;;Meio de Quadra;;;0;1;0;1;0;0;0;0;0;0;0;0;-3,72346892200;-38,59716623500;mq_match
356782;9;2;2020;12:40;0;RUA VALPARAISO;;;250;;Choque c/ ObstÃ¡culo Fixo;Luz do Dia;;;Meio de Quadra;;;1;1;0;0;0;0;0;0;0;1;0;0;-3,84597000000;-38,52314550000;mq_match
356784;9;2;2020;12:45;0;AV HILDEBRANDO DE MELO;;;1520;;ColisÃ£o;Luz do Dia;;;Meio de Quadra;;;0;1;0;0;0;0;0;0;0;1;0;0;-3,72172000000;-38,58897000000;mq_gpsv
356785;9;2;2020;13:38;0;RUA PEDRO SAMPAIO;;;911;;Atropelamento;Luz do Dia;;;Meio de Quadra;;;0;1;0;1;0;0;0;0;0;0;0;0;-3,72349000000;-38,59754000000;mq_gpsv
356786;9;2;2020;13:40;13208;AV L CJ JOSE WALTER;AV E CJ JOSE WALTER;;;;ColisÃ£o;Luz do Dia;;;Cruz;Pare;Residencial;0;1;1;1;0;0;0;0;0;1;0;0;-3,83316000000;-38,55820000000;inter_gpsv
356787;9;2;2020;14:15;0;RUA MON HIPOLITO BRASIL;;;1340;;Queda;Luz do Dia;;;Meio de Quadra;;;0;1;0;0;0;1;0;0;0;0;0;0;-3,75799000000;-38,58054000000;mq_gpsv
356788;9;2;2020;18:05;0;RUA EMILIA GONCALVES;;;1156;;Atropelamento;Anoitecer;;;Meio de Quadra;;;0;1;0;1;0;0;0;0;0;0;0;0;-3,73254700000;-38,59295500000;mq_match
356789;9;2;2020;18:11;0;RUA JOSE VILAR;;;935;;ColisÃ£o;Anoitecer;;;Meio de Quadra;;;0;1;0;1;0;0;0;0;0;1;0;0;-3,73347178000;-38,50392000000;mq_qgis
356790;9;2;2020;19:15;0;RUA SAO LUCAS;;;201;;Queda;;;;Meio de Quadra;;;0;1;0;0;0;0;0;0;0;1;0;0;-3,81877000000;-38,58431000000;mq_gpsv
356791;9;2;2020;19:46;5045;AV FILOMENO GOMES;RUA SAO PAULO;;;;ColisÃ£o;;;;Cruz;SemÃ¡foro;Comercial;0;1;0;1;0;0;0;0;0;1;0;0;-3,72153900000;-38,54120000000;inter_match
356792;9;2;2020;20:12;0;RUA JOSE BUSON;;;635;;Queda;;;;Meio de Quadra;;;0;1;0;0;0;0;0;0;0;1;0;0;-3,76362903000;-38,51154430000;mq_qgis
356793;9;2;2020;22:02;0;TERM TERMINAL DO ANTONIO BEZERRA;;;;;ColisÃ£o;;;;Meio de Quadra;;;0;1;0;1;0;0;0;0;0;1;0;0;;;
356794;9;2;2020;22:06;0;RUA CON DE CASTRO;;;2648;;ColisÃ£o;;;;Meio de Quadra;;;0;1;0;1;0;0;0;0;0;1;0;0;-3,79258000000;-38,58043700000;mq_match
356795;9;2;2020;22:22;0;AV CONTORNO NORTE D71;;;1660;;ColisÃ£o;;;;Meio de Quadra;;;0;1;0;1;0;0;0;0;0;1;0;0;-3,81013700000;-38,59084900000;mq_gpsv
356796;9;2;2020;22:35;0;AV GODOFREDO MACIEL;;;364;;Queda;;;;Meio de Quadra;;;0;1;0;0;0;1;0;0;0;0;0;0;-3,77953200000;-38,56471500000;mq_match
356880;10;2;2020;02:15;21109;RUA PIAUI;RUA TIMBAUBA;;;;ColisÃ£o;;;;;;;0;0;2;1;0;0;0;0;0;1;0;0;-3,75414000000;-38,57054000000;inter_gpsv
356882;10;2;2020;08:40;0;RD BR 116;;;8000;KM-08;ColisÃ£o;Luz do Dia;;;Meio de Quadra;;;0;0;2;0;0;0;0;0;0;0;0;0;-3,82201800000;-38,50326900000;rod_match
356883;10;2;2020;12:10;0;RUA OTO DE ALENCAR;;;121;;Atropelamento;Luz do Dia;;;Meio de Quadra;;;0;1;1;0;0;0;0;0;0;0;0;0;-3,72331361000;-38,54017440000;mq_qgis
356805;10;2;2020;00:28;0;RUA CARLOS AMORA;;;;;Queda;;;;Meio de Quadra;;;0;1;0;0;0;1;0;0;0;0;0;0;;;
356806;10;2;2020;01:04;0;AV JOSE TAVARES;;;1710;;ColisÃ£o;;;;Meio de Quadra;;;0;1;0;1;0;0;0;0;0;1;0;0;;;
356807;10;2;2020;04:58;0;AV PERIMETRAL;;;2190;;Queda;;;;Meio de Quadra;;;0;1;0;0;0;0;0;0;0;1;0;0;;;
356829;10;2;2020;15:19;0;AV SEN CARLOS JEREISSATI (AEROPORTO);;;;;ColisÃ£o;Luz do Dia;;;Meio de Quadra;;;0;1;0;1;0;0;0;0;0;1;0;0;;;
356830;10;2;2020;16:13;0;RUA MON BRUNO;;;1550;;ColisÃ£o;Luz do Dia;;;Meio de Quadra;;;0;1;0;0;0;0;0;0;0;1;0;0;-3,73600000000;-38,51057000000;mq_gpsv
356831;10;2;2020;18:49;0;RUA BAR RIO BRANCO;;;750;;ColisÃ£o;;;;Meio de Quadra;;;0;1;0;1;0;0;0;0;0;1;0;0;-3,72487900000;-38,52775200000;mq_qgis
356832;10;2;2020;19:23;0;RUA PORTO VELHO;;;765;;ColisÃ£o;;;;Meio de Quadra;;;0;1;0;1;0;0;0;0;0;1;0;0;-3,76556700000;-38,58778000000;mq_match
356833;10;2;2020;19:42;0;RUA VALPARAISO;;;;;ColisÃ£o;;;;Meio de Quadra;;;0;1;0;0;0;0;0;0;0;0;0;0;;;
356834;10;2;2020;21:17;0;RUA DES HERMES PARAHYBA;;;696;;ColisÃ£o;;;;Meio de Quadra;;;0;1;0;1;0;0;0;0;0;1;0;0;-3,71361400000;-38,58990900000;mq_qgis
356809;10;2;2020;06:36;0;AV ENG HUMBERTO MONTE;;;1645;;Queda;Luz do Dia;;;Meio de Quadra;;;0;1;0;0;0;0;0;0;0;1;0;0;-3,74626221100;-38,56286816000;mq_match
356810;10;2;2020;06:45;0;AV OLAVO BILAC;;;;;Atropelamento;Luz do Dia;;;Meio de Quadra;;;0;1;0;0;0;0;0;0;0;1;0;0;;;
356811;10;2;2020;07:04;0;AV GODOFREDO MACIEL;;;2220;;ColisÃ£o;Luz do Dia;;;Meio de Quadra;;;0;1;0;1;0;0;0;0;0;1;0;0;-3,79527000000;-38,56967000000;mq_gpsv
356812;10;2;2020;07:04;0;RUA WAGNER MARINHO;;;1185;;ColisÃ£o;Luz do Dia;;;Meio de Quadra;;;0;1;0;1;0;0;0;0;0;0;0;0;-3,83337000000;-38,57376000000;mq_gpsv
356813;10;2;2020;07:14;0;AV DR THEBERGE;;;448;;ColisÃ£o;Luz do Dia;;;Meio de Quadra;;;0;1;0;1;0;0;0;0;0;1;0;0;-3,70789900000;-38,56272000000;mq_qgis
356814;10;2;2020;07:21;0;AV BENJAMIM BRASIL;;;685;;Atropelamento;Luz do Dia;;;Meio de Quadra;;;0;1;1;0;0;1;0;0;0;0;0;0;-3,80493000000;-38,56668000000;mq_gpsv
356815;10;2;2020;07:26;0;RUA MATOS VASCONCELOS;;;1055;;ColisÃ£o;Luz do Dia;;;Meio de Quadra;;;0;1;0;1;0;0;0;0;0;1;0;0;-3,75505953000;-38,55396170000;mq_qgis
356816;10;2;2020;08:07;0;AV DEP PAULINO ROCHA;;;2035;;ColisÃ£o;Luz do Dia;;;Meio de Quadra;;;0;1;0;1;0;0;0;0;0;1;0;0;-3,81136000000;-38,51481000000;mq_gpsv
356817;10;2;2020;08:07;0;RUA BRAGANCA;;;565;;Queda;Luz do Dia;;;Meio de Quadra;;;0;1;0;0;0;0;0;0;0;1;0;0;-3,77919402000;-38,59614560000;mq_qgis
356818;10;2;2020;08:24;0;RUA VENEZA;;;861;;ColisÃ£o;Luz do Dia;;;Meio de Quadra;;;0;1;0;1;0;0;0;0;0;1;0;0;-3,83635000000;-38,49273000000;mq_gpsv
356819;10;2;2020;10:51;0;AV DOS JANGADEIROS;;;754;;ColisÃ£o;Luz do Dia;;;Meio de Quadra;;;0;2;0;0;0;0;0;0;0;1;0;0;-3,72502450000;-38,47820380000;mq_match
356820;10;2;2020;11:13;0;RUA BERNARDO MANUEL;;;12874;;ColisÃ£o;Luz do Dia;;;Meio de Quadra;;;0;1;0;1;0;0;0;0;0;1;0;0;-3,82595500000;-38,55926100000;mq_qgis
356821;10;2;2020;11:29;0;AV L CJ JOSE WALTER;;;561;;Capotamento;Luz do Dia;;;Meio de Quadra;;;0;1;0;0;0;0;0;0;0;0;0;0;-3,83260000000;-38,55791000000;mq_gpsv
356822;10;2;2020;11:34;17951;RUA JOAQUIM ALBANO;RUA DRACON BARRETO;;;;ColisÃ£o;Luz do Dia;;;Cruz;Pare;Residencial;0;1;0;1;0;0;0;0;0;0;0;0;-3,73512200000;-38,57899000000;inter_match
356824;10;2;2020;12:42;0;AV SEN FERNANDES TAVORA;;;3281;;Queda;Luz do Dia;;;Meio de Quadra;;;0;1;0;0;0;0;0;0;0;1;0;0;-3,75449200000;-38,60169600000;mq_qgis
356825;10;2;2020;12:51;0;RUA PRA FRANCISCA ALMEIDA DE SOUSA;;;530;;Queda;Luz do Dia;;;Meio de Quadra;;;0;1;0;0;0;0;0;0;0;1;0;0;-3,75220000000;-38,45539000000;mq_gpsv
356826;10;2;2020;14:14;0;RUA STA TEREZINHA DO MEN JES E DA SAG FACE;;;;;Queda;Luz do Dia;;;Meio de Quadra;;;0;1;0;0;0;0;0;0;0;1;0;0;;;
356827;10;2;2020;14:21;0;RUA DOM JOAQUIM DE MELO;;;240;;ColisÃ£o;Luz do Dia;;;Meio de Quadra;;;0;2;0;1;0;0;0;0;0;1;0;0;-3,73967089000;-38,54694470000;mq_qgis
355659;10;2;2020;01:02;25018;RUA TEODOMIRO DE CASTRO;RUA FRANCISCO CALACA;;;;ColisÃ£o;Via Iluminada;Bom;Seca;T;Pare;Comercial;0;1;1;1;0;0;0;0;0;0;0;0;-3,71774800000;-38,57438000000;inter_match
355608;10;2;2020;08:20;10696;RUA SILVA BAIMA;RUA ANTONIO IVO;;;;ColisÃ£o Transversal;Luz do Dia;Nublado;Seca;Cruz;Pare;Residencial;0;0;2;0;0;0;0;0;0;0;0;0;-3,75716800000;-38,57969200000;inter_match
355601;10;2;2020;13:50;0;RD CE-040;;;;KM-12;ColisÃ£o;Luz do Dia;;Seca;Meio de Quadra;;;0;0;2;1;0;0;0;0;0;0;0;0;-3,85769094900;-38,47204254000;rod_match
355661;10;2;2020;07:01;0;AV IMPERADOR;;;1347;;ColisÃ£o;Luz do Dia;Chuva;Molhada;Meio de Quadra;SemÃ¡foro;Comercial;0;1;1;1;0;0;0;0;0;0;0;0;-3,73304500000;-38,53617900000;mq_match
355663;10;2;2020;12:15;0;AV A CJ CEARA;RUA VITAL BRASIL;;;;ColisÃ£o Transversal;Luz do Dia;Bom;Seca;Meio de Quadra;Pare;Comercial;0;1;2;1;0;0;0;0;0;1;0;0;-3,77581600000;-38,60605200000;inter_match
355664;10;2;2020;10:40;0;AV PASTEUR;;;206;;ColisÃ£o;Luz do Dia;Bom;Seca;Meio de Quadra;NÃ£o HÃ¡ Controle;Residencial;0;0;2;1;0;0;0;0;0;0;0;0;-3,70794150000;-38,55791100000;mq_match
355666;10;2;2020;19:30;0;RUA VALPARAISO;RUA LUCIANO ALVES;;;;ColisÃ£o Transversal;Via Iluminada;Bom;Seca;Meio de Quadra;Pare;Comercial;0;1;1;1;0;0;0;0;0;0;0;0;-3,84920000000;-38,51096000000;inter_gpsv
355925;10;2;2020;07:30;0;RD BR 116;;;8000;KM-08;ColisÃ£o Traseira;Luz do Dia;Nublado;Seca;Meio de Quadra;;;0;0;3;0;0;0;0;0;0;0;0;0;-3,82201800000;-38,50326900000;rod_match
355926;11;2;2020;19:00;0;RD BR 116;;;1000;KM-01;Tombamento;;Bom;Seca;Meio de Quadra;;;0;1;0;0;0;0;0;0;0;1;0;0;-3,76255400000;-38,51870200000;rod_match
355927;11;2;2020;19:00;0;RD BR 116;;;14000;KM-14;Atropelamento;;Nublado;Seca;Meio de Quadra;;;0;1;1;1;0;0;0;0;0;0;0;0;-3,87352300000;-38,49924200000;rod_match
355667;11;2;2020;10:13;0;RUA BARBOSA DE FREITAS;;;2645;ASSEMBLEIA LEGISLATIVA;ColisÃ£o Lateral;Luz do Dia;Bom;Seca;Meio de Quadra;NÃ£o HÃ¡ Controle;Comercial;0;1;1;1;0;0;0;0;0;1;0;0;-3,75070330000;-38,50182000000;mq_match
355668;11;2;2020;10:40;0;RUA PEREIRA DE MIRANDA;;;575;;ColisÃ£o Lateral;Luz do Dia;Nublado;Seca;Meio de Quadra;NÃ£o HÃ¡ Controle;Comercial;0;1;1;1;0;0;0;0;0;1;0;0;-3,74013930000;-38,48082660000;mq_match
355669;11;2;2020;11:21;0;RUA PROF. MANOEL LOURENCO;;;0;;Queda;Luz do Dia;Bom;Seca;Meio de Quadra;NÃ£o HÃ¡ Controle;Comercial;0;1;0;0;0;0;0;0;0;1;0;0;-3,76230140000;-38,57258000000;mq_match
355670;11;2;2020;11:36;0;RUA CASTRO E SILVA;;;599;;Choque c/ ObstÃ¡culo Fixo;Luz do Dia;Bom;Seca;Cruz;SemÃ¡foro;Comercial;0;0;1;1;0;0;0;0;0;0;0;0;-3,72274600000;-38,53065300000;mq_qgis
355671;11;2;2020;13:39;9035;RUA SOUSA GIRAO;RUA CEL SOLON;;;;ColisÃ£o Transversal;Luz do Dia;Bom;Seca;Cruz;Pare;Residencial;0;1;1;1;0;0;0;0;0;1;0;0;-3,74276300000;-38,52497800000;inter_match
355672;11;2;2020;15:14;24287;RUA TAVARES COUTINHO;RUA CASTRO MONTE;;;;ColisÃ£o Lateral;Luz do Dia;Bom;Seca;Cruz;Pare;Comercial;0;1;0;1;0;0;0;0;0;1;0;0;-3,73249630000;-38,48605300000;inter_match
355673;11;2;2020;16:59;0;RUA DES GOMES PARENTE;;;605;;Choque c/ ObstÃ¡culo Fixo;Luz do Dia;Bom;Seca;Meio de Quadra;NÃ£o HÃ¡ Controle;Residencial;0;0;1;0;0;0;0;0;0;0;0;0;-3,77410630000;-38,57522000000;mq_match
355674;11;2;2020;14:30;10726;RUA PRO HERIBALDO COSTA;RUA CURITIBA;;;;ColisÃ£o Lateral;Luz do Dia;Bom;Seca;Cruz;Pare;Residencial;0;1;1;1;0;0;0;0;0;1;0;0;-3,75999200000;-38,58385300000;inter_match
355675;11;2;2020;21:22;0;AV FRE CIRILO;RUA FREDERICO SEVERO;;;;ColisÃ£o Transversal;Via Iluminada;Bom;Seca;Meio de Quadra;;;0;1;1;1;0;0;0;0;0;1;0;0;-3,81987000000;-38,49630700000;inter_match
355609;11;2;2020;07:25;0;RUA GAL ALIPIO DOS SANTOS;;;344;;ColisÃ£o Lateral;Luz do Dia;Bom;Molhada;Meio de Quadra;Pare;Residencial;0;1;1;1;0;0;0;0;0;1;0;0;-3,72978703000;-38,58826330000;mq_qgis
355610;11;2;2020;06:30;129;RUA CEL MATOS DOURADO;AV MR HULL;;;;Outros;Luz do Dia;Chuva;Molhada;Outros;NÃ£o HÃ¡ Controle;Comercial;1;0;1;0;0;0;1;0;0;1;0;0;-3,73874300000;-38,58537700000;inter_match
356835;11;2;2020;02:30;0;AV ENG SANTANA JUNIOR;;;2277;;Queda;;;;Meio de Quadra;;;0;1;0;0;0;0;0;0;0;1;0;0;-3,74267800000;-38,48653800000;mq_match
356844;11;2;2020;06:32;0;RUA BAR ARACATI;;;1108;;Acidente Pessoal;Luz do Dia;;;Meio de Quadra;;;0;1;0;0;0;0;0;0;0;1;0;0;-3,73128731000;-38,51141450000;mq_qgis
356845;11;2;2020;06:44;0;AV SEN FERNANDES TAVORA;;;1253;;Queda;Luz do Dia;;;Meio de Quadra;;;0;1;0;0;0;0;0;0;0;1;0;0;-3,75995350000;-38,58574300000;mq_match
356884;11;2;2020;16:52;7752;AV JOAO PESSOA;AV CARNEIRO DE MENDONCA;;;;ColisÃ£o;Luz do Dia;;;T;SemÃ¡foro;Comercial;0;2;0;0;0;0;0;0;0;0;0;0;-3,76722200000;-38,55980800000;inter_match
356847;11;2;2020;06:48;0;RUA JOAO CORDEIRO;;;740;;Atropelamento;Luz do Dia;;;Meio de Quadra;;;0;1;1;0;0;0;0;0;0;1;0;0;-3,72438000000;-38,51265000000;mq_match
356875;11;2;2020;12:41;0;RUA VINTE E QUATRO DE MAIO;;;1255;;ColisÃ£o;Luz do Dia;;;Meio de Quadra;;;0;2;0;1;0;0;0;0;0;1;0;0;-3,73262600000;-38,53384800000;mq_qgis
356876;11;2;2020;13:38;0;AV ALBERTO CRAVEIRO;;;1341;;Queda;Luz do Dia;;;Meio de Quadra;;;0;2;0;0;0;0;0;0;0;1;0;0;-3,79215376900;-38,51740185000;mq_match
356877;11;2;2020;14:40;0;RUA CAP DAKIR;;;127;;ColisÃ£o;Luz do Dia;;;Meio de Quadra;;;0;1;0;1;0;0;0;0;0;1;0;0;-3,76312725000;-38,51303730000;mq_qgis
356878;11;2;2020;15:42;0;AV PRS COSTA E SILVA;;;1734;;ColisÃ£o;Luz do Dia;;;Meio de Quadra;;;0;1;0;0;0;0;0;0;0;0;0;0;-3,81761800000;-38,56539400000;mq_match
356879;11;2;2020;16:49;3240;RUA OLIVEIRA SOBRINHO;RUA ARACA;;;;ColisÃ£o;Luz do Dia;;;Cruz;Pare;Residencial;0;1;0;1;0;0;0;0;0;1;0;0;-3,78335900000;-38,58422700000;inter_match
356849;11;2;2020;06:48;0;RUA EMILIO DE MENESES;;;151;;ColisÃ£o;Luz do Dia;;;Meio de Quadra;;;0;1;0;0;0;0;0;0;0;1;0;0;-3,78295800000;-38,58315260000;mq_qgis
356850;11;2;2020;07:31;0;RUA BAR ARACATI;;;1100;;ColisÃ£o;Luz do Dia;;;Meio de Quadra;;;0;1;0;1;0;0;0;0;0;1;0;0;-3,73093206000;-38,51129830000;mq_qgis
356851;11;2;2020;07:34;19875;RUA PDE JOAO PIAMARTA;RUA DULCINEIA GONDIM;;;;Queda;Luz do Dia;;;T;;Residencial;0;1;0;0;0;0;0;0;0;1;0;0;-3,76088000000;-38,54268000000;inter_gpsv
356852;11;2;2020;07:39;0;RUA MACAPA;;;633;;Queda;Luz do Dia;;;Meio de Quadra;;;0;1;0;0;0;0;0;0;0;1;0;0;-3,75432000000;-38,59209000000;mq_gpsv
356853;11;2;2020;07:50;0;RUA MARIA QUINTINO;;;184;;Queda;Luz do Dia;;;Meio de Quadra;;;0;1;0;0;0;0;0;0;0;1;0;0;-3,85074000000;-38,49999000000;mq_gpsv
356860;11;2;2020;08:37;0;RUA BARBOSA DE FREITAS;;;2645;;ColisÃ£o;Luz do Dia;;;Meio de Quadra;;;0;1;0;1;0;0;0;0;0;1;0;0;-3,75070330000;-38,50182000000;mq_match
356861;11;2;2020;09:08;0;AV PRS JUSCELINO KUBITSCHEK (PASSARÃ‰);;;;;ColisÃ£o;Luz do Dia;;;Meio de Quadra;;;0;1;0;0;0;0;0;0;0;1;0;0;;;
356862;11;2;2020;10:52;0;AV ALBERTO CRAVEIRO;;;;;ColisÃ£o;Luz do Dia;;;Meio de Quadra;;;0;1;0;1;0;0;0;0;0;1;0;0;;;
356863;11;2;2020;12:20;3901;AV EDUARDO GIRAO;RUA JORGE DUMAR;;;;Queda;Luz do Dia;;;Cruz;SemÃ¡foro;Residencial;0;1;0;0;0;0;0;0;0;1;0;0;-3,74969100000;-38,53869500000;inter_match
356887;11;2;2020;19:00;15349;RUA VICENTE LEITE;RUA REPUBLICA DO LIBANO;;;;ColisÃ£o;;;;Cruz;Pare;Residencial;0;0;2;1;0;0;0;0;0;1;0;0;-3,73222400000;-38,49384100000;inter_match
356888;11;2;2020;21:21;0;AV ENG HUMBERTO MONTE;;;;;ColisÃ£o;;;;Meio de Quadra;;;0;0;1;1;0;0;0;0;0;0;0;0;;;
356889;11;2;2020;00:40;2356;RUA SEN ROBERT KENNEDY;RUA ESTEVAO DE CAMPOS;;;;ColisÃ£o;;;;Cruz;Pare;Residencial;0;1;1;0;0;0;0;0;0;1;0;0;-3,70513100000;-38,57951600000;inter_match
356891;11;2;2020;18:09;0;RUA DOMINGOS JAGUARIBE;;;186;;Atropelamento;Anoitecer;;;Meio de Quadra;;;0;1;1;1;0;0;0;0;0;0;0;0;-3,76770852000;-38,53009860000;mq_qgis
356892;11;2;2020;18:25;0;RUA CEL JOAO CORREIA;;;2005;;ColisÃ£o;Anoitecer;;;Meio de Quadra;;;0;1;0;0;0;0;0;0;0;0;0;0;-3,79016000000;-38,60984000000;mq_gpsv
356857;11;2;2020;07:58;0;RUA SEBASTIAO DE ABREU;;;;;ColisÃ£o;Luz do Dia;;;Meio de Quadra;;;0;1;1;1;0;0;0;0;0;1;0;0;;;
356858;11;2;2020;08:03;0;AV DR SILAS MUNGUBA;;;4850;;Queda;Luz do Dia;;;Meio de Quadra;;;0;1;0;0;0;0;0;0;0;1;0;0;-3,79566915400;-38,53244580000;mq_match
356896;11;2;2020;18:29;8701;RUA ELISEU ORIA;RUA RANGEL PESTANA;;;;ColisÃ£o;Anoitecer;;;Cruz;NÃ£o HÃ¡ Controle;Residencial;0;1;0;1;0;1;0;0;0;0;0;0;-3,79047000000;-38,47784000000;inter_gpsv
356901;11;2;2020;18:33;0;AV N CJ JOSE WALTER;;;1631;;ColisÃ£o;;;;Meio de Quadra;;;0;1;0;1;0;1;0;0;0;0;0;0;-3,77591290000;-38,49116280000;mq_gpsv
356898;11;2;2020;18:32;0;AV JOAO DE ARAUJO LIMA;;;1631;;Queda;;;;Meio de Quadra;;;0;0;1;0;0;1;0;0;0;0;0;0;-3,83602000000;-38,56124900000;mq_match
356907;11;2;2020;18:46;0;AV SEN FERNANDES TAVORA;;;2432;;ColisÃ£o;;;;Meio de Quadra;;;0;1;0;1;0;0;0;0;0;1;0;0;-3,75595300000;-38,59388900000;mq_match
356911;11;2;2020;19:13;0;RUA ENG JOAO NOGUEIRA;;;253;;Queda;;;;Meio de Quadra;;;0;2;0;0;0;0;0;0;0;1;0;0;-3,71315455000;-38,55875320000;mq_qgis
356912;11;2;2020;19:36;0;RUA PRO JOAQUIM NOGUEIRA D29;;;333;;ColisÃ£o;;;;Meio de Quadra;;;0;1;1;1;0;0;0;0;0;1;0;0;-3,74272200000;-38,58988500000;mq_gpsv
356913;11;2;2020;21:36;0;RUA MARIA GOMES DE SA;;;1330;;ColisÃ£o;;;;Meio de Quadra;;;0;1;0;1;0;0;0;0;0;1;0;0;-3,82476000000;-38,58285850000;mq_qgis
356915;11;2;2020;22:44;0;AV FRANCISCO SA;;;;;ColisÃ£o;;;;Meio de Quadra;;;0;2;0;1;0;0;0;0;0;1;0;0;;;
356916;11;2;2020;23:33;0;AV PRO JOSE ARTHUR CARVALHO;;;2810;;Queda;;;;Meio de Quadra;;;0;1;0;0;0;0;0;0;0;1;0;0;-3,82336440500;-38,45432643800;mq_match
356909;11;2;2020;18:46;17951;RUA DRACON BARRETO;RUA JOAQUIM ALBANO;;;;ColisÃ£o;;;;Cruz;Pare;Residencial;0;1;0;1;0;0;0;0;0;1;0;0;-3,73520200000;-38,57902000000;inter_match
356917;12;2;2020;00:45;0;RUA SAO RAIMUNDO (PIRAMBU);;;499;;Queda;;;;Meio de Quadra;;;0;2;0;0;0;1;0;0;0;0;0;0;-3,70861000000;-38,55575000000;mq_gpsv
356918;12;2;2020;02:30;0;RUA CARLOS CHAGAS;;;183;;Atropelamento;;;;Meio de Quadra;;;0;1;1;1;0;0;0;0;0;0;0;0;-3,78105837000;-38,58198190000;mq_qgis
356919;12;2;2020;06:57;0;AV DOMINGOS OLIMPIO;;;187;;Queda;Luz do Dia;;;Meio de Quadra;;;0;1;0;0;0;1;0;0;0;0;0;0;-3,73814542100;-38,52614279000;mq_match
356920;12;2;2020;07:08;0;RUA PDE PEDRO DE ALENCAR;;;781;;ColisÃ£o;Luz do Dia;;;Meio de Quadra;;;0;1;0;1;0;0;0;0;0;1;0;0;-3,83488500000;-38,49411800000;mq_qgis
356921;12;2;2020;07:19;0;RUA CEL VIRGILIO NOGUEIRA (BOM JARDIM);;;791;;ColisÃ£o;Luz do Dia;;;Meio de Quadra;;;0;2;0;0;0;0;0;0;0;1;0;0;-3,79070000000;-38,60929000000;mq_match
356922;12;2;2020;07:42;0;AV GODOFREDO MACIEL;;;3441;;ColisÃ£o;Luz do Dia;;;Meio de Quadra;;;0;1;0;1;0;0;0;0;0;1;0;0;-3,80564400000;-38,57278000000;mq_match
356923;12;2;2020;07:58;0;AV GOV RAUL BARBOSA;;;;;ColisÃ£o;Luz do Dia;;;Meio de Quadra;;;0;0;1;1;0;0;0;0;0;1;0;0;;;
356924;12;2;2020;08:49;0;RUA COS LAFAYETE;;;52;;ColisÃ£o;Luz do Dia;;;Meio de Quadra;;;0;1;0;1;0;1;0;0;0;0;0;0;-3,71841900000;-38,57811900000;mq_qgis
356925;12;2;2020;09:19;0;AV LUCIANO CARNEIRO;;;1320;;Queda;Luz do Dia;;;Meio de Quadra;;;0;1;0;0;0;0;0;0;0;1;0;0;-3,75915200000;-38,53491700000;mq_match
356926;12;2;2020;09:55;0;AV B CJ HAB ST SAO JOAO;;;452;;Queda;Luz do Dia;;;Meio de Quadra;;;0;1;0;0;0;0;0;0;0;1;0;0;-3,84989547000;-38,51904710000;mq_qgis
356890;12;2;2020;08:20;0;LOGRADOURO SEM NOME;;;;;ColisÃ£o;Luz do Dia;;;Meio de Quadra;;;0;0;2;0;0;0;0;0;0;0;0;0;;;
356929;12;2;2020;09:56;0;AV JOAO PESSOA;;;6931;;ColisÃ£o;Luz do Dia;;;Meio de Quadra;;;0;1;0;0;0;0;0;0;0;0;0;0;-3,77033690000;-38,56101600000;mq_match
356931;12;2;2020;10:57;17600;RUA MARANHAO;RUA MATO GROSSO;;;;ColisÃ£o;Luz do Dia;;;Cruz;Pare;Residencial;0;1;0;1;0;1;0;0;0;0;0;0;-3,75687000000;-38,56389000000;inter_gpsv
356932;12;2;2020;11:54;0;AV GAL OSORIO DE PAIVA;;;;;ColisÃ£o;Luz do Dia;;;Meio de Quadra;;;0;1;0;1;0;0;0;0;0;1;0;0;;;
356933;12;2;2020;12:09;0;AV PERIMETRAL;;;317;;ColisÃ£o;Luz do Dia;;;Meio de Quadra;;;0;1;1;1;0;0;0;0;0;1;0;0;;;