COD_ACIDENTE;DIA;MES;ANO;HORA;INTERSECAO;LOG1;LOG2;LOG3;NUMERO;REFERENCIA;NATUREZA;ILUMINACAO;TEMPO;SUPERFICIEPISTA;TIPOCRUZAMENTO;CONTROLETRAFEGO;USOSOLO;MORTOS;FERIDOS;ILESOS;AUTOMOVEL;ONIBUS;BICICLETA;CAMINHAO;MICROONIBUS;CICLOMOTOR;MOTOCICLETA;TRACAOANIMAL;TREM;LATITUDE;LONGITUDE;METODO
356934;12;2;2020;13:08;0;AV AUGUSTO DOS ANJOS;;;2250;;ColisÃ£o;Luz do Dia;;;Meio de Quadra;;;0;1;0;0;0;0;0;0;0;0;0;0;-3,78627300000;-38,58427200000;mq_match
356935;12;2;2020;15:10;10502;RUA WILSON PEREIRA;RUA PRO JOSE HENRIQUE;;;;ColisÃ£o;Luz do Dia;;;Cruz;NÃ£o HÃ¡ Controle;Residencial;0;1;0;1;0;0;0;0;0;1;0;0;-3,83078700000;-38,47779000000;inter_match
356936;12;2;2020;15:10;0;AV MAJ ASSIS;;;2251;;ColisÃ£o;Luz do Dia;;;Meio de Quadra;;;0;1;0;1;0;0;0;0;0;1;0;0;-3,72068761000;-38,60010140000;mq_qgis
356937;12;2;2020;15:25;0;RUA DR AMADEU SA;;;605;;ColisÃ£o;Luz do Dia;;;Meio de Quadra;;;0;1;1;0;0;0;0;0;0;0;0;0;;;
356938;12;2;2020;15:30;0;AV ABOLICAO;;;5301;;ColisÃ£o;Luz do Dia;;;Meio de Quadra;;;0;1;0;0;0;0;1;0;0;1;0;0;;;
356939;12;2;2020;15:35;0;RUA PDE PEDRO DE ALENCAR;;;1465;;ColisÃ£o;Luz do Dia;;;Meio de Quadra;;;0;1;1;0;1;0;0;0;0;1;0;0;-3,84080300000;-38,49424400000;mq_match
356940;12;2;2020;17:27;0;RUA ANTONIO NOGUEIRA;;;271;;ColisÃ£o;Anoitecer;;;Meio de Quadra;;;0;2;0;0;0;0;0;0;0;0;0;0;-3,74235000000;-38,59007000000;mq_gpsv
356941;12;2;2020;17:48;0;AV MON TABOSA;;;1400;;ColisÃ£o;Anoitecer;;;Meio de Quadra;;;0;1;0;1;0;0;0;0;0;1;0;0;-3,72436900000;-38,50683300000;mq_qgis
356942;12;2;2020;19:49;0;AV DR THEBERGE;;;300;;ColisÃ£o;;;;Meio de Quadra;;;0;1;0;1;0;0;0;0;0;0;0;0;-3,70702964700;-38,56244611800;mq_match
356943;12;2;2020;18:00;0;RUA POE MARIO LINHARES (J.WALTER);;;567;;Queda;Anoitecer;;;Meio de Quadra;;;0;2;0;0;0;1;0;0;0;0;0;0;-3,82220000000;-38,55534000000;mq_gpsv
356944;12;2;2020;18:24;0;RUA LEONEL CHAVES;;;519;;ColisÃ£o;Anoitecer;;;Meio de Quadra;;;0;0;1;1;0;0;0;0;0;1;0;0;-3,76868100000;-38,57489400000;mq_qgis
356945;12;2;2020;18:26;0;RUA BRUMADO;;;58;;ColisÃ£o;Anoitecer;;;Meio de Quadra;;;0;0;1;1;0;0;0;0;0;1;0;0;-3,81359843000;-38,59723010000;mq_qgis
356946;12;2;2020;20:43;0;AV SIQUEIRA CAMPOS;;;1360;;Atropelamento;;;;Meio de Quadra;;;0;2;0;0;0;0;0;0;0;1;0;0;-3,81354200000;-38,62815100000;mq_match
356947;12;2;2020;22:24;1475;AV SANTOS DUMONT;RUA FONSECA LOBO;;;;ColisÃ£o;;;;Cruz;Pare;Comercial;0;1;0;1;0;0;0;0;0;1;0;0;-3,73906200000;-38,48960200000;inter_match
356948;12;2;2020;22:33;0;AV FRANCISCO SA;;;5445;;Acidente Pessoal;;;;Meio de Quadra;;;0;1;0;0;0;0;0;0;0;1;0;0;-3,71208161300;-38,57293169400;mq_match
356949;12;2;2020;23:50;0;RUA 6;;;1391;;ColisÃ£o;;;;Meio de Quadra;;;0;1;0;0;0;0;1;0;0;1;0;0;-3,73424000000;-38,59685000000;mq_gpsv
355676;12;2;2020;00:50;17462;AV ABOLICAO;AV BEIRA MAR;;0;;Choque c/ ObstÃ¡culo Fixo;Via Iluminada;Bom;Seca;T;SemÃ¡foro;Lazer;0;1;0;0;0;0;0;0;0;1;0;0;-3,72157600000;-38,47875900000;inter_match
355677;12;2;2020;04:50;23804;RUA RAIMUNDO NERY;AV GAL OSORIO DE PAIVA;;;;ColisÃ£o;Amanhecer;Bom;Seca;Cruz;SemÃ¡foro;Residencial;0;0;2;1;0;0;0;0;0;1;0;0;-3,79030600000;-38,58806500000;inter_match
355678;12;2;2020;09:57;12565;RUA CECIL SALGADO;RUA GEORGE CAVALCANTE;;;;ColisÃ£o Transversal;Luz do Dia;Bom;Seca;Cruz;Pare;Residencial;0;1;1;1;0;0;0;0;0;0;0;0;-3,72334900000;-38,59274800000;inter_match
355679;12;2;2020;12:00;0;AV GAL OSORIO DE PAIVA;;;112;GINASIO POLIESPORTIVO;ColisÃ£o Traseira;Luz do Dia;Bom;Seca;Meio de Quadra;NÃ£o HÃ¡ Controle;Residencial;0;1;1;0;0;0;0;0;0;1;0;0;-3,77361100000;-38,56400450000;mq_match
355680;12;2;2020;14:19;0;RUA POMPILIO GOMES;;;1024;;ColisÃ£o Traseira;Luz do Dia;Bom;Seca;Meio de Quadra;NÃ£o HÃ¡ Controle;Residencial;0;1;1;0;1;0;0;0;0;1;0;0;;;
355681;12;2;2020;19:58;0;AV BENJAMIM BRASIL;;;2112;;ColisÃ£o Transversal;Via Iluminada;Bom;Seca;Meio de Quadra;NÃ£o HÃ¡ Controle;Comercial;0;0;2;0;0;0;0;0;0;1;0;0;-3,80829200000;-38,55822900000;mq_match
355682;12;2;2020;19:45;18442;AV GOV PARSIFAL BARROSO;RUA HAROLDO TORRES;;;;ColisÃ£o Lateral;Via Iluminada;Bom;Seca;T;Pare;Comercial;0;2;2;1;0;0;0;0;0;1;0;0;-3,72975000000;-38,56928000000;inter_gpsv
355755;12;2;2020;04:00;0;AV FILOMENO GOMES;;;619;;Atropelamento;Via Iluminada;Bom;Seca;Meio de Quadra;NÃ£o HÃ¡ Controle;Residencial;0;1;1;1;0;0;0;0;0;0;0;0;-3,72031391000;-38,54136870000;mq_qgis
355928;12;2;2020;10:20;0;RD BR 116;;;7000;KM-07;ColisÃ£o Traseira;Luz do Dia;Bom;Seca;Meio de Quadra;;;0;1;3;1;0;0;1;0;0;0;0;0;-3,78627635900;-38,51156140000;rod_match
355929;12;2;2020;12:20;0;RD BR 116;;;15000;KM-15;Tombamento;Luz do Dia;Bom;Seca;Meio de Quadra;;;0;1;1;0;0;0;0;0;0;1;0;0;-3,88232900000;-38,50111300000;rod_match
355930;13;2;2020;13:00;0;RD BR 116;;;10000;KM-10;ColisÃ£o Traseira;Luz do Dia;Chuva;Molhada;Meio de Quadra;;;0;1;1;1;0;0;0;0;0;1;0;0;-3,83443500000;-38,50337300000;rod_match
355931;13;2;2020;15:15;0;RD BR 020;;;;KM 429;Choque c/ ObstÃ¡culo Fixo;Luz do Dia;Chuva;Molhada;Meio de Quadra;;;0;0;1;0;0;0;0;0;0;0;0;0;-3,86900000000;-38,50700000000;rod_match
355756;13;2;2020;03:50;2830;AV GAL OSORIO DE PAIVA;RUA OSCAR FRANCA;;;;ColisÃ£o Transversal;Via Iluminada;Chuva;Molhada;T;SemÃ¡foro;Comercial;0;1;1;1;0;0;0;0;0;1;0;0;-3,79447300000;-38,59211300000;inter_match
355757;13;2;2020;10:30;26254;AV AMERICO BARREIRA;RUA SERGIPE;;;;Engavetamento;Luz do Dia;Chuva;Molhada;T;SemÃ¡foro;Comercial;0;0;3;1;0;0;0;0;0;0;0;0;-3,76369000000;-38,56660000000;inter_gpsv
355683;13;2;2020;14:10;0;AV JOAO PESSOA;;;3577;CAMPO DO CEARA;Engavetamento;Luz do Dia;Chuva;Molhada;Meio de Quadra;NÃ£o HÃ¡ Controle;Comercial;0;1;1;1;0;0;0;0;0;0;0;0;-3,74623000000;-38,54383000000;mq_gpsv
355684;13;2;2020;15:20;13156;AV D CJ JOSE WALTER;AV J CJ JOSE WALTER;;;;ColisÃ£o Transversal;Luz do Dia;Nublado;Molhada;T;DÃª PreferÃªncia;Residencial;0;1;1;0;1;1;0;0;0;0;0;0;-3,83159900000;-38,55583200000;inter_match
355685;13;2;2020;17:45;0;AV JOSE BASTOS;;;3786;;ColisÃ£o Lateral;Anoitecer;Nublado;Molhada;Meio de Quadra;SemÃ¡foro;Comercial;0;1;2;1;0;0;0;0;0;1;0;0;-3,75192400000;-38,55237950000;mq_match
355686;13;2;2020;20:40;11582;AV ROGACIANO LEITE;RUA RICARDO A BRAGA;;;;ColisÃ£o Transversal;Via Iluminada;Bom;Seca;Cruz;Pare;Residencial;0;1;2;1;0;0;0;0;0;1;0;0;-3,78667100000;-38,50331500000;inter_match
356950;13;2;2020;00:31;0;AV FRANCISCO SA;;;7630;;ColisÃ£o;;;;Meio de Quadra;;;0;1;0;1;0;0;0;0;0;1;0;0;-3,70595400000;-38,58674650000;mq_match
356951;13;2;2020;06:24;0;AV DUQ CAXIAS;;;2136;;Acidente Pessoal;Luz do Dia;;;Meio de Quadra;;;0;1;0;0;0;0;0;0;0;1;0;0;-3,72748400000;-38,54314300000;mq_qgis
356952;13;2;2020;06:55;0;RUA CEL JOAO CORREIA;;;19000;;ColisÃ£o;Luz do Dia;;;Meio de Quadra;;;0;1;0;1;0;0;0;0;0;1;0;0;;;
356953;13;2;2020;06:58;0;AV FRE CIRILO;;;4186;;ColisÃ£o;Luz do Dia;;;Meio de Quadra;;;0;1;0;1;0;0;0;0;0;1;0;0;-3,82063408300;-38,49596966700;mq_match
356954;13;2;2020;07:29;0;RUA PRO TEODORICO;;;337;;ColisÃ£o;Luz do Dia;;;Meio de Quadra;;;0;1;0;0;0;0;0;0;0;0;0;0;-3,76768600000;-38,55643600000;mq_qgis
356955;13;2;2020;07:34;0;RUA OLIVEIRA FILHO;;;470;;Queda;Luz do Dia;;;Meio de Quadra;;;0;2;0;0;0;0;0;0;0;1;0;0;-3,72224000000;-38,46624000000;mq_gpsv
356956;13;2;2020;08:02;0;AV MR HULL;;;2013;;Queda;Luz do Dia;;;Meio de Quadra;;;0;1;0;0;0;0;0;0;0;1;0;0;-3,73686000000;-38,56968000000;mq_gpsv
356957;13;2;2020;08:07;0;RUA PDE MORORO;;;1493;;Atropelamento;Luz do Dia;;;Meio de Quadra;;;0;1;0;1;0;0;0;0;0;0;0;0;-3,72992400000;-38,53883700000;mq_qgis
356958;13;2;2020;08:29;0;AV OLAVO BILAC;;;1111;;ColisÃ£o;Luz do Dia;;;Meio de Quadra;;;0;1;0;1;0;1;0;0;0;0;0;0;-3,73060352000;-38,56470520000;mq_qgis
356893;13;2;2020;13:14;9149;RUA DOM SEBASTIAO LEME;RUA DR JOSE VITOR;;;;ColisÃ£o;Luz do Dia;;;Cruz;Pare;Residencial;0;0;2;1;0;0;0;0;0;0;0;0;-3,74770300000;-38,52600000000;inter_match
356894;13;2;2020;18:00;0;RUA ALBERTO MAGNO;;;1590;;ColisÃ£o;Anoitecer;;;Meio de Quadra;;;0;0;2;0;1;0;0;0;0;0;0;0;-3,76799100000;-38,55241700000;mq_match
356967;13;2;2020;08:40;5352;RUA PINTO MADEIRA;AV DOM MANUEL;;;;ColisÃ£o;Luz do Dia;;;Cruz;SemÃ¡foro;Comercial;0;1;0;1;0;0;0;0;0;1;0;0;-3,73096400000;-38,52195700000;inter_match
356968;13;2;2020;08:44;0;RUA JOAO REGINO;;;;;ColisÃ£o;Luz do Dia;;;Meio de Quadra;;;0;1;0;1;0;0;0;0;0;1;0;0;;;
356969;13;2;2020;08:50;0;AV BAR STUDART;;;168;;Queda;Luz do Dia;;;Meio de Quadra;;;0;1;0;0;0;0;0;0;0;1;0;0;-3,72511983000;-38,50355830000;mq_qgis
356970;13;2;2020;08:54;0;AV JOSE BASTOS;;;;;ColisÃ£o;Luz do Dia;;;Meio de Quadra;;;0;2;0;1;0;0;0;0;0;0;0;0;;;
356972;13;2;2020;08:54;0;RUA ALBERTO MAGNO;;;952;;Queda;Luz do Dia;;;Meio de Quadra;;;0;1;0;0;0;0;0;0;0;1;0;0;-3,76315378000;-38,54845660000;mq_qgis
356973;13;2;2020;08:58;0;AV DR SILAS MUNGUBA;;;4500;;ColisÃ£o;Luz do Dia;;;Meio de Quadra;;;0;1;0;0;0;0;0;0;0;1;0;0;-3,79309000000;-38,53504300000;mq_match
356975;13;2;2020;10:29;0;AV DEP PAULINO ROCHA;;;1333;;ColisÃ£o;Luz do Dia;;;Meio de Quadra;;;0;1;0;1;0;0;0;0;0;0;0;0;-3,80911500000;-38,50873000000;mq_match
356977;13;2;2020;10:31;0;RUA BAR ARATANHA;;;1323;;ColisÃ£o;Luz do Dia;;;Meio de Quadra;;;0;1;0;1;0;0;0;0;0;1;0;0;-3,74433057000;-38,53020070000;mq_qgis
356978;13;2;2020;11:16;0;TR TR ANTENOR ALMEIDA;;;36;;ColisÃ£o;Luz do Dia;;;Meio de Quadra;;;0;1;0;0;0;0;0;0;0;1;0;0;-3,72472000000;-38,57694000000;mq_gpsv
356980;13;2;2020;11:22;7873;AV PONTES VIEIRA;RUA BARBOSA DE FREITAS;;;;Atropelamento;Luz do Dia;;;Cruz;SemÃ¡foro;Comercial;0;1;1;1;0;0;0;0;0;0;0;0;-3,75138100000;-38,50209400000;inter_match
356981;13;2;2020;11:39;19693;RUA GUSTAVO SAMPAIO;RUA GAL PIRAGIBE;;;;ColisÃ£o;Luz do Dia;;;Cruz;Pare;Comercial;0;0;1;1;0;0;0;0;0;1;0;0;-3,73566100000;-38,55839800000;inter_match
356986;13;2;2020;16:15;0;AV GAL OSORIO DE PAIVA;;;1870;;Queda;Luz do Dia;;;Meio de Quadra;;;0;1;0;0;0;0;0;0;0;1;0;0;-3,78346500000;-38,57894900000;mq_qgis
356983;13;2;2020;11:52;0;RUA JOAQUIM DOS ANJOS;;;879;;Queda;Luz do Dia;;;Meio de Quadra;;;0;1;0;0;0;0;0;0;0;1;0;0;-3,83098816000;-38,56919810000;mq_qgis
356996;13;2;2020;17:05;0;RD BR 116;;;;;Queda;Anoitecer;;;Meio de Quadra;;;0;1;0;0;0;0;0;0;0;1;0;0;;;
357004;13;2;2020;18:36;0;RUA DEMETRIO MENEZES;;;;;Acidente Pessoal;;;;Meio de Quadra;;;0;1;0;0;1;0;0;0;0;0;0;0;;;
357006;13;2;2020;18:55;0;RUA MANUEL CASTELO BRANCO;;;841;;ColisÃ£o;;;;Meio de Quadra;;;0;1;0;1;0;0;0;0;0;1;0;0;-3,83315300000;-38,48727600000;mq_qgis
357008;13;2;2020;19:34;0;AV GODOFREDO MACIEL;;;;;ColisÃ£o;;;;Meio de Quadra;;;0;0;1;0;0;0;0;0;0;1;0;0;;;
357009;13;2;2020;20:02;0;RUA PRO CARVALHO;;;3020;;ColisÃ£o;;;;Meio de Quadra;;;0;1;0;1;0;0;0;0;0;1;0;0;-3,75074500000;-38,51533500000;mq_qgis
357011;13;2;2020;20:09;0;RUA CARLOS AMORA;;;;;Queda;;;;Meio de Quadra;;;0;1;0;0;0;1;0;0;0;0;0;0;;;
357012;13;2;2020;20:16;0;RD QUARTO ANEL VIARIO;;;2380;;Atropelamento;;;;Meio de Quadra;;;0;1;0;1;0;0;0;0;0;0;0;0;-3,87055300000;-38,50150700000;rod_match
357014;13;2;2020;20:18;0;AV WENEFRIDO MELO;;;859;;ColisÃ£o;;;;Meio de Quadra;;;0;1;0;1;0;0;0;0;0;1;0;0;;;
357016;13;2;2020;20:59;0;RUA CATOLE;;;2590;;ColisÃ£o;;;;Meio de Quadra;;;0;1;0;0;0;0;0;0;0;1;0;0;-3,85249952000;-38,52191750000;mq_qgis
357017;13;2;2020;21:37;0;AV H CJ CEARA;;;;;ColisÃ£o;;;;Meio de Quadra;;;0;2;0;0;0;0;0;0;0;0;0;0;;;
357019;13;2;2020;21:58;23517;AV GOV RAUL BARBOSA;RUA FLORO BARTOLOMEU;;;;Queda;;;;Meio de Quadra;NÃ£o HÃ¡ Controle;Comercial;0;2;0;0;0;0;0;0;0;1;0;0;-3,75972300000;-38,50462900000;inter_match
357021;13;2;2020;22:10;0;AV JOSE BASTOS;;;;;ColisÃ£o;;;;Meio de Quadra;;;0;1;0;0;0;0;0;0;0;1;0;0;;;
357022;13;2;2020;22:25;0;AV PRS COSTA E SILVA;;;;;ColisÃ£o;;;;Meio de Quadra;;;0;1;1;1;0;0;0;0;0;1;0;0;;;
357023;13;2;2020;22:27;0;RD BR 116;;;;;Queda;;;;Meio de Quadra;;;0;1;0;0;0;0;0;0;0;1;0;0;;;
357025;13;2;2020;23:56;13021;AV I CJ JOSE WALTER;AV A CJ JOSE WALTER;;;;ColisÃ£o;;;;Cruz;Pare;Residencial;0;1;0;0;0;0;0;0;0;1;0;0;-3,82583400000;-38,55093500000;inter_match
357026;14;2;2020;07:14;0;AV JOAO PESSOA;;;4693;;ColisÃ£o;Luz do Dia;;;Meio de Quadra;;;0;0;1;1;0;0;0;0;0;1;0;0;-3,75546840000;-38,55238300000;mq_match
357027;14;2;2020;07:15;0;RUA DIOGO CORREIA;;;329;;ColisÃ£o;Luz do Dia;;;Meio de Quadra;;;0;1;0;1;0;0;0;0;0;1;0;0;-3,77099600000;-38,59010200000;mq_match
357028;14;2;2020;07:44;0;AV BENJAMIM BRASIL;;;1137;;ColisÃ£o;Luz do Dia;;;Meio de Quadra;;;0;1;0;1;0;0;0;0;0;1;0;0;-3,80552000000;-38,56482000000;mq_match
357033;14;2;2020;08:39;3998;RUA ALBERTO MAGNO;RUA SAMUEL UCHOA;;;;Atropelamento;Luz do Dia;;;Cruz;NÃ£o HÃ¡ Controle;Comercial;0;1;1;0;1;0;0;0;0;0;0;0;-3,75660850000;-38,54290000000;inter_match
357044;14;2;2020;13:45;0;AV BEZERRA DE MENEZES;;;1665;;ColisÃ£o;Luz do Dia;;;Meio de Quadra;;;0;1;0;1;0;0;0;0;0;1;0;0;-3,73466100000;-38,55966000000;mq_match
357045;14;2;2020;14:09;0;RUA PRO HERIBALDO COSTA;;;1490;;ColisÃ£o;Luz do Dia;;;Meio de Quadra;;;0;1;0;1;0;0;0;0;0;1;0;0;-3,76496100000;-38,58647100000;mq_qgis
357046;14;2;2020;15:27;5407;RUA SOLON PINHEIRO;AV DUQ CAXIAS;;;;ColisÃ£o;Luz do Dia;;;Cruz;SemÃ¡foro;Comercial;0;1;1;1;0;0;0;0;0;1;0;0;-3,73270400000;-38,52703400000;inter_match
357047;14;2;2020;15:49;9543;RUA CEL FABRICIANO;RUA ARI MAIA;;;;ColisÃ£o;Luz do Dia;;;Cruz;Pare;Residencial;0;1;1;1;0;0;0;0;0;1;0;0;-3,77936200000;-38,62026700000;inter_match
357048;14;2;2020;18:54;0;AV GODOFREDO MACIEL;;;5200;;ColisÃ£o;;;;Meio de Quadra;;;0;1;0;1;0;1;0;0;0;0;0;0;-3,81960500000;-38,57706500000;mq_match
357049;14;2;2020;19:34;0;RUA ANTONIO BARBOSA;;;1572;;ColisÃ£o;;;;Meio de Quadra;;;0;1;0;1;0;0;0;0;0;1;0;0;-3,83254000000;-38,56519000000;mq_gpsv
357038;14;2;2020;10:35;0;AV JOVITA FEITOSA;;;2255;;ColisÃ£o;Luz do Dia;;;Meio de Quadra;;;0;2;1;1;0;0;0;0;0;1;0;0;-3,74004900000;-38,55748400000;mq_qgis
357039;14;2;2020;10:48;0;RUA ADOLFO PINHEIRO;;;320;;ColisÃ£o;Luz do Dia;;;Meio de Quadra;;;0;1;0;1;0;0;0;0;0;1;0;0;-3,75037398000;-38,51034690000;mq_qgis
357040;14;2;2020;11:42;0;AV HIS RAIMUNDO GIRAO;;;363;;ColisÃ£o;Luz do Dia;;;Meio de Quadra;;;0;1;1;1;0;0;0;0;0;1;0;0;-3,72062560000;-38,51264500000;mq_match
357041;14;2;2020;12:31;0;RUA BERNARDO MANUEL;;;9930;;ColisÃ£o;Luz do Dia;;;Meio de Quadra;;;0;1;0;1;0;0;0;0;0;1;0;0;-3,80395312000;-38,55298180000;mq_qgis
357042;14;2;2020;13:10;0;RUA PRO VIRGILIO DE MORAIS;;;500;;ColisÃ£o;Luz do Dia;;;Meio de Quadra;;;0;1;0;0;0;0;1;0;0;1;0;0;-3,75296695000;-38,59698000000;mq_qgis
357036;14;2;2020;08:42;0;AV BENJAMIM BRASIL;;;1080;;ColisÃ£o;Luz do Dia;;;Meio de Quadra;;;0;1;0;1;0;0;0;0;0;1;0;0;-3,80540000000;-38,56522000000;mq_match
357052;14;2;2020;20:06;15232;RUA DEP MOREIRA DA ROCHA;RUA SILVA PAULET;;;;ColisÃ£o;;;;Cruz;Pare;Comercial;0;1;0;1;0;0;0;0;0;1;0;0;-3,72752600000;-38,50319400000;inter_match
357054;14;2;2020;20:29;0;RUA ENG LUIS MONTENEGRO;;;600;;ColisÃ£o;;;;Meio de Quadra;;;0;1;0;1;0;0;0;0;0;1;0;0;-3,81411000000;-38,61807000000;mq_gpsv
357056;14;2;2020;23:05;0;AV CENTRAL IU 309;;;31;PRAÃ‡A CIDADE 2000;Queda;;;;Meio de Quadra;;;0;1;0;0;0;0;0;0;0;1;0;0;-3,80916960000;-38,53883670000;mq_gpsv
357061;14;2;2020;23:29;22353;AV BEZERRA DE MENEZES;AV OLAVO BILAC;;;;ColisÃ£o;;;;;;;0;1;0;1;0;1;0;0;0;0;0;0;-3,73560100000;-38,56415100000;inter_match
357065;14;2;2020;23:51;0;RUA ALVARO MARTINS;;;393;;ColisÃ£o;;;;Meio de Quadra;;;0;1;0;0;0;0;0;0;0;1;0;0;-3,74889790000;-38,54206010000;mq_qgis
357063;14;2;2020;23:48;0;AV JOR THOMAZ COELHO;;;2760;;ColisÃ£o;;;;Meio de Quadra;;;0;2;0;0;0;0;0;0;0;0;0;0;-3,82839600000;-38,51942400000;mq_match
356895;14;2;2020;01:45;0;RUA PARAGUACU D45;;;1213;;ColisÃ£o;;;;Meio de Quadra;;;0;0;2;1;0;0;0;0;0;1;0;0;-3,78571889000;-38,53916580000;mq_qgis
356902;14;2;2020;13:26;0;AV JOR THOMAZ COELHO;;;3173;;ColisÃ£o;Luz do Dia;;;Meio de Quadra;;;0;1;1;0;0;0;1;0;0;1;0;0;-3,82897323300;-38,52303147000;mq_match
356903;14;2;2020;20:50;0;AV CEL CARVALHO;;;956;;ColisÃ£o;;;;Meio de Quadra;;;0;0;2;0;0;0;0;0;0;0;0;0;-3,71083000000;-38,58971000000;mq_gpsv
356897;14;2;2020;10:30;0;RUA ROMEU ALDIGUERI;;;;;ColisÃ£o;Luz do Dia;;;Meio de Quadra;;;0;0;2;1;0;0;0;0;0;0;0;0;;;
355687;14;2;2020;06:40;0;RUA GAL CLARINDO DE QUEIROZ;RUA VINTE QUATRO DE MAIO;;;;ColisÃ£o Transversal;Luz do Dia;Bom;Seca;;;;0;2;1;1;1;0;0;0;0;0;0;0;-3,73163490000;-38,53363400000;inter_match
355688;14;2;2020;13:30;0;AV ANTONIO SALES;;;2460;;ColisÃ£o Lateral;Luz do Dia;Bom;Seca;Meio de Quadra;NÃ£o HÃ¡ Controle;Comercial;0;0;2;0;0;0;0;0;0;0;0;0;-3,74562400000;-38,50179470000;mq_qgis
355689;14;2;2020;18:29;18056;AV DIOGUINHO;RUA FRANCISCO TEIXEIRA DE ALCANTARA;;;;ColisÃ£o Transversal;Anoitecer;Bom;Seca;Cruz;Pare;Residencial;0;2;1;1;0;0;0;0;0;1;0;0;-3,73723300000;-38,45572100000;inter_match
355695;14;2;2020;13:30;10392;RUA JOSE MENDONCA;RUA STA ADELIA;;;;ColisÃ£o Transversal;Luz do Dia;Bom;Seca;Cruz;Pare;Residencial;0;1;1;0;0;0;0;0;0;1;0;0;-3,75904300000;-38,60254500000;inter_match
355758;14;2;2020;08:35;0;AV PRO GOMES DE MATOS;;;216;;Atropelamento;Luz do Dia;Nublado;Seca;Meio de Quadra;;;0;1;1;0;0;0;0;1;0;0;0;0;-3,76173380000;-38,54589580000;mq_match
355932;14;2;2020;22:55;0;RD BR 222;;;;KM-01;ColisÃ£o Lateral;;Bom;Seca;Meio de Quadra;;;0;2;0;0;0;0;0;0;0;1;0;0;-3,73769844400;-38,57814693000;rod_match
355604;14;2;2020;14:10;0;AV SEN CARLOS JEREISSATI (AEROPORTO);;;;;ColisÃ£o;Luz do Dia;;;Meio de Quadra;;;0;0;2;1;0;0;0;0;0;1;0;0;;;
355605;14;2;2020;17:00;0;RD CE-040;;;;KM-07;Engavetamento;Anoitecer;;Seca;Meio de Quadra;;;0;0;3;1;0;0;0;0;0;0;0;0;-3,81715944500;-38,48303286000;rod_match
356102;14;2;2020;00:13;0;RUA JUAZEIRO DO NORTE;;;20;;ColisÃ£o;;;;;;;0;1;1;1;0;0;0;0;0;1;0;0;-3,72737629000;-38,49319090000;mq_qgis
356103;15;2;2020;02:05;0;AV JOR THOMAZ COELHO;;;1578;;ColisÃ£o;;;;Meio de Quadra;;;0;1;1;0;0;0;0;0;0;0;0;0;-3,82990427100;-38,50913561000;mq_match
356104;15;2;2020;03:15;0;AV A CJ CEARA;;;1360;;Atropelamento;;;;Meio de Quadra;;;0;1;1;1;0;0;0;0;0;0;0;0;-3,77327767000;-38,60540400000;mq_qgis
356105;15;2;2020;03:39;25253;AV WASHINGTON SOARES;RUA VALMIR PONTES;;;;Capotamento;;;;Cruz;SemÃ¡foro;Comercial;0;2;0;0;0;0;0;0;0;0;0;0;-3,77148200000;-38,48201600000;inter_match
356106;15;2;2020;03:42;0;RUA ENG JAIME ROLEMBERG;;;90;;Queda;;;;Meio de Quadra;;;0;1;0;0;0;0;0;0;0;1;0;0;-3,80164000000;-38,56120000000;mq_gpsv
356107;15;2;2020;07:00;0;AV BEZERRA DE MENEZES;;;480;;Queda;Luz do Dia;;;Meio de Quadra;;;0;1;0;0;0;0;0;0;0;1;0;0;-3,73250868000;-38,54920780000;mq_qgis
356108;15;2;2020;07:07;0;RUA PEDRO MARTINS;;;937;;ColisÃ£o;Luz do Dia;;;Meio de Quadra;;;0;1;1;1;0;0;0;0;0;1;0;0;-3,79790229000;-38,60498120000;mq_qgis
356109;15;2;2020;08:42;0;RUA JOSE FACANHA;;;4160;;Queda;Luz do Dia;;;Meio de Quadra;;;0;2;0;0;0;0;0;0;0;1;0;0;-3,75419000000;-38,55498000000;mq_gpsv
356110;15;2;2020;09:02;0;AV CONTORNO NORTE D71;;;1699;;ColisÃ£o;Luz do Dia;;;Meio de Quadra;;;0;1;1;0;0;0;1;0;0;1;0;0;-3,81013700000;-38,59084900000;mq_gpsv
356111;15;2;2020;10:08;0;AV EDILSON B SOARES;;;36;;ColisÃ£o;Luz do Dia;;;Meio de Quadra;;;0;2;1;1;0;0;0;0;0;1;0;0;-3,78986765000;-38,48544240000;mq_qgis
356117;15;2;2020;13:20;0;RUA PEDRO DE SOUZA;;;339;;ColisÃ£o;Luz do Dia;;;Meio de Quadra;;;0;1;1;1;0;0;0;0;0;1;0;0;-3,85254000000;-38,49872000000;mq_gpsv
356118;15;2;2020;15:11;0;AV SEN FERNANDES TAVORA;;;2433;;Queda;Luz do Dia;;;Meio de Quadra;;;0;1;0;0;0;0;0;0;0;1;0;0;-3,75595300000;-38,59388900000;mq_match
356099;15;2;2020;00:01;0;AV CESAR CALS;;;433;;ColisÃ£o;;;;Meio de Quadra;;;0;2;1;1;0;0;0;0;0;1;0;0;-3,72154500000;-38,46415500000;mq_match
356100;15;2;2020;00:02;14357;RUA BAR CRATO;RUA HENRIQUE ELERY;;;;ColisÃ£o;;;;Cruz;Pare;Residencial;0;1;1;0;0;0;0;0;0;1;0;0;-3,72162200000;-38,56100200000;inter_match