COD_ACIDENTE;DIA;MES;ANO;HORA;INTERSECAO;LOG1;LOG2;LOG3;NUMERO;REFERENCIA;NATUREZA;ILUMINACAO;TEMPO;SUPERFICIEPISTA;TIPOCRUZAMENTO;CONTROLETRAFEGO;USOSOLO;MORTOS;FERIDOS;ILESOS;AUTOMOVEL;ONIBUS;BICICLETA;CAMINHAO;MICROONIBUS;CICLOMOTOR;MOTOCICLETA;TRACAOANIMAL;TREM;LATITUDE;LONGITUDE;METODO
356023;22;2;2020;05:05;0;RUA PINTO MADEIRA;;;;;ColisÃ£o;Amanhecer;;;Meio de Quadra;;;0;0;1;1;0;0;0;0;0;1;0;0;;;
356024;22;2;2020;05:21;0;AV HIS RAIMUNDO GIRAO;;;363;;Queda;Amanhecer;;;Meio de Quadra;;;0;1;0;0;0;0;0;0;0;1;0;0;-3,72062560000;-38,51264500000;mq_match
356025;22;2;2020;06:16;0;RUA TRES MARIAS;;;181;;ColisÃ£o;Luz do Dia;;;Meio de Quadra;;;0;1;0;1;0;0;0;0;0;1;0;0;-3,79930000000;-38,59826000000;mq_gpsv
356026;22;2;2020;07:01;0;AV PRS COSTA E SILVA;;;2315;;Atropelamento;Luz do Dia;;;Meio de Quadra;;;0;1;1;1;0;0;0;0;0;0;0;0;-3,81983400000;-38,56102960000;mq_qgis
356027;22;2;2020;07:13;0;AV PRS COSTA E SILVA;;;2615;;ColisÃ£o;Luz do Dia;;;Meio de Quadra;;;0;1;0;1;0;1;0;0;0;0;0;0;-3,82088400000;-38,55883131000;mq_match
356028;22;2;2020;09:11;12526;RUA CARNAUBAL;RUA PIERRE LUZ;;;;ColisÃ£o;Luz do Dia;;;Cruz;Pare;Residencial;1;0;1;1;0;0;0;0;0;1;0;0;-3,72206200000;-38,58821700000;inter_match
356029;22;2;2020;12:02;246;RUA DOM LINO;AV JOVITA FEITOSA;;;;Outros;Luz do Dia;;;Cruz;SemÃ¡foro;Comercial;0;1;0;0;0;0;0;0;0;1;0;0;-3,73985000000;-38,55641300000;inter_match
356030;22;2;2020;12:21;0;AV SGT HERMINIO SAMPAIO;;;709;;Atropelamento;Luz do Dia;;;Meio de Quadra;;;1;1;0;0;0;0;0;0;0;1;0;0;-3,72460200000;-38,54699100000;mq_match
356031;22;2;2020;16:58;0;AV MAJ ASSIS;;;1480;;ColisÃ£o;Luz do Dia;;;Meio de Quadra;;;0;1;0;1;0;0;0;0;0;1;0;0;-3,72261436400;-38,59257885000;mq_match
356032;22;2;2020;16:59;0;AV ANTONIO SALES;;;3346;;Atropelamento;Luz do Dia;;;Meio de Quadra;;;0;1;1;1;0;0;0;0;0;0;0;0;-3,74823000000;-38,49373000000;mq_gpsv
356033;22;2;2020;17:52;9328;RUA GAL MARIO HERMES;RUA CESAR CORREIA;;;;ColisÃ£o;Anoitecer;;;Cruz;Pare;Residencial;0;1;0;1;0;0;0;0;0;1;0;0;-3,71513400000;-38,57444800000;inter_match
356034;22;2;2020;17:54;241;AV JOVITA FEITOSA;RUA COS VIEIRA DA SILVA;;;;Queda;Anoitecer;;;Cruz;Pare;Comercial;0;1;0;0;0;0;0;0;0;1;0;0;-3,73946000000;-38,55423000000;inter_gpsv
356035;22;2;2020;18:34;0;RUA MIGUEL GURGEL;;;;;Queda;;;;Meio de Quadra;;;0;1;0;0;0;0;0;0;0;1;0;0;;;
356036;22;2;2020;18:58;0;AV GAL OSORIO DE PAIVA;;;1470;;Atropelamento;;;;Meio de Quadra;;;0;2;0;0;0;0;0;0;0;1;0;0;-3,78093009100;-38,57487539000;mq_match
356037;22;2;2020;19:54;0;AV TEN LISBOA;;;1774;;ColisÃ£o;;;;Meio de Quadra;;;0;2;0;0;0;0;0;0;0;0;0;0;-3,71771000000;-38,55146000000;mq_gpsv
356038;22;2;2020;20:46;0;RUA MACEIO;;;180;;Atropelamento;;;;Meio de Quadra;;;0;1;1;0;0;0;0;0;0;1;0;0;-3,75467000000;-38,58573000000;mq_gpsv
356040;22;2;2020;23:08;0;RUA TEN BENEVOLO;;;320;;ColisÃ£o;;;;Meio de Quadra;;;0;1;0;1;0;0;0;0;0;1;0;0;-3,72510000000;-38,51807700000;mq_qgis
356041;22;2;2020;23:44;0;AV SEN FERNANDES TAVORA;;;;;ColisÃ£o;;;;Meio de Quadra;;;0;1;0;0;0;0;0;0;0;1;0;0;;;
356042;23;2;2020;00:47;0;RUA ESTADO DO RIO;;;702;;Queda;;;;Meio de Quadra;;;0;1;0;0;0;0;0;0;0;1;0;0;-3,75712811000;-38,57000820000;mq_qgis
356043;23;2;2020;01:37;0;RUA ALBERTO MAGNO;;;628;;ColisÃ£o;;;;Meio de Quadra;;;0;3;0;0;0;0;0;0;0;1;0;0;-3,76117000000;-38,54674100000;mq_match
356044;23;2;2020;02:28;0;AV JOSE BASTOS;;;;;ColisÃ£o;;;;Meio de Quadra;;;0;2;0;0;0;0;0;0;0;1;0;0;;;
356045;23;2;2020;06:39;1580;RUA PDE VALDEVINO;RUA NUNES VALENTE;;;;ColisÃ£o;Luz do Dia;;;Cruz;Pare;Comercial;0;1;0;1;0;0;0;0;0;1;0;0;-3,74260800000;-38,50578200000;inter_match
356046;23;2;2020;11:06;0;RUA ANTONIO COSTA MENDES (PQ SÃƒO JOSÃ‰);;;1524;;ColisÃ£o;Luz do Dia;;;Meio de Quadra;;;0;1;0;0;0;0;0;0;0;0;0;0;-3,79534000000;-38,58879000000;mq_gpsv
356088;23;2;2020;13:16;0;RUA ALBANO AMARAL;;;674;;ColisÃ£o;Luz do Dia;;;Meio de Quadra;;;0;2;1;1;0;0;0;0;0;1;0;0;-3,79804428000;-38,58118050000;mq_qgis
356089;23;2;2020;16:48;0;RUA PEDRO DANTAS;;;345;;Queda;Luz do Dia;;;Meio de Quadra;;;0;1;0;0;0;0;0;0;0;1;0;0;-3,78609400000;-38,52090900000;mq_qgis
356090;23;2;2020;19:42;0;RD BR 116;;;;;Atropelamento;;;;Meio de Quadra;;;0;1;1;1;0;0;0;0;0;0;0;0;;;
356091;23;2;2020;19:50;0;AV JOSE BASTOS;;;;;ColisÃ£o;;;;Meio de Quadra;;;0;1;0;0;0;0;0;0;0;0;0;0;;;
356092;23;2;2020;20:07;0;RD BR 116;;;5317;;Atropelamento;;;;Meio de Quadra;;;0;1;1;1;0;0;0;0;0;0;0;0;-3,79650200000;-38,50678700000;rod_match
356093;23;2;2020;21:05;0;RUA MARIA CLARA;;;677;;Atropelamento;;;;Meio de Quadra;;;0;1;1;0;0;0;0;0;0;1;0;0;-3,72548100000;-38,58473850000;mq_qgis
356094;23;2;2020;21:22;0;AV CANAL D71;;;545;;Atropelamento;;;;Meio de Quadra;;;0;1;1;1;0;0;0;0;0;0;0;0;-3,81547200000;-38,58937900000;mq_gpsv
356095;23;2;2020;21:25;0;RUA URUCUTUBA;;;2448;;Queda;;;;Meio de Quadra;;;0;1;0;0;0;0;0;0;0;1;0;0;-3,79913766700;-38,61999200000;mq_match
356096;23;2;2020;21:47;26236;RUA BERNARDO MANUEL;AV DR SILAS MUNGUBA;;;;Atropelamento;;;;Cruz;SemÃ¡foro;Comercial;0;1;1;1;0;0;0;0;0;0;0;0;-3,78753800000;-38,54796000000;inter_match
356097;23;2;2020;22:31;15152;AV MON TABOSA;AV BAR STUDART;;;;ColisÃ£o;;;;;;;0;1;1;0;0;0;0;0;0;1;0;0;-3,72476200000;-38,50344500000;inter_match
355945;23;2;2020;18:10;0;RD BR 222;;;;KM-03;ColisÃ£o Traseira;Anoitecer;Bom;Seca;Meio de Quadra;;;0;1;1;1;0;1;0;0;0;0;0;0;-3,74030084800;-38,59594097000;rod_match
355736;23;2;2020;09:27;5191;AV DOM MANUEL;RUA PEREIRA FILGUEIRAS;;;;ColisÃ£o Transversal;Luz do Dia;Nublado;Seca;Cruz;SemÃ¡foro;Comercial;0;0;2;1;0;0;0;0;0;0;0;0;-3,72594300000;-38,52033800000;inter_match
355725;23;2;2020;08:44;13381;RUA JOAO CORDEIRO;RUA JOAO BRIGIDO;;;;ColisÃ£o Transversal;Luz do Dia;Nublado;Molhada;Cruz;SemÃ¡foro;Comercial;0;0;2;1;0;0;0;0;0;0;0;0;-3,73992700000;-38,51787000000;inter_match
355726;23;2;2020;06:57;23458;RUA PAULO FIRMEZA;RUA PRO CARVALHO;;;;ColisÃ£o Transversal;Luz do Dia;Nublado;Molhada;Cruz;Pare;Residencial;0;3;0;1;0;0;0;0;0;1;0;0;-3,75723200000;-38,51407800000;inter_match
355750;23;2;2020;13:10;15982;RUA CEL MANUEL ALBANO;RUA PAURILO BARROSO;;;;ColisÃ£o Lateral;Luz do Dia;Nublado;Molhada;Cruz;Pare;Residencial;0;1;1;1;0;0;0;0;0;1;0;0;-3,80611000000;-38,57128000000;inter_gpsv
355746;23;2;2020;12:29;9150;RUA CEL PERGENTINO FERREIRA;RUA DOM SEBASTIAO LEME;;;;ColisÃ£o Lateral;Luz do Dia;Nublado;Seca;Cruz;Pare;Escola;0;1;1;1;0;0;0;0;0;1;0;0;-3,74882050000;-38,52575700000;inter_match
356758;23;2;2020;08:30;23458;RUA PAULO FIRMEZA;RUA PRO CARVALHO;;;;ColisÃ£o;Luz do Dia;;;Cruz;Pare;Residencial;0;0;1;0;0;0;0;0;0;0;0;0;-3,75723200000;-38,51407800000;inter_match
355729;24;2;2020;09:09;7899;AV ANTONIO SALES;RUA MON CATAO;;;;Choque c/ ObstÃ¡culo Fixo;Luz do Dia;Bom;Seca;Cruz;Pare;Comercial;0;1;0;0;0;0;0;0;0;0;0;0;-3,74817400000;-38,49364200000;inter_match
355946;24;2;2020;20:10;0;RD BR 116;;;;KM-10;Queda;;Nublado;Seca;Meio de Quadra;;;0;1;0;0;0;0;0;0;0;1;0;0;-3,83443500000;-38,50337300000;rod_match
356098;24;2;2020;01:49;0;RUA MON SALAZAR;;;161;;Choque c/ ObstÃ¡culo Fixo;;;;Meio de Quadra;;;0;3;0;1;0;0;0;0;0;0;0;0;-3,75656938000;-38,51859030000;mq_qgis
356125;24;2;2020;10:29;0;RUA GAL CLARINDO DE QUEIROZ;;;1440;;ColisÃ£o;Luz do Dia;;;Meio de Quadra;;;0;1;1;1;0;0;0;0;0;1;0;0;-3,73056000000;-38,53674000000;mq_gpsv
356126;24;2;2020;13:26;0;AV PERIMETRAL;;;1067;;Atropelamento;Luz do Dia;;;Meio de Quadra;;;0;1;1;1;0;0;0;0;0;0;0;0;-3,78535846000;-38,58995590000;mq_qgis
356127;24;2;2020;19:52;19833;AV JOVITA FEITOSA;AV ENG HUMBERTO MONTE;;;;Queda;;;;Cruz;SemÃ¡foro;Residencial;0;0;1;0;0;0;0;0;0;1;0;0;-3,74196300000;-38,56654400000;inter_match
356128;24;2;2020;20:16;0;AV DUQ CAXIAS;;;;;Atropelamento;;;;Meio de Quadra;;;0;1;0;0;0;0;0;0;0;1;0;0;;;
356129;24;2;2020;20:45;25859;AV TRAJANO DE MEDEIROS;RUA VIS CAIRU;;;;ColisÃ£o;;;;;;;0;1;1;1;0;0;0;0;0;1;0;0;-3,72741000000;-38,46600000000;inter_gpsv
356130;24;2;2020;21:06;0;RUA HERMINIA BONAVIDES;;;;;ColisÃ£o;;;;Meio de Quadra;;;0;2;0;0;0;0;0;0;0;1;0;0;;;
356131;24;2;2020;21:13;0;RUA SEN JAGUARIBE;;;538;;Atropelamento;;;;Meio de Quadra;;;0;1;0;0;0;0;0;0;0;1;0;0;-3,72181236000;-38,52762570000;mq_qgis
356132;24;2;2020;21:57;0;AV LUIZ VIEIRA;;;;;ColisÃ£o;;;;Meio de Quadra;;;0;2;0;0;0;0;0;0;0;1;0;0;;;
356133;25;2;2020;01:12;0;RUA FIS ASSIS SARAIVA;;;883;;Queda;;;;Meio de Quadra;;;0;0;1;0;0;0;0;0;0;1;0;0;-3,80151620000;-38,52800490000;mq_gpsv
356134;25;2;2020;02:13;0;RD BR 116;;;7200;;ColisÃ£o;;;;Meio de Quadra;;;0;1;1;1;0;1;0;0;0;0;0;0;-3,78627635900;-38,51156140000;rod_match
356135;25;2;2020;03:48;0;RUA ENG LUIS MONTENEGRO;;;832;;ColisÃ£o;;;;Meio de Quadra;;;0;0;1;0;0;0;0;0;0;0;0;0;-3,81346000000;-38,62003000000;mq_gpsv
356136;25;2;2020;04:11;0;RUA ILDEFONSO ALBANO;;;68;;ColisÃ£o;;;;Meio de Quadra;;;0;1;0;0;0;0;0;0;0;0;0;0;-3,72132700000;-38,50946650000;mq_qgis
356137;25;2;2020;07:13;0;RD BR 020;;;;;Tombamento;Luz do Dia;;;Meio de Quadra;;;0;0;1;0;0;0;0;0;0;0;0;0;;;
356159;25;2;2020;11:09;6803;RUA ALMEIDA PRADO;RUA DR GILBERTO STUDART;;;;ColisÃ£o;Luz do Dia;;;Cruz;Pare;Residencial;0;2;1;1;0;0;0;0;0;1;0;0;-3,74532300000;-38,47566500000;inter_match
356160;25;2;2020;12:58;0;AV PRS JUSCELINO KUBITSCHEK (PASSARÃ‰);;;3753;;Queda;Luz do Dia;;;Meio de Quadra;;;0;1;0;0;0;0;0;0;0;1;0;0;-3,81493000000;-38,53050000000;mq_gpsv
356161;25;2;2020;13:17;9019;RUA BAR ARATANHA;RUA SALDANHA MARINHO;;;;Tombamento;Luz do Dia;;;Cruz;SemÃ¡foro;Comercial;0;0;1;0;0;0;0;0;0;0;0;0;-3,74282000000;-38,52969700000;inter_match
356162;25;2;2020;13:19;0;RUA ZACARIAS GONDIM;;;882;;ColisÃ£o;Luz do Dia;;;Meio de Quadra;;;0;0;1;1;0;1;0;0;0;0;0;0;-3,77068200000;-38,55938150000;mq_qgis
356163;25;2;2020;13:44;3005;RUA MARIA JULIA;RUA PDE FRANCISCO ARAQUEM;;;;ColisÃ£o;Luz do Dia;;;;;;0;1;0;1;0;0;0;0;0;1;0;0;-3,80405000000;-38,60438000000;inter_gpsv
356164;25;2;2020;16:56;0;RUA GUADALAJARA D62;;;420;;Atropelamento;Luz do Dia;;;Meio de Quadra;;;0;1;0;1;0;0;0;0;0;0;0;0;-3,79690988900;-38,51711167000;mq_gpsv
356152;25;2;2020;09:58;0;RUA VER PEDRO PAULO MOREIRA;;;832;;Atropelamento;Luz do Dia;;;Meio de Quadra;;;0;1;1;0;0;0;0;0;0;1;0;0;-3,78710000000;-38,48792710000;mq_qgis
356169;25;2;2020;18:10;0;AV H CJ CEARA;;;1772;;ColisÃ£o;Anoitecer;;;Meio de Quadra;;;0;1;0;0;0;0;0;0;0;0;0;0;-3,77628942000;-38,61429930000;mq_qgis
356170;25;2;2020;18:33;0;AV ALBERTO CRAVEIRO;;;;;Queda;;;;Meio de Quadra;;;0;1;0;0;0;0;0;0;0;1;0;0;;;
356250;25;2;2020;18:34;24229;AV ENG SANTANA JUNIOR;AV ENG ALBERTO SA;;;;Atropelamento;;;;Cruz;SemÃ¡foro;Comercial;0;1;0;1;0;0;0;0;0;0;0;0;-3,73335700000;-38,48062400000;inter_match
356251;25;2;2020;19:39;0;RUA ACARAPE;;;229;;Atropelamento;;;;Meio de Quadra;;;0;1;0;0;0;0;0;0;0;1;0;0;-3,79950395000;-38,55153010000;mq_qgis
356252;25;2;2020;20:25;0;AV F CJ CEARA;;;434;;ColisÃ£o;;;;Meio de Quadra;;;0;1;0;0;0;0;0;0;0;1;0;0;-3,76414828000;-38,60598670000;mq_qgis
356253;25;2;2020;21:01;0;AV CARAPINIMA;;;;;Atropelamento;;;;Meio de Quadra;;;0;1;0;1;0;0;0;0;0;0;0;0;;;
356254;25;2;2020;21:01;0;AV L CJ CEARA;;;;;Queda;;;;Meio de Quadra;;;0;1;0;0;0;0;0;0;0;1;0;0;;;
356255;25;2;2020;21:10;0;AV CARAPINIMA;;;;;Atropelamento;;;;Meio de Quadra;;;0;1;1;0;1;0;0;0;0;0;0;0;;;
356256;25;2;2020;22:21;0;RUA NOSSA SRA DAS GRACAS;;;429;;ColisÃ£o;;;;Meio de Quadra;;;0;1;0;0;0;0;0;0;0;0;0;0;-3,71054851000;-38,55221220000;mq_qgis
356257;25;2;2020;22:38;0;RUA CONFIANCA D63;;;467;;ColisÃ£o;;;;Meio de Quadra;;;0;0;1;1;0;0;0;0;0;1;0;0;-3,81934895700;-38,51154704000;mq_gpsv
355947;25;2;2020;07:20;0;RD BR 116;;;13000;KM-13;Outros;Luz do Dia;Chuva;Molhada;Meio de Quadra;;;0;0;1;0;0;0;1;0;0;0;0;0;-3,86467000000;-38,49772700000;rod_match
355948;25;2;2020;07:50;0;RD BR 020;;;;KM 430;Tombamento;Luz do Dia;Nublado;Molhada;Meio de Quadra;;;0;1;4;1;0;0;0;0;0;0;0;0;-3,86876900000;-38,50833300000;rod_match
355730;25;2;2020;13:49;9019;RUA BAR ARATANHA;RUA SALDANHA MARINHO;;0;;Capotamento;Luz do Dia;Bom;Seca;Cruz;SemÃ¡foro;Comercial;0;1;1;1;0;0;0;0;0;0;0;0;-3,74282000000;-38,52969700000;inter_match
355731;26;2;2020;16:25;0;AV GAL MURILO BORGES;;;0;;ColisÃ£o Traseira;Luz do Dia;Bom;Seca;Meio de Quadra;NÃ£o HÃ¡ Controle;Comercial;0;0;2;1;0;0;0;0;0;1;0;0;-3,76404980000;-38,50668000000;mq_match
355732;26;2;2020;18:00;14677;AV OLIVEIRA PAIVA;RUA GAL CAIADO DE CASTRO;;0;;ColisÃ£o Transversal;Luz do Dia;Bom;Seca;T;Pare;Comercial;0;1;1;1;0;0;0;0;0;1;0;0;-3,79587000000;-38,49042000000;inter_gpsv
355733;26;2;2020;19:28;19539;RUA EQUADOR;AV DR SILAS MUNGUBA;;0;;NÃ£o Informado;Via Iluminada;Bom;Seca;Cruz;SemÃ¡foro;Comercial;0;0;2;1;0;0;0;0;0;1;0;0;-3,78240600000;-38,55546000000;inter_match
355950;26;2;2020;15:00;0;RD BR 020;;;;KM 428;Queda;Luz do Dia;Bom;Seca;Meio de Quadra;;;0;2;0;0;0;0;0;0;0;1;0;0;-3,86900000000;-38,50700000000;rod_match
355951;26;2;2020;19:40;0;RD BR 020;;;;KM 427;Tombamento;;Bom;Seca;Meio de Quadra;;;0;2;0;0;0;0;0;0;0;1;0;0;-3,86600000000;-38,51500000000;rod_match
355958;26;2;2020;22:05;0;AV SEN CARLOS JEREISSATI (AEROPORTO);;;;KM 01;ColisÃ£o;Mal Iluminada;;Seca;Meio de Quadra;;;0;0;1;0;0;0;1;0;0;0;0;0;-3,78375300000;-38,52685000000;rod_match
355749;26;2;2020;20:30;0;AV JOVITA FEITOSA;;;314;;ColisÃ£o Traseira;Via Iluminada;Bom;Seca;Meio de Quadra;NÃ£o HÃ¡ Controle;Residencial;0;1;1;1;0;0;0;0;0;1;0;0;-3,73776300000;-38,54630100000;mq_qgis
356259;26;2;2020;00:36;0;RUA DIADEMA;;;267;;ColisÃ£o;;;;Meio de Quadra;;;0;1;1;1;0;0;0;0;0;0;0;0;-3,84477972200;-38,52255879000;mq_match
356265;26;2;2020;01:29;13304;AV I CJ JOSE WALTER;AV G CJ JOSE WALTER;;;;ColisÃ£o;;;;Cruz;Pare;Residencial;0;1;0;0;0;0;0;0;0;0;0;0;-3,83906100000;-38,55495600000;inter_match
356266;26;2;2020;06:01;0;RUA FENELON BOMILCAR;;;399;;ColisÃ£o;Luz do Dia;;;Meio de Quadra;;;0;1;0;1;0;0;0;0;0;1;0;0;-3,71581000000;-38,58220000000;mq_gpsv
356267;26;2;2020;07:11;0;AV GAL OSORIO DE PAIVA;;;7819;;ColisÃ£o;Luz do Dia;;;Meio de Quadra;;;0;1;0;0;0;0;0;0;0;0;0;0;-3,82053334700;-38,61739076000;mq_match
356268;26;2;2020;12:18;0;RUA MANUEL SATIRO;;;218;;ColisÃ£o;Luz do Dia;;;Meio de Quadra;;;0;1;0;0;0;0;1;0;0;1;0;0;-3,79531400000;-38,57498700000;mq_qgis
356269;26;2;2020;12:42;0;AV HIS RAIMUNDO GIRAO;;;474;;Queda;Luz do Dia;;;Meio de Quadra;;;0;1;0;0;0;0;0;0;0;1;0;0;-3,72105840000;-38,51127000000;mq_match
356270;26;2;2020;14:03;0;AV WASHINGTON SOARES;;;;;ColisÃ£o;Luz do Dia;;;Meio de Quadra;;;0;0;1;1;0;0;0;0;0;1;0;0;;;
356271;26;2;2020;14:23;0;RUA GERALDO BARBOSA;;;1197;;ColisÃ£o;Luz do Dia;;;Meio de Quadra;;;0;1;0;0;0;0;0;0;0;0;0;0;-3,79162235000;-38,60288710000;mq_qgis
356272;26;2;2020;14:42;0;RUA B PLANALTO COACU;;;1775;;Atropelamento;Luz do Dia;;;Meio de Quadra;;;0;1;0;1;0;0;0;0;0;0;0;0;-3,81504170000;-38,52930270000;mq_gpsv
356273;26;2;2020;15:03;0;AV GAL MURILO BORGES;;;;;ColisÃ£o;Luz do Dia;;;Meio de Quadra;;;0;1;0;1;0;0;0;0;0;1;0;0;;;
356275;26;2;2020;15:39;0;RUA PENSAMENTO;;;601;;ColisÃ£o;Luz do Dia;;;Meio de Quadra;;;0;1;0;1;0;0;0;0;0;1;0;0;-3,84241105000;-38,52874370000;mq_qgis
356276;26;2;2020;16:48;1389;RUA DES LEITE ALBUQUERQUE;RUA VIS MAUA;;;;ColisÃ£o;Luz do Dia;;;Cruz;DÃª PreferÃªncia;Comercial;0;0;1;1;0;0;0;0;0;1;0;0;-3,73688600000;-38,49969900000;inter_match
356277;26;2;2020;17:30;0;AV GAL OSORIO DE PAIVA;;;7020;;Atropelamento de Animal;Anoitecer;;;Meio de Quadra;;;0;1;0;0;0;0;0;0;0;1;0;0;-3,81447890000;-38,61191600000;mq_match
356278;26;2;2020;17:42;0;AV OLIVEIRA PAIVA;;;1881;;ColisÃ£o;Anoitecer;;;Meio de Quadra;;;0;1;0;0;0;0;0;0;0;0;0;0;-3,79596500000;-38,49013500000;mq_match
356279;26;2;2020;18:00;0;AV ENG SANTANA JUNIOR;;;1259;;Atropelamento;Anoitecer;;;Meio de Quadra;;;1;0;1;0;0;0;0;0;0;1;0;0;-3,73896300000;-38,48415800000;mq_match
356280;26;2;2020;18:48;0;RUA DA SORTE;;;26;;Choque c/ ObstÃ¡culo Fixo;;;;Meio de Quadra;;;0;1;0;0;0;0;0;0;0;1;0;0;-3,80927560000;-38,51098700000;mq_gpsv
356281;26;2;2020;18:49;0;RUA CEL MATOS DOURADO;;;814;;Queda;;;;Meio de Quadra;;;0;0;1;0;0;0;0;0;0;1;0;0;-3,74650915000;-38,58482880000;mq_qgis
356282;26;2;2020;20:33;0;RUA PERGENTINO MAIA;;;621;;Queda;;;;Meio de Quadra;;;0;1;0;0;0;1;0;0;0;0;0;0;-3,83138000000;-38,48905800000;mq_match
356283;26;2;2020;23:12;0;AV JOSE BASTOS;;;5070;;ColisÃ£o;;;;Meio de Quadra;;;0;0;1;1;0;1;0;0;0;0;0;0;-3,75752000000;-38,56176500000;mq_qgis
358661;26;2;2020;;0;RUA E LOT CAJAZEIRAS II;;;3705;;Queda;;;;Meio de Quadra;;;0;1;0;0;0;0;0;0;0;1;0;0;-3,81505000000;-38,52754000000;mq_gpsv
358662;26;2;2020;13:06;0;RUA OSCAR ARARIPE;;;2641;;ColisÃ£o;Luz do Dia;;;Meio de Quadra;;;0;1;1;1;0;0;0;0;0;1;0;0;-3,78634300000;-38,61436900000;mq_qgis
358663;27;2;2020;16:43;0;AV G CJ CEARA;;;160;;ColisÃ£o;Luz do Dia;;;Meio de Quadra;;;0;1;1;0;0;0;0;0;0;1;0;0;-3,77091350000;-38,61332900000;mq_qgis
356285;27;2;2020;01:41;0;RUA FRE MANSUETO;;;968;;ColisÃ£o;;;;Meio de Quadra;;;0;1;1;1;0;0;0;0;0;1;0;0;-3,73269557900;-38,48878111000;mq_match
356299;27;2;2020;05:27;0;AV FRANCISCO SA;;;4780;;ColisÃ£o;Amanhecer;;;Meio de Quadra;;;0;1;0;0;0;0;0;0;0;0;0;0;-3,71388600000;-38,56770800000;mq_match
356300;27;2;2020;07:12;0;RD BR 116;;;6285;;ColisÃ£o;Luz do Dia;;;Meio de Quadra;;;0;1;0;0;0;0;0;0;0;0;0;0;-3,80469100000;-38,50305300000;rod_match
356301;27;2;2020;07:32;0;RUA JUNIOR ROCHA;;;820;;ColisÃ£o;Luz do Dia;;;Meio de Quadra;;;0;1;0;1;0;0;0;0;0;1;0;0;-3,79089893000;-38,48783570000;mq_qgis
356302;27;2;2020;07:57;0;AV PRS CASTELO BRANCO;;;;;Queda;Luz do Dia;;;Meio de Quadra;;;0;1;0;0;0;1;0;0;0;0;0;0;;;
356303;27;2;2020;10:31;0;RUA MARGARIDA DE QUEIROZ;;;444;;ColisÃ£o;Luz do Dia;;;Meio de Quadra;;;0;2;1;1;0;0;0;0;0;1;0;0;;;
356304;27;2;2020;10:32;0;AV MAE LISBOA;;;2080;;ColisÃ£o;Luz do Dia;;;Meio de Quadra;;;0;1;0;1;0;0;0;0;0;1;0;0;-3,80759100000;-38,46100300000;mq_qgis
356305;27;2;2020;12:19;0;RD BR 116;;;3315;;Queda;Luz do Dia;;;Meio de Quadra;;;0;1;0;0;0;0;0;0;0;1;0;0;-3,77983800000;-38,51437200000;rod_match
356306;27;2;2020;12:36;10300;AV SEN FERNANDES TAVORA;RUA JOSE MENDONCA;;;;ColisÃ£o;Luz do Dia;;;Cruz;SemÃ¡foro;Comercial;0;1;0;1;0;0;0;0;0;1;0;0;-3,75449200000;-38,60169600000;inter_match
356307;27;2;2020;16:14;0;RUA COELHO NETO;;;327;;NÃ£o Informado;Luz do Dia;;;Meio de Quadra;;;0;1;0;0;0;0;0;0;0;1;0;0;-3,71879950000;-38,56950220000;mq_qgis
356308;27;2;2020;16:35;0;RUA COSTA FREIRE;;;1340;;ColisÃ£o;Luz do Dia;;;Meio de Quadra;;;0;3;0;0;0;0;0;0;0;1;0;0;-3,79119954000;-38,58373370000;mq_qgis
356309;27;2;2020;18:24;0;AV WASHINGTON SOARES;;;;;ColisÃ£o;Anoitecer;;;Meio de Quadra;;;0;1;0;1;0;0;0;0;0;1;0;0;;;
356310;27;2;2020;18:37;0;RUA VASCO DE ATAIDE;;;905;;ColisÃ£o;;;;Meio de Quadra;;;0;1;0;1;0;0;0;0;0;1;0;0;-3,82413716000;-38,48608480000;mq_qgis
356311;27;2;2020;21:47;0;RUA 448 F CJ CEARA;;;291;;ColisÃ£o;;;;Meio de Quadra;;;0;2;0;1;0;0;0;0;0;1;0;0;-3,76356000000;-38,60703000000;mq_gpsv
356312;27;2;2020;21:52;0;AV SEN FERNANDES TAVORA;;;2983;;ColisÃ£o;;;;Meio de Quadra;;;0;1;1;1;0;0;0;0;0;1;0;0;-3,75488000000;-38,59957800000;mq_match
356313;27;2;2020;21:56;0;AV WASHINGTON SOARES;;;;;ColisÃ£o;;;;Meio de Quadra;;;0;0;1;0;0;0;0;0;0;0;0;0;;;
355952;27;2;2020;07:09;0;RD BR 222;;;;KM-03;ColisÃ£o Traseira;Luz do Dia;Bom;Seca;Meio de Quadra;;;0;1;1;1;0;0;0;0;0;1;0;0;-3,74030084800;-38,59594097000;rod_match
355734;27;2;2020;05:25;0;AV FRANCISCO SA;;;4780;;ColisÃ£o Frontal;Amanhecer;Bom;Seca;Meio de Quadra;NÃ£o HÃ¡ Controle;Comercial;0;1;1;0;1;0;0;0;0;1;0;0;-3,71388600000;-38,56770800000;mq_match
355735;27;2;2020;07:20;14619;AV JOSE LEON;RUA JUNIOR ROCHA;;0;;ColisÃ£o Transversal;Luz do Dia;Bom;Seca;T;NÃ£o HÃ¡ Controle;Residencial;0;0;2;1;0;0;0;0;0;1;0;0;-3,79126000000;-38,48768000000;inter_gpsv