COD_ACIDENTE;DIA;MES;ANO;HORA;INTERSECAO;LOG1;LOG2;LOG3;NUMERO;REFERENCIA;NATUREZA;ILUMINACAO;TEMPO;SUPERFICIEPISTA;TIPOCRUZAMENTO;CONTROLETRAFEGO;USOSOLO;MORTOS;FERIDOS;ILESOS;AUTOMOVEL;ONIBUS;BICICLETA;CAMINHAO;MICROONIBUS;CICLOMOTOR;MOTOCICLETA;TRACAOANIMAL;TREM;LATITUDE;LONGITUDE;METODO
355737;27;2;2020;10:40;5695;RUA CHICO LEMOS;RUA MARGARIDA DE QUEIROZ;;;;ColisÃ£o Transversal;Luz do Dia;Bom;Seca;Cruz;Pare;Residencial;0;2;1;0;0;0;0;0;0;1;0;0;-3,79188100000;-38,49886900000;inter_match
355738;27;2;2020;15:07;10300;AV SEN FERNANDES TAVORA;RUA JOSE MENDONCA;;;;ColisÃ£o Transversal;NÃ£o Informado;Bom;Seca;Cruz;SemÃ¡foro;Comercial;0;1;1;1;0;0;0;0;1;0;0;0;-3,75449200000;-38,60169600000;inter_match
355751;27;2;2020;21:30;24988;RUA FRE MANSUETO;RUA TAVARES COUTINHO;;;;ColisÃ£o Transversal;Via Iluminada;Bom;Seca;Cruz;SemÃ¡foro;Comercial;0;0;2;1;0;0;0;0;0;1;0;0;-3,73263800000;-38,48878400000;inter_match
356759;27;2;2020;01:25;0;AV DOM MANUEL;;;;;ColisÃ£o;;;;Meio de Quadra;;;0;0;2;1;0;0;1;0;0;0;0;0;;;
356760;28;2;2020;02:12;10951;RUA DOM CARLOTO TAVORA;RUA EQUADOR;;;;ColisÃ£o;;;;Cruz;Pare;Comercial;0;0;1;0;0;0;0;0;0;0;0;0;-3,77150000000;-38,55164500000;inter_match
355752;28;2;2020;07:15;25435;AV ALBERTO CRAVEIRO;RUA PAULA FRANCINETE;;;;Atropelamento;Luz do Dia;Bom;Seca;T;Pare;Comercial;0;3;0;0;0;0;0;0;0;1;0;0;-3,79523800000;-38,51804400000;inter_match
355739;28;2;2020;08:30;0;RUA VERBENA;;;1019;;ColisÃ£o Traseira;Luz do Dia;Bom;Seca;Meio de Quadra;NÃ£o HÃ¡ Controle;Comercial;0;1;1;0;1;0;0;0;0;1;0;0;-3,78503000000;-38,58989000000;mq_gpsv
355740;28;2;2020;09:14;0;AV PRS CASTELO BRANCO;RUA ADRIANO MARTINS;;2031;;ColisÃ£o Lateral;Luz do Dia;Bom;Seca;Cruz;SemÃ¡foro;Residencial;0;0;2;1;0;0;0;0;0;1;0;0;-3,71486400000;-38,54564500000;inter_match
355741;28;2;2020;11:45;0;AV GODOFREDO MACIEL;;;3101;;ColisÃ£o Traseira;Luz do Dia;Bom;Seca;Meio de Quadra;SemÃ¡foro;Comercial;0;1;1;1;0;0;0;0;0;1;0;0;-3,80308700000;-38,57218600000;mq_match
355742;28;2;2020;20:40;0;AV BEZERRA DE MENEZES;;;2018;;Engavetamento;Mal Iluminada;Bom;Seca;Meio de Quadra;SemÃ¡foro;Comercial;0;0;3;1;0;0;0;0;0;0;0;0;-3,73530547100;-38,56273876000;mq_match
355743;28;2;2020;22:50;0;RUA LUIS GIRAO;;;1391;;ColisÃ£o Transversal;Mal Iluminada;Bom;Seca;Meio de Quadra;NÃ£o HÃ¡ Controle;Residencial;0;1;1;1;0;0;0;0;0;1;0;0;-3,80040000000;-38,48276000000;mq_gpsv
355953;28;2;2020;07:20;0;RD BR 116;;;;KM-05;ColisÃ£o Traseira;Luz do Dia;Nublado;Seca;Meio de Quadra;;;0;1;1;1;0;0;0;0;0;1;0;0;-3,79650200000;-38,50678700000;rod_match
355954;28;2;2020;08:00;0;RD BR 116;;;;KM-02;ColisÃ£o Traseira;Luz do Dia;Nublado;Seca;Meio de Quadra;;;0;0;2;0;0;0;0;0;0;0;0;0;-3,77139100000;-38,51678000000;rod_match
356314;28;2;2020;02:19;0;AV SAO FRANCISCO UI 505;;;930;;ColisÃ£o;;;;Meio de Quadra;;;0;3;0;0;0;0;0;0;0;1;0;0;;;
356318;28;2;2020;06:53;0;RUA CON DE CASTRO;;;4683;;ColisÃ£o;Luz do Dia;;;Meio de Quadra;;;0;1;0;1;0;0;0;0;0;1;0;0;-3,80653209000;-38,59333090000;mq_qgis
356376;28;2;2020;10:57;9150;RUA DOM SEBASTIAO LEME;RUA CEL PERGENTINO FERREIRA;;;;ColisÃ£o;Luz do Dia;;;Cruz;Pare;Escola;0;1;0;1;0;0;0;0;0;1;0;0;-3,74882050000;-38,52575700000;inter_match
356338;28;2;2020;07:29;0;AV PERIMETRAL;;;973;;ColisÃ£o;Luz do Dia;;;Meio de Quadra;;;0;1;1;0;1;0;0;0;0;1;0;0;-3,78482000000;-38,58980900000;mq_qgis
356380;28;2;2020;13:29;0;AV DUQ CAXIAS;;;1011;;ColisÃ£o;Luz do Dia;;;Meio de Quadra;;;0;1;0;1;0;0;0;0;0;1;0;0;-3,73092000000;-38,53330000000;mq_gpsv
356401;28;2;2020;14:06;0;AV PRS CASTELO BRANCO;;;2995;;Atropelamento;Luz do Dia;;;Meio de Quadra;;;0;2;0;0;0;0;0;0;0;1;0;0;-3,71179800000;-38,55605100000;mq_match
356402;28;2;2020;15:10;0;AV DR SILAS MUNGUBA;;;4956;;ColisÃ£o;Luz do Dia;;;Meio de Quadra;;;0;1;0;1;0;0;0;0;0;1;0;0;-3,79717180000;-38,53155500000;mq_match
356403;28;2;2020;15:32;10429;RUA DAS PEDRINHAS;RUA 30 DE MAIO D73;;;;Queda;Luz do Dia;;;Cruz;Pare;Residencial;0;1;0;0;0;0;0;0;0;1;0;0;-3,76305800000;-38,60034900000;inter_match
356404;28;2;2020;16:47;0;RUA VALPARAISO;;;282;;ColisÃ£o;Luz do Dia;;;;;;0;0;1;1;0;0;0;0;0;1;0;0;-3,84595900000;-38,52322400000;mq_match
356405;28;2;2020;16:50;0;RUA FRE MANSUETO;;;909;;ColisÃ£o;Luz do Dia;;;Meio de Quadra;;;0;0;1;1;0;0;0;0;0;1;0;0;-3,73255500000;-38,48878800000;mq_match
356406;28;2;2020;17:16;0;AV N CJ JOSE WALTER;;;536;;ColisÃ£o;Anoitecer;;;Meio de Quadra;;;0;0;1;1;0;0;0;0;0;1;0;0;-3,77300500000;-38,50016260000;mq_gpsv
356407;28;2;2020;17:50;0;RUA ANA FACO;;;402;;Queda;Anoitecer;;;Meio de Quadra;;;0;1;0;0;0;1;0;0;0;0;0;0;-3,71297000000;-38,56349000000;mq_gpsv
356408;28;2;2020;17:55;0;RUA PIN ANTONIO BANDEIRA;;;1230;;Queda;Anoitecer;;;Meio de Quadra;;;0;1;0;0;0;0;0;0;0;1;0;0;-3,73466000000;-38,45899000000;mq_gpsv
356409;28;2;2020;18:13;251;RUA GAL BERNARDO FIGUEIREDO;RUA DOM JOSE LOURENCO  D27;;;;ColisÃ£o;Anoitecer;;;Cruz;Pare;Residencial;0;1;0;1;0;0;0;0;0;1;0;0;-3,74099900000;-38,55844400000;inter_match
356410;28;2;2020;19:32;24997;RUA HAROLDO TORRES;AV OLAVO BILAC;;;;ColisÃ£o;;;;Cruz;NÃ£o HÃ¡ Controle;Residencial;0;0;1;1;0;0;0;0;0;1;0;0;-3,72886000000;-38,56490000000;inter_gpsv
356411;28;2;2020;20:29;0;RUA AMADEU FURTADO;;;1122;;ColisÃ£o;;;;Meio de Quadra;;;0;1;0;0;0;0;0;0;0;1;0;0;-3,74512520000;-38,56210420000;mq_qgis
356412;28;2;2020;21:16;0;RUA DIOGO CORREIA;;;47;;ColisÃ£o;;;;Meio de Quadra;;;0;1;0;0;0;0;0;0;0;1;0;0;-3,77435467000;-38,58845930000;mq_qgis
356413;28;2;2020;21:50;0;AV WASHINGTON SOARES;;;747;;ColisÃ£o;;;;Meio de Quadra;;;0;1;1;1;0;0;0;0;0;1;0;0;-3,76091300000;-38,48296700000;mq_match
356423;28;2;2020;23:51;0;RUA PDE PEDRO DE ALENCAR;;;1564;;Queda;;;;Meio de Quadra;;;0;0;1;0;0;0;0;0;0;1;0;0;-3,84166400000;-38,49435000000;mq_match
356378;28;2;2020;11:56;0;AV SGT HERMINIO SAMPAIO;;;2306;;ColisÃ£o;Luz do Dia;;;Meio de Quadra;;;0;0;2;0;0;0;0;0;0;1;0;0;-3,72653200000;-38,56140700000;mq_match
356344;28;2;2020;09:59;0;AV MR HULL;;;;;Queda;Luz do Dia;;;Meio de Quadra;;;0;1;0;0;0;1;0;0;0;0;0;0;;;
356341;28;2;2020;07:38;0;AV PRS JUSCELINO KUBITSCHEK (PASSARÃ‰);;;1795;;Atropelamento;Luz do Dia;;;Meio de Quadra;;;0;2;0;0;0;0;0;0;0;1;0;0;-3,82019670000;-38,53455100000;mq_gpsv
356342;28;2;2020;08:03;11761;AV PRS CASTELO BRANCO;RUA JACINTO MATOS;;;;ColisÃ£o;Luz do Dia;;;T;SemÃ¡foro;Comercial;0;0;1;1;0;0;0;0;0;1;0;0;-3,71463000000;-38,54633300000;inter_match
359548;28;2;2020;02:00;0;RUA APOCALIPSE (MONDUBIM);;;;;Outros;;;;Meio de Quadra;;;1;0;0;0;0;0;0;0;0;1;0;0;-3,83259300000;-38,57335800000;fat_match
358666;29;2;2020;19:21;0;LOGRADOURO SEM NOME;;;;;Atropelamento;;;;Meio de Quadra;;;0;1;1;1;0;0;0;0;0;0;0;0;;;
356424;29;2;2020;04:10;0;RUA IPAUMIRIM D68;;;988;;Queda;;;;Meio de Quadra;;;0;0;1;0;0;1;0;0;0;0;0;0;-3,82858120000;-38,56924000000;mq_gpsv
356442;29;2;2020;08:32;0;RUA QUINZE (CANINDEZINHO);;;;;Queda;Luz do Dia;;;Meio de Quadra;;;0;1;0;0;0;0;0;0;0;1;0;0;;;
356443;29;2;2020;08:56;0;AV GAL OSORIO DE PAIVA;;;;;ColisÃ£o;Luz do Dia;;;Meio de Quadra;;;0;1;0;0;0;0;0;0;0;1;0;0;;;
356444;29;2;2020;10:31;0;RUA RODRIGUES JUNIOR;;;403;;ColisÃ£o;Luz do Dia;;;Meio de Quadra;;;0;0;1;1;0;0;0;0;0;1;0;0;-3,72854133000;-38,51995360000;mq_qgis
356445;29;2;2020;11:36;0;RUA TEN BENEVOLO;;;1082;;ColisÃ£o;Luz do Dia;;;Meio de Quadra;;;0;0;1;1;0;0;0;0;0;1;0;0;-3,72726000000;-38,51137000000;mq_match
356446;29;2;2020;12:13;17369;RUA ELVIRA PINHO;RUA JOAO FIRMINO;;;;ColisÃ£o;Luz do Dia;;;Cruz;Pare;Residencial;0;1;0;1;0;0;0;0;0;1;0;0;-3,76649200000;-38,55696800000;inter_match
356447;29;2;2020;12:20;0;AV FRANCISCO SA;;;3665;;ColisÃ£o;Luz do Dia;;;Meio de Quadra;;;0;1;1;1;0;0;0;0;0;0;0;0;-3,71711182000;-38,55821960000;mq_qgis
356448;29;2;2020;12:28;0;AV I CJ CEARA;;;1235;;ColisÃ£o;Luz do Dia;;;Meio de Quadra;;;0;1;0;1;0;0;0;0;0;1;0;0;-3,77323921000;-38,59858600000;mq_qgis
356432;29;2;2020;04:47;0;AV SEN CARLOS JEREISSATI (AEROPORTO);;;;;Queda;;;;Meio de Quadra;;;0;2;0;0;0;0;0;0;0;1;0;0;;;
356434;29;2;2020;06:12;0;RUA POMPILIO GOMES;;;422;;ColisÃ£o;Luz do Dia;;;Meio de Quadra;;;0;1;0;1;0;0;0;0;0;1;0;0;;;
356464;29;2;2020;15:20;5324;RUA GAL SAMPAIO;RUA PEDRO I;;;;ColisÃ£o;Luz do Dia;;;Cruz;SemÃ¡foro;Comercial;0;1;0;1;0;0;0;0;0;1;0;0;-3,73018200000;-38,53175800000;inter_match
356465;29;2;2020;15:22;5324;RUA GAL SAMPAIO;RUA PEDRO I;;;;ColisÃ£o;Luz do Dia;;;Cruz;SemÃ¡foro;Comercial;0;0;1;0;0;0;0;0;0;1;0;0;-3,73018200000;-38,53175800000;inter_match
356466;29;2;2020;15:31;0;RUA ADOLFO CAMINHA;;;127;;ColisÃ£o;Luz do Dia;;;Meio de Quadra;;;0;1;0;1;0;0;0;0;0;1;0;0;-3,72105000000;-38,52460300000;mq_qgis
356457;29;2;2020;14:31;0;RUA CON DE CASTRO;;;;;ColisÃ£o;Luz do Dia;;;Meio de Quadra;;;0;1;0;1;0;0;0;0;0;1;0;0;;;
356458;29;2;2020;14:49;0;RUA COM GARCIA;;;;;Queda;Luz do Dia;;;Meio de Quadra;;;0;1;0;0;0;0;0;0;0;1;0;0;;;
356459;29;2;2020;14:50;0;AV ALM HENRIQUE SABOIA;;;957;;ColisÃ£o;Luz do Dia;;;Meio de Quadra;;;0;1;0;0;0;0;0;0;0;1;0;0;-3,73057000000;-38,48155000000;mq_gpsv
356460;29;2;2020;14:56;5228;RUA GOV SAMPAIO;RUA VIS SABOIA;;;;ColisÃ£o;Luz do Dia;;;Cruz;Pare;Comercial;0;1;0;1;0;0;0;0;0;1;0;0;-3,72709040000;-38,52437000000;inter_match
356461;29;2;2020;14:56;0;RUA JURACI MAGALHAES;;;481;;ColisÃ£o;Luz do Dia;;;Meio de Quadra;;;0;1;1;1;0;0;0;0;0;1;0;0;-3,78569000000;-38,46069000000;mq_gpsv
356462;29;2;2020;15:16;0;AV FRANCISCO SA;;;;;Atropelamento;Luz do Dia;;;Meio de Quadra;;;0;1;1;0;1;0;0;0;0;0;0;0;;;
356436;29;2;2020;08:23;0;RD BR 116;;;7000;KM-04;ColisÃ£o;Luz do Dia;;;Meio de Quadra;;;0;2;0;1;0;0;0;0;0;1;0;0;-3,80235400000;-38,50386900000;rod_match
356468;29;2;2020;16:46;0;RUA MARIA ALICE FERRAZ;;;;;ColisÃ£o;Luz do Dia;;;Meio de Quadra;;;0;1;0;1;0;0;0;0;0;1;0;0;;;
356469;29;2;2020;16:58;0;AV CEL CARVALHO;;;2824;;ColisÃ£o;Luz do Dia;;;Meio de Quadra;;;0;2;0;1;0;0;0;0;0;1;0;0;-3,72839500000;-38,58503100000;mq_match
356471;29;2;2020;17:30;0;RUA LUIS GUIMARAES;;;357;;ColisÃ£o;Anoitecer;;;Meio de Quadra;;;0;0;1;1;0;1;0;0;0;0;0;0;-3,72234000000;-38,57097000000;mq_gpsv
356472;29;2;2020;17:59;13396;RUA BAR ARACATI;RUA JOAO BRIGIDO;;;;ColisÃ£o;Anoitecer;;;Cruz;Pare;Residencial;0;1;1;1;0;0;0;0;0;1;0;0;-3,74093900000;-38,51469700000;inter_match
356473;29;2;2020;18:16;0;RUA CON DE CASTRO;;;8312;;ColisÃ£o;Anoitecer;;;Meio de Quadra;;;0;1;0;0;0;0;0;0;0;0;0;0;;;
356474;29;2;2020;19:17;0;AV GAL OSORIO DE PAIVA;;;5405;;ColisÃ£o;;;;Meio de Quadra;;;0;1;0;1;0;0;0;0;0;1;0;0;-3,80440409100;-38,60175400000;mq_match
356475;29;2;2020;19:32;0;RUA JOSE DANTAS VIEIRA;;;;;Atropelamento;;;;Meio de Quadra;;;0;1;1;0;0;0;0;0;0;1;0;0;;;
356477;29;2;2020;20:26;23493;RUA SABINO MONTE;RUA CARVALHO JUNIOR;;;;ColisÃ£o;;;;Cruz;Pare;Residencial;0;1;1;1;0;0;0;0;0;1;0;0;-3,75860500000;-38,51153800000;inter_match
356479;29;2;2020;20:44;0;RUA JOSE HIPOLITO;;;1025;;ColisÃ£o;;;;Meio de Quadra;;;0;0;1;1;0;0;0;0;0;1;0;0;-3,83525834000;-38,48702640000;mq_qgis
356480;29;2;2020;21:52;0;RUA CEL JOAO OLIVEIRA;;;93;;ColisÃ£o;;;;Meio de Quadra;;;0;0;1;0;0;0;0;0;0;0;0;0;-3,82239126000;-38,49292240000;mq_qgis
356481;29;2;2020;22:33;0;RUA ANTONIO TEIXEIRA LEITE;;;744;;Atropelamento;;;;Meio de Quadra;;;0;1;0;0;0;0;0;0;0;1;0;0;-3,78764000000;-38,53817000000;mq_gpsv
356482;29;2;2020;23:17;0;RUA BETEL;;;;;Atropelamento;;;;Meio de Quadra;;;0;1;1;0;0;0;0;0;0;1;0;0;;;
355955;29;2;2020;08:25;0;RD BR 116;;;4000;KM-04;Queda;Luz do Dia;Bom;Seca;Meio de Quadra;;;0;2;0;0;0;0;0;0;0;1;0;0;-3,80235400000;-38,50386900000;rod_match
355744;29;2;2020;13:13;0;RUA RODRIGUES JUNIOR;;;403;;ColisÃ£o Transversal;Luz do Dia;Bom;Seca;Meio de Quadra;NÃ£o HÃ¡ Controle;Residencial;0;0;2;1;0;0;0;0;0;0;0;0;-3,72854133000;-38,51995360000;mq_qgis
355745;29;2;2020;15:38;5324;RUA GAL SAMPAIO;RUA PEDRO I;;0;;ColisÃ£o Transversal;Luz do Dia;Bom;Seca;Cruz;SemÃ¡foro;Comercial;0;2;0;0;0;0;0;0;0;1;0;0;-3,73018200000;-38,53175800000;inter_match
355753;29;2;2020;19:00;0;RUA MARIA ALICE FERRAZ;;;;;ColisÃ£o Transversal;Via Iluminada;Bom;Seca;Meio de Quadra;Pare;Residencial;0;0;1;1;0;0;0;0;0;1;0;0;;;
355754;29;2;2020;20:30;0;RUA RUBIA SAMPAIO;;;1169;;ColisÃ£o Traseira;Mal Iluminada;Bom;Seca;Meio de Quadra;NÃ£o HÃ¡ Controle;Misto;1;0;1;1;0;0;0;0;0;0;0;0;-3,73215000000;-38,54064000000;mq_gpsv
355747;29;2;2020;18:36;9287;AV BORGES DE MELO;AV DOS EXPEDICIONARIOS;;0;;Engavetamento;Luz do Dia;Bom;Seca;Cruz;SemÃ¡foro;Comercial;0;0;3;1;0;0;0;0;0;0;0;0;-3,75339100000;-38,53767400000;inter_match
355748;29;2;2020;18:44;13396;RUA JOAO BRIGIDO;RUA BAR ARACATI;;0;;ColisÃ£o Lateral;Anoitecer;Bom;Seca;Cruz;Pare;Residencial;0;0;2;1;0;0;0;0;0;1;0;0;-3,74093900000;-38,51469700000;inter_match
356761;29;2;2020;09:20;0;AV PRS CASTELO BRANCO;;;;;ColisÃ£o;Luz do Dia;;;Meio de Quadra;;;0;0;1;0;0;0;0;0;0;0;0;0;;;
356762;29;2;2020;15:51;0;RUA COM GARCIA;;;1983;;ColisÃ£o;Luz do Dia;;;Meio de Quadra;;;0;0;1;0;0;0;0;0;0;0;0;0;-3,79969843000;-38,58909360000;mq_qgis
356662;1;3;2020;15:15;0;RD BR 116;;;;KM-09;Atropelamento;Luz do Dia;;Seca;Meio de Quadra;;;1;0;1;1;0;0;0;0;0;0;0;0;-3,83083700000;-38,50486500000;rod_match
356663;1;3;2020;19:10;0;RD BR 116;;;;KM-05;Atropelamento;;Nublado;Seca;Meio de Quadra;;;0;1;1;1;0;0;0;0;0;0;0;0;-3,79650200000;-38,50678700000;rod_match
356927;1;3;2020;02:43;0;AV GODOFREDO MACIEL;;;277;;Queda;;;;Meio de Quadra;;;0;1;0;0;0;0;0;0;0;1;0;0;-3,77988000000;-38,56473000000;mq_gpsv
356928;1;3;2020;03:29;0;AV MAJ ASSIS;;;1073;;Choque c/ ObstÃ¡culo Fixo;;;;Meio de Quadra;;;0;2;0;0;0;0;0;0;0;1;0;0;-3,72361238000;-38,58882270000;mq_qgis
356959;1;3;2020;03:52;0;AV GAL OSORIO DE PAIVA;;;6770;;Queda;;;;Meio de Quadra;;;0;2;0;0;0;0;0;0;0;1;0;0;-3,81300800000;-38,61007300000;mq_match
356960;1;3;2020;04:34;0;RUA BAR ARACATI;;;3113;;ColisÃ£o;;;;Meio de Quadra;;;0;1;0;0;0;0;0;0;0;0;0;0;-3,74845300000;-38,51703000000;mq_qgis
356961;1;3;2020;06:49;0;RUA FRANCISCANO;;;710;;Queda;Luz do Dia;;;Meio de Quadra;;;0;1;0;0;0;0;0;0;0;1;0;0;-3,80057710000;-38,60374420000;mq_gpsv
356962;1;3;2020;07:43;0;RUA CARLOS AMORA;;;40;;Atropelamento;Luz do Dia;;;Meio de Quadra;;;0;1;0;0;0;0;0;0;0;1;0;0;-3,77431650000;-38,56434200000;mq_match
356963;1;3;2020;15:03;13416;AV RUI BARBOSA;RUA JOAO BRIGIDO;;;;ColisÃ£o;Luz do Dia;;;Cruz;SemÃ¡foro;Comercial;0;1;0;1;0;0;0;0;0;0;0;0;-3,74199500000;-38,51136900000;inter_match
357057;1;3;2020;22:10;0;RUA JOSE SETUBAL PESSOA;;;284;;Queda;;;;Meio de Quadra;;;0;1;0;0;0;0;0;0;0;1;0;0;-3,72051000000;-38,47269000000;mq_gpsv
357055;1;3;2020;21:28;0;RUA 8 VENEZA TROPICAL;;;434;;Atropelamento;;;;Meio de Quadra;;;0;1;0;1;0;0;0;0;0;0;0;0;;;
357053;1;3;2020;21:24;0;AV 20 DE JANEIRO;;;;;ColisÃ£o;;;;Meio de Quadra;;;0;1;0;0;0;0;0;0;0;0;0;0;;;
357031;1;3;2020;20:31;0;RUA DOIS CJ MIRASSOL;;;434;;ColisÃ£o;;;;Meio de Quadra;;;0;1;0;1;0;0;0;0;0;1;0;0;-3,79631000000;-38,54228000000;mq_gpsv
357000;1;3;2020;18:34;0;AV G CJ JOSE WALTER;;;;;Queda;;;;Meio de Quadra;;;0;1;0;0;0;1;0;0;0;0;0;0;;;
357002;1;3;2020;19:20;0;AV SGT HERMINIO SAMPAIO;;;1511;;ColisÃ£o;;;;Meio de Quadra;;;0;1;0;1;0;0;0;0;0;1;0;0;-3,72519445900;-38,55406895000;mq_match
356997;1;3;2020;17:48;0;RUA FRANCISCO CALACA;;;100;;Atropelamento;Anoitecer;;;Meio de Quadra;;;0;1;0;0;0;0;0;0;0;0;0;0;-3,70291700000;-38,56880400000;mq_qgis
356993;1;3;2020;17:38;0;RUA POMPILIO GOMES;;;526;;ColisÃ£o;Anoitecer;;;Meio de Quadra;;;0;1;0;1;0;0;0;0;0;0;0;0;;;
356965;1;3;2020;15:14;0;AV MAE LISBOA;;;;;ColisÃ£o;Luz do Dia;;;Meio de Quadra;;;0;1;0;0;0;0;0;0;0;0;0;0;;;
356995;1;3;2020;17:46;0;AV ENG ALBERTO SA;;;;;ColisÃ£o;Anoitecer;;;Meio de Quadra;;;0;1;0;1;0;0;0;0;0;1;0;0;;;
355793;1;3;2020;06:00;13659;RUA DR THOMPSON BULCAO;RUA REV BOLIVAR P BANDEIRA;;0;;ColisÃ£o Transversal;Luz do Dia;Bom;Seca;Cruz;SemÃ¡foro;Residencial;0;0;2;0;1;0;0;0;0;0;0;0;-3,77009370000;-38,49204000000;inter_match
355794;1;3;2020;15:50;13416;RUA JOAO BRIGIDO;AV RUI BARBOSA;;;;ColisÃ£o Transversal;Luz do Dia;Bom;Seca;Cruz;SemÃ¡foro;Comercial;0;0;2;1;0;0;0;0;0;0;0;0;-3,74199500000;-38,51136900000;inter_match
359549;1;3;2020;05:00;0;RUA GUARANI D35 (JOAO XXIII);;;1101;;Atropelamento;Amanhecer;;;Meio de Quadra;;;1;0;1;0;0;0;0;0;0;1;0;0;-3,76704040000;-38,58167260000;mq_qgis
355795;2;3;2020;02:39;2830;AV GAL OSORIO DE PAIVA;RUA OSCAR FRANCA;;;;ColisÃ£o Transversal;Via Iluminada;Nublado;Molhada;T;SemÃ¡foro;Comercial;0;0;2;1;1;0;0;0;0;0;0;0;-3,79447300000;-38,59211300000;inter_match
355796;2;3;2020;07:19;5150;RUA BAR RIO BRANCO;RUA SEN ALENCAR;;;;ColisÃ£o;Luz do Dia;Nublado;Molhada;Cruz;Pare;Comercial;0;0;2;1;0;0;0;0;0;0;0;0;-3,72487900000;-38,52775200000;inter_match
355797;2;3;2020;08:31;0;AV BERNARDO MANUEL;;;9942;;ColisÃ£o Traseira;Luz do Dia;Bom;Seca;Meio de Quadra;NÃ£o HÃ¡ Controle;Comercial;0;0;4;1;0;0;0;0;0;0;0;0;-3,82963000000;-38,56057000000;mq_gpsv
355798;2;3;2020;10:55;14448;AV SGT HERMINIO SAMPAIO;RUA DEMOSTENES CARVALHO;;0;POLO DE LAZER;NÃ£o Informado;Luz do Dia;Bom;Seca;T;Pare;Comercial;0;0;2;1;0;0;0;0;0;1;0;0;-3,72611700000;-38,55906800000;inter_match
355799;2;3;2020;07:52;0;RUA VICENTE DE CASTRO;;;6074;;ColisÃ£o Lateral;Luz do Dia;Nublado;Material Derrapante;Meio de Quadra;NÃ£o HÃ¡ Controle;Industrial;0;0;1;0;0;0;0;0;0;0;0;0;-3,71159000000;-38,47227000000;mq_gpsv
355800;2;3;2020;11:46;5328;AV DUQ CAXIAS;AV TRISTAO GONCALVES;;;;Atropelamento;Luz do Dia;Bom;Seca;Cruz;SemÃ¡foro;Comercial;0;1;1;1;0;0;0;0;0;0;0;0;-3,73040000000;-38,53419600000;inter_match
355801;2;3;2020;14:16;0;RUA MARIA GOMES DE SA;;;;;ColisÃ£o Frontal;Luz do Dia;Nublado;Seca;Meio de Quadra;NÃ£o HÃ¡ Controle;Comercial;0;0;2;0;0;0;1;0;0;1;0;0;;;
355802;2;3;2020;15:56;19539;AV DR SILAS MUNGUBA;RUA EQUADOR;;;;ColisÃ£o Transversal;Luz do Dia;Bom;Seca;Cruz;SemÃ¡foro;Comercial;0;0;2;1;0;0;0;0;0;1;0;0;-3,78237700000;-38,55543400000;inter_match
355803;2;3;2020;17:40;0;AV GAL OSORIO DE PAIVA;;;200;;ColisÃ£o Traseira;Via Iluminada;Bom;Seca;Meio de Quadra;SemÃ¡foro;Comercial;0;1;1;1;0;0;0;0;0;1;0;0;-3,77421533000;-38,56479070000;mq_qgis
355965;2;3;2020;12:30;0;RD CE-060;;;;KM-02;ColisÃ£o;Luz do Dia;;Seca;Meio de Quadra;;;0;0;4;1;0;0;0;0;0;0;0;0;-3,83406400000;-38,58211100000;rod_match
357112;2;3;2020;14:15;0;RUA ALAGOAS;;;3710;;ColisÃ£o;Luz do Dia;;;Meio de Quadra;;;0;1;0;0;0;0;0;0;0;1;0;0;-3,75009400000;-38,58006600000;mq_qgis
357062;2;3;2020;02:37;0;AV ABOLICAO;;;2405;;Tombamento;;;;Meio de Quadra;;;0;1;0;0;0;0;0;0;0;0;0;0;-3,72675000000;-38,49724000000;mq_gpsv
357059;2;3;2020;00:12;0;RUA MARANGUAPE D50;;;426;;ColisÃ£o;;;;Meio de Quadra;;;0;1;0;1;0;0;0;0;0;1;0;0;-3,80122000000;-38,60363000000;mq_gpsv
357066;2;3;2020;06:52;19505;RUA PERU;RUA QUITO;;;;ColisÃ£o;Luz do Dia;;;Y;;Misto;0;2;0;1;0;0;0;0;0;1;0;0;-3,78127000000;-38,55405000000;inter_gpsv
357064;2;3;2020;06:27;0;AV 13 DE MAIO;;;1383;;Queda;Luz do Dia;;;Meio de Quadra;;;0;2;0;0;0;0;0;0;0;1;0;0;-3,74796600000;-38,53092250000;mq_qgis
357093;2;3;2020;07:10;0;AV VICENTE DE CASTRO;;;6074;;ColisÃ£o;Luz do Dia;;;Meio de Quadra;;;0;2;1;1;0;0;0;0;0;1;0;0;-3,71210200000;-38,47250200000;mq_qgis
357094;2;3;2020;08:14;7983;AV JOAO PESSOA;RUA JOAO SORONGO;;;;ColisÃ£o;Luz do Dia;;;Cruz;Pare;Residencial;0;1;1;1;0;0;0;0;0;1;0;0;-3,74866300000;-38,54606900000;inter_match
357095;2;3;2020;09:38;0;RUA ALBERTO MONTEZUMA;;;582;;ColisÃ£o;Luz do Dia;;;Meio de Quadra;;;0;1;0;0;0;0;0;0;0;1;0;0;-3,76788615000;-38,53399680000;mq_qgis
357096;2;3;2020;10:18;0;AV DR THEBERGE;;;1516;;Queda;Luz do Dia;;;Meio de Quadra;;;0;1;0;0;0;1;0;0;0;0;0;0;-3,71582000000;-38,56540000000;mq_gpsv
357097;2;3;2020;10:52;0;RUA NOVA CONQUISTA (GRANJA LISBOA);;;409;;Atropelamento;Luz do Dia;;;Meio de Quadra;;;0;1;0;1;0;0;0;0;0;0;0;0;-3,79062000000;-38,61532000000;mq_gpsv