COD_ACIDENTE;DIA;MES;ANO;HORA;INTERSECAO;LOG1;LOG2;LOG3;NUMERO;REFERENCIA;NATUREZA;ILUMINACAO;TEMPO;SUPERFICIEPISTA;TIPOCRUZAMENTO;CONTROLETRAFEGO;USOSOLO;MORTOS;FERIDOS;ILESOS;AUTOMOVEL;ONIBUS;BICICLETA;CAMINHAO;MICROONIBUS;CICLOMOTOR;MOTOCICLETA;TRACAOANIMAL;TREM;LATITUDE;LONGITUDE;METODO
355814;5;3;2020;15:30;25720;AV I CJ JOSE WALTER;RUA POE MARIO LINHARES (J.WALTER);;0;;ColisÃ£o Transversal;Luz do Dia;Bom;Seca;Cruz;Pare;Residencial;0;1;1;0;0;0;0;0;0;1;0;0;-3,82374720000;-38,55043400000;inter_match
355815;5;3;2020;20:00;25647;RUA JULIO BRAGA;RUA FRANCISCO DE SALES;;;;ColisÃ£o Lateral;Via Iluminada;Bom;Seca;T;Pare;Residencial;0;1;1;1;0;0;0;0;0;1;0;0;-3,77432200000;-38,58312400000;inter_match
355816;6;3;2020;07:00;0;RUA PDE CICERO;RUA TIRADENTES;;0;;ColisÃ£o Lateral;Luz do Dia;Bom;Seca;Cruz;Pare;Comercial;0;0;2;0;0;0;0;0;0;1;0;0;-3,70352000000;-38,57245000000;inter_gpsv
355817;6;3;2020;06:48;0;RUA PINTO MADEIRA;;;1015;;ColisÃ£o Frontal;Luz do Dia;Bom;Seca;Meio de Quadra;NÃ£o HÃ¡ Controle;Comercial;0;4;0;0;0;1;0;0;0;1;0;0;-3,73262600000;-38,51649700000;mq_match
355818;6;3;2020;08:55;0;RUA FCO JOSE A PEREIRA;RUA DAS FLORES;;0;;ColisÃ£o Lateral;Luz do Dia;Bom;Seca;Meio de Quadra;Pare;Comercial;0;1;1;0;0;0;0;0;0;1;0;0;-3,81190000000;-38,50543000000;inter_gpsv
355819;6;3;2020;11:13;0;AV OLIVEIRA PAIVA;;;1366;;ColisÃ£o Lateral;Luz do Dia;Bom;Seca;Meio de Quadra;SemÃ¡foro;Comercial;0;0;2;0;0;0;0;0;0;1;0;0;-3,79549600000;-38,49414000000;mq_match
355821;6;3;2020;15:00;0;AV ALBERTO CRAVEIRO;;;555;;ColisÃ£o Lateral;Luz do Dia;Bom;Seca;Y;NÃ£o HÃ¡ Controle;Comercial;0;0;2;1;0;0;0;0;0;0;0;0;-3,78376700000;-38,51687400000;mq_qgis
355822;6;3;2020;19:46;12866;RUA SOLON PINHEIRO;RUA JOAQUIM MAGALHAES;;;;ColisÃ£o Transversal;Via Iluminada;Bom;Seca;Cruz;Gesto;Residencial;0;1;1;1;0;0;0;0;0;1;0;0;-3,73949000000;-38,52935200000;inter_match
355823;6;3;2020;19:47;0;RUA ANTONIO TEIXEIRA LEITE;;;673;;ColisÃ£o Lateral;Via Iluminada;Bom;Seca;Meio de Quadra;NÃ£o HÃ¡ Controle;Residencial;0;0;1;0;0;0;0;0;1;0;0;0;-3,78892000000;-38,53863000000;mq_gpsv
355824;6;3;2020;20:19;13375;AV ANTONIO SALES;RUA J DA PENHA;;;;ColisÃ£o Transversal;Via Iluminada;Bom;Seca;Cruz;Gesto;Escola;0;1;1;1;0;0;0;0;0;1;0;0;-3,73954000000;-38,52135200000;inter_match
355825;6;3;2020;22:18;15975;AV GODOFREDO MACIEL;RUA CEL MANUEL ALBANO;;;;ColisÃ£o Transversal;Via Iluminada;Bom;Seca;Cruz;Pare;Comercial;0;2;0;1;0;0;0;0;0;1;0;0;-3,80564400000;-38,57278000000;inter_match
355774;6;3;2020;02:00;10995;RUA 15 DE NOVEMBRO;RUA ALM RUBIM;;;;ColisÃ£o Transversal;Via Iluminada;Bom;Seca;Cruz;Pare;Comercial;0;1;1;1;0;0;0;0;0;1;0;0;-3,76890700000;-38,55593900000;inter_match
355776;6;3;2020;09:00;0;AV GAL OSORIO DE PAIVA;;;;;ColisÃ£o Lateral;Luz do Dia;Nublado;Seca;Meio de Quadra;Outros;Comercial;0;1;1;1;0;0;0;0;0;1;0;0;;;
355974;6;3;2020;07:50;0;RD CE-040;;;;KM-01;Engavetamento;Luz do Dia;;Seca;Meio de Quadra;;;0;0;4;1;0;0;0;0;0;0;0;0;-3,76465044900;-38,48258304000;rod_match
356854;6;3;2020;10:00;0;RUA FRANCISCO JOSE A PEREIRA;;;;;ColisÃ£o;Luz do Dia;;;Meio de Quadra;;;0;0;2;0;0;0;1;0;0;1;0;0;;;
356855;6;3;2020;23:18;0;AV GODOFREDO MACIEL;;;3512;;ColisÃ£o;;;;Meio de Quadra;;;0;0;1;0;0;0;0;0;0;1;0;0;-3,80572200000;-38,57280400000;mq_match
357469;6;3;2020;00:24;0;RUA BENTO ALBUQUERQUE;;;3300;;Atropelamento;;;;Meio de Quadra;;;0;1;0;1;0;0;0;0;0;0;0;0;-3,75059100000;-38,46189190000;mq_qgis
357470;6;3;2020;02:11;0;RUA PERNAMBUCO;;;1613;;Queda;;;;Meio de Quadra;;;0;1;0;0;0;0;0;0;0;1;0;0;-3,75757930000;-38,57229490000;mq_qgis
357478;6;3;2020;07:04;3895;RUA PDE CICERO;AV EDUARDO GIRAO;;;;ColisÃ£o;Luz do Dia;;;;;;0;1;0;0;0;0;0;0;0;1;0;0;-3,74728000000;-38,54183400000;inter_match
357487;6;3;2020;09:11;0;RUA RUI MONTE;;;365;;ColisÃ£o;Luz do Dia;;;Meio de Quadra;;;0;1;0;1;0;0;0;0;0;1;0;0;-3,74232600000;-38,58733000000;mq_qgis
357488;6;3;2020;10:00;19060;RUA JULIO AZEVEDO;RUA RAMOS BOTELHO;;;;Queda;Luz do Dia;;;;;;0;1;0;0;0;1;0;0;0;0;0;0;-3,73659000000;-38,47832000000;inter_gpsv
357489;6;3;2020;13:00;0;AV GOV PARSIFAL BARROSO;;;1300;COLÃ‰GIO STA. ISABEL;Choque c/ ObstÃ¡culo Fixo;Luz do Dia;;;Meio de Quadra;;;1;0;0;0;0;0;0;0;0;1;0;0;-3,73548500000;-38,56886600000;mq_match
357490;6;3;2020;15:53;0;RUA SAO FIDELIS D71;;;601;;ColisÃ£o;Luz do Dia;;;Meio de Quadra;;;0;1;0;1;0;0;0;0;0;1;0;0;-3,81969000000;-38,59171000000;mq_gpsv
357491;6;3;2020;15:57;0;RUA CON DE CASTRO;;;3430;;ColisÃ£o;Luz do Dia;;;Meio de Quadra;;;0;1;0;0;0;0;0;0;0;1;0;0;-3,79762650000;-38,58511700000;mq_qgis
357492;6;3;2020;15:58;0;RUA JULIO SILVA;;;440;;ColisÃ£o;Luz do Dia;;;Meio de Quadra;;;0;1;1;1;0;1;0;0;0;0;0;0;-3,74537000000;-38,45462000000;mq_match
357493;6;3;2020;17:32;0;AV BORGES DE MELO;;;1961;;ColisÃ£o;Anoitecer;;;Meio de Quadra;;;0;1;0;1;0;0;0;0;0;1;0;0;-3,75485100000;-38,53597600000;mq_qgis
357494;6;3;2020;17:42;19721;RUA GUSTAVO SAMPAIO;RUA AMADEU FURTADO;;;;ColisÃ£o;Anoitecer;;;Cruz;Pare;Residencial;0;1;0;1;0;0;0;0;0;1;0;0;-3,73678600000;-38,56382800000;inter_match
357495;6;3;2020;17:49;5224;RUA PEREIRA FILGUEIRAS;RUA DOM JOAQUIM;;;;Atropelamento;Anoitecer;;;Cruz;Pare;Residencial;0;1;0;0;0;0;0;0;0;1;0;0;-3,72699000000;-38,51709800000;inter_match
357496;6;3;2020;17:57;0;RUA DEMETRIO MENEZES;;;3622;;Atropelamento;Anoitecer;;;Meio de Quadra;;;0;1;0;0;0;0;1;0;0;0;0;0;-3,73512300000;-38,58416600000;mq_match
357497;6;3;2020;18:02;0;RUA CAETANO XIMENES ARAGAO;;;110;;ColisÃ£o;Anoitecer;;;Meio de Quadra;;;0;1;0;0;0;0;0;0;0;0;0;0;-3,78334000000;-38,48229000000;mq_gpsv
357498;6;3;2020;18:04;0;RUA ANTONIO TEIXEIRA LEITE;;;673;;ColisÃ£o;Anoitecer;;;Meio de Quadra;;;0;1;0;0;0;0;0;0;0;0;0;0;-3,78892000000;-38,53863000000;mq_gpsv
357483;6;3;2020;07:58;0;RUA MIGUEL COUTO;;;461;;ColisÃ£o;Luz do Dia;;;Meio de Quadra;;;0;1;0;1;0;0;0;0;0;1;0;0;-3,83829000000;-38,48909000000;mq_gpsv
357484;6;3;2020;09:00;0;AV GAL OSORIO DE PAIVA;;;;;Queda;Luz do Dia;;;Meio de Quadra;;;0;1;0;0;0;0;0;0;0;1;0;0;;;
357481;6;3;2020;07:35;0;RUA FRANCISCO JOSE A PEREIRA;;;1085;;ColisÃ£o;Luz do Dia;;;Meio de Quadra;;;0;1;0;0;0;0;1;0;0;1;0;0;-3,81145000000;-38,50810000000;mq_gpsv
357501;6;3;2020;18:41;0;AV PERIMETRAL;;;3140;;Queda;;;;Meio de Quadra;;;0;1;0;0;0;0;0;0;0;1;0;0;;;
357503;6;3;2020;19:25;0;AV ANTONIO SALES;;;554;;ColisÃ£o;;;;Meio de Quadra;;;0;1;0;1;0;0;0;0;0;1;0;0;-3,74098659000;-38,51676540000;mq_qgis
357506;6;3;2020;19:25;0;AV GAL OSORIO DE PAIVA;;;1672;;Queda;;;;Meio de Quadra;;;0;1;0;0;0;1;0;0;0;0;0;0;-3,78219600000;-38,57682800000;mq_qgis
357515;6;3;2020;20:21;0;RUA GUILHERME ROCHA;;;320;;Queda;;;;Meio de Quadra;;;0;1;0;0;0;0;0;0;0;1;0;0;-3,72684000000;-38,52838000000;mq_gpsv
357518;6;3;2020;21:07;0;RUA CON DE CASTRO;;;5498;;ColisÃ£o;;;;Meio de Quadra;;;0;1;0;0;0;0;0;0;0;1;0;0;-3,81141700000;-38,59712900000;mq_match
357523;6;3;2020;21:24;0;AV PERIMETRAL;;;1722;;ColisÃ£o;;;;Meio de Quadra;;;0;2;0;0;0;0;0;0;0;0;0;0;;;
357529;6;3;2020;21:48;0;RUA COSME JERONIMO;;;1322;;ColisÃ£o;;;;Meio de Quadra;;;0;1;0;0;0;0;0;0;0;1;0;0;-3,82389000000;-38,58789000000;mq_gpsv
357530;6;3;2020;23:00;0;RUA TULIPA NEGRA;;;2224;;Queda;;;;Meio de Quadra;;;0;1;0;0;0;0;0;0;0;1;0;0;-3,81840861000;-38,59912260000;mq_qgis
357531;6;3;2020;23:18;0;RUA JULIO SILVA;;;440;;Queda;;;;Meio de Quadra;;;0;1;0;0;0;0;0;0;0;1;0;0;-3,74537000000;-38,45462000000;mq_match
357532;6;3;2020;23:42;0;AV AUGUSTO DOS ANJOS;;;1531;;Atropelamento;;;;Meio de Quadra;;;0;1;0;1;0;0;0;0;0;0;0;0;-3,77995000000;-38,57893000000;mq_gpsv
357534;6;3;2020;23:53;7220;AV PASTEUR;RUA DOM QUINTINO;;;;Atropelamento;;;;Cruz;Pare;Residencial;0;1;0;0;0;0;0;0;0;1;0;0;-3,71022200000;-38,55857000000;inter_match
357527;6;3;2020;21:26;0;AV DR SILAS MUNGUBA;;;3674;;Queda;;;;Meio de Quadra;;;0;1;0;0;0;1;0;0;0;0;0;0;-3,79052280000;-38,54000500000;mq_match
357635;7;3;2020;16:14;0;AV PERIMETRAL;;;121;;ColisÃ£o;Luz do Dia;;;Meio de Quadra;;;0;1;0;0;0;0;0;0;0;0;0;0;;;
357636;7;3;2020;17:12;0;RUA TEN NICOLAU;;;529;;ColisÃ£o;Anoitecer;;;Meio de Quadra;;;0;1;0;1;0;0;0;0;0;1;0;0;-3,78913630000;-38,50493960000;mq_qgis
357637;7;3;2020;17:26;0;RUA JAIME BENEVOLO;;;985;;ColisÃ£o;Anoitecer;;;Meio de Quadra;;;0;1;0;1;0;0;0;0;0;1;0;0;-3,74095500000;-38,52829800000;mq_qgis
357638;7;3;2020;17:35;0;AV FRANCISCO SA;;;3064;;ColisÃ£o;Anoitecer;;;Meio de Quadra;;;0;1;0;0;0;0;0;0;0;0;0;0;-3,71863489000;-38,55366460000;mq_qgis
357639;7;3;2020;18:52;0;RUA DO MERCADO;;;112;;Atropelamento;;;;Meio de Quadra;;;0;1;0;0;0;0;0;0;0;1;0;0;-3,78153986000;-38,50903720000;mq_qgis
357640;7;3;2020;19:07;0;RUA SEN POMPEU;;;2379;;ColisÃ£o;;;;Meio de Quadra;;;0;1;0;0;0;0;0;0;0;1;0;0;-3,73931200000;-38,53338200000;mq_qgis
357641;7;3;2020;19:42;0;RUA SAO FRANCISCO D34;;;341;;ColisÃ£o;;;;Meio de Quadra;;;1;1;0;0;0;0;0;0;0;1;0;0;-3,79912300000;-38,60043700000;mq_gpsv
357642;7;3;2020;20:10;0;RUA NAT FEIJO;;;466;;ColisÃ£o;;;;Meio de Quadra;;;0;1;0;0;0;0;0;0;0;0;0;0;-3,72229100000;-38,55313700000;mq_match
357643;7;3;2020;20:19;0;AV L CJ JOSE WALTER;;;1310;;Queda;;;;Meio de Quadra;;;0;1;0;0;0;1;0;0;0;0;0;0;-3,83616875000;-38,55905170000;mq_qgis
357644;7;3;2020;21:35;6825;RUA DR RIBAMAR LOBO;RUA BENTO ALBUQUERQUE;;;;ColisÃ£o;;;;Cruz;Pare;Residencial;0;1;0;1;0;0;0;0;0;1;0;0;-3,74842200000;-38,46861300000;inter_match
357645;7;3;2020;21:36;0;RUA JOSE MENDONCA;;;1070;;ColisÃ£o;;;;Meio de Quadra;;;0;1;1;1;0;1;0;0;0;0;0;0;-3,75465000000;-38,60168000000;mq_gpsv
357646;7;3;2020;22:12;0;AV GAL OSORIO DE PAIVA;;;5281;;ColisÃ£o;;;;Meio de Quadra;;;0;1;0;0;0;0;0;0;0;1;0;0;-3,80373662500;-38,60112288000;mq_match
357647;7;3;2020;22:20;0;AV PRS COSTA E SILVA;;;761;;ColisÃ£o;;;;Meio de Quadra;;;0;1;0;1;0;0;0;0;0;1;0;0;-3,81246712500;-38,57277463000;mq_match
357648;7;3;2020;23:09;0;RUA PDE PEDRO DE ALENCAR;;;523;;ColisÃ£o;;;;Meio de Quadra;;;0;2;0;1;0;0;0;0;0;1;0;0;-3,83265800000;-38,49402500000;mq_match
357649;7;3;2020;23:58;0;RUA RIO ARAGUAIA;;;419;;Atropelamento;;;;Meio de Quadra;;;0;1;0;0;0;0;0;0;0;1;0;0;-3,72057530000;-38,58166460000;mq_qgis
357609;7;3;2020;05:57;0;AV ANTONIO SALES;;;645;;ColisÃ£o;Amanhecer;;;Meio de Quadra;;;0;1;1;1;0;0;0;0;0;1;0;0;-3,74128100000;-38,51578000000;mq_match
357610;7;3;2020;06:12;0;AV CEL CARVALHO;;;;;Queda;Luz do Dia;;;Meio de Quadra;;;0;1;0;0;0;0;0;0;0;1;0;0;;;
357611;7;3;2020;06:26;0;RUA DR PAULO SANFORD;;;98;;Atropelamento;Luz do Dia;;;Meio de Quadra;;;0;1;0;1;0;0;0;0;0;0;0;0;-3,78777175000;-38,47455320000;mq_qgis
357612;7;3;2020;06:48;0;AV DES MOREIRA;;;1621;;Queda;Luz do Dia;;;Meio de Quadra;;;0;1;0;0;0;0;0;0;0;1;0;0;-3,74051000000;-38,49964000000;mq_gpsv
357613;7;3;2020;08:03;24689;RUA RAIMUNDO GOMES;RUA GEORGE CAVALCANTE;;;;ColisÃ£o;Luz do Dia;;;Cruz;NÃ£o HÃ¡ Controle;Residencial;0;1;0;1;0;0;0;0;0;1;0;0;-3,71433700000;-38,59012400000;inter_match
357615;7;3;2020;10:39;0;AV ALM HENRIQUE SABOIA;;;;;ColisÃ£o;Luz do Dia;;;Meio de Quadra;;;0;1;0;0;0;0;0;0;0;0;0;0;;;
357616;7;3;2020;10:39;0;AV ENG HUMBERTO MONTE;;;1333;;Queda;Luz do Dia;;;Meio de Quadra;;;0;1;0;0;0;0;0;0;0;1;0;0;-3,74791000000;-38,56145600000;mq_match
357617;7;3;2020;11:28;0;AV FRANCISCO SA;;;5359;;ColisÃ£o;Luz do Dia;;;Meio de Quadra;;;0;2;0;0;0;0;1;0;0;1;0;0;-3,71232800000;-38,57221900000;mq_match
357618;7;3;2020;12:12;578;AV FRANCISCO SA;RUA ENG JOAO NOGUEIRA;;;;ColisÃ£o;Luz do Dia;;;Cruz;Pare;Misto;0;2;0;1;0;0;0;0;0;1;0;0;-3,71514700000;-38,56405000000;inter_match
357619;7;3;2020;13:06;0;RUA DAS PEDRINHAS;;;175;;ColisÃ£o;Luz do Dia;;;Meio de Quadra;;;0;1;0;0;0;0;0;0;0;1;0;0;-3,76556196000;-38,60083230000;mq_qgis
357620;7;3;2020;13:14;7329;RUA MANAUS;RUA PRO PAULO LOPES;;;;ColisÃ£o;Luz do Dia;;;Cruz;Pare;Residencial;0;1;0;0;0;0;1;0;0;1;0;0;-3,75357300000;-38,59116300000;inter_match
357621;7;3;2020;13:54;0;RUA ANTERO QUENTAL;;;100;;Atropelamento;Luz do Dia;;;Meio de Quadra;;;0;1;0;1;0;0;0;0;0;0;0;0;-3,85183550000;-38,49279490000;mq_match
357622;7;3;2020;14:03;0;RUA PDE PEDRO DE ALENCAR;;;1408;;Queda;Luz do Dia;;;Meio de Quadra;;;0;1;0;0;0;0;0;0;0;1;0;0;-3,84040846700;-38,49426884000;mq_match
357623;7;3;2020;15:16;0;RD BR 116;;;;;ColisÃ£o;Luz do Dia;;;Meio de Quadra;;;0;1;0;1;0;0;0;0;0;1;0;0;;;
357624;7;3;2020;15:17;0;AV SEN CARLOS JEREISSATI (AEROPORTO);;;570;;ColisÃ£o;Luz do Dia;;;Meio de Quadra;;;0;2;0;0;0;0;0;0;0;0;0;0;-3,78329000000;-38,52295000000;mq_gpsv
357632;7;3;2020;16:06;0;AV CAP WALDEMAR PAULA LIMA;;;468;;ColisÃ£o;Luz do Dia;;;Meio de Quadra;;;0;1;0;0;0;0;0;0;0;0;0;0;-3,81730000000;-38,50753000000;mq_gpsv
356856;7;3;2020;23:15;0;AV GAL OSORIO DE PAIVA;;;5081;;ColisÃ£o;Luz do Dia;;;Meio de Quadra;;;0;0;2;1;0;0;0;0;0;0;0;0;-3,80282700000;-38,60021700000;mq_match
356670;7;3;2020;03:30;0;RD BR 116;;;3000;KM-03;Capotamento;;NÃ£o Informado;Seca;Meio de Quadra;;;0;0;1;1;0;0;0;0;0;0;0;0;-3,77983800000;-38,51437200000;rod_match
355976;7;3;2020;16:40;0;AV SEN CARLOS JEREISSATI (AEROPORTO);;;;;ColisÃ£o;Luz do Dia;;Seca;Meio de Quadra;;;0;0;2;1;0;0;1;0;0;0;0;0;;;
355790;7;3;2020;18:30;15364;RUA FRE MANSUETO;RUA REPUBLICA DO LIBANO;;;;ColisÃ£o Transversal;Anoitecer;Bom;Seca;Cruz;Pare;Residencial;0;0;2;1;0;0;0;0;0;1;0;0;-3,73373200000;-38,48872900000;inter_match
355791;7;3;2020;07:25;0;AV JOSE TAVARES;;;1025;;Choque c/ ObstÃ¡culo Fixo;Luz do Dia;Chuva;Molhada;Meio de Quadra;SemÃ¡foro;Residencial;1;1;0;0;0;0;0;0;0;1;0;0;-3,81249100000;-38,59855200000;mq_gpsv
355826;7;3;2020;06:45;0;AV JOSE LEON;;;2216;;ColisÃ£o;Luz do Dia;Nublado;Seca;Meio de Quadra;NÃ£o HÃ¡ Controle;Residencial;0;3;0;0;0;0;0;0;0;0;0;0;-3,79020793000;-38,49172550000;mq_qgis
355827;7;3;2020;20:08;0;RUA TEODOMIRO DE CASTRO;;;6264;;ColisÃ£o Lateral;Via Iluminada;Bom;Seca;Meio de Quadra;Gesto;Comercial;0;0;2;1;0;0;0;0;0;0;0;0;-3,71705237000;-38,57627750000;mq_qgis
355828;8;3;2020;01:46;6825;RUA BENTO ALBUQUERQUE;RUA DR RIBAMAR LOBO;;;;ColisÃ£o;Via Iluminada;Bom;Seca;Cruz;Pare;Residencial;0;0;2;1;0;0;0;0;0;1;0;0;-3,74842200000;-38,46861300000;inter_match
355829;8;3;2020;07:00;25036;RUA EDUARDO BEZERRA;RUA CAP MELO;;;;ColisÃ£o Frontal;Luz do Dia;Bom;Seca;Cruz;SemÃ¡foro;Residencial;0;1;1;0;0;0;0;0;0;1;0;0;-3,75380300000;-38,51360700000;inter_match
355830;8;3;2020;14:00;16983;RUA MARIA GOMES DE SA;RUA AURELIANO LEAL;;0;;NÃ£o Informado;Luz do Dia;Bom;Seca;Cruz;Pare;Residencial;0;0;1;1;0;0;0;0;0;1;0;0;-3,82325500000;-38,58412400000;inter_match
355831;8;3;2020;17:40;0;TR GUILHERME ROCHA;RUA COS ESTELITA;;0;;ColisÃ£o Transversal;Anoitecer;Bom;Seca;Cruz;Pare;Residencial;0;1;1;1;0;0;0;0;0;1;0;0;-3,72335000000;-38,53919000000;inter_gpsv
355977;8;3;2020;05:50;0;RD CE-040;;;;KM-02;ColisÃ£o;Amanhecer;;Seca;Meio de Quadra;;;0;0;2;1;1;0;0;0;0;0;0;0;-3,77361614800;-38,48179940000;rod_match
356864;8;3;2020;16:00;0;RUA ANA BILHAR;;;;;ColisÃ£o;Luz do Dia;;;Meio de Quadra;;;0;0;1;0;0;0;0;0;0;0;0;0;;;
356865;8;3;2020;07:10;0;AV JOR THOMAZ COELHO;;;;;ColisÃ£o;Luz do Dia;;;Meio de Quadra;;;0;0;1;0;0;0;0;0;0;0;0;0;;;
356859;8;3;2020;15:00;0;AV PRS CASTELO BRANCO;;;;;ColisÃ£o;Luz do Dia;;;Meio de Quadra;;;0;0;2;1;1;0;0;0;0;0;0;0;;;
357650;8;3;2020;00:14;0;RUA EMILIO DE MENESES;;;2345;;Queda;;;;Meio de Quadra;;;0;1;0;0;0;0;0;0;0;1;0;0;-3,77765200000;-38,60197400000;mq_match
357651;8;3;2020;01:36;0;RUA JOSE HIPOLITO;;;1460;;ColisÃ£o;;;;Meio de Quadra;;;0;1;0;0;0;0;0;0;0;0;0;0;-3,83795850000;-38,48169350000;mq_match
357652;8;3;2020;03:29;0;RUA JOSE TORRES;;;1228;;Queda;;;;Meio de Quadra;;;0;1;0;0;0;0;0;0;0;1;0;0;-3,78192000000;-38,60795000000;mq_match
357653;8;3;2020;06:23;0;AV DR ALDY MENTOR;;;;;ColisÃ£o;Luz do Dia;;;Meio de Quadra;;;0;1;0;0;0;0;0;0;0;0;0;0;;;
357654;8;3;2020;06:50;17277;AV PRO GOMES DE MATOS;RUA SATIRO DIAS;;;;ColisÃ£o;Luz do Dia;;;Cruz;SemÃ¡foro;Comercial;0;1;1;1;0;1;0;0;0;0;0;0;-3,76262300000;-38,54686800000;inter_match
357655;8;3;2020;07:04;7875;AV PONTES VIEIRA;AV SEN VIRGILIO TAVORA;;;;ColisÃ£o;Luz do Dia;;;T;SemÃ¡foro;Comercial;0;1;0;1;0;0;0;0;0;1;0;0;-3,75088600000;-38,49765200000;inter_match
357656;8;3;2020;08:43;0;AV BEZERRA DE MENEZES;;;2275;;Queda;Luz do Dia;;;Meio de Quadra;;;0;1;0;0;0;1;0;0;0;0;0;0;-3,73582800000;-38,56516700000;mq_match
357657;8;3;2020;09:13;0;AV ALM HENRIQUE SABOIA;;;827;;Queda;Luz do Dia;;;Meio de Quadra;;;0;1;0;0;0;0;0;0;0;1;0;0;-3,72781000000;-38,48029000000;mq_gpsv
357658;8;3;2020;09:19;0;RUA PDE FRANCISCO PITA;;;1213;;Queda;Luz do Dia;;;Meio de Quadra;;;0;1;0;0;0;0;0;0;0;1;0;0;-3,78300400000;-38,49486900000;mq_qgis
357659;8;3;2020;10:49;0;AV A CJ CEARA;;;855;;ColisÃ£o;Luz do Dia;;;Meio de Quadra;;;0;1;0;0;0;0;0;0;0;0;0;0;-3,78397280000;-38,47516890000;mq_match
357660;8;3;2020;11:07;0;AV ZEZE DIOGO;;;3125;;Atropelamento;Luz do Dia;;;Meio de Quadra;;;0;1;0;0;0;0;0;0;0;1;0;0;-3,73426400000;-38,45607000000;mq_match
357661;8;3;2020;13:19;0;AV ODILON GUIMARAES;;;4060;;Queda;Luz do Dia;;;Meio de Quadra;;;0;1;0;0;0;1;0;0;0;0;0;0;-3,81339000000;-38,46464600000;mq_qgis
357662;8;3;2020;14:36;16983;RUA MARIA GOMES DE SA;RUA AURELIANO LEAL;;;;ColisÃ£o;Luz do Dia;;;Cruz;Pare;Residencial;0;1;0;1;0;0;0;0;0;1;0;0;-3,82325500000;-38,58412400000;inter_match
357663;8;3;2020;16:16;0;AV JOR THOMAZ COELHO;;;;;ColisÃ£o;Luz do Dia;;;Meio de Quadra;;;0;1;0;1;0;0;0;0;0;1;0;0;;;
357664;8;3;2020;16:30;0;RUA SGT JOAO PINHEIRO;;;;;Atropelamento;Luz do Dia;;;Meio de Quadra;;;0;1;0;0;0;0;0;0;0;1;0;0;;;
357665;8;3;2020;16:57;10148;RUA TAUBATE;RUA CEL FABRICIANO;;;;ColisÃ£o;Luz do Dia;;;;;;0;1;0;0;0;0;0;0;0;0;0;0;-3,78499600000;-38,59991100000;inter_match
357666;8;3;2020;17:07;0;RUA GERMANO FRANCK;;;767;;ColisÃ£o;Anoitecer;;;Meio de Quadra;;;0;1;0;1;0;0;0;0;0;1;0;0;-3,77792065200;-38,56279954000;mq_match
357667;8;3;2020;17:38;0;RUA GUILHERME ROCHA;;;1503;;ColisÃ£o;Anoitecer;;;Meio de Quadra;;;0;1;0;1;0;0;0;0;0;1;0;0;-3,72332500000;-38,53925600000;mq_match
357668;8;3;2020;18:15;0;RUA ECA DE QUEIROZ;;;503;;ColisÃ£o;Anoitecer;;;Meio de Quadra;;;0;1;0;1;0;0;0;0;0;1;0;0;-3,78704812000;-38,58276940000;mq_qgis
357669;8;3;2020;18:25;0;RUA PRIMEIRO DE MAIO D34;;;3268;;ColisÃ£o;Anoitecer;;;Meio de Quadra;;;0;1;0;0;0;0;0;0;0;0;0;0;-3,77680330000;-38,60981280000;mq_gpsv
357670;8;3;2020;19:23;0;RUA CESAR FONTENELE;;;18;;Queda;;;;Meio de Quadra;;;0;1;0;0;0;0;0;0;0;1;0;0;-3,74591468000;-38,55673096000;mq_match
357671;8;3;2020;19:25;0;AV SGT HERMINIO SAMPAIO;;;2500;;ColisÃ£o;;;;Meio de Quadra;;;0;1;0;1;0;0;0;0;0;1;0;0;-3,72676100000;-38,56275200000;mq_match
357672;8;3;2020;19:30;0;RD CE-040;;;;;Queda;;;;Meio de Quadra;;;0;1;0;0;0;0;0;0;0;1;0;0;;;
357673;8;3;2020;19:32;0;RUA TEODOMIRO DE CASTRO;;;4342;;Atropelamento;;;;Meio de Quadra;;;0;1;0;1;0;0;0;0;0;0;0;0;-3,71887000000;-38,57202000000;mq_gpsv
357674;8;3;2020;19:47;0;RUA ALUISIO AZEVEDO;;;853;;Atropelamento;;;;Meio de Quadra;;;0;1;0;1;0;0;0;0;0;0;0;0;-3,76970881000;-38,58012500000;mq_qgis
357675;8;3;2020;20:17;0;RUA PROF. MANOEL LOURENCO;;;95;;Atropelamento;;;;Meio de Quadra;;;0;1;0;0;0;0;0;0;0;1;0;0;-3,80858720000;-38,46944300000;mq_match
357676;8;3;2020;20:34;0;RUA STA ELISA D21;;;1129;;Choque c/ ObstÃ¡culo Fixo;;;;Meio de Quadra;;;0;1;0;1;0;0;0;0;0;1;0;0;-3,70533595000;-38,56255980000;mq_qgis
357677;8;3;2020;20:41;0;AV DR SILAS MUNGUBA;;;3850;;ColisÃ£o;;;;Meio de Quadra;;;0;1;0;1;0;0;0;0;0;1;0;0;-3,79073600000;-38,53929100000;mq_match
357678;8;3;2020;20:54;0;AV PRS CASTELO BRANCO;;;;;Atropelamento;;;;Meio de Quadra;;;0;1;0;0;0;0;0;0;0;0;0;0;;;
357679;8;3;2020;21:26;0;AV E CJ CEARA;;;103;;Atropelamento;;;;Meio de Quadra;;;0;1;0;1;0;0;0;0;0;0;0;0;-3,75972200000;-38,60480700000;mq_qgis