COD_ACIDENTE;DIA;MES;ANO;HORA;INTERSECAO;LOG1;LOG2;LOG3;NUMERO;REFERENCIA;NATUREZA;ILUMINACAO;TEMPO;SUPERFICIEPISTA;TIPOCRUZAMENTO;CONTROLETRAFEGO;USOSOLO;MORTOS;FERIDOS;ILESOS;AUTOMOVEL;ONIBUS;BICICLETA;CAMINHAO;MICROONIBUS;CICLOMOTOR;MOTOCICLETA;TRACAOANIMAL;TREM;LATITUDE;LONGITUDE;METODO
357680;8;3;2020;21:53;0;RUA HENRIQUE DE CASTRO;;;43;;ColisÃ£o;;;;Meio de Quadra;;;0;1;0;1;0;0;0;0;0;1;0;0;-3,77677903800;-38,50194704000;mq_match
357681;8;3;2020;22:19;0;RUA FERREIRA LIMA;;;;;Queda;;;;Meio de Quadra;;;0;1;0;0;0;0;0;0;0;1;0;0;;;
357682;8;3;2020;22:44;0;AV JOR JOAO RAMOS;;;;;ColisÃ£o;;;;Meio de Quadra;;;0;1;0;1;0;0;0;0;0;0;0;0;;;
357683;8;3;2020;23:10;0;AV DR THEBERGE;;;;;ColisÃ£o;;;;Meio de Quadra;;;0;1;0;1;0;0;0;0;0;1;0;0;;;
357684;8;3;2020;23:22;0;RUA BAR RIO BRANCO;;;;;ColisÃ£o;;;;Meio de Quadra;;;0;1;0;1;0;0;0;0;0;1;0;0;;;
357685;8;3;2020;23:35;0;AL OXALA;;;456;;Outros;;;;Meio de Quadra;;;0;1;0;0;0;1;0;0;0;0;0;0;-3,77848704000;-38,55748720000;mq_qgis
356914;9;3;2020;08:10;0;RUA XAVIER DE OLIVEIRA;;;276;;Atropelamento;Luz do Dia;;;Meio de Quadra;;;0;1;1;0;0;0;0;0;0;1;0;0;-3,74724631000;-38,56035430000;mq_qgis
356908;9;3;2020;05:30;17426;RUA ALBERTO MAGNO;RUA ELVIRA PINHO;;;;ColisÃ£o;Amanhecer;;;Cruz;SemÃ¡foro;Comercial;0;2;1;1;0;0;0;0;0;1;0;0;-3,76848900000;-38,55265600000;inter_match
356964;9;3;2020;10:31;0;AV ROGACIANO LEITE;;;2571;;ColisÃ£o;Luz do Dia;;;Meio de Quadra;;;0;1;1;1;0;0;0;0;0;1;0;0;-3,78077100000;-38,50171690000;mq_qgis
356866;9;3;2020;13:30;25006;RUA BENI DE CARVALHO;RUA LEONARDO MOTA;;;;ColisÃ£o;Luz do Dia;;;Cruz;SemÃ¡foro;Residencial;0;0;2;0;0;0;0;0;0;0;0;0;-3,74473900000;-38,49893100000;inter_match
356671;9;3;2020;08:10;0;RD BR 116;;;3000;KM-03;Engavetamento;Luz do Dia;Chuva;Molhada;Meio de Quadra;;;0;1;2;1;0;0;1;0;0;0;0;0;-3,77983800000;-38,51437200000;rod_match
356672;9;3;2020;09:00;0;RD BR 116;;;14000;KM-14;ColisÃ£o;Luz do Dia;Bom;Molhada;Meio de Quadra;;;0;1;1;0;0;0;1;0;0;1;0;0;-3,87352300000;-38,49924200000;rod_match
356673;9;3;2020;09:50;0;RD BR 222;;;;KM-03;Tombamento;Luz do Dia;Nublado;Seca;Meio de Quadra;;;1;0;1;0;0;1;1;0;0;0;0;0;-3,74030084800;-38,59594097000;rod_match
356674;9;3;2020;14:00;0;RD BR 116;;;;KM-02;ColisÃ£o Traseira;Luz do Dia;Bom;Seca;Meio de Quadra;;;0;1;1;1;0;0;0;0;0;1;0;0;-3,77139100000;-38,51678000000;rod_match
356910;9;3;2020;06:27;0;AV DOMINGOS OLIMPIO;;;247;;Queda;Luz do Dia;;;Meio de Quadra;;;0;1;0;0;0;0;0;0;0;1;0;0;-3,73778000000;-38,52724500000;mq_match
356971;9;3;2020;11:01;3312;RUA BOLIVIA;RUA VIRIATO RIBEIRO;;;;ColisÃ£o;Luz do Dia;;;Cruz;Pare;Residencial;0;1;1;1;0;0;0;0;0;1;0;0;-3,74535500000;-38,56607100000;inter_match
356982;9;3;2020;14:31;0;RUA CAP BRASIL;;;665;;Atropelamento;Luz do Dia;;;Meio de Quadra;;;0;1;1;0;0;0;0;0;0;1;0;0;-3,73798000000;-38,58618000000;mq_gpsv
356979;9;3;2020;13:46;0;AV DEP PAULINO ROCHA;;;1901;;ColisÃ£o;Luz do Dia;;;Meio de Quadra;;;0;1;1;1;0;0;0;0;0;1;0;0;-3,81129665700;-38,51469325000;mq_match
356976;9;3;2020;13:26;0;RUA DRACON BARRETO;;;528;;ColisÃ£o;Luz do Dia;;;Meio de Quadra;;;0;1;1;1;0;0;0;0;0;0;0;0;-3,73426000000;-38,57913000000;mq_gpsv
356974;9;3;2020;12:29;0;RUA VALDEMAR FIGUEIREDO;;;;;Queda;Luz do Dia;;;Meio de Quadra;;;0;1;0;0;0;0;0;0;0;1;0;0;;;
356994;9;3;2020;18:54;0;RUA SENA MADUREIRA;;;;;Atropelamento;;;;Meio de Quadra;;;0;1;1;0;0;0;0;0;0;1;0;0;;;
356985;9;3;2020;15:56;0;AV SIQUEIRA CAMPOS;;;;;Queda;Luz do Dia;;;Meio de Quadra;;;0;1;0;0;0;1;0;0;0;0;0;0;;;
356987;9;3;2020;16:15;0;RUA BARRA MANSA;;;401;;Queda;Luz do Dia;;;Meio de Quadra;;;0;1;0;0;0;0;0;0;0;1;0;0;-3,79532500000;-38,61250100000;mq_qgis
356988;9;3;2020;16:24;0;AV BENJAMIM BRASIL;;;1685;;Atropelamento;Luz do Dia;;;Meio de Quadra;;;0;1;1;0;0;1;0;0;0;0;0;0;-3,80707893300;-38,56081148000;mq_match
356989;9;3;2020;16:32;0;AV PRS COSTA E SILVA;;;;;Queda;Luz do Dia;;;Meio de Quadra;;;0;1;0;0;0;1;0;0;0;0;0;0;;;
356990;9;3;2020;17:42;0;RUA BERNARDO MANUEL;;;10580;;Queda;Anoitecer;;;Meio de Quadra;;;0;1;0;0;0;0;0;0;0;1;0;0;-3,81175692000;-38,55536820000;mq_qgis
356991;9;3;2020;17:55;0;AV PERIMETRAL;;;205;;Atropelamento;Anoitecer;;;Meio de Quadra;;;0;2;1;1;0;0;0;0;0;0;0;0;;;
356992;9;3;2020;18:28;0;AV SGT HERMINIO SAMPAIO;;;;;ColisÃ£o;Anoitecer;;;Meio de Quadra;;;0;1;1;1;0;0;0;0;0;1;0;0;;;
356998;9;3;2020;19:33;0;AV FRANCISCO SA;;;;;ColisÃ£o;;;;Meio de Quadra;;;0;1;1;1;0;0;0;0;0;1;0;0;;;
356999;9;3;2020;19:38;0;RUA DR JOSE ROBERTO SALES;;;117;;Queda;;;;Meio de Quadra;;;0;1;0;0;0;1;0;0;0;0;0;0;-3,69752000000;-38,57747000000;mq_gpsv
357003;9;3;2020;19:46;0;AV CASTELO DE CASTRO;;;1186;;ColisÃ£o;;;;Meio de Quadra;;;0;1;1;1;0;0;0;0;0;1;0;0;-3,83957980600;-38,52176432000;mq_match
357005;9;3;2020;20:42;15370;AV SEN VIRGILIO TAVORA;AV DOM LUIS;;;;Queda;;;;Cruz;SemÃ¡foro;Lazer;0;1;0;0;0;0;0;0;0;1;0;0;-3,73482900000;-38,49250700000;inter_match
355982;9;3;2020;15:35;0;AV SEN CARLOS JEREISSATI (AEROPORTO);;;;KM 03;ColisÃ£o;Luz do Dia;;Seca;Meio de Quadra;;;0;0;2;0;0;0;0;0;0;0;0;0;-3,77964100000;-38,54403800000;rod_match
355983;9;3;2020;19:30;0;AV SEN CARLOS JEREISSATI (AEROPORTO);;;;KM 01;ColisÃ£o;;;Seca;Meio de Quadra;;;0;0;2;1;0;0;0;0;0;0;0;0;-3,78375300000;-38,52685000000;rod_match
355959;9;3;2020;20:00;0;RUA ALBERTO DE OLIVEIRA;;;;;ColisÃ£o Lateral;Via Iluminada;Bom;Seca;Meio de Quadra;;;0;1;1;1;0;0;0;0;0;1;0;0;;;
355960;9;3;2020;06:40;0;AV GODOFREDO MACIEL;;;3000;;ColisÃ£o Traseira;Luz do Dia;Nublado;Seca;Meio de Quadra;Pare;Comercial;0;1;1;0;0;0;0;0;0;1;0;0;-3,80202077800;-38,57165256000;mq_match
355792;9;3;2020;09:30;20410;RUA BAR AQUIRAZ;RUA SERVIDAO;;;;ColisÃ£o Lateral;Luz do Dia;Bom;Seca;Y;NÃ£o HÃ¡ Controle;Residencial;0;0;2;0;0;0;0;0;0;1;0;0;-3,85033000000;-38,47540000000;inter_gpsv
355832;9;3;2020;01:20;0;AV GOV PARSIFAL BARROSO;;;600;;NÃ£o Informado;Via Iluminada;Bom;Seca;;;;0;0;2;1;0;0;0;0;0;1;0;0;-3,73088900000;-38,56911500000;mq_qgis
355833;9;3;2020;08:06;1450;RUA JOAO CARVALHO;RUA JOSE VILAR;;;;ColisÃ£o Transversal;Luz do Dia;Chuva;Molhada;Cruz;SemÃ¡foro;Comercial;0;1;1;1;0;0;0;0;0;1;0;0;-3,73831800000;-38,50547700000;inter_match
355834;9;3;2020;13:29;25116;AV ROGACIANO LEITE;RUA PDE FRANCISCO PITA;;;;ColisÃ£o Traseira;Luz do Dia;Bom;Seca;Cruz;SemÃ¡foro;Comercial;0;1;1;1;0;0;0;0;0;1;0;0;-3,78096000000;-38,50176600000;inter_match
355835;9;3;2020;11:45;20185;RUA POMPILIO GOMES;RUA MARIA AMALIA;;;;ColisÃ£o Transversal;Luz do Dia;Bom;Seca;Cruz;SemÃ¡foro;Residencial;1;0;1;0;0;0;0;0;0;1;0;0;-3,81275400000;-38,52041500000;inter_match
355836;9;3;2020;15:38;1485;RUA PDE VALDEVINO;RUA ANTONIO AUGUSTO;;838;;ColisÃ£o Transversal;Luz do Dia;Bom;Seca;Cruz;Pare;Residencial;0;1;1;1;0;0;0;0;0;0;0;0;-3,73923900000;-38,51648900000;inter_match
355837;9;3;2020;16:42;0;AV ALBERTO NEPOMUCENO;;;199;;NÃ£o Informado;Luz do Dia;Bom;Seca;Meio de Quadra;SemÃ¡foro;Comercial;0;1;1;0;0;0;0;0;0;1;0;0;-3,72347930000;-38,52437600000;mq_match
355839;10;3;2020;06:00;10054;RUA ANTONIO NERY;RUA OLIVEIRA SOBRINHO;;;;ColisÃ£o Lateral;Luz do Dia;Bom;Seca;Cruz;Pare;Comercial;0;1;1;0;0;0;0;0;0;1;0;0;-3,77882700000;-38,60038800000;inter_match
355840;10;3;2020;09:32;9020;RUA JAIME BENEVOLO;RUA SALDANHA MARINHO;;;;ColisÃ£o;Luz do Dia;Bom;Seca;Cruz;SemÃ¡foro;Comercial;0;0;3;0;0;0;0;1;0;0;0;0;-3,74304600000;-38,52899400000;inter_match
355841;10;3;2020;12:30;5773;RUA MAXIMO LINHARES;RUA BOTELHO MAGALHAES;;;;ColisÃ£o;Luz do Dia;Bom;Seca;Cruz;Pare;Residencial;0;1;1;1;0;0;0;0;0;1;0;0;-3,79894100000;-38,49147400000;inter_match
355842;10;3;2020;13:10;5819;RUA MANUEL MONTEIRO;RUA JOAO LEONEL;;;;ColisÃ£o Transversal;Luz do Dia;Bom;Seca;Cruz;Pare;Residencial;0;0;2;1;0;0;0;0;0;0;0;0;-3,79890000000;-38,49443000000;inter_gpsv
355843;10;3;2020;18:44;18313;AV HIS RAIMUNDO GIRAO;RUA GONCALVES LEDO;;;;ColisÃ£o;Via Iluminada;Bom;Seca;T;Pare;Comercial;0;1;1;1;0;0;0;0;0;1;0;0;-3,72059200000;-38,51280100000;inter_match
355844;10;3;2020;20:19;122;RUA CEL JOAQUIM FRANKLIN;RUA DR VALE COSTA;;;;ColisÃ£o Lateral;Anoitecer;Bom;Seca;Cruz;NÃ£o HÃ¡ Controle;Residencial;0;1;1;0;0;0;0;1;0;1;0;0;-3,74259000000;-38,58889900000;inter_match
355962;10;3;2020;20:00;1376;RUA JOAO CARVALHO;RUA MON BRUNO;;;;ColisÃ£o Transversal;Anoitecer;Bom;Seca;Cruz;Pare;Comercial;0;1;1;1;0;0;0;0;0;1;0;0;-3,73658500000;-38,51079200000;inter_match
357032;10;3;2020;19:18;0;RUA CEL VIRGILIO NOGUEIRA (BOM JARDIM);;;916;;Atropelamento;;;;Meio de Quadra;;;0;2;1;0;0;0;0;0;0;1;0;0;-3,79128000000;-38,60961000000;mq_gpsv
357034;10;3;2020;20:40;0;AV PERIMETRAL;;;;;ColisÃ£o;;;;Meio de Quadra;;;0;1;0;0;0;0;0;0;0;0;0;0;;;
357035;10;3;2020;21:04;0;RUA ENG LUIS MONTENEGRO;;;300;;ColisÃ£o;;;;Meio de Quadra;;;0;1;1;0;0;0;0;0;0;1;0;0;-3,81498650000;-38,61507370000;mq_match
357029;10;3;2020;18:16;0;AV SEN FERNANDES TAVORA;;;3211;;Queda;Anoitecer;;;Meio de Quadra;;;0;1;0;0;0;0;0;0;0;1;0;0;-3,75465200000;-38,60085400000;mq_match
357030;10;3;2020;18:31;0;AV PERIMETRAL;;;1313;;Atropelamento;;;;Meio de Quadra;;;0;1;1;0;0;0;0;0;0;1;0;0;;;
357024;10;3;2020;18:14;0;RUA JOSE SETUBAL PESSOA;;;396;;Queda;Anoitecer;;;Meio de Quadra;;;0;1;0;0;0;0;0;0;0;1;0;0;-3,72169000000;-38,47103000000;mq_gpsv
357020;10;3;2020;15:54;0;RUA CAP OLAVO;;;193;;Atropelamento;Luz do Dia;;;Meio de Quadra;;;0;1;1;0;0;0;0;0;0;1;0;0;-3,76385100000;-38,51617160000;mq_qgis
357018;10;3;2020;15:34;0;AV VIS RIO BRANCO;;;;;ColisÃ£o;Luz do Dia;;;Meio de Quadra;;;0;1;1;1;0;0;0;0;0;1;0;0;;;
357015;10;3;2020;11:41;0;AV PERIMETRAL;;;;;Atropelamento;Luz do Dia;;;Meio de Quadra;;;0;1;1;0;0;0;0;0;0;1;0;0;;;
357013;10;3;2020;11:10;0;RUA GUSTAVO SAMPAIO;;;2011;;ColisÃ£o;Luz do Dia;;;Meio de Quadra;;;0;1;1;1;0;0;0;0;0;1;0;0;-3,73656000000;-38,56274300000;mq_qgis
357010;10;3;2020;07:46;0;AV PAISAGISTICA;;;;;ColisÃ£o;Luz do Dia;;;Meio de Quadra;;;0;1;1;1;0;0;0;0;0;1;0;0;;;
357007;10;3;2020;06:35;0;AV PRS CASTELO BRANCO;;;;;ColisÃ£o;Luz do Dia;;;Meio de Quadra;;;0;1;1;1;0;0;0;0;0;1;0;0;;;
357037;10;3;2020;21:21;0;AV WASHINGTON SOARES;;;;;Queda;;;;Meio de Quadra;;;0;1;0;0;0;1;0;0;0;0;0;0;;;
357043;10;3;2020;22:57;0;AV JOVITA FEITOSA;;;2214;;Queda;;;;Meio de Quadra;;;0;1;1;0;0;0;0;0;0;1;0;0;-3,74002958500;-38,55737951000;mq_match
356697;10;3;2020;19:50;0;RD BR 116;;;6000;KM-06;ColisÃ£o Traseira;;;Seca;Meio de Quadra;;;0;1;1;1;0;0;0;0;0;0;0;0;-3,80469100000;-38,50305300000;rod_match
356867;10;3;2020;12:44;15843;RUA ANGELICA GURGEL;RUA STA ROSALIA;;;;ColisÃ£o;Luz do Dia;;;Cruz;NÃ£o HÃ¡ Controle;Comercial;0;0;2;1;0;0;0;0;0;1;0;0;-3,83330500000;-38,49904300000;inter_match
356868;10;3;2020;14:26;0;RUA DA SAUDADE (MONTESE);;;254;;ColisÃ£o;Luz do Dia;;;Meio de Quadra;;;0;0;1;0;0;0;0;0;0;0;0;0;-3,77005283000;-38,54474650000;mq_qgis
356870;11;3;2020;19:00;0;RUA INES BRASIL;;;;;ColisÃ£o;;;;Meio de Quadra;;;0;0;2;1;0;0;0;0;0;1;0;0;;;
356698;11;3;2020;08:40;0;RD BR 116;;;5000;KM-05;Queda;Luz do Dia;Chuva;Molhada;Meio de Quadra;;;0;1;2;1;0;0;0;0;0;1;0;0;-3,79650200000;-38,50678700000;rod_match
357060;11;3;2020;10:34;0;AV ALBERTO CRAVEIRO;;;822;;ColisÃ£o;Luz do Dia;;;Meio de Quadra;;;0;1;1;0;0;0;0;0;0;1;0;0;-3,78478500000;-38,51701000000;mq_match
357058;11;3;2020;08:47;0;RUA BARRA NOVA;;;106;;Atropelamento;Luz do Dia;;;Meio de Quadra;;;0;1;1;0;0;0;0;0;0;1;0;0;-3,78573877000;-38,50590940000;mq_qgis
357067;11;3;2020;11:08;0;AV WASHINGTON SOARES;;;1010;;ColisÃ£o;Luz do Dia;;;Meio de Quadra;;;0;1;0;0;0;0;0;0;0;0;0;0;-3,76369950000;-38,48267600000;mq_match
357082;11;3;2020;15:49;0;AV E CJ CEARA;;;297;;Queda;Luz do Dia;;;Meio de Quadra;;;0;1;0;0;0;0;0;0;0;1;0;0;-3,75905500000;-38,60662100000;mq_qgis
357083;11;3;2020;17:25;0;AV DEP PAULINO ROCHA;;;;;ColisÃ£o;Anoitecer;;;Meio de Quadra;;;0;1;0;0;0;0;0;0;0;0;0;0;;;
357069;11;3;2020;11:34;0;RUA ANTONIO FURTADO;;;402;;Atropelamento;Luz do Dia;;;Meio de Quadra;;;0;1;1;0;0;0;0;0;0;1;0;0;-3,75171236000;-38,51380550000;mq_qgis
357070;11;3;2020;11:38;0;AV GAL OSORIO DE PAIVA;;;2435;;ColisÃ£o;Luz do Dia;;;Meio de Quadra;;;0;1;1;1;0;0;0;0;0;1;0;0;-3,78697100000;-38,58462000000;mq_match
357071;11;3;2020;15:43;1432;AV SEN VIRGILIO TAVORA;AV SANTOS DUMONT;;;;ColisÃ£o;Luz do Dia;;;Cruz;SemÃ¡foro;Residencial;0;1;1;1;0;0;0;0;0;1;0;0;-3,73782800000;-38,49348200000;inter_match
357121;11;3;2020;22:07;0;RUA RIO GRANDE DO SUL;;;275;;ColisÃ£o;;;;Meio de Quadra;;;0;2;0;0;0;0;0;0;0;0;0;0;-3,75181095000;-38,56305080000;mq_qgis
357127;11;3;2020;22:46;1542;RUA PDE VALDEVINO;AV RUI BARBOSA;;;;ColisÃ£o;;;;Cruz;SemÃ¡foro;Comercial;0;0;2;1;0;0;0;0;0;0;0;0;-3,74110530000;-38,51109000000;inter_match
357091;11;3;2020;19:42;0;AV PERIMETRAL;;;1021;;Queda;;;;Meio de Quadra;;;0;1;0;0;0;0;0;0;0;1;0;0;-3,78493141000;-38,58983940000;mq_qgis
357092;11;3;2020;20:58;0;RUA MANUEL MOURA;;;79;;Atropelamento;;;;Meio de Quadra;;;0;1;1;1;0;0;0;0;0;0;0;0;-3,71500000000;-38,58390000000;mq_gpsv
357087;11;3;2020;17:44;0;AV CEL CARVALHO;;;;;Atropelamento;Anoitecer;;;Meio de Quadra;;;0;1;1;0;0;0;0;0;0;1;0;0;;;
357088;11;3;2020;19:13;0;AV EDILSON B SOARES;;;2221;;Atropelamento;;;;Meio de Quadra;;;0;1;1;1;0;0;0;0;0;0;0;0;-3,78813000000;-38,46588000000;mq_gpsv
357089;11;3;2020;19:38;0;RUA PRO EDGAR DE ARRUDA;;;;;ColisÃ£o;;;;Meio de Quadra;;;0;1;1;1;0;0;0;0;0;1;0;0;;;
357050;11;3;2020;07:07;0;RUA AZEVEDO BOLAO;;;2661;;ColisÃ£o;Luz do Dia;;;Meio de Quadra;;;0;1;1;1;0;0;0;0;0;1;0;0;-3,73883000000;-38,56846000000;mq_match
357051;11;3;2020;07:59;0;AV PRS CASTELO BRANCO;;;357;;ColisÃ£o;Luz do Dia;;;Meio de Quadra;;;0;1;1;0;0;0;0;0;0;1;0;0;-3,71981112200;-38,53139044200;mq_match
355984;11;3;2020;06:00;0;ROD CE 010;;;;;Choque c/ ObstÃ¡culo Fixo;Luz do Dia;;Molhada;Meio de Quadra;;;0;0;1;1;0;0;0;0;0;0;0;0;;;
355845;11;3;2020;12:48;13474;RUA TOMAS ACIOLI;RUA DR JOSE LOURENCO;;0;;ColisÃ£o Transversal;Luz do Dia;Bom;Seca;Cruz;Pare;Comercial;0;0;2;1;0;0;0;0;0;0;0;0;-3,74444700000;-38,51093400000;inter_match
355846;11;3;2020;15:56;0;AV ROGACIANO LEITE;;;1040;;ColisÃ£o;Luz do Dia;Bom;Seca;Meio de Quadra;NÃ£o HÃ¡ Controle;Comercial;0;1;2;0;0;0;0;0;0;1;0;0;-3,76687000000;-38,49672000000;mq_match
355847;11;3;2020;18:59;7762;AV ANTONIO SALES;RUA NUNES VALENTE;;;;ColisÃ£o Transversal;Via Iluminada;Bom;Seca;Cruz;Pare;Residencial;0;1;1;1;0;0;0;0;0;0;0;0;-3,74423700000;-38,50631400000;inter_match
355848;11;3;2020;22:45;15233;RUA JULIO IBIAPINA;RUA JUAZEIRO DO NORTE;;;;ColisÃ£o Transversal;Mal Iluminada;Bom;Seca;Cruz;Pare;Residencial;0;0;2;0;0;0;0;0;0;1;0;0;-3,72752700000;-38,49115500000;inter_match
355849;12;3;2020;07:15;0;AV GOV RAUL BARBOSA;;;5586;;ColisÃ£o Lateral;Luz do Dia;Nublado;Seca;Meio de Quadra;NÃ£o HÃ¡ Controle;Comercial;0;0;3;1;0;0;0;0;0;1;0;0;-3,77021000000;-38,51063000000;mq_gpsv
355850;12;3;2020;13:50;0;RUA SAO PAULO;;;2190;;ColisÃ£o;Luz do Dia;Nublado;Seca;Meio de Quadra;NÃ£o HÃ¡ Controle;Comercial;0;0;2;0;0;0;0;0;0;0;0;0;-3,72038700000;-38,54464600000;mq_qgis
355985;12;3;2020;01:10;0;RD CE-040;;;;KM-02;Tombamento;;;Seca;Meio de Quadra;;;0;0;1;1;0;0;0;0;0;0;0;0;-3,77361614800;-38,48179940000;rod_match
355986;12;3;2020;09:50;0;RD CE-040;;;;KM-07;NÃ£o Informado;Luz do Dia;;Seca;Meio de Quadra;;;0;0;2;1;0;0;0;0;0;0;0;0;-3,81715944500;-38,48303286000;rod_match
355963;12;3;2020;09:30;0;RUA CEL MATOS DOURADO;;;1281;;ColisÃ£o Traseira;Luz do Dia;Nublado;Molhada;Meio de Quadra;SemÃ¡foro;Comercial;0;1;1;1;0;0;0;0;0;1;0;0;-3,75024512500;-38,58411913000;mq_match
357128;12;3;2020;06:09;0;AV MR HULL;;;;;Atropelamento;Luz do Dia;;;Meio de Quadra;;;0;1;1;1;0;0;0;0;0;0;0;0;;;
357171;12;3;2020;13:40;0;RUA ZACARIAS FLORINDO;;;1731;;ColisÃ£o;Luz do Dia;;;Meio de Quadra;;;0;1;1;0;0;0;1;0;0;1;0;0;-3,78867770000;-38,60673640000;mq_gpsv
357172;12;3;2020;13:42;0;RUA MON DANTAS;;;2200;;ColisÃ£o;Luz do Dia;;;Meio de Quadra;;;0;0;2;1;0;0;1;0;0;0;0;0;-3,72034000000;-38,54492000000;mq_gpsv
357173;12;3;2020;14:59;5452;AV HERACLITO GRACA;RUA J DA PENHA;;;;Atropelamento;Luz do Dia;;;Cruz;NÃ£o HÃ¡ Controle;Comercial;0;1;1;1;0;0;0;0;0;0;0;0;-3,73535780000;-38,51994700000;inter_match
357174;12;3;2020;15:22;332;RUA CON PENAFORT;RUA DOM JOSE LOURENCO  D27;;;;ColisÃ£o;Luz do Dia;;;Cruz;Pare;Rural;0;1;1;0;0;0;0;0;0;1;0;0;-3,74520000000;-38,55758000000;inter_gpsv
357157;12;3;2020;08:14;3420;AV JOAO PESSOA;RUA DES PRAXEDES;;;;ColisÃ£o;Luz do Dia;;;Cruz;SemÃ¡foro;Comercial;0;1;1;0;0;0;0;0;0;1;0;0;-3,75694600000;-38,55350400000;inter_match
357154;12;3;2020;07:44;23340;RUA JOAQUIM NABUCO;RUA EDUARDO BEZERRA;;;;ColisÃ£o;Luz do Dia;;;Cruz;Pare;Residencial;0;1;1;1;0;0;0;0;0;1;0;0;-3,75323800000;-38,50711500000;inter_match
357164;12;3;2020;09:55;0;RUA CEL JOAO CORREIA;;;3496;;ColisÃ£o;Luz do Dia;;;Meio de Quadra;;;0;1;1;1;0;0;0;0;0;1;0;0;-3,78582000000;-38,62385000000;mq_gpsv
357165;12;3;2020;11:13;0;AV GODOFREDO MACIEL;;;;;Queda;Luz do Dia;;;Meio de Quadra;;;0;1;0;0;0;0;0;0;0;1;0;0;;;
357166;12;3;2020;12:10;0;RUA PERGENTINO MAIA;;;680;;ColisÃ£o;Luz do Dia;;;Meio de Quadra;;;0;1;1;1;0;1;0;0;0;0;0;0;-3,83135000000;-38,48954000000;mq_gpsv
357167;12;3;2020;12:27;3373;RUA PAPI JUNIOR;RUA MARIO DE ANDRADE;;;;ColisÃ£o;Luz do Dia;;;Cruz;Pare;Misto;0;1;1;1;0;0;0;0;0;1;0;0;-3,75373700000;-38,55888500000;inter_match
357168;12;3;2020;12:38;0;RUA MARIA GOMES DE SA;;;1284;;ColisÃ£o;Luz do Dia;;;Meio de Quadra;;;0;1;1;1;0;0;0;0;0;1;0;0;-3,82559160000;-38,58204950000;mq_match
357146;12;3;2020;07:26;0;AV SGT HERMINIO SAMPAIO;;;169;;Atropelamento;Luz do Dia;;;Meio de Quadra;;;0;1;1;0;0;0;0;0;0;1;0;0;-3,73479100000;-38,59118600000;mq_match
357144;12;3;2020;07:24;0;RUA SEN ROBERT KENNEDY;;;526;;ColisÃ£o;Luz do Dia;;;Meio de Quadra;;;0;1;1;1;0;1;0;0;0;0;0;0;-3,70465780000;-38,57929480000;mq_qgis
357138;12;3;2020;07:16;12533;AV CEL CARVALHO;RUA MARIA CLARA;;;;ColisÃ£o;Luz do Dia;;;Cruz;NÃ£o HÃ¡ Controle;Comercial;0;1;1;0;0;0;0;0;0;1;0;0;-3,72538200000;-38,58581800000;inter_match
357139;12;3;2020;07:18;0;AV GOV RAUL BARBOSA;;;6080;;ColisÃ£o;Luz do Dia;;;Meio de Quadra;;;0;1;1;1;0;0;0;0;0;1;0;0;-3,77028200000;-38,51066200000;mq_match
357176;12;3;2020;16:39;0;AV JOVITA FEITOSA;;;170;;ColisÃ£o;Luz do Dia;;;Meio de Quadra;;;0;1;2;1;0;0;0;0;0;1;0;0;-3,73759000000;-38,54549600000;mq_qgis
357177;12;3;2020;17:21;0;RUA 27 DE JULHO;;;1630;;Queda;Anoitecer;;;Meio de Quadra;;;0;1;0;0;0;1;0;0;0;0;0;0;-3,83691000000;-38,57033000000;mq_gpsv
357178;12;3;2020;18:09;0;AV JOVITA FEITOSA;;;1130;;ColisÃ£o;Anoitecer;;;Meio de Quadra;;;0;1;1;0;0;0;0;0;0;1;0;0;-3,73921000000;-38,55356000000;mq_gpsv
357179;12;3;2020;18:15;0;RD BR 116;;;;;ColisÃ£o;Anoitecer;;;Meio de Quadra;;;0;0;2;1;0;0;0;0;0;1;0;0;;;
357180;12;3;2020;19:22;0;AV ANTONIO JUSTA;;;3320;;ColisÃ£o;;;;Meio de Quadra;;;0;1;1;1;0;0;0;0;0;1;0;0;-3,72868600000;-38,49128500000;mq_qgis
357181;12;3;2020;21:09;0;AV SEN VIRGILIO TAVORA;;;1200;;Queda;;;;Meio de Quadra;;;0;1;0;0;0;0;0;0;0;1;0;0;-3,73731450000;-38,49331600000;mq_qgis
357182;12;3;2020;22:28;0;AV JOAO DE ARAUJO LIMA;;;801;;Queda;;;;Meio de Quadra;;;0;1;0;0;0;0;0;0;0;1;0;0;-3,82895574300;-38,55969384000;mq_match
356885;12;3;2020;09:00;25852;RUA MARTINS CARVALHO;RUA A CJ PALMARES (G. LISBOA);;;;ColisÃ£o;Luz do Dia;;;Cruz;NÃ£o HÃ¡ Controle;Comercial;0;0;2;0;1;0;0;0;1;0;0;0;-3,78895000000;-38,62607000000;inter_gpsv
356886;12;3;2020;17:25;64;RUA PDE PERDIGAO SAMPAIO;RUA MARTINS NETO;;;;ColisÃ£o;Anoitecer;;;Cruz;Pare;Residencial;0;1;1;0;1;0;0;0;0;1;0;0;-3,74109240000;-38,59442000000;inter_match
356900;13;3;2020;15:03;25006;RUA BENI DE CARVALHO;RUA LEONARDO MOTA;;;;ColisÃ£o;Luz do Dia;;;Cruz;SemÃ¡foro;Residencial;0;0;3;1;0;0;0;0;0;0;0;0;-3,74473900000;-38,49893100000;inter_match