COD_ACIDENTE;DIA;MES;ANO;HORA;INTERSECAO;LOG1;LOG2;LOG3;NUMERO;REFERENCIA;NATUREZA;ILUMINACAO;TEMPO;SUPERFICIEPISTA;TIPOCRUZAMENTO;CONTROLETRAFEGO;USOSOLO;MORTOS;FERIDOS;ILESOS;AUTOMOVEL;ONIBUS;BICICLETA;CAMINHAO;MICROONIBUS;CICLOMOTOR;MOTOCICLETA;TRACAOANIMAL;TREM;LATITUDE;LONGITUDE;METODO
356904;13;3;2020;21:20;3387;AV ENG HUMBERTO MONTE;RUA MON FURTADO;;;;ColisÃ£o;;;;Cruz;Pare;Residencial;0;0;2;1;0;0;0;0;0;1;0;0;-3,75424200000;-38,55615300000;inter_match
356905;13;3;2020;22:50;0;RUA MARTINS CARVALHO;;;;;ColisÃ£o;;;;Meio de Quadra;;;0;0;3;1;0;0;0;0;0;1;0;0;;;
356699;13;3;2020;17:15;0;RD BR 116;;;5000;KM-05;Atropelamento;Anoitecer;Bom;Seca;Meio de Quadra;;;0;1;1;0;0;0;0;0;0;0;0;0;-3,79650200000;-38,50678700000;rod_match
357183;13;3;2020;06:58;183;AV SGT HERMINIO SAMPAIO;RUA DEMETRIO MENEZES;;;;Queda;Luz do Dia;;;;;;0;1;0;0;0;0;0;0;0;1;0;0;-3,73386700000;-38,58431600000;inter_match
357184;13;3;2020;07:27;0;AV ALBERTO CRAVEIRO;;;;;ColisÃ£o;Luz do Dia;;;Meio de Quadra;;;0;1;1;1;0;0;0;0;0;1;0;0;;;
357185;13;3;2020;07:31;0;RUA TIRADENTES;;;895;;Queda;Luz do Dia;;;Meio de Quadra;;;0;1;0;0;0;0;0;0;0;1;0;0;-3,73964700000;-38,55171900000;mq_qgis
357186;13;3;2020;07:42;0;RUA VALPARAISO;;;153;;ColisÃ£o;Luz do Dia;;;Meio de Quadra;;;0;2;1;1;0;0;0;0;0;1;0;0;-3,84359000000;-38,52668000000;mq_match
357187;13;3;2020;09:47;0;RUA FCO JOSE A PEREIRA;;;;;Queda;Luz do Dia;;;Meio de Quadra;;;0;1;0;0;0;0;0;0;0;1;0;0;;;
357188;13;3;2020;11:27;0;RUA GAL ALIPIO DOS SANTOS;;;1370;;ColisÃ£o;Luz do Dia;;;Meio de Quadra;;;0;1;1;1;0;0;0;0;0;1;0;0;-3,73380090000;-38,59718470000;mq_qgis
357189;13;3;2020;11:43;0;AV PRS CASTELO BRANCO;;;3965;;Queda;Luz do Dia;;;Meio de Quadra;;;0;1;0;0;0;0;0;0;0;1;0;0;-3,70864000000;-38,56774420000;mq_qgis
357190;13;3;2020;11:51;19363;RUA IGUAPE;AV GAL OSORIO DE PAIVA;;;;ColisÃ£o;Luz do Dia;;;Cruz;Pare;Comercial;0;1;1;1;0;0;0;0;0;1;0;0;-3,77696400000;-38,56861700000;inter_match
357191;13;3;2020;12:13;24952;AV ALM HENRIQUE SABOIA;RUA ALVARO CORREIA;;;;Queda;Luz do Dia;;;T;Pare;Residencial;0;1;0;0;0;0;0;0;0;1;0;0;-3,72993000000;-38,48130400000;inter_match
357192;13;3;2020;12:16;0;AV 13 DE MAIO;;;3010;;Atropelamento;Luz do Dia;;;Meio de Quadra;;;0;1;1;0;0;0;0;0;0;1;0;0;-3,73828000000;-38,54216500000;mq_match
357193;13;3;2020;13:26;0;AV JOSE BASTOS;;;;;ColisÃ£o;Luz do Dia;;;Meio de Quadra;;;0;1;1;1;0;0;0;0;0;1;0;0;;;
357194;13;3;2020;14:06;0;RUA SOLON PINHEIRO;;;1332;;ColisÃ£o;Luz do Dia;;;Meio de Quadra;;;0;1;1;1;0;0;0;0;0;1;0;0;-3,74259400000;-38,53040600000;mq_qgis
357195;13;3;2020;15:58;0;AV JOVITA FEITOSA;;;260;;ColisÃ£o;Luz do Dia;;;Meio de Quadra;;;0;1;1;1;0;0;0;0;0;1;0;0;-3,73992000000;-38,55654000000;mq_gpsv
357196;13;3;2020;16:34;35;RUA JOAQUIM LEITAO;RUA PEDRO MELO;;;;ColisÃ£o;Luz do Dia;;;Cruz;Pare;Residencial;0;0;2;1;0;0;0;0;0;0;0;0;-3,74417400000;-38,59210000000;inter_match
357197;13;3;2020;17:18;0;RD BR 116;;;5000;KM-05;Atropelamento;Anoitecer;;;Meio de Quadra;;;0;1;1;0;0;0;0;0;0;1;0;0;-3,79650200000;-38,50678700000;rod_match
357198;13;3;2020;17:47;0;RUA MARIA JULIA;;;;;ColisÃ£o;Anoitecer;;;Meio de Quadra;;;0;1;1;1;0;1;0;0;0;0;0;0;;;
357199;13;3;2020;18:02;0;AV ENG SANTANA JUNIOR;;;;;Queda;Anoitecer;;;Meio de Quadra;;;0;1;0;0;0;0;0;0;0;1;0;0;;;
357200;13;3;2020;18:04;0;RUA JOSE HIPOLITO;;;220;;Atropelamento;Anoitecer;;;Meio de Quadra;;;0;1;1;0;0;0;0;0;0;1;0;0;-3,83284100000;-38,49325400000;mq_match
357201;13;3;2020;18:23;0;RUA GAL TERTULIANO POTYGUARA;;;555;;ColisÃ£o;Anoitecer;;;Meio de Quadra;;;0;1;1;1;0;0;0;0;0;1;0;0;-3,74345400000;-38,49957600000;mq_match
357202;13;3;2020;19:44;0;AV BORGES DE MELO;;;;;Atropelamento;;;;Meio de Quadra;;;0;1;1;1;0;0;0;0;0;0;0;0;;;
357203;13;3;2020;19:52;0;RUA GOMES PASSOS;;;411;;ColisÃ£o;;;;Meio de Quadra;;;0;1;1;0;0;0;0;0;0;1;0;0;-3,71172400000;-38,55971100000;mq_match
357204;13;3;2020;20:16;0;AV GODOFREDO MACIEL;;;;;ColisÃ£o;;;;Meio de Quadra;;;0;1;1;1;0;0;0;0;0;1;0;0;;;
357205;13;3;2020;21:43;0;AV DOM LUIS;;;1200;;ColisÃ£o;;;;Meio de Quadra;;;0;1;1;0;0;0;0;0;0;1;0;0;-3,73545200000;-38,49057900000;mq_match
357206;13;3;2020;22:11;0;RUA 8 DE SETEMBRO;;;1520;;ColisÃ£o;;;;Meio de Quadra;;;0;1;0;0;0;0;0;0;0;0;0;0;;;
357207;13;3;2020;22:24;0;RUA TEODORO DE CASTRO;;;984;;ColisÃ£o;;;;Meio de Quadra;;;0;1;1;0;0;0;0;0;0;1;0;0;-3,78119948000;-38,59989150000;mq_qgis
357208;13;3;2020;22:28;9952;RUA EMILIO DE MENESES;RUA JOSE TORRES;;;;ColisÃ£o;;;;Cruz;SemÃ¡foro;Comercial;0;1;0;0;0;0;0;0;0;0;0;0;-3,77642500000;-38,60628300000;inter_match
357209;13;3;2020;22:50;0;AV JOSE LEON;;;1498;;ColisÃ£o;;;;Meio de Quadra;;;0;1;1;1;0;0;0;0;0;1;0;0;-3,78892300000;-38,49731700000;mq_qgis
355851;13;3;2020;06:00;0;RUA DEMETRIO MENEZES;;;3467;;ColisÃ£o Lateral;Luz do Dia;Chuva;Molhada;Meio de Quadra;SemÃ¡foro;Comercial;0;1;1;0;0;0;0;0;0;1;0;0;-3,73419000000;-38,58420000000;mq_gpsv
355852;13;3;2020;09:20;0;AV GODOFREDO MACIEL;;;3000;;ColisÃ£o Transversal;Luz do Dia;Chuva;Molhada;Meio de Quadra;NÃ£o HÃ¡ Controle;Comercial;0;0;2;1;0;0;0;0;0;0;0;0;-3,80202077800;-38,57165256000;mq_match
355853;13;3;2020;12:10;19138;RUA ALMEIDA PRADO;RUA ARI BARROSO;;0;;ColisÃ£o Traseira;Luz do Dia;Chuva;Molhada;RotatÃ³ria;DÃª PreferÃªncia;Comercial;0;0;2;1;1;0;0;0;0;0;0;0;-3,73929700000;-38,47374600000;inter_match
355854;13;3;2020;14:09;18743;RUA VALPARAISO;RUA CATOLE;;;;ColisÃ£o Transversal;Luz do Dia;Chuva;Molhada;Cruz;SemÃ¡foro;Comercial;0;0;2;1;0;0;0;0;0;1;0;0;-3,84640700000;-38,52017100000;inter_match
355855;13;3;2020;14:30;6803;RUA ALMEIDA PRADO;RUA DR GILBERTO STUDART;;;;ColisÃ£o Transversal;Luz do Dia;Chuva;Molhada;Cruz;Pare;Residencial;0;1;1;1;0;0;0;0;0;0;0;0;-3,74532300000;-38,47566500000;inter_match
355856;13;3;2020;19:39;0;AV DOM MANUEL;;;445;;ColisÃ£o;Anoitecer;Chuva;Molhada;Meio de Quadra;SemÃ¡foro;Comercial;0;0;2;0;0;0;0;0;0;1;0;0;-3,72808790000;-38,52102490000;mq_qgis
355857;14;3;2020;07:54;25795;RUA ANDRADE FURTADO;RUA JOSE BORBA VASCONCELOS;;;;ColisÃ£o Transversal;Amanhecer;Chuva;Molhada;T;Pare;Comercial;0;1;2;1;0;0;0;1;0;1;0;0;-3,74494000000;-38,47152000000;inter_gpsv
355858;14;3;2020;20:27;24156;RUA HERMINIA BONAVIDES;RUA OLIVEIRA FILHO;;;;ColisÃ£o;Via Iluminada;Chuva;Molhada;Cruz;Pare;Residencial;0;1;1;1;0;0;0;0;0;1;0;0;-3,73062400000;-38,46214500000;inter_match
355987;14;3;2020;08:30;0;RD CE-040;;;;KM-07;Choque c/ ObstÃ¡culo Fixo;Luz do Dia;;Seca;Meio de Quadra;;;0;0;1;1;0;0;0;0;0;0;0;0;-3,81715944500;-38,48303286000;rod_match
357210;14;3;2020;01:29;0;AV ABOLICAO;;;1780;;Atropelamento;;;;Meio de Quadra;;;0;1;1;1;0;0;0;0;0;0;0;0;-3,72479100000;-38,50336800000;mq_match
357211;14;3;2020;03:26;0;AV CEL CARVALHO;;;1313;;Queda;;;;Meio de Quadra;;;0;1;0;0;0;0;0;0;0;1;0;0;-3,71455200000;-38,58865700000;mq_match
357212;14;3;2020;03:39;0;AV GENIBAU;;;240;;Atropelamento;Luz do Dia;;;Meio de Quadra;;;0;1;1;0;0;0;0;0;0;1;0;0;-3,76127300000;-38,59746800000;mq_match
357213;14;3;2020;03:50;0;AV GENIBAU;;;150;;Atropelamento;;;;Meio de Quadra;;;0;1;1;0;0;0;0;0;0;1;0;0;-3,76155005000;-38,59633970000;mq_qgis
357214;14;3;2020;06:42;0;RUA BENTO ALBUQUERQUE;;;1900;;Atropelamento;Luz do Dia;;;Meio de Quadra;;;0;1;1;0;0;0;0;0;0;0;0;0;-3,74726600000;-38,47225800000;mq_match
357215;14;3;2020;07:03;0;AV D CJ CEARA;;;1289;;Atropelamento;Luz do Dia;;;Meio de Quadra;;;0;2;1;0;0;0;0;0;0;1;0;0;-3,83069140000;-38,55905400000;mq_gpsv
357216;14;3;2020;07:30;0;AV GAL OSORIO DE PAIVA;;;8000;;ColisÃ£o;Luz do Dia;;;Meio de Quadra;;;0;1;1;1;0;0;0;0;0;1;0;0;-3,82123639100;-38,61808115600;mq_match
357217;14;3;2020;07:36;0;RD BR 116;;;;;ColisÃ£o;Luz do Dia;;;Meio de Quadra;;;0;1;1;1;0;0;0;0;0;1;0;0;;;
357218;14;3;2020;08:14;18423;AV SGT HERMINIO SAMPAIO;RUA FRE ODILON;;;;ColisÃ£o;Luz do Dia;;;Cruz;NÃ£o HÃ¡ Controle;Comercial;0;1;1;1;0;0;0;0;0;1;0;0;-3,72892100000;-38,57269200000;inter_match
357219;14;3;2020;08:27;0;RUA EDGAR FALCAO;;;130;;Queda;Luz do Dia;;;Meio de Quadra;;;0;1;0;0;0;0;0;0;0;1;0;0;-3,73125390000;-38,57178350000;mq_qgis
357220;14;3;2020;09:44;21326;RUA JOSE SOMBRA;RUA AZEVEDO BOLAO;;;;Atropelamento;Luz do Dia;;;Cruz;Pare;Residencial;0;1;1;1;0;0;0;0;0;0;0;0;-3,73447000000;-38,54703000000;inter_gpsv
357221;14;3;2020;12:19;0;RUA PRO JACINTO BOTELHO;;;1600;;ColisÃ£o;Luz do Dia;;;Meio de Quadra;;;0;1;1;1;0;0;0;0;0;1;0;0;-3,73375600000;-38,48217090000;mq_gpsv
357222;14;3;2020;12:58;10392;RUA STA ADELIA;RUA JOSE MENDONCA;;;;ColisÃ£o;Luz do Dia;;;Cruz;Pare;Residencial;0;1;1;1;0;0;0;0;0;1;0;0;-3,75904300000;-38,60254500000;inter_match
357223;14;3;2020;14:00;0;AV SEN FERNANDES TAVORA;;;1845;;ColisÃ£o;Luz do Dia;;;Meio de Quadra;;;0;1;1;1;0;0;0;0;0;1;0;0;-3,75863200000;-38,58881400000;mq_match
357224;14;3;2020;15:51;0;AV CONTORNO OESTE D71;;;1234;;ColisÃ£o;Luz do Dia;;;Meio de Quadra;;;0;1;1;1;0;0;0;0;0;1;0;0;-3,81176000000;-38,59539000000;mq_gpsv
357225;14;3;2020;17:17;5490;AV DOM MANUEL;RUA PDE VALDEVINO;;;;ColisÃ£o;Anoitecer;;;;;;0;1;1;0;0;0;0;0;0;1;0;0;-3,73687300000;-38,52396700000;inter_match
357226;14;3;2020;17:46;0;RUA JOSE FACANHA;;;753;;ColisÃ£o;Anoitecer;;;Meio de Quadra;;;0;1;0;0;0;0;0;0;0;0;0;0;-3,75151200000;-38,55796300000;mq_qgis
357227;14;3;2020;18:18;0;AV B CJ CEARA;;;650;;ColisÃ£o;Anoitecer;;;Meio de Quadra;;;0;1;1;1;0;0;0;0;0;1;0;0;-3,76739600000;-38,60665200000;mq_match
357228;14;3;2020;18:18;0;RUA NOEL ROSA;;;1802;;ColisÃ£o;Anoitecer;;;Meio de Quadra;;;0;1;0;0;0;0;0;0;0;0;0;0;-3,76834299000;-38,58638240000;mq_qgis
357229;14;3;2020;19:20;0;RUA 808 CJ CEARA;;;39;;ColisÃ£o;;;;Meio de Quadra;;;0;1;1;1;0;0;0;0;0;1;0;0;-3,76638297000;-38,59910300000;mq_qgis
357230;14;3;2020;20:30;19377;RUA EDUARDO PERDIGAO;RUA GERMANO FRANCK;;;;ColisÃ£o;;;;Cruz;SemÃ¡foro;Comercial;0;1;1;0;0;0;0;0;0;1;0;0;-3,77770400000;-38,56254200000;inter_match
357231;14;3;2020;21:50;0;AV PERIMETRAL;;;1841;;Queda;;;;Meio de Quadra;;;0;1;0;0;0;0;0;0;0;1;0;0;;;
357232;14;3;2020;23:24;0;AV JOR THOMAZ COELHO;;;2103;;Atropelamento;;;;Meio de Quadra;;;1;1;0;0;0;0;0;0;0;1;0;0;-3,82793000000;-38,51471000000;mq_gpsv
357233;14;3;2020;23:54;0;RUA MARIA TOMASIA;;;;;ColisÃ£o;;;;Meio de Quadra;;;0;1;1;1;0;0;0;0;0;1;0;0;;;
356700;14;3;2020;20:05;0;RD BR 116;;;13000;KM-13;Atropelamento;;Chuva;Molhada;Meio de Quadra;;;0;1;1;0;0;0;0;0;0;1;0;0;-3,86467000000;-38,49772700000;rod_match
356906;14;3;2020;17:00;0;AV CONTORNO SUL;;;1234;;ColisÃ£o;Anoitecer;;;Meio de Quadra;;;0;0;2;1;0;0;0;0;0;1;0;0;-3,81350000000;-38,59424000000;mq_gpsv
356701;15;3;2020;15:00;0;RD BR 222;;;;KM-02;Tombamento;Luz do Dia;Bom;Seca;Meio de Quadra;;;0;2;1;0;0;0;0;0;0;1;0;0;-3,74036240000;-38,59699610000;rod_match
356702;15;3;2020;20:55;0;RD BR 116;;;2000;KM-02;Atropelamento;;Nublado;Seca;Meio de Quadra;;;1;0;1;1;0;0;0;0;0;0;0;0;-3,77139100000;-38,51678000000;rod_match
356738;15;3;2020;00:40;0;AV JOR THOMAZ COELHO;;;1900;;Atropelamento;;;;Meio de Quadra;;;0;1;1;1;0;0;0;0;0;0;0;0;-3,82875130000;-38,51244000000;mq_match
356739;15;3;2020;03:50;19611;RUA NEREU RAMOS;AV GODOFREDO MACIEL;;;;Choque c/ ObstÃ¡culo Fixo;;;;T;SemÃ¡foro;Comercial;0;1;0;0;0;0;0;0;0;0;0;0;-3,78725000000;-38,56680200000;inter_match
356740;15;3;2020;19:30;5107;AV MON TABOSA;RUA SEN ALMINO;;;;ColisÃ£o;;;;Cruz;Pare;Comercial;0;0;2;0;0;0;0;0;0;0;0;0;-3,72366100000;-38,51803500000;inter_match
356741;15;3;2020;20:25;0;AV ABOLICAO;;;4777;;ColisÃ£o;;;;Meio de Quadra;;;0;1;1;1;0;0;0;0;0;0;0;0;-3,72152970000;-38,47857000000;mq_match
356742;15;3;2020;23:30;18278;AV HIS RAIMUNDO GIRAO;AV ALM BARROSO;;;;ColisÃ£o;;;;T;Pare;Comercial;0;2;0;0;0;0;0;0;0;1;0;0;-3,72027700000;-38,51587700000;inter_match
357234;15;3;2020;06:49;0;AV JOAO PESSOA;;;6053;;Queda;Luz do Dia;;;Meio de Quadra;;;0;1;0;0;0;0;0;0;0;1;0;0;-3,76285000000;-38,55800300000;mq_match
357235;15;3;2020;07:16;0;RUA FRE CANECA;;;57;;Queda;Luz do Dia;;;Meio de Quadra;;;0;2;0;0;0;0;0;0;0;1;0;0;-3,78520078000;-38,51035770000;mq_qgis
357236;15;3;2020;09:43;0;AV LUCIANO CARNEIRO;;;1991;;ColisÃ£o;Luz do Dia;;;Meio de Quadra;;;0;1;1;1;0;0;0;0;0;1;0;0;-3,76546720000;-38,53695300000;mq_match
357237;15;3;2020;11:16;23343;AV PONTES VIEIRA;RUA TIBURCIO CAVALCANTE;;;;ColisÃ£o;Luz do Dia;;;Cruz;SemÃ¡foro;Comercial;0;1;1;1;0;0;0;0;0;1;0;0;-3,75205300000;-38,50774900000;inter_match
357245;15;3;2020;12:16;1605;AV DES MOREIRA;RUA BENI DE CARVALHO;;;;ColisÃ£o;Luz do Dia;;;Cruz;SemÃ¡foro;Comercial;0;1;1;1;0;0;0;0;0;1;0;0;-3,74409800000;-38,50087700000;inter_match
357246;15;3;2020;13:40;0;RUA VALDETARIO MOTA;;;;;Queda;Luz do Dia;;;Meio de Quadra;;;0;1;0;0;0;0;0;0;0;1;0;0;;;
357247;15;3;2020;13:46;0;RUA ENG LIMA VERDE (ALVARO WEYNE);;;1660;;ColisÃ£o;Luz do Dia;;;Meio de Quadra;;;0;1;1;0;0;0;1;0;0;1;0;0;;;
357261;15;3;2020;15:43;0;AV GAL OSORIO DE PAIVA;;;4080;;Queda;Luz do Dia;;;Meio de Quadra;;;0;1;0;0;0;0;0;0;0;1;0;0;-3,79260333000;-38,59027350000;mq_qgis
357262;15;3;2020;16:53;5062;RUA DR JOAO MOREIRA;RUA GAL SAMPAIO;;;;ColisÃ£o;Luz do Dia;;;Cruz;SemÃ¡foro Intermitente;Comercial;0;1;1;1;0;0;0;0;0;1;0;0;-3,72203000000;-38,52936400000;inter_match
357263;15;3;2020;17:22;0;RUA CEL FABRICIANO;;;433;;ColisÃ£o;Anoitecer;;;Meio de Quadra;;;0;1;1;1;0;0;0;0;0;1;0;0;-3,78689705900;-38,59396654700;mq_match
357264;15;3;2020;19:16;0;AV GAL OSORIO DE PAIVA;;;4849;;Atropelamento;;;;Meio de Quadra;;;0;1;1;1;0;0;0;0;0;0;0;0;-3,80128500000;-38,59873254000;mq_match
357265;15;3;2020;19:38;0;AV C CJ CEARA;;;1085;;Queda;;;;Meio de Quadra;;;0;1;0;0;0;0;0;0;0;1;0;0;-3,76802000000;-38,61236000000;mq_gpsv
357267;15;3;2020;21:23;0;AV GAL OSORIO DE PAIVA;;;4747;;ColisÃ£o;;;;Meio de Quadra;;;0;1;1;0;0;0;0;0;0;1;0;0;-3,80054583300;-38,59801750000;mq_match
357268;15;3;2020;21:35;1561;AV SEN VIRGILIO TAVORA;AV PDE ANTONIO TOMAS;;;;ColisÃ£o;;;;Cruz;Gesto;Comercial;0;1;1;1;0;0;0;0;0;1;0;0;-3,74176000000;-38,49474900000;inter_match
357269;15;3;2020;21:52;0;RUA ANSELMO NOGUEIRA;;;671;;ColisÃ£o;;;;Meio de Quadra;;;0;1;0;0;0;0;0;0;0;0;0;0;-3,78404000000;-38,58799000000;mq_gpsv
357270;15;3;2020;21:59;0;AV JOSE JATAHY;;;;;ColisÃ£o;;;;Meio de Quadra;;;0;1;1;1;0;0;0;0;0;1;0;0;;;
357271;15;3;2020;23:00;0;RUA CON DE CASTRO;;;8310;;ColisÃ£o;;;;Meio de Quadra;;;0;1;1;1;0;0;0;0;0;1;0;0;-3,81886470000;-38,60229420000;mq_match
357258;15;3;2020;15:13;0;RUA CAP BRASIL;;;654;;ColisÃ£o;Luz do Dia;;;Meio de Quadra;;;0;1;1;1;0;0;0;0;0;1;0;0;-3,73849000000;-38,58634000000;mq_gpsv
357259;15;3;2020;15:21;0;AV HEROIS DO ACRE;;;1001;;ColisÃ£o;Luz do Dia;;;Meio de Quadra;;;0;1;0;0;0;0;0;0;0;0;0;0;-3,80315500000;-38,53784900000;mq_match
357256;15;3;2020;14:52;0;RUA CAP URUGUAI D46;;;821;;Atropelamento;Luz do Dia;;;Meio de Quadra;;;0;1;1;1;0;0;0;0;0;0;0;0;-3,76616144800;-38,51114520000;mq_gpsv
357253;15;3;2020;14:09;0;RUA PILOTO D46;;;622;;Atropelamento;Luz do Dia;;;Meio de Quadra;;;0;1;1;1;0;0;0;0;0;0;0;0;-3,76588371200;-38,51009778000;mq_gpsv
357254;15;3;2020;14:51;0;AV GODOFREDO MACIEL;;;5078;;ColisÃ£o;Luz do Dia;;;Meio de Quadra;;;0;1;0;0;0;0;0;0;0;0;0;0;-3,81875740000;-38,57614320000;mq_match
355988;15;3;2020;06:30;0;RD CE-060;;;;KM-01;ColisÃ£o;Luz do Dia;;Molhada;Meio de Quadra;;;0;0;1;1;0;0;0;0;0;0;0;0;-3,82613600000;-38,57950000000;rod_match
355859;15;3;2020;06:56;9154;AV 13 DE MAIO;RUA DOM SEBASTIAO LEME;;0;;NÃ£o Informado;Amanhecer;Chuva;Molhada;Cruz;SemÃ¡foro;Comercial;0;0;1;1;0;0;0;0;0;0;0;0;-3,75283200000;-38,52522100000;inter_match
355860;15;3;2020;18:45;0;AV VICENTE DE CASTRO;;;4777;IATE CLUBE DE FORTALEZA;ColisÃ£o Frontal;Luz do Dia;Bom;Seca;Meio de Quadra;NÃ£o HÃ¡ Controle;Residencial;0;2;0;1;0;0;0;0;0;0;0;0;-3,72129580000;-38,47843000000;mq_match
355861;15;3;2020;21:29;0;RUA MANUEL CASTELO BRANCO;;;630;;ColisÃ£o Lateral;Via Iluminada;Bom;Seca;Meio de Quadra;NÃ£o HÃ¡ Controle;Comercial;0;0;2;1;0;0;0;0;0;0;0;0;-3,83244900000;-38,49008300000;mq_match
355862;16;3;2020;07:13;0;AV DA UNIVERSIDADE;;;3426;;Choque c/ ObstÃ¡culo Fixo;Via Iluminada;Chuva;Molhada;Meio de Quadra;NÃ£o HÃ¡ Controle;Comercial;0;1;0;0;0;0;0;0;0;1;0;0;-3,74514100000;-38,54290200000;mq_qgis
355863;16;3;2020;10:33;19721;RUA GUSTAVO SAMPAIO;RUA AMADEU FURTADO;;;;ColisÃ£o Transversal;Luz do Dia;Bom;Seca;Cruz;Pare;Comercial;0;0;2;1;0;0;0;0;0;1;0;0;-3,73678600000;-38,56382800000;inter_match
355864;16;3;2020;10:39;1341;RUA AFONSO CELSO;RUA MON BRUNO;;;;ColisÃ£o Transversal;Luz do Dia;Bom;Seca;Cruz;Pare;Comercial;0;0;2;1;0;0;0;0;0;1;0;0;-3,73573400000;-38,51051900000;inter_match
355865;16;3;2020;08:22;0;AV BERNARDO MANUEL;;;7700;;ColisÃ£o Traseira;Luz do Dia;Bom;Seca;Meio de Quadra;NÃ£o HÃ¡ Controle;Comercial;0;0;3;1;0;0;0;0;0;0;0;0;-3,82896000000;-38,56036000000;mq_gpsv
355866;16;3;2020;10:49;10998;RUA DOM CARLOTO TAVORA;RUA ALBERTO MAGNO;;;;ColisÃ£o;Luz do Dia;Nublado;Seca;Cruz;Pare;Residencial;0;1;1;1;0;0;0;1;0;0;0;0;-3,77083200000;-38,55349500000;inter_match
355868;16;3;2020;12:45;13073;RUA 45 CJ JOSE WALTER;RUA 34 CJ JOSE WALTER;;;;ColisÃ£o Transversal;Luz do Dia;Bom;Seca;Cruz;NÃ£o HÃ¡ Controle;Residencial;0;1;2;1;0;0;0;0;0;1;0;0;-3,82768100000;-38,55558200000;inter_match
355869;16;3;2020;18:30;0;AV PRS COSTA E SILVA;;;1726;;ColisÃ£o Lateral;Via Iluminada;Bom;Seca;Meio de Quadra;SemÃ¡foro;Comercial;0;1;1;0;1;1;0;0;0;0;0;0;-3,81736950000;-38,56589350000;mq_match
357316;16;3;2020;22:15;0;RUA JATAI D71;;;310;;Queda;;;;Meio de Quadra;;;0;1;0;0;0;1;0;0;0;0;0;0;-3,83066000000;-38,58273000000;mq_gpsv
357317;16;3;2020;22:28;0;RUA BERNARDO MANUEL;;;9954;;ColisÃ£o;;;;Meio de Quadra;;;0;1;1;1;0;0;0;0;0;1;0;0;-3,80434384000;-38,55310088000;mq_match
357318;16;3;2020;22:38;0;AV GOV RAUL BARBOSA;;;1100;;Queda;;;;Meio de Quadra;;;0;1;0;0;0;0;0;0;0;1;0;0;-3,76121000000;-38,50572000000;mq_match
357272;16;3;2020;00:42;21545;RUA TULIPA NEGRA;RUA ALCINO GUANABARA;;;;ColisÃ£o;;;;Cruz;Pare;Rural;0;1;1;1;0;0;0;0;0;1;0;0;-3,81901000000;-38,59824800000;inter_match
357273;16;3;2020;01:14;0;AV FRANCISCO SA;;;5174;;ColisÃ£o;;;;Meio de Quadra;;;0;1;1;1;0;0;0;0;0;1;0;0;-3,71290800000;-38,57053460000;mq_qgis
357274;16;3;2020;04:33;0;AV DA UNIVERSIDADE;;;;;ColisÃ£o;;;;Meio de Quadra;;;0;1;0;0;0;0;0;0;0;0;0;0;;;
357275;16;3;2020;04:33;0;AV JOAO PESSOA;;;3438;;Queda;;;;Meio de Quadra;;;0;1;0;0;0;0;0;0;0;1;0;0;-3,74521000000;-38,54294000000;mq_gpsv
357276;16;3;2020;06:36;0;AV BEZERRA DE MENEZES;;;58;;ColisÃ£o;Luz do Dia;;;Meio de Quadra;;;0;1;0;0;0;0;0;0;0;0;0;0;-3,73257880000;-38,54453000000;mq_match
357277;16;3;2020;06:58;0;AV JOR JOAO RAMOS;;;1257;;Queda;Luz do Dia;;;Meio de Quadra;;;0;1;0;0;0;0;0;0;0;1;0;0;-3,84305800000;-38,56901400000;mq_match
357278;16;3;2020;07:12;0;AV GAL OSORIO DE PAIVA;;;3399;;ColisÃ£o;Luz do Dia;;;Meio de Quadra;;;0;1;1;1;0;0;0;0;0;1;0;0;-3,79164000000;-38,58919000000;mq_gpsv
357279;16;3;2020;07:25;0;AV JOSE BASTOS;;;3070;;Queda;Luz do Dia;;;Meio de Quadra;;;0;1;0;0;0;0;0;0;0;1;0;0;-3,74765000000;-38,54749000000;mq_gpsv
357280;16;3;2020;07:39;0;RUA DR JOSE FROTA;;;145;;ColisÃ£o;Luz do Dia;;;Meio de Quadra;;;0;1;1;1;0;0;0;0;0;1;0;0;-3,72718279000;-38,48545670000;mq_qgis
357281;16;3;2020;08:20;0;AV GODOFREDO MACIEL;;;2525;;Atropelamento;Luz do Dia;;;Meio de Quadra;;;0;1;1;1;0;0;0;0;0;0;0;0;-3,79660630000;-38,56984300000;mq_match
357282;16;3;2020;08:57;0;AV PRS JUSCELINO KUBITSCHEK (PASSARÃ‰);;;3800;;Queda;Luz do Dia;;;Meio de Quadra;;;0;1;0;0;0;0;0;0;0;1;0;0;-3,81368000000;-38,52991000000;mq_gpsv
357283;16;3;2020;10:49;26251;AV AMERICO BARREIRA;RUA CEARA;;;;ColisÃ£o;Luz do Dia;;;Cruz;SemÃ¡foro;Comercial;0;1;1;0;0;0;0;0;0;1;0;0;-3,75996140000;-38,56418790000;inter_match