COD_ACIDENTE;DIA;MES;ANO;HORA;INTERSECAO;LOG1;LOG2;LOG3;NUMERO;REFERENCIA;NATUREZA;ILUMINACAO;TEMPO;SUPERFICIEPISTA;TIPOCRUZAMENTO;CONTROLETRAFEGO;USOSOLO;MORTOS;FERIDOS;ILESOS;AUTOMOVEL;ONIBUS;BICICLETA;CAMINHAO;MICROONIBUS;CICLOMOTOR;MOTOCICLETA;TRACAOANIMAL;TREM;LATITUDE;LONGITUDE;METODO
357284;16;3;2020;12:02;25522;RUA CARLOTA PINHEIRO;RUA ELISEU UCHOA BECCO;;;;ColisÃ£o;Luz do Dia;;;Meio de Quadra;NÃ£o HÃ¡ Controle;Comercial;0;1;1;1;0;0;0;0;0;1;0;0;-3,76220320000;-38,48616400000;inter_match
357285;16;3;2020;15:01;1441;AV SANTOS DUMONT;RUA PRO DIAS DA ROCHA;;;;ColisÃ£o;Luz do Dia;;;Cruz;Pare;Comercial;0;1;0;0;0;0;0;0;0;1;0;0;-3,73811300000;-38,49250200000;inter_match
357286;16;3;2020;16:38;0;AV PERIMETRAL;;;;;ColisÃ£o;Luz do Dia;;;Meio de Quadra;;;0;1;0;0;0;0;0;0;0;0;0;0;;;
357287;16;3;2020;17:49;0;AV GAL OSORIO DE PAIVA;;;600;;ColisÃ£o;Anoitecer;;;Meio de Quadra;;;0;1;0;0;0;0;0;0;0;0;0;0;-3,77649772700;-38,56787518000;mq_match
357288;16;3;2020;17:55;5199;RUA LIBERATO BARROSO;RUA PRC ISABEL;;;;Atropelamento;Anoitecer;;;Cruz;Pare;Comercial;0;2;0;0;0;1;0;0;0;0;0;0;-3,72616700000;-38,53535600000;inter_match
357289;16;3;2020;18:07;0;AV WASHINGTON SOARES;;;;;Atropelamento;Anoitecer;;;Meio de Quadra;;;0;1;1;0;0;0;0;0;0;1;0;0;;;
357290;16;3;2020;18:09;0;RUA MARQUES DE SUCUPIRA;;;160;;Queda;Anoitecer;;;Meio de Quadra;;;0;1;0;0;0;0;0;0;0;1;0;0;-3,84633693000;-38,52383990000;mq_qgis
357291;16;3;2020;18:59;5936;AV C CJ CEARA;RUA 1153 CJ CEARA;;;;ColisÃ£o;;;;;;;0;1;1;0;0;0;0;0;0;1;0;0;-3,76181600000;-38,60954500000;inter_match
357292;16;3;2020;20:05;0;RUA CLEMENTE PEREIRA;;;386;;Queda;;;;Meio de Quadra;;;0;1;0;0;0;0;0;0;0;1;0;0;-3,83957000000;-38,48975000000;mq_gpsv
357293;16;3;2020;21:23;25238;RUA PRISCO BEZERRA;RUA JOSE RANGEL;;;;Queda;;;;Outros;NÃ£o HÃ¡ Controle;Comercial;0;1;0;0;0;0;0;0;0;1;0;0;-3,73905000000;-38,46977000000;inter_gpsv
356743;16;3;2020;18:20;0;AV ROGACIANO LEITE;;;1689;;ColisÃ£o;Anoitecer;;;Meio de Quadra;;;0;1;1;1;0;0;0;0;0;0;0;0;-3,76921150000;-38,49761000000;mq_match
356745;17;3;2020;18:00;0;RUA EQUADOR;;;818;;Atropelamento;Anoitecer;;;Meio de Quadra;;;0;1;1;1;0;0;0;0;0;0;0;0;-3,77443420000;-38,55252437100;mq_match
357090;17;3;2020;17:12;0;RUA MEXICO;;;855;;Queda;Anoitecer;;;Meio de Quadra;;;0;1;0;0;0;1;0;0;0;0;0;0;-3,73505000000;-38,57540000000;mq_gpsv
357099;17;3;2020;18:49;0;RUA JOSE VILAR;;;1222;;Queda;;;;Meio de Quadra;;;0;1;0;0;0;0;0;0;0;1;0;0;-3,73533300000;-38,50453500000;mq_qgis
357100;17;3;2020;20:34;0;RUA CEL VIRGILIO NOGUEIRA (BOM JARDIM);;;1351;;ColisÃ£o;;;;Meio de Quadra;;;0;1;0;0;0;0;0;0;0;0;0;0;-3,79526000000;-38,61061000000;mq_match
357072;17;3;2020;07:23;0;AV 13 DE MAIO;;;1363;;ColisÃ£o;Luz do Dia;;;Meio de Quadra;;;0;1;0;0;0;0;0;0;0;1;0;0;-3,74800000000;-38,53089800000;mq_gpsv
357073;17;3;2020;07:44;0;AV GAL OSORIO DE PAIVA;;;4425;;ColisÃ£o;Luz do Dia;;;Meio de Quadra;;;0;1;0;1;0;0;0;0;0;1;0;0;-3,79738572000;-38,59494840000;mq_qgis
357074;17;3;2020;08:38;0;RUA MONTE PASCOAL;;;710;;ColisÃ£o;Luz do Dia;;;Meio de Quadra;;;0;1;0;1;0;0;0;0;0;1;0;0;-3,80640920000;-38,59681250000;mq_match
357075;17;3;2020;10:10;0;RUA BRAGANCA;;;1200;;ColisÃ£o;Luz do Dia;;;Meio de Quadra;;;0;1;0;1;0;0;0;0;0;1;0;0;-3,78443900000;-38,59751680000;mq_qgis
357076;17;3;2020;10:41;0;RUA SAO PAULO;;;1630;;Queda;Luz do Dia;;;Meio de Quadra;;;0;1;0;0;0;0;0;0;0;1;0;0;-3,81214000000;-38,62752000000;mq_gpsv
357077;17;3;2020;10:56;0;RUA TEODORO DE CASTRO;;;1175;;ColisÃ£o;Luz do Dia;;;Meio de Quadra;;;0;1;0;1;0;0;0;0;0;1;0;0;-3,78061000000;-38,60196700000;mq_qgis
357078;17;3;2020;11:20;6749;RUA DR GILBERTO STUDART;RUA BATISTA DE OLIVEIRA;;;;ColisÃ£o;Luz do Dia;;;Cruz;Pare;Residencial;0;1;0;1;0;0;0;0;0;0;0;0;-3,74373400000;-38,48058100000;inter_match
357079;17;3;2020;11:47;0;RUA MANDACARU D69;;;11205;;Atropelamento;Luz do Dia;;;Meio de Quadra;;;0;1;1;1;0;0;0;0;0;0;0;0;;;
357080;17;3;2020;12:26;0;AV SEN CARLOS JEREISSATI (AEROPORTO);;;;;Queda;Luz do Dia;;;Meio de Quadra;;;0;1;0;0;0;1;0;0;0;0;0;0;;;
357081;17;3;2020;12:32;0;RUA DR PERIGUARI;;;345;;ColisÃ£o;Luz do Dia;;;Meio de Quadra;;;0;1;0;1;0;0;0;0;0;1;0;0;-3,74239000000;-38,58605000000;mq_gpsv
357084;17;3;2020;13:45;0;RUA DAURA;;;324;;ColisÃ£o;Luz do Dia;;;Meio de Quadra;;;0;1;0;0;0;0;0;0;0;0;0;0;-3,82287936000;-38,50637310000;mq_qgis
357085;17;3;2020;14:19;25636;RUA PORTO VELHO;RUA SAO LUIS D30;;;;ColisÃ£o;Luz do Dia;;;Cruz;Outros;Residencial;0;1;0;1;0;0;0;0;0;1;0;0;-3,76219000000;-38,59403000000;inter_gpsv
357086;17;3;2020;17:02;0;AV FRE CIRILO;;;3720;;ColisÃ£o;Anoitecer;;;Meio de Quadra;;;0;1;0;1;0;0;0;0;0;1;0;0;-3,81680800000;-38,49763000000;mq_qgis
357068;17;3;2020;00:56;0;AV GAL OSORIO DE PAIVA;;;;;ColisÃ£o;;;;Meio de Quadra;;;0;1;0;0;0;1;0;0;0;0;0;0;;;
355870;17;3;2020;01:39;0;AV GAL OSORIO DE PAIVA;;;2466;;Choque c/ ObstÃ¡culo Fixo;Via Iluminada;Bom;Seca;Meio de Quadra;NÃ£o HÃ¡ Controle;Residencial;0;0;1;1;0;0;0;0;0;0;0;0;-3,78739000000;-38,58517000000;mq_gpsv
355871;17;3;2020;01:39;0;AV BERNARDO MANUEL;RUA B;;0;;ColisÃ£o Lateral;Via Iluminada;Nublado;Molhada;Meio de Quadra;Pare;Comercial;0;1;1;1;0;0;0;0;0;1;0;0;-3,83539000000;-38,56261000000;inter_gpsv
355872;17;3;2020;06:42;0;AV OLIVEIRA PAIVA;;;2601;;ColisÃ£o Traseira;Luz do Dia;Nublado;Seca;Meio de Quadra;NÃ£o HÃ¡ Controle;Comercial;0;1;1;1;0;0;0;0;0;1;0;0;-3,79603500000;-38,48355900000;mq_match
355873;17;3;2020;15:24;5202;RUA PEREIRA FILGUEIRAS;RUA RODRIGUES JUNIOR;;0;;ColisÃ£o Transversal;Luz do Dia;Bom;Seca;Cruz;Pare;Comercial;0;0;2;0;0;0;0;0;0;0;0;0;-3,72630400000;-38,51921300000;inter_match
355874;17;3;2020;19:55;0;RUA METON DE ALENCAR;RUA VINTE QUATRO DE MAIO;;0;;ColisÃ£o Lateral;Via Iluminada;Bom;Seca;Meio de Quadra;;;0;1;1;0;1;0;0;0;0;1;0;0;-3,73262450000;-38,53391300000;inter_match
355989;17;3;2020;19:40;0;AV SEN CARLOS JEREISSATI (AEROPORTO);;;;KM 04;ColisÃ£o;;;Seca;Meio de Quadra;;;0;1;1;0;0;0;1;0;0;1;0;0;-3,77402000000;-38,55090700000;rod_match
355990;18;3;2020;06:40;0;AV WASHINGTON SOARES;;;10507;;Outros;Luz do Dia;;Molhada;Meio de Quadra;;;0;2;0;0;0;0;0;0;0;1;0;0;-3,84054000000;-38,47989000000;mq_gpsv
355964;18;3;2020;22:23;12561;RUA CARIUS;RUA GEORGE CAVALCANTE;;;;ColisÃ£o Lateral;Via Iluminada;Bom;Seca;Cruz;NÃ£o HÃ¡ Controle;Residencial;0;1;1;1;0;0;0;0;0;1;0;0;-3,72194000000;-38,59233000000;inter_gpsv
355875;18;3;2020;15:50;7733;RUA BAR SOBRAL;AV JOAO PESSOA;;;;ColisÃ£o Lateral;Luz do Dia;Bom;Seca;Cruz;SemÃ¡foro;Comercial;0;0;2;0;1;0;0;0;0;0;0;0;-3,76450960000;-38,55870570000;inter_match
355876;18;3;2020;17:10;0;RUA PDE PEDRO DE ALENCAR;;;2230;;ColisÃ£o Traseira;Luz do Dia;Bom;Seca;Meio de Quadra;NÃ£o HÃ¡ Controle;Comercial;0;1;2;0;0;0;0;1;0;1;0;0;-3,84754047000;-38,49472202000;mq_match
355877;18;3;2020;19:14;5457;RUA ANTONIO POMPEU;RUA ASSUNCAO;;;;ColisÃ£o Transversal;Luz do Dia;Bom;Seca;Cruz;SemÃ¡foro;Comercial;0;1;1;1;0;0;0;0;0;1;0;0;-3,73532900000;-38,52892700000;inter_match
355878;18;3;2020;19:30;24956;AV ALM HENRIQUE SABOIA;AV ENG ALBERTO SA;;;;Atropelamento;Anoitecer;Bom;Seca;Meio de Quadra;NÃ£o HÃ¡ Controle;Residencial;1;1;0;0;0;0;0;0;0;1;0;0;-3,73249900000;-38,48289000000;inter_match
355879;18;3;2020;16:08;542;AV FRANCISCO SA;RUA TOMAS GONZAGA;;0;;ColisÃ£o Lateral;Luz do Dia;Bom;Seca;T;NÃ£o HÃ¡ Controle;Comercial;0;1;1;1;0;0;0;0;0;1;0;0;-3,71338000000;-38,56920000000;inter_gpsv
355890;18;3;2020;09:29;0;AV DOS EXPEDICIONARIOS;;;4126;;ColisÃ£o Traseira;Luz do Dia;Bom;Seca;Meio de Quadra;SemÃ¡foro;Residencial;0;0;4;1;0;0;0;0;0;0;0;0;-3,75461245000;-38,53804750000;mq_qgis
357101;18;3;2020;05:39;0;AV LIBERDADE;;;;;ColisÃ£o;Amanhecer;;;Meio de Quadra;;;0;1;0;1;0;0;0;0;0;1;0;0;;;
357102;18;3;2020;07:07;0;AV PRS CASTELO BRANCO;;;5494;;ColisÃ£o;Luz do Dia;;;Meio de Quadra;;;0;1;0;0;0;0;0;0;0;1;0;0;-3,70353750000;-38,58004400000;mq_match
357103;18;3;2020;07:12;0;AV AMERICO BARREIRA;;;5290;;ColisÃ£o;Luz do Dia;;;Meio de Quadra;;;0;1;0;0;0;0;0;0;0;0;0;0;-3,75986000000;-38,56418000000;mq_gpsv
357104;18;3;2020;09:56;0;AV DR THEBERGE;;;;;ColisÃ£o;Luz do Dia;;;Meio de Quadra;;;0;1;0;1;0;0;0;0;0;1;0;0;;;
357105;18;3;2020;10:13;0;RUA NAT FEIJO;;;740;;Atropelamento;Luz do Dia;;;Meio de Quadra;;;0;1;0;1;0;0;0;0;0;0;0;0;-3,72166000000;-38,55554000000;mq_match
357106;18;3;2020;10:21;0;AV CASTELO DE CASTRO;;;267;;ColisÃ£o;Luz do Dia;;;Meio de Quadra;;;0;1;0;1;0;0;0;0;0;1;0;0;-3,83151000000;-38,52138000000;mq_gpsv
357107;18;3;2020;10:28;0;AV GODOFREDO MACIEL;;;;;ColisÃ£o;Luz do Dia;;;Meio de Quadra;;;0;2;0;0;0;0;0;0;0;1;0;0;;;
357111;18;3;2020;13:30;0;RUA SOUSA CARVALHO;;;432;;ColisÃ£o;Luz do Dia;;;Meio de Quadra;;;0;1;0;1;0;0;0;0;0;1;0;0;-3,78385309000;-38,58774000000;mq_qgis
357109;18;3;2020;13:17;0;AV DUQ CAXIAS;;;2037;;ColisÃ£o;Luz do Dia;;;Meio de Quadra;;;0;1;0;0;0;0;0;0;0;1;0;0;-3,72763700000;-38,54270100000;mq_match
357155;18;3;2020;18:51;0;RUA AZEVEDO BOLAO;;;1284;;ColisÃ£o;;;;Meio de Quadra;;;0;1;0;0;0;0;0;0;0;0;0;0;-3,73623180000;-38,55564080000;mq_qgis
357175;18;3;2020;19:03;0;RUA RIO GRANDE DO NORTE;;;638;;Queda;;;;Meio de Quadra;;;0;1;0;0;0;0;0;0;0;1;0;0;-3,76035000000;-38,56479000000;mq_gpsv
357315;18;3;2020;19:43;0;RUA CAP HUGO BEZERRA;;;55;;Atropelamento;;;;Meio de Quadra;;;0;1;0;0;0;0;0;0;0;0;0;0;-3,82129500000;-38,50333000000;mq_qgis
357143;18;3;2020;17:40;0;AV WENEFRIDO MELO;;;;;ColisÃ£o;Anoitecer;;;Meio de Quadra;;;0;1;0;0;0;0;0;0;0;1;0;0;;;
357141;18;3;2020;17:19;0;AV PRS COSTA E SILVA;;;;;Atropelamento;Anoitecer;;;Meio de Quadra;;;0;1;1;0;0;1;0;0;0;0;0;0;;;
357130;18;3;2020;14:50;0;RUA URUCUTUBA;;;531;;ColisÃ£o;Luz do Dia;;;Meio de Quadra;;;0;1;0;1;0;0;0;0;0;0;0;0;-3,79720689000;-38,60069950000;mq_qgis
357113;18;3;2020;13:41;0;RUA ASSUNCAO;;;939;;ColisÃ£o;Luz do Dia;;;Meio de Quadra;;;0;1;0;1;0;0;0;0;0;1;0;0;-3,73834000000;-38,52970000000;mq_gpsv
357147;18;3;2020;18:35;0;AV DO PASSARE;;;750;;ColisÃ£o;;;;Meio de Quadra;;;0;1;0;1;0;0;0;0;0;1;0;0;-3,80456200000;-38,54504420000;mq_gpsv
357151;18;3;2020;18:48;0;AV ANTONIO SALES;;;454;;ColisÃ£o;;;;Meio de Quadra;;;0;1;0;1;0;0;0;0;0;1;0;0;-3,74077824000;-38,51744570000;mq_qgis
357152;18;3;2020;18:49;0;AV PAROARAS;;;3750;;Queda;;;;Meio de Quadra;;;0;2;0;0;0;0;0;0;0;1;0;0;;;
357149;18;3;2020;18:42;0;RD BR 116;;;;;Atropelamento;;;;Meio de Quadra;;;0;1;0;0;0;0;0;0;0;1;0;0;;;
356746;18;3;2020;10:00;0;RUA PRO CARVALHO;;;4136;;ColisÃ£o;Luz do Dia;;;Meio de Quadra;;;0;1;1;1;0;0;0;0;0;0;0;0;-3,75762050000;-38,51399750000;mq_qgis
356747;18;3;2020;10:15;12837;AV DOMINGOS OLIMPIO;RUA JAIME BENEVOLO;;;;ColisÃ£o;Luz do Dia;;;Cruz;SemÃ¡foro;Comercial;0;1;1;1;0;0;0;0;0;1;0;0;-3,73778000000;-38,52724500000;inter_match
356748;18;3;2020;14:36;5451;AV DOM MANUEL;RUA BARBARA DE ALENCAR;;;;ColisÃ£o;Luz do Dia;;;Cruz;SemÃ¡foro;Comercial;0;1;1;1;0;0;0;0;0;1;0;0;-3,73497200000;-38,52326200000;inter_match
357508;19;3;2020;15:44;0;RUA PDE MANUEL PRIMO;;;763;;ColisÃ£o;Luz do Dia;;;Meio de Quadra;;;0;1;0;0;0;0;0;0;0;1;0;0;-3,73324046000;-38,58946020000;mq_qgis
357477;19;3;2020;08:57;0;AV VIS RIO BRANCO;;;2390;;ColisÃ£o;Luz do Dia;;;Meio de Quadra;;;0;1;0;1;0;0;0;0;0;1;0;0;-3,74194999000;-38,52287890000;mq_qgis
357505;19;3;2020;15:09;8014;RUA MACHADO DE ASSIS;RUA PRO COSTA MENDES;;;;ColisÃ£o;Luz do Dia;;;Cruz;SemÃ¡foro;Residencial;0;2;0;1;0;0;0;0;0;0;0;0;-3,75165200000;-38,55028800000;inter_match
357499;19;3;2020;14:34;0;RUA PERILIO TEIXEIRA;;;1052;;ColisÃ£o;Luz do Dia;;;Meio de Quadra;;;0;1;0;1;0;0;0;0;0;1;0;0;-3,75547954000;-38,60111550000;mq_qgis
357479;19;3;2020;10:47;0;RUA SILVA PAULET;;;2501;;ColisÃ£o;Luz do Dia;;;Meio de Quadra;;;0;1;0;1;0;0;0;0;0;1;0;0;-3,74578500000;-38,50909400000;mq_qgis
357480;19;3;2020;12:17;0;RUA TEODOMIRO DE CASTRO;;;4585;;ColisÃ£o;Luz do Dia;;;Meio de Quadra;;;0;1;0;1;0;0;0;0;0;1;0;0;-3,71820900000;-38,57335700000;mq_match
357474;19;3;2020;08:17;13285;AV G CJ JOSE WALTER;AV J CJ JOSE WALTER;;;;ColisÃ£o;Luz do Dia;;;;;;0;1;0;1;0;0;0;0;0;0;0;0;-3,83815900000;-38,55781800000;inter_match
357511;19;3;2020;19:11;0;AV FRANCISCO SA;;;847;;Atropelamento;;;;Meio de Quadra;;;0;1;0;0;0;0;0;0;0;1;0;0;-3,72269000000;-38,54140000000;mq_gpsv
355880;19;3;2020;14:11;5310;RUA PEDRO PEREIRA;RUA MAJ FACUNDO;;;;ColisÃ£o Frontal;Luz do Dia;Bom;Seca;Cruz;SemÃ¡foro;Comercial;0;1;1;1;0;1;0;0;0;0;0;0;-3,72963570000;-38,52902200000;inter_match
355881;19;3;2020;14:40;3238;RUA ANSELMO NOGUEIRA;RUA PRIMEIRO DE MAIO D34;;;;ColisÃ£o;Luz do Dia;Nublado;Seca;Cruz;Pare;Comercial;0;2;0;1;0;0;0;0;0;1;0;0;-3,78310800000;-38,58775300000;inter_match
355882;19;3;2020;16:20;12837;AV DOMINGOS OLIMPIO;RUA JAIME BENEVOLO;;;;ColisÃ£o Transversal;Luz do Dia;Nublado;Seca;Cruz;SemÃ¡foro;Comercial;0;1;1;1;0;0;0;1;0;0;0;0;-3,73778000000;-38,52724500000;inter_match
355883;19;3;2020;15:35;0;RUA BAR AQUIRAZ;RUA MARIA ALMEIDA;;;;ColisÃ£o Traseira;Luz do Dia;Nublado;Seca;Meio de Quadra;;;0;1;2;1;0;0;0;0;0;1;0;0;-3,85033000000;-38,47540000000;inter_gpsv
355991;19;3;2020;04:40;0;AV SEN CARLOS JEREISSATI (AEROPORTO);;;;KM 04;Capotamento;;;Seca;Meio de Quadra;;;0;1;0;1;0;0;0;0;0;0;0;0;-3,77402000000;-38,55090700000;rod_match
355884;20;3;2020;06:45;22176;AV ENG HUMBERTO MONTE;AV JOSE BASTOS;;;;ColisÃ£o Lateral;Luz do Dia;Bom;Molhada;T;SemÃ¡foro;Comercial;0;1;1;0;0;0;0;0;0;1;0;0;-3,75496600000;-38,55545500000;inter_match
355885;20;3;2020;07:25;0;AV DOM MANUEL;;;929;;Engavetamento;Luz do Dia;Chuva;Molhada;Meio de Quadra;NÃ£o HÃ¡ Controle;Comercial;0;1;2;1;0;0;0;0;0;1;0;0;-3,73221660000;-38,52231200000;mq_match
355886;20;3;2020;08:27;0;AV ENG ALBERTO SA;;;0;;ColisÃ£o Lateral;Via Iluminada;Chuva;Inundada;Outros;NÃ£o HÃ¡ Controle;Comercial;0;2;0;0;0;0;0;0;0;1;0;0;-3,73590550000;-38,47114250000;mq_boat
355887;20;3;2020;09:20;0;RUA COSTA BARROS;;;1800;;ColisÃ£o Lateral;Luz do Dia;Nublado;Seca;Meio de Quadra;SemÃ¡foro;Comercial;0;0;2;0;1;0;0;0;0;0;0;0;-3,73152600000;-38,50798400000;mq_qgis
355888;20;3;2020;10:20;3819;AV CARAPINIMA;RUA JUVENAL GALENO;;0;SHOPPING BENFICA;ColisÃ£o Traseira;Luz do Dia;Chuva;Molhada;Cruz;SemÃ¡foro;Comercial;0;0;1;1;0;0;0;0;0;1;0;0;-3,73899800000;-38,53917600000;inter_match
355889;20;3;2020;20:01;0;AV GOV PARSIFAL BARROSO;;;0;;ColisÃ£o Lateral;Mal Iluminada;Bom;Seca;Meio de Quadra;NÃ£o HÃ¡ Controle;Comercial;0;1;1;1;0;0;0;0;0;1;0;0;-3,73573800000;-38,56902000000;mq_match
357540;20;3;2020;07:01;2329;AV FRANCISCO SA;RUA AMADEU DE CASTRO;;;;Queda;Luz do Dia;;;T;NÃ£o HÃ¡ Controle;Comercial;0;1;0;0;0;1;0;0;0;0;0;0;-3,70428000000;-38,58955000000;inter_gpsv
357548;20;3;2020;09:30;0;RUA ALVES BEZERRA;;;361;;ColisÃ£o;Luz do Dia;;;Meio de Quadra;;;0;1;0;1;0;0;0;0;0;1;0;0;-3,80751867000;-38,60906000000;mq_qgis
357560;20;3;2020;10:34;0;AV ISABEL BEZERRA;;;1043;;ColisÃ£o;Luz do Dia;;;Meio de Quadra;;;0;1;0;0;0;0;0;0;0;1;0;0;-3,80553970000;-38,62953650000;mq_gpsv
357561;20;3;2020;11:34;0;RUA DES LEITE ALBUQUERQUE;;;;;Queda;Luz do Dia;;;Meio de Quadra;;;0;1;0;0;0;0;0;0;0;1;0;0;;;
357562;20;3;2020;12:22;0;RUA SEN ALMINO;;;264;;Atropelamento;Luz do Dia;;;Meio de Quadra;;;0;1;0;1;0;0;0;0;0;0;0;0;-3,72226195000;-38,51794260000;mq_qgis
357563;20;3;2020;12:33;5451;AV DOM MANUEL;RUA BARBARA DE ALENCAR;;;;ColisÃ£o;Luz do Dia;;;Cruz;SemÃ¡foro;Comercial;0;1;0;1;0;0;0;0;0;1;0;0;-3,73497200000;-38,52326200000;inter_match
357564;20;3;2020;12:50;25588;RUA HIL MORAES;RUA ROBERTO SILVA;;;;ColisÃ£o;Luz do Dia;;;Cruz;Pare;Residencial;0;1;1;1;0;1;0;0;0;0;0;0;-3,77250500000;-38,47458800000;inter_match
357565;20;3;2020;13:21;0;RD BR 116;;;1000;KM-01;ColisÃ£o;Luz do Dia;;;Meio de Quadra;;;0;1;0;0;0;0;0;0;0;0;0;0;-3,76255400000;-38,51870200000;rod_match
357566;20;3;2020;14:51;0;AV BAR STUDART;;;1501;;Atropelamento;Luz do Dia;;;Meio de Quadra;;;0;1;0;0;0;0;0;0;0;1;0;0;-3,73763200000;-38,50756700000;mq_qgis
357687;20;3;2020;16:19;0;AV MR HULL;;;;;ColisÃ£o;Luz do Dia;;;Meio de Quadra;;;0;1;0;0;0;0;0;0;0;0;0;0;;;
357688;20;3;2020;17:35;0;AV DEP PAULINO ROCHA;;;46;;ColisÃ£o;Anoitecer;;;Meio de Quadra;;;0;1;0;1;0;0;0;0;0;1;0;0;-3,80173800000;-38,50748700000;mq_match
357689;20;3;2020;18:18;0;AV MAE LISBOA;;;2200;;ColisÃ£o;Anoitecer;;;Meio de Quadra;;;0;1;0;0;0;0;0;0;0;0;0;0;-3,80733800000;-38,45979200000;mq_match
357690;20;3;2020;18:38;0;RUA BERNARDO MANUEL;;;9981;;Atropelamento;;;;Meio de Quadra;;;0;1;0;1;0;0;0;0;0;0;0;0;-3,80591500000;-38,55344000000;mq_match
357691;20;3;2020;18:56;0;AV PRO JOSE ARTHUR CARVALHO;;;2216;;Atropelamento;;;;Meio de Quadra;;;0;1;0;0;0;0;0;0;0;1;0;0;-3,82453692000;-38,45930750000;mq_qgis
357692;20;3;2020;19:25;13414;AV ANTONIO SALES;RUA CARLOS VASCONCELOS;;;;ColisÃ£o;;;;Cruz;SemÃ¡foro;Comercial;0;1;0;0;0;0;0;0;0;1;0;0;-3,74194200000;-38,51372600000;inter_match
357693;20;3;2020;20:53;0;AV GODOFREDO MACIEL;;;3000;;Atropelamento;;;;Meio de Quadra;;;0;1;0;0;0;0;0;0;0;1;0;0;-3,80202077800;-38,57165256000;mq_match
357694;20;3;2020;21:09;0;AV DR SILAS MUNGUBA;;;614;;Queda;;;;Meio de Quadra;;;0;1;0;0;0;0;0;0;0;1;0;0;-3,77925750000;-38,56080600000;mq_match
357695;20;3;2020;21:46;0;RUA SGT JOAO PINHEIRO;;;333;;ColisÃ£o;;;;Meio de Quadra;;;0;1;0;0;0;0;0;0;0;1;0;0;-3,77905000000;-38,62172000000;mq_gpsv
357696;20;3;2020;23:53;0;RUA CEARA;;;1635;;Queda;;;;Meio de Quadra;;;0;1;0;0;0;0;0;0;0;1;0;0;-3,75556200000;-38,57106300000;mq_qgis
357543;20;3;2020;07:31;239;RUA CRUZ SALDANHA;AV JOVITA FEITOSA;;;;ColisÃ£o;Luz do Dia;;;Cruz;NÃ£o HÃ¡ Controle;Comercial;0;2;0;0;0;0;0;0;0;1;0;0;-3,73920500000;-38,55317400000;inter_match
357544;20;3;2020;07:54;0;AV BORGES DE MELO;;;;;ColisÃ£o;Luz do Dia;;;Meio de Quadra;;;0;1;1;1;0;1;0;0;0;0;0;0;;;
357546;20;3;2020;08:33;0;RUA TEODOMIRO DE CASTRO;;;6526;;ColisÃ£o;Luz do Dia;;;;;;0;1;0;0;0;0;0;0;0;1;0;0;-3,71618500000;-38,57858400000;mq_match
356763;20;3;2020;06:20;0;RUA SAO PAULO;;;2190;;Choque c/ ObstÃ¡culo Fixo;Luz do Dia;;;Meio de Quadra;;;0;1;0;1;0;0;0;0;0;0;0;0;-3,72038700000;-38,54464600000;mq_qgis
356765;20;3;2020;08:30;0;AV DOMINGOS OLIMPIO;;;1928;;Atropelamento;Luz do Dia;;;Meio de Quadra;;;0;1;1;1;0;0;0;0;0;0;0;0;-3,73359765000;-38,54042870000;mq_qgis
356766;20;3;2020;13:30;0;RD BR 116;;;1000;KM-01;Choque c/ ObstÃ¡culo Fixo;Luz do Dia;;;Meio de Quadra;;;0;0;1;0;0;0;0;0;0;0;0;0;-3,76255400000;-38,51870200000;rod_match
357514;20;3;2020;01:12;0;AV BENJAMIM BRASIL;;;537;;Queda;;;;Meio de Quadra;;;0;1;0;0;0;0;0;0;0;1;0;0;-3,80418600000;-38,56906600000;mq_qgis
356767;21;3;2020;10:20;0;RUA SOUSA PINTO;;;83;;Choque c/ ObstÃ¡culo Fixo;Luz do Dia;;;Meio de Quadra;;;0;1;0;0;0;0;0;0;0;1;0;0;-3,76219000000;-38,51648000000;mq_gpsv
356768;21;3;2020;12:10;5628;RUA TEN NICOLAU;RUA TEOFREDO GOIANA;;;;ColisÃ£o;Luz do Dia;;;;;;0;2;2;1;0;0;0;0;0;1;0;0;-3,78918000000;-38,50526000000;inter_gpsv
356703;21;3;2020;20:48;0;RD BR 222;;;;KM-02;ColisÃ£o Transversal;;Bom;Seca;Meio de Quadra;;;0;3;1;0;0;0;0;0;0;1;0;0;-3,74036240000;-38,59699610000;rod_match
357738;21;3;2020;17:10;0;RUA STA ELISA D21;;;725;;Queda;Anoitecer;;;Meio de Quadra;;;0;1;0;0;0;1;0;0;0;0;0;0;-3,70654000000;-38,55951720000;mq_qgis
357724;21;3;2020;15:24;0;AV GAL OSORIO DE PAIVA;;;;;ColisÃ£o;Luz do Dia;;;Meio de Quadra;;;0;1;0;1;0;0;0;0;0;1;0;0;;;
357742;21;3;2020;17:51;0;AV PRS JUSCELINO KUBITSCHEK (PASSARÃ‰);;;5451;;ColisÃ£o;Anoitecer;;;Meio de Quadra;;;0;1;0;1;0;0;0;0;0;1;0;0;-3,82333800000;-38,53677900000;mq_match
357751;21;3;2020;19:16;0;RUA ITAQUERA;;;560;;Queda;;;;Meio de Quadra;;;0;1;0;0;0;1;0;0;0;0;0;0;-3,84005000000;-38,51149000000;mq_gpsv
357752;21;3;2020;19:24;0;RUA PINHO PESSOA;;;1480;;ColisÃ£o;;;;Meio de Quadra;;;0;2;0;0;0;0;0;0;0;1;0;0;-3,74590200000;-38,50854000000;mq_qgis