COD_ACIDENTE;DIA;MES;ANO;HORA;INTERSECAO;LOG1;LOG2;LOG3;NUMERO;REFERENCIA;NATUREZA;ILUMINACAO;TEMPO;SUPERFICIEPISTA;TIPOCRUZAMENTO;CONTROLETRAFEGO;USOSOLO;MORTOS;FERIDOS;ILESOS;AUTOMOVEL;ONIBUS;BICICLETA;CAMINHAO;MICROONIBUS;CICLOMOTOR;MOTOCICLETA;TRACAOANIMAL;TREM;LATITUDE;LONGITUDE;METODO
357753;21;3;2020;21:42;0;AV SANTOS DUMONT;;;955;;ColisÃ£o;;;;Meio de Quadra;;;0;1;0;1;0;0;0;0;0;1;0;0;-3,73076000000;-38,51496000000;mq_gpsv
357754;21;3;2020;23:26;0;AV SEN FERNANDES TAVORA;;;1262;;ColisÃ£o;;;;Meio de Quadra;;;0;1;0;0;0;0;0;0;0;0;0;0;-3,76111400000;-38,58418000000;mq_qgis
357755;21;3;2020;23:35;0;RUA STA ROSALIA;;;86;;ColisÃ£o;;;;Meio de Quadra;;;0;1;0;0;0;0;0;0;0;0;0;0;-3,83326623000;-38,50316950000;mq_qgis
357756;21;3;2020;23:56;0;RUA COM GARCIA;;;2480;;Queda;;;;Meio de Quadra;;;0;1;0;0;0;0;0;0;0;1;0;0;-3,78626000000;-38,57674000000;mq_gpsv
357697;21;3;2020;05:00;0;AV JOR THOMAZ COELHO;;;1680;;ColisÃ£o;Amanhecer;;;Meio de Quadra;;;0;1;0;0;0;0;0;0;0;0;0;0;-3,82959200000;-38,51044600000;mq_match
357698;21;3;2020;08:40;0;AV JOAO PESSOA;;;5609;;ColisÃ£o;Luz do Dia;;;Meio de Quadra;;;0;1;1;1;0;1;0;0;0;0;0;0;-3,75965100000;-38,55583000000;mq_match
357699;21;3;2020;12:16;0;RUA CON DE CASTRO;;;8826;;ColisÃ£o;Luz do Dia;;;Meio de Quadra;;;0;1;0;0;0;0;0;0;0;0;0;0;-3,82184670000;-38,60441600000;mq_match
357700;21;3;2020;12:21;0;AV ALM HENRIQUE SABOIA;;;;;Queda;Luz do Dia;;;Meio de Quadra;;;0;1;0;0;0;0;0;0;0;1;0;0;;;
357701;21;3;2020;14:46;0;AV DOS EXPEDICIONARIOS;;;;;ColisÃ£o;Luz do Dia;;;Meio de Quadra;;;0;1;0;1;0;0;0;0;0;1;0;0;;;
355891;21;3;2020;14:28;1450;RUA JOSE VILAR;RUA JOAO CARVALHO;;;;ColisÃ£o Transversal;Luz do Dia;Nublado;Seca;Cruz;SemÃ¡foro;Comercial;0;1;1;1;0;0;0;0;0;1;0;0;-3,73831800000;-38,50547700000;inter_match
355892;21;3;2020;13:23;22109;RUA GUSTAVO BRAGA;RUA MON FURTADO;;;;ColisÃ£o Transversal;Luz do Dia;Bom;Seca;Cruz;Pare;Residencial;0;1;1;0;0;0;0;0;0;1;0;0;-3,75047700000;-38,55320300000;inter_match
355893;21;3;2020;15:59;25069;AV DOS EXPEDICIONARIOS;RUA RAUL CABRAL;;;;Choque c/ ObstÃ¡culo Fixo;Luz do Dia;Bom;Seca;Cruz;SemÃ¡foro;Residencial;0;1;0;1;0;0;0;0;0;0;0;0;-3,76960900000;-38,54259000000;inter_match
355894;22;3;2020;19:22;0;AV SEN FERNANDES TAVORA;;;44;;Choque c/ ObstÃ¡culo Fixo;Via Iluminada;Bom;Seca;Meio de Quadra;Gesto;Comercial;0;1;0;0;0;0;0;0;0;0;0;0;-3,75379000000;-38,60561000000;mq_match
355895;22;3;2020;23:50;0;AV GOV RAUL BARBOSA;;;5598;;Choque c/ ObstÃ¡culo Fixo;Via Iluminada;Bom;Seca;Meio de Quadra;NÃ£o HÃ¡ Controle;Comercial;0;1;0;1;0;0;0;0;0;0;0;0;-3,76819650000;-38,50980000000;mq_match
357757;22;3;2020;05:23;0;AV SGT HERMINIO SAMPAIO;;;4207;;ColisÃ£o;Amanhecer;;;Meio de Quadra;;;0;1;0;1;0;0;0;0;0;0;0;0;-3,73087973000;-38,57764660000;mq_qgis
357758;22;3;2020;05:54;0;RUA TAVARES COUTINHO;;;2124;;Queda;Amanhecer;;;Meio de Quadra;;;0;1;0;0;0;0;0;0;0;1;0;0;-3,73247250000;-38,48441450000;mq_qgis
357775;22;3;2020;10:57;25345;RUA VITORIA (AV. PERIMETRAL);RUA PORTO VELHO;;;;ColisÃ£o;Luz do Dia;;;Cruz;SemÃ¡foro;Comercial;0;2;0;1;0;0;0;0;0;1;0;0;-3,76517000000;-38,58852800000;inter_match
357776;22;3;2020;11:53;0;AV ALBERTO CRAVEIRO;;;1175;;ColisÃ£o;Luz do Dia;;;Meio de Quadra;;;0;1;1;0;0;1;0;0;0;1;0;0;-3,79096800000;-38,51714900000;mq_qgis
357777;22;3;2020;12:14;0;AV 13 DE MAIO;;;1363;;ColisÃ£o;Luz do Dia;;;Meio de Quadra;;;0;1;0;1;0;0;0;0;0;1;0;0;-3,74800000000;-38,53089800000;mq_gpsv
357778;22;3;2020;15:11;0;AV ENG HUMBERTO MONTE;;;;;Queda;Luz do Dia;;;Meio de Quadra;;;0;1;0;0;0;0;0;0;0;1;0;0;;;
357779;22;3;2020;16:32;0;AV ALBERTO CRAVEIRO;;;;;ColisÃ£o;Luz do Dia;;;Meio de Quadra;;;0;1;0;0;0;0;0;0;0;0;0;0;;;
357780;22;3;2020;16:41;0;RUA BERNARDO MANUEL;;;7200;;Atropelamento;Luz do Dia;;;Meio de Quadra;;;0;1;0;0;0;0;0;0;0;0;0;0;-3,78126800000;-38,54607400000;mq_match
357781;22;3;2020;17:04;0;RUA EVILASIO A MIRANDA;;;1072;;ColisÃ£o;Anoitecer;;;Meio de Quadra;;;0;1;0;1;0;0;0;0;0;1;0;0;;;
357782;22;3;2020;20:22;0;RUA POMPILIO GOMES;;;1624;;ColisÃ£o;;;;Meio de Quadra;;;0;1;0;0;0;0;0;0;0;0;0;0;-3,82600791000;-38,52116520000;mq_qgis
357783;22;3;2020;22:03;0;AV SIQUEIRA CAMPOS;;;1061;;Queda;;;;Meio de Quadra;;;0;1;0;0;0;0;0;0;0;1;0;0;-3,81583300000;-38,62532700000;mq_match
357766;22;3;2020;06:59;0;AV GAL OSORIO DE PAIVA;;;5435;;Queda;Luz do Dia;;;Meio de Quadra;;;0;2;0;0;0;0;0;0;0;1;0;0;-3,80470800000;-38,60205900000;mq_match
357771;22;3;2020;09:41;12925;AV DOMINGOS OLIMPIO;AV AGUANAMBI;;;;Atropelamento;Luz do Dia;;;Cruz;SemÃ¡foro;Comercial;0;2;0;0;0;0;0;0;0;1;0;0;-3,73878740000;-38,52450000000;inter_match
357769;22;3;2020;08:32;0;RUA JOAQUIM MACHADO;;;281;;ColisÃ£o;Luz do Dia;;;Meio de Quadra;;;0;1;0;0;0;0;0;0;0;1;0;0;-3,86091375000;-38,49444800000;mq_qgis
356774;22;3;2020;20:15;15835;RUA CEL DIONISIO ALENCAR;RUA MANUEL CASTELO BRANCO;;;;ColisÃ£o;;;;Cruz;Pare;Residencial;0;0;2;1;0;0;0;0;0;0;0;0;-3,83297300000;-38,48828100000;inter_match
356775;22;3;2020;21:50;0;RUA URUCUTUBA;;;2169;;ColisÃ£o;;;;Meio de Quadra;;;0;0;2;1;0;0;0;0;0;0;0;0;-3,79872000000;-38,61630800000;mq_match
356776;22;3;2020;23:20;24990;AV PRS JUSCELINO KUBITSCHEK (PASSARÃ‰);AV PRS COSTA E SILVA;;;;ColisÃ£o;;;;T;SemÃ¡foro;Residencial;0;0;2;1;0;0;0;0;0;0;0;0;-3,82564800000;-38,53951600000;inter_match
356777;23;3;2020;17:10;15718;RUA CEL DIONISIO ALENCAR;RUA DR JOAQUIM BENTO;;;;ColisÃ£o;Anoitecer;;;Cruz;Pare;Residencial;0;2;0;0;0;0;0;0;1;1;0;0;-3,82826700000;-38,48641900000;inter_match
357791;23;3;2020;05:49;0;AV LINEU MACHADO;;;426;;ColisÃ£o;Amanhecer;;;Meio de Quadra;;;0;1;0;0;0;0;0;0;0;0;0;0;-3,76407700000;-38,57594100000;mq_match
357796;23;3;2020;06:43;0;RUA GUILHERME ALENCAR;;;791;;ColisÃ£o;Luz do Dia;;;Meio de Quadra;;;0;1;0;0;0;0;1;0;0;1;0;0;-3,83553000000;-38,49267000000;mq_gpsv
357797;23;3;2020;07:24;0;AV PERIMETRAL;;;1291;;ColisÃ£o;Luz do Dia;;;Meio de Quadra;;;0;1;0;1;0;0;0;0;0;1;0;0;;;
357798;23;3;2020;08:38;0;RUA CEL VIRGILIO NOGUEIRA (BOM JARDIM);;;1154;;ColisÃ£o;Luz do Dia;;;Meio de Quadra;;;0;1;0;0;0;0;0;0;0;0;0;0;-3,79420000000;-38,61047000000;mq_gpsv
357799;23;3;2020;09:53;0;RUA ANSELMO NOGUEIRA;;;534;;ColisÃ£o;Luz do Dia;;;Meio de Quadra;;;0;1;0;1;0;0;0;0;0;1;0;0;-3,78315311000;-38,58776570000;mq_qgis
357813;23;3;2020;22:40;0;AV DR SILAS MUNGUBA;;;;;ColisÃ£o;;;;Meio de Quadra;;;0;1;0;1;0;0;0;0;0;1;0;0;;;
357805;23;3;2020;12:50;15594;RUA MEM DE SA;RUA CEL JOAO OLIVEIRA;;;;ColisÃ£o;Luz do Dia;;;T;Pare;Residencial;0;1;0;1;0;0;0;0;0;1;0;0;-3,82324600000;-38,48478600000;inter_match
357806;23;3;2020;14:47;0;AV ABOLICAO;;;3790;;Atropelamento;Luz do Dia;;;Meio de Quadra;;;0;1;1;0;0;1;0;0;0;0;0;0;-3,72565250000;-38,48556400000;mq_match
357801;23;3;2020;10:22;0;RUA BORIS;;;;;Queda;Luz do Dia;;;Meio de Quadra;;;0;1;0;0;0;0;0;0;0;1;0;0;;;
357802;23;3;2020;11:26;16115;RUA ARTUR DE SOUZA;RUA ALBERTO SALES;;;;ColisÃ£o;Luz do Dia;;;;;;0;1;0;1;0;0;0;0;0;1;0;0;-3,82698000000;-38,57352000000;inter_gpsv
357793;23;3;2020;05:50;0;AV GODOFREDO MACIEL;;;4572;;Atropelamento;Amanhecer;;;Meio de Quadra;;;0;1;0;0;0;0;0;0;0;0;0;0;-3,81493300000;-38,57491100000;mq_match
355896;23;3;2020;16:07;3223;RUA VITAL BRASIL;RUA ARACA;;;;ColisÃ£o;Luz do Dia;Bom;Seca;Cruz;NÃ£o HÃ¡ Controle;Residencial;0;1;1;0;1;0;0;0;0;0;0;0;-3,78202900000;-38,58382500000;inter_match
355897;23;3;2020;16:28;0;AV JOVITA FEITOSA;RUA FRANCISCO HIPOLITO;;0;;NÃ£o Informado;Luz do Dia;Bom;Seca;T;Pare;Comercial;0;1;1;1;0;0;0;0;0;1;0;0;-3,73868000000;-38,55044000000;inter_gpsv
355898;23;3;2020;21:38;22076;RUA FRE MARCELINO;RUA ANTONIO MARTINS;;;;ColisÃ£o Transversal;Via Iluminada;Bom;Seca;Cruz;Pare;Residencial;0;1;1;1;0;0;0;0;0;1;0;0;-3,75002800000;-38,55811400000;inter_match
355899;24;3;2020;07:32;1605;AV DES MOREIRA;RUA BENI DE CARVALHO;;;;ColisÃ£o Transversal;Luz do Dia;Bom;Seca;Cruz;SemÃ¡foro;Comercial;0;1;2;1;0;0;0;0;0;0;0;0;-3,74409800000;-38,50087700000;inter_match
355900;24;3;2020;11:18;0;AV ALBERTO CRAVEIRO;RUA 1 DE ABRIL UI 408;;;;ColisÃ£o Transversal;Luz do Dia;Bom;Seca;Meio de Quadra;Pare;Comercial;0;1;1;0;0;0;1;0;0;1;0;0;-3,80392000000;-38,52225000000;inter_gpsv
355901;24;3;2020;16:04;24261;RUA MANUEL JESUINO;RUA REPUBLICA DO LIBANO;;;;Queda;Luz do Dia;Bom;Seca;Cruz;Pare;Residencial;0;1;1;1;0;0;0;0;0;1;0;0;-3,73360300000;-38,48491300000;inter_match
357941;24;3;2020;14:57;0;RUA PERNAMBUCO;;;1941;;Queda;Luz do Dia;;;Meio de Quadra;;;0;1;0;0;0;0;0;0;0;1;0;0;-3,75478480000;-38,57444400000;mq_match
357943;24;3;2020;15:52;0;RUA JOSE HIPOLITO;;;3235;;ColisÃ£o;Luz do Dia;;;Meio de Quadra;;;0;1;0;1;0;0;0;0;0;1;0;0;;;
357944;24;3;2020;16:11;2769;RUA OSCAR FRANCA;RUA RAIMUNDO PINHEIRO;;;;ColisÃ£o;Luz do Dia;;;Cruz;Pare;Residencial;0;1;0;1;0;0;0;0;0;1;0;0;-3,79241400000;-38,59809100000;inter_match
357945;24;3;2020;19:47;0;RD BR 116;;;;KM-15;Queda;;;;Meio de Quadra;;;0;1;0;0;0;1;0;0;0;0;0;0;-3,88232900000;-38,50111300000;rod_match
357946;24;3;2020;19:48;0;RUA TULIPA;;;424;;ColisÃ£o;;;;Meio de Quadra;;;0;1;0;0;0;0;0;0;0;0;0;0;-3,71428516000;-38,57947730000;mq_qgis
357947;24;3;2020;21:16;5140;RUA TEN BENEVOLO;AV DOM MANUEL;;;;ColisÃ£o;;;;Cruz;SemÃ¡foro;Comercial;0;1;0;1;0;0;0;0;0;0;0;0;-3,72454000000;-38,51988800000;inter_match
357932;24;3;2020;01:00;0;AV WASHINGTON SOARES;;;;;ColisÃ£o;;;;Meio de Quadra;;;1;0;1;1;0;0;0;0;0;1;0;0;-3,75697900000;-38,49084100000;fat_match
356704;24;3;2020;15:15;0;RD BR 116;;;7000;KM-07;ColisÃ£o;Luz do Dia;Bom;;Meio de Quadra;;;0;1;1;0;0;0;1;0;0;1;0;0;-3,78627635900;-38,51156140000;rod_match
356778;25;3;2020;09:40;0;AV JOAO PESSOA;;;5834;;Atropelamento;Luz do Dia;;;Meio de Quadra;;;0;1;1;0;1;0;0;0;0;0;0;0;-3,76174700000;-38,55753500000;mq_qgis
357951;25;3;2020;11:35;0;RUA BENTO ALBUQUERQUE;;;2062;;Acidente Pessoal;Luz do Dia;;;Meio de Quadra;;;0;1;0;1;0;0;0;0;0;0;0;0;-3,74756400000;-38,47134700000;mq_qgis
357952;25;3;2020;12:24;0;AV DR SILAS MUNGUBA;;;3090;;ColisÃ£o;Luz do Dia;;;Meio de Quadra;;;0;1;1;1;0;1;0;0;0;0;0;0;-3,78840600000;-38,54596100000;mq_qgis
357953;25;3;2020;16:08;0;AV ALANIS MARIA LAURINDO DE OLIVEIRA;;;147;;Atropelamento;Luz do Dia;;;Meio de Quadra;;;0;1;0;0;0;0;0;0;0;1;0;0;-3,77063000000;-38,60906000000;mq_gpsv
357954;25;3;2020;17:30;0;RUA LEONARDO MOTA;;;1200;;ColisÃ£o;Anoitecer;;;Meio de Quadra;;;0;1;0;1;0;0;0;0;0;1;0;0;-3,73657200000;-38,49630100000;mq_qgis
357955;25;3;2020;18:51;0;RUA VILA LOBOS;;;430;;Queda;;;;Meio de Quadra;;;0;1;0;0;0;1;0;0;0;0;0;0;-3,77182692000;-38,55968390000;mq_qgis
357956;25;3;2020;19:27;0;AV JOR THOMAZ COELHO;;;1672;;ColisÃ£o;;;;Meio de Quadra;;;0;1;0;1;0;0;0;0;0;1;0;0;-3,82960400000;-38,51027700000;mq_match
357948;25;3;2020;00:47;0;RUA SOUSA PINTO;;;518;;ColisÃ£o;;;;Meio de Quadra;;;0;1;0;0;0;0;0;0;0;0;0;0;-3,76263400000;-38,51439900000;mq_match
357949;25;3;2020;10:48;0;RUA TAINA PIRES;;;2180;;ColisÃ£o;Luz do Dia;;;Meio de Quadra;;;0;1;0;1;0;0;0;0;0;1;0;0;-3,81538000000;-38,57875000000;mq_gpsv
355903;25;3;2020;19:53;0;AV COS GOMES DE FREITAS (SAPIRANGA/COITE);;;4000;;ColisÃ£o Transversal;Via Iluminada;Bom;Seca;Meio de Quadra;Pare;Residencial;0;2;0;0;0;0;0;0;0;1;0;0;-3,79497700000;-38,47147300000;mq_qgis
358139;25;3;2020;21:03;0;RUA BERNARDO MANUEL;;;9403;;Queda;;;;Meio de Quadra;;;0;1;0;0;0;0;0;0;0;1;0;0;-3,80263206300;-38,55261541000;mq_match
358140;26;3;2020;02:37;0;RUA VITAL BRASIL;;;656;;Atropelamento;;;;Meio de Quadra;;;0;1;0;0;0;0;0;0;0;0;0;0;-3,78118000000;-38,58698000000;mq_gpsv
358141;26;3;2020;04:25;0;RUA STA LIDUINA D42;;;119;;Atropelamento;;;;Meio de Quadra;;;0;1;0;1;0;0;0;0;0;0;0;0;-3,79902989000;-38,58507270000;mq_qgis
358142;26;3;2020;07:51;0;RUA AMERICO FACO;;;83;;Queda;Luz do Dia;;;Meio de Quadra;;;0;1;0;0;0;0;0;0;0;1;0;0;-3,74942615000;-38,56759430000;mq_qgis
358143;26;3;2020;08:26;0;RUA BENTO ALBUQUERQUE;;;;;ColisÃ£o;Luz do Dia;;;Meio de Quadra;;;0;2;0;0;0;0;0;0;0;1;0;0;;;
358144;26;3;2020;08:57;0;AV FRE CIRILO;;;;;Queda;Luz do Dia;;;Meio de Quadra;;;0;1;0;0;0;0;0;0;0;1;0;0;;;
358145;26;3;2020;12:06;0;AV DOLOR BARREIRA;;;502;;ColisÃ£o;Luz do Dia;;;Meio de Quadra;;;0;1;0;0;0;0;0;0;0;1;0;0;-3,72922900000;-38,47263600000;mq_qgis
358146;26;3;2020;12:38;791;RUA CAP OLAVO;RUA TEN JAIME ANDRADE;;;;ColisÃ£o;Luz do Dia;;;;;;0;1;0;1;0;0;0;0;0;1;0;0;-3,77121000000;-38,51376000000;inter_gpsv
358147;26;3;2020;14:31;13124;AV I CJ JOSE WALTER;AV C CJ JOSE WALTER;;;;Queda;Luz do Dia;;;T;NÃ£o HÃ¡ Controle;Residencial;0;1;0;0;0;0;0;0;0;1;0;0;-3,82982400000;-38,55216100000;inter_match
358149;26;3;2020;14:57;11668;RUA PRO HERIBALDO COSTA;RUA CACILDA BECKER;;;;Queda;Luz do Dia;;;Cruz;Pare;Residencial;0;1;0;0;0;0;0;0;0;1;0;0;-3,77071500000;-38,58946400000;inter_match
358150;26;3;2020;19:25;0;RUA GONCALO SOUTO;;;192;;ColisÃ£o;;;;Meio de Quadra;;;0;1;0;1;0;0;0;0;0;1;0;0;-3,76762600000;-38,53033600000;mq_qgis
358151;26;3;2020;19:38;12577;AV MAJ ASSIS;RUA PDE TEODORO (QUNTINO CUNHA);;;;Atropelamento;;;;Cruz;Pare;;0;1;1;1;0;1;0;0;0;0;0;0;-3,72322100000;-38,59052600000;inter_match
358152;26;3;2020;19:47;0;AV ANTONIO JUSTA;;;30;;ColisÃ£o;;;;Meio de Quadra;;;0;1;0;1;0;0;0;0;0;1;0;0;-3,72906000000;-38,49032000000;mq_gpsv
358153;26;3;2020;19:57;0;AV GOV RAUL BARBOSA;;;;;ColisÃ£o;;;;Meio de Quadra;;;0;1;1;1;0;1;0;0;0;0;0;0;;;
358154;26;3;2020;20:17;0;RUA URUCUTUBA;;;144;;Atropelamento;;;;Meio de Quadra;;;0;1;0;1;0;0;0;0;0;0;0;0;-3,79830892000;-38,59717950000;mq_qgis
358155;26;3;2020;22:00;0;RUA PDE PEDRO DE ALENCAR;;;1091;;ColisÃ£o;;;;Meio de Quadra;;;1;0;1;0;1;0;0;0;0;1;0;0;-3,83711455700;-38,49416873500;mq_match
358156;26;3;2020;22:21;0;RUA POMPILIO GOMES;;;1767;;Atropelamento;;;;Meio de Quadra;;;0;1;0;1;0;0;0;0;0;0;0;0;-3,82727400000;-38,52121400000;mq_qgis
358158;26;3;2020;23:32;0;RUA TEODORO CABRAL;;;729;;Queda;;;;Meio de Quadra;;;0;1;0;0;0;0;0;0;0;1;0;0;-3,71506000000;-38,56630000000;mq_gpsv
355904;26;3;2020;14:44;1303;AV DOM LUIS;RUA BARBOSA DE FREITAS;;;;ColisÃ£o Transversal;Luz do Dia;Bom;Seca;Cruz;SemÃ¡foro;Comercial;0;1;1;1;0;0;0;0;0;1;0;0;-3,73356400000;-38,49639600000;inter_match
355902;26;3;2020;07:47;5255;AV TRISTAO GONCALVES;RUA PEDRO PEREIRA;;;;ColisÃ£o Transversal;Luz do Dia;Bom;Seca;Cruz;SemÃ¡foro;Comercial;0;1;1;0;0;0;0;0;0;1;0;0;-3,72807500000;-38,53348900000;inter_match
355992;26;3;2020;16:20;0;AV SEN CARLOS JEREISSATI (AEROPORTO);;;;KM 01;ColisÃ£o;Luz do Dia;;Seca;Meio de Quadra;;;0;2;1;1;0;0;0;0;0;1;0;0;-3,78375300000;-38,52685000000;rod_match
355993;26;3;2020;21:00;0;RD CE-060;;;6348;KM-03;ColisÃ£o;;;Seca;Meio de Quadra;;;0;1;2;0;0;0;0;0;0;1;0;0;-3,84303800000;-38,58513300000;rod_match
356797;26;3;2020;14:40;19137;RUA BATISTA DE OLIVEIRA;RUA ANDRE DALL OLIO;;;;ColisÃ£o;Luz do Dia;;;Cruz;Pare;Residencial;0;1;1;1;0;1;0;0;0;0;0;0;-3,73919000000;-38,47745400000;inter_match
356705;26;3;2020;09:10;0;RD BR 116;;;7000;KM-07;Queda;Luz do Dia;Bom;Seca;Meio de Quadra;;;0;1;0;0;0;0;0;0;0;1;0;0;-3,78627635900;-38,51156140000;rod_match
356706;26;3;2020;16:15;0;RD BR 116;;;5000;KM-05;Choque c/ ObstÃ¡culo Fixo;Luz do Dia;Bom;Seca;Meio de Quadra;;;0;0;2;0;0;0;0;0;0;0;0;0;-3,79650200000;-38,50678700000;rod_match
356707;26;3;2020;21:50;0;RD BR 116;;;3000;KM-03;Queda;;Nublado;Seca;Meio de Quadra;;;0;1;0;0;0;0;0;0;0;1;0;0;-3,77983800000;-38,51437200000;rod_match
356801;27;3;2020;22:15;0;RUA JOSE VILAR;;;461;;ColisÃ£o;;;;Meio de Quadra;;;0;1;1;1;0;0;0;0;0;1;0;0;-3,72864000000;-38,50231000000;mq_gpsv
356803;27;3;2020;00:48;0;RUA PDE PEDRO DE ALENCAR;;;;;ColisÃ£o;;;;Meio de Quadra;;;0;0;2;0;1;0;0;0;0;0;0;0;;;
355994;27;3;2020;07:30;0;RD CE-040;;;;KM-10;ColisÃ£o;Luz do Dia;;;Meio de Quadra;;;0;0;2;1;0;0;0;0;0;1;0;0;-3,84257666000;-38,48088284000;rod_match
355995;27;3;2020;16:30;0;AV SEN CARLOS JEREISSATI (AEROPORTO);;;;KM 01;ColisÃ£o;Luz do Dia;;Seca;Meio de Quadra;;;0;0;2;1;0;0;0;0;0;0;0;0;-3,78375300000;-38,52685000000;rod_match
355905;27;3;2020;06:42;0;AV ENG SANTANA JUNIOR;;;0;;Capotamento;Amanhecer;Bom;Molhada;Outros;NÃ£o HÃ¡ Controle;Residencial;0;1;0;1;0;0;0;0;0;0;0;0;-3,75197100000;-38,49054300000;mq_match
355906;27;3;2020;10:05;0;RUA CON DE CASTRO;;;1230;;ColisÃ£o Lateral;Luz do Dia;Nublado;Seca;Meio de Quadra;NÃ£o HÃ¡ Controle;Residencial;0;1;1;1;0;1;0;0;0;0;0;0;-3,78297350000;-38,57155900000;mq_match
355907;27;3;2020;16:00;0;RUA DES FELIX CANDIDO;;;1479;;Atropelamento;Luz do Dia;Bom;Seca;Meio de Quadra;NÃ£o HÃ¡ Controle;Residencial;1;0;1;0;0;0;0;0;0;0;0;0;-3,77798050000;-38,58226420000;mq_qgis
358159;27;3;2020;00:10;0;RUA DO MATADOURO;;;50;;Atropelamento;;;;Meio de Quadra;;;0;1;0;1;0;0;0;0;0;0;0;0;-3,79802000000;-38,54452000000;mq_gpsv
358160;27;3;2020;07:44;0;AV WASHINGTON SOARES;;;11140;;ColisÃ£o;Luz do Dia;;;Meio de Quadra;;;0;1;0;1;0;0;0;0;0;1;0;0;-3,84551600000;-38,47954500000;mq_match
358161;27;3;2020;08:05;0;AV GAL OSORIO DE PAIVA;;;4643;;ColisÃ£o;Luz do Dia;;;Meio de Quadra;;;0;1;0;1;0;0;0;0;0;1;0;0;-3,79960650000;-38,59710200000;mq_qgis
358163;27;3;2020;13:06;0;AV WASHINGTON SOARES;;;10521;;Queda;Luz do Dia;;;Meio de Quadra;;;0;1;0;0;0;0;0;0;0;1;0;0;-3,84055000000;-38,47989000000;mq_gpsv
358164;27;3;2020;13:53;348;RUA PRO LINO ENCARNACAO;RUA CESAR FONTENELE;;;;ColisÃ£o;Luz do Dia;;;Cruz;Pare;Residencial;0;1;0;0;0;0;0;0;0;0;0;0;-3,74635900000;-38,55959600000;inter_match
358165;27;3;2020;14:48;0;AV JANGADEIROS (MUCURIPE);;;543;;ColisÃ£o;Luz do Dia;;;Meio de Quadra;;;0;1;0;0;0;0;0;0;0;0;0;0;-3,72338600000;-38,47697700000;mq_qgis
358166;27;3;2020;15:36;0;RD BR 116;;;;;ColisÃ£o;Luz do Dia;;;Meio de Quadra;;;0;1;0;1;0;0;0;0;0;1;0;0;;;
358212;27;3;2020;16:44;0;RD BR 116;;;11000;KM-11;ColisÃ£o;Luz do Dia;;;Meio de Quadra;;;0;1;0;0;0;0;0;0;0;1;0;0;-3,84716000000;-38,49717600000;rod_match
358213;27;3;2020;16:50;0;AV GODOFREDO MACIEL;;;5833;;ColisÃ£o;Luz do Dia;;;Meio de Quadra;;;0;1;0;1;0;0;0;0;0;1;0;0;-3,82540500000;-38,57915700000;mq_match
358214;27;3;2020;18:42;13592;RUA PRO CARVALHO;AV PONTES VIEIRA;;;;ColisÃ£o;;;;Cruz;SemÃ¡foro;Comercial;0;1;0;1;0;0;0;0;0;1;0;0;-3,75289000000;-38,51494900000;inter_match
358215;27;3;2020;20:25;0;RUA RIO TOCANTINS;;;1456;;ColisÃ£o;;;;Meio de Quadra;;;0;1;0;0;0;0;0;0;0;1;0;0;-3,72818320000;-38,58163380000;mq_qgis
358216;27;3;2020;22:09;15326;AV BAR STUDART;RUA PEREIRA FILGUEIRAS;;;;Atropelamento;;;;Cruz;SemÃ¡foro;Comercial;0;1;0;0;0;0;0;0;0;1;0;0;-3,73081000000;-38,50536100000;inter_match
358217;27;3;2020;22:31;0;AV DR SILAS MUNGUBA;;;1518;;ColisÃ£o;;;;Meio de Quadra;;;0;2;0;1;0;0;0;0;0;1;0;0;-3,78385700000;-38,55397400000;mq_match
358218;28;3;2020;06:43;0;RUA PRO HERIBALDO COSTA;;;1358;;Queda;Luz do Dia;;;Meio de Quadra;;;0;1;0;0;0;0;0;0;0;1;0;0;-3,76337700000;-38,58563400000;mq_qgis
358219;28;3;2020;12:05;0;ET SIQUEIRA;;;193;;ColisÃ£o;Luz do Dia;;;Meio de Quadra;;;0;1;0;1;0;0;0;0;0;1;0;0;-3,81360400000;-38,58533700000;mq_match
358220;28;3;2020;12:35;0;AV GODOFREDO MACIEL;;;6400;;ColisÃ£o;Luz do Dia;;;Meio de Quadra;;;0;1;0;1;0;0;0;0;0;1;0;0;-3,83272268000;-38,58151704000;mq_match
358221;28;3;2020;13:21;5721;RUA CHICO LEMOS;RUA JOAO LEONEL;;;;ColisÃ£o;Luz do Dia;;;Cruz;Pare;Residencial;0;1;0;1;0;0;0;0;0;1;0;0;-3,79938000000;-38,49549000000;inter_gpsv
358222;28;3;2020;13:49;0;RUA ANTERO QUENTAL;;;1625;;Queda;Luz do Dia;;;Meio de Quadra;;;0;1;0;0;0;0;0;0;0;1;0;0;;;
358223;28;3;2020;14:03;0;RUA XV CIDADE OESTE;;;107;;Queda;Luz do Dia;;;Meio de Quadra;;;0;1;0;0;0;1;0;0;0;0;0;0;-3,72944225000;-38,59612910000;mq_qgis
358224;28;3;2020;14:16;0;AV FRANCISCO SA;;;5481;;Queda;Luz do Dia;;;Meio de Quadra;;;0;1;0;0;0;0;0;0;0;1;0;0;-3,71194900000;-38,57331300000;mq_match
358225;28;3;2020;15:08;9816;RUA TRES CORACOES;RUA XAVIER DA SILVEIRA;;;;ColisÃ£o;Luz do Dia;;;;;;0;1;0;1;0;0;0;0;0;1;0;0;-3,79257000000;-38,61164000000;inter_gpsv