COD_ACIDENTE;DIA;MES;ANO;HORA;INTERSECAO;LOG1;LOG2;LOG3;NUMERO;REFERENCIA;NATUREZA;ILUMINACAO;TEMPO;SUPERFICIEPISTA;TIPOCRUZAMENTO;CONTROLETRAFEGO;USOSOLO;MORTOS;FERIDOS;ILESOS;AUTOMOVEL;ONIBUS;BICICLETA;CAMINHAO;MICROONIBUS;CICLOMOTOR;MOTOCICLETA;TRACAOANIMAL;TREM;LATITUDE;LONGITUDE;METODO
358226;28;3;2020;15:14;0;RUA MOZART FIRMEZA;;;597;;ColisÃ£o;Luz do Dia;;;Meio de Quadra;;;0;1;0;1;0;0;0;0;0;1;0;0;-3,76810000000;-38,57359000000;mq_gpsv
358227;28;3;2020;17:07;6745;RUA PRO OTAVIO LOBO;RUA BENTO ALBUQUERQUE;;;;ColisÃ£o;Anoitecer;;;Cruz;SemÃ¡foro;Residencial;0;1;0;1;0;0;0;0;0;0;0;0;-3,74503500000;-38,47919600000;inter_match
358228;28;3;2020;18:07;0;AV GODOFREDO MACIEL;;;5200;;ColisÃ£o;Anoitecer;;;Meio de Quadra;;;0;1;0;0;0;0;0;0;0;0;0;0;-3,81960500000;-38,57706500000;mq_match
358229;28;3;2020;21:45;0;AV DR THEBERGE;;;1640;;ColisÃ£o;;;;Meio de Quadra;;;0;1;0;1;0;0;0;0;0;1;0;0;-3,71561296700;-38,56526813000;mq_match
358230;28;3;2020;23:30;0;AV WASHINGTON SOARES;;;;;Queda;;;;Meio de Quadra;;;0;1;0;0;0;1;0;0;0;0;0;0;;;
358231;28;3;2020;23:41;19469;AV AUGUSTO DOS ANJOS;AV GAL OSORIO DE PAIVA;;;;Queda;;;;Outros;SemÃ¡foro;Comercial;0;1;0;0;0;0;0;0;0;1;0;0;-3,78734900000;-38,58493900000;inter_match
355908;28;3;2020;19:00;1309;RUA ILDEFONSO ALBANO;RUA FIUZA DE PONTES;;;;ColisÃ£o;Via Iluminada;Bom;Seca;Cruz;Pare;Comercial;0;0;2;1;0;0;0;0;0;1;0;0;-3,73472200000;-38,51367200000;inter_match
356804;28;3;2020;18:15;3238;RUA ANSELMO NOGUEIRA;RUA PRIMEIRO DE MAIO D34;;;;ColisÃ£o;Anoitecer;;;Cruz;Pare;Comercial;0;2;0;0;0;0;0;0;0;1;0;0;-3,78310800000;-38,58775300000;inter_match
356808;29;3;2020;13:46;12509;AV LINEU MACHADO;RUA ARARIPE MACEDO;;;;ColisÃ£o;Luz do Dia;;;Cruz;Pare;Residencial;0;1;1;0;1;0;0;0;0;0;0;0;-3,77138600000;-38,57970400000;inter_match
355909;29;3;2020;02:33;0;AV BENJAMIM BRASIL;;;1091;;Choque c/ ObstÃ¡culo Fixo;NÃ£o Informado;Chuva;NÃ£o informada;Meio de Quadra;Gesto;NÃ£o Informado;0;1;0;0;0;0;0;0;0;1;0;0;-3,80548700000;-38,56500600000;mq_qgis
355910;29;3;2020;07:26;25065;RUA JULIO DA SILVEIRA;AV DOS EXPEDICIONARIOS;;;;Choque c/ ObstÃ¡culo Fixo;Via Iluminada;Bom;Seca;Cruz;Pare;Comercial;0;1;0;1;0;0;0;0;0;0;0;0;-3,75833100000;-38,53918100000;inter_match
355911;29;3;2020;10:30;0;RUA TAUBATE;;;169;;Choque c/ ObstÃ¡culo Fixo;Luz do Dia;Bom;Seca;Meio de Quadra;NÃ£o HÃ¡ Controle;Residencial;0;1;0;1;0;0;0;0;0;0;0;0;-3,77286281000;-38,59668310000;mq_qgis
355912;29;3;2020;18:00;0;AV SEN FERNANDES TAVORA;;;97;;Choque c/ ObstÃ¡culo Fixo;Anoitecer;Bom;Seca;Meio de Quadra;NÃ£o HÃ¡ Controle;Comercial;0;2;0;0;1;0;0;0;0;0;0;0;-3,76802000000;-38,57239900000;mq_match
355913;29;3;2020;22:00;0;AV GAL OSORIO DE PAIVA;;;3951;;ColisÃ£o Lateral;Via Iluminada;Bom;Seca;Outros;NÃ£o HÃ¡ Controle;Comercial;0;2;0;0;0;0;0;0;0;1;0;0;-3,79248500000;-38,59015300000;mq_match
355914;29;3;2020;22:04;0;RUA PRO GOMES BRASIL;RUA JOAQUIM MOREIRA D36;;0;;NÃ£o Informado;Via Iluminada;Bom;Seca;Outros;NÃ£o HÃ¡ Controle;Lazer;0;0;2;1;0;0;0;0;0;0;0;0;-3,77050000000;-38,57029000000;inter_gpsv
355996;29;3;2020;03:40;0;AV MIN JOSE AMERICO;;;;;Choque c/ ObstÃ¡culo Fixo;;;Seca;Meio de Quadra;;;0;0;1;1;0;0;0;0;0;0;0;0;;;
355997;29;3;2020;19:30;0;AV MIN JOSE AMERICO;;;;;ColisÃ£o;;;Seca;Meio de Quadra;;;0;1;1;1;0;0;0;0;0;0;0;0;;;
358232;29;3;2020;00:19;0;RUA MARTINS CARVALHO;;;1983;;Queda;;;;Meio de Quadra;;;0;1;0;0;0;0;0;0;0;1;0;0;-3,79309316000;-38,61236480000;mq_qgis
358233;29;3;2020;06:15;0;RUA DELMIRO FARIAS;;;1501;;Queda;Luz do Dia;;;Meio de Quadra;;;0;1;0;0;0;0;0;0;0;1;0;0;-3,74686700000;-38,55129200000;mq_qgis
358234;29;3;2020;07:01;0;AV ALBERTO CRAVEIRO;;;507;;ColisÃ£o;Luz do Dia;;;Meio de Quadra;;;0;1;0;1;0;0;0;0;0;1;0;0;-3,78259100000;-38,51647600000;mq_match
358246;29;3;2020;18:23;0;AV MR HULL;;;;;ColisÃ£o;Anoitecer;;;Meio de Quadra;;;0;1;0;0;0;0;0;0;0;1;0;0;;;
358247;29;3;2020;20:30;7873;AV PONTES VIEIRA;RUA BARBOSA DE FREITAS;;;;ColisÃ£o;;;;Cruz;SemÃ¡foro;Comercial;0;2;0;0;0;0;0;0;0;1;0;0;-3,75138100000;-38,50209400000;inter_match
358248;29;3;2020;20:36;0;AV CEL CARVALHO;;;968;;Choque c/ ObstÃ¡culo Fixo;;;;Meio de Quadra;;;1;0;0;0;0;0;0;0;0;1;0;0;-3,71071800000;-38,58963300000;mq_match
358249;29;3;2020;21:21;0;AV PRS CASTELO BRANCO;;;;;Queda;;;;Meio de Quadra;;;0;1;0;0;0;0;0;0;0;1;0;0;;;
358250;29;3;2020;21:47;0;AV GAL OSORIO DE PAIVA;;;6421;;ColisÃ£o;;;;Meio de Quadra;;;0;1;0;1;0;0;0;0;0;1;0;0;-3,81189000000;-38,60886000000;mq_gpsv
358251;29;3;2020;22:52;26073;AV JOSE JATAHY;AV FRANCISCO SA;;;;Atropelamento;;;;Cruz;SemÃ¡foro;Residencial;0;1;0;0;0;0;0;0;0;0;0;0;-3,72087600000;-38,54678730000;inter_match
358252;29;3;2020;23:06;9132;AV 13 DE MAIO;RUA JAIME BENEVOLO;;;;ColisÃ£o;;;;Cruz;SemÃ¡foro;Comercial;0;1;0;0;0;0;0;0;0;1;0;0;-3,74812200000;-38,53074100000;inter_match
358240;29;3;2020;13:22;0;AV CARNEIRO DE MENDONCA;;;572;;Atropelamento;Luz do Dia;;;Meio de Quadra;;;0;1;0;1;0;0;0;0;0;0;0;0;-3,76522633000;-38,56456600000;mq_qgis
358244;29;3;2020;13:40;12509;RUA ARARIPE MACEDO;AV LINEU MACHADO;;;;Atropelamento;Luz do Dia;;;Cruz;Pare;Residencial;0;1;0;0;0;0;0;0;0;0;0;0;-3,77138600000;-38,57970400000;inter_match
358264;30;3;2020;18:57;25863;AV CESAR CALS;RUA VIS CAIRU;;;;ColisÃ£o;;;;Cruz;Pare;Comercial;0;1;0;1;0;0;0;0;0;0;0;0;-3,72559480000;-38,46229000000;inter_match
358266;30;3;2020;18:59;26255;AV HIS RAIMUNDO GIRAO;RUA HIS GUARINO ALVES;;;;ColisÃ£o;;;;Cruz;Pare;Residencial;0;1;0;0;0;0;0;0;0;0;0;0;-3,72039510000;-38,51461380000;inter_match
358253;30;3;2020;06:47;0;AV OLIVEIRA PAIVA;;;;;Queda;Luz do Dia;;;Meio de Quadra;;;0;1;0;0;0;0;0;0;0;1;0;0;;;
358254;30;3;2020;08:20;5433;RUA MAJ FACUNDO;RUA METON DE ALENCAR;;;;ColisÃ£o;Luz do Dia;;;Cruz;Pare;Comercial;0;1;0;1;0;0;0;0;0;1;0;0;-3,73391700000;-38,52989900000;inter_match
358255;30;3;2020;10:25;0;RUA JOSE HIPOLITO;;;1400;;ColisÃ£o;Luz do Dia;;;Meio de Quadra;;;0;2;0;1;0;0;0;0;0;1;0;0;-3,83740200000;-38,48278700000;mq_qgis
358256;30;3;2020;10:31;0;AV JOSE TAVARES;;;1800;;ColisÃ£o;Luz do Dia;;;Meio de Quadra;;;0;1;0;1;0;0;0;0;0;1;0;0;;;
358257;30;3;2020;11:05;0;AV GAL OSORIO DE PAIVA;;;4789;;ColisÃ£o;Luz do Dia;;;Meio de Quadra;;;0;1;0;1;0;0;0;0;0;1;0;0;-3,80086200000;-38,59832200000;mq_match
358258;30;3;2020;14:58;0;AV BORGES DE MELO;;;;;Queda;Luz do Dia;;;Meio de Quadra;;;0;1;0;0;0;1;0;0;0;0;0;0;;;
358259;30;3;2020;15:06;0;AV MR HULL;;;;;Queda;Luz do Dia;;;Meio de Quadra;;;0;1;0;0;0;0;0;0;0;1;0;0;;;
358260;30;3;2020;16:23;0;RUA SILVINHA TELES D69;;;429;;ColisÃ£o;Luz do Dia;;;Meio de Quadra;;;0;1;0;1;0;0;0;0;0;1;0;0;-3,84859861000;-38,52639410000;mq_qgis
358261;30;3;2020;16:41;0;RUA 10 (CJ JOAO PAULO II);;;345;;Atropelamento;Luz do Dia;;;Meio de Quadra;;;0;1;0;0;0;0;0;0;0;1;0;0;;;
358262;30;3;2020;18:55;10406;RUA PERILIO TEIXEIRA;AV GENIBAU;;;;ColisÃ£o;;;;Cruz;Pare;Comercial;0;1;0;1;0;0;0;0;0;1;0;0;-3,76037300000;-38,60205000000;inter_match
358268;30;3;2020;23:05;0;AV GENIBAU;;;790;;ColisÃ£o;;;;Meio de Quadra;;;0;2;0;1;0;0;0;0;0;1;0;0;-3,76039520000;-38,60189920000;mq_match
355998;30;3;2020;07:23;0;AV SEN CARLOS JEREISSATI (AEROPORTO);;;;KM 02;Atropelamento;Luz do Dia;;Seca;Meio de Quadra;;;0;1;1;0;0;0;0;0;0;1;0;0;-3,78219400000;-38,53542400000;rod_match
355915;30;3;2020;11:01;0;RUA GURGEL DO AMARAL;;;1400;;ColisÃ£o Frontal;Luz do Dia;Nublado;Seca;T;Pare;Comercial;0;1;1;0;0;0;0;0;0;0;0;0;-3,83675270000;-38,48407510000;mq_gpsv
355916;30;3;2020;15:15;17277;AV PRO GOMES DE MATOS;RUA SATIRO DIAS;;0;;ColisÃ£o Transversal;Luz do Dia;Nublado;Molhada;Cruz;SemÃ¡foro;Comercial;0;1;1;1;0;0;0;0;0;1;0;0;-3,76262300000;-38,54686800000;inter_match
355917;30;3;2020;16:01;0;AV BORGES DE MELO;;;1961;GRESSE;ColisÃ£o;Luz do Dia;Nublado;Seca;Meio de Quadra;NÃ£o HÃ¡ Controle;Comercial;0;0;2;0;1;1;0;0;0;0;0;0;-3,75485100000;-38,53597600000;mq_qgis
355918;30;3;2020;20:15;0;RUA CRISANTO ARRUDA;;;785;;ColisÃ£o Frontal;Via Iluminada;Nublado;Molhada;Meio de Quadra;NÃ£o HÃ¡ Controle;Residencial;0;0;2;1;0;0;0;0;0;1;0;0;;;
355919;31;3;2020;15:20;5392;RUA NOGUEIRA ACIOLI;RUA PINTO MADEIRA;;0;;ColisÃ£o Transversal;Luz do Dia;Nublado;Molhada;Cruz;Pare;Comercial;0;1;1;1;0;0;0;0;0;0;0;0;-3,73229200000;-38,51755900000;inter_match
355920;31;3;2020;15:45;0;AV SANTOS DUMONT;;;7777;;ColisÃ£o Lateral;Luz do Dia;Chuva;Molhada;Meio de Quadra;NÃ£o HÃ¡ Controle;Residencial;0;1;2;1;0;0;0;0;0;1;0;0;-3,74908000000;-38,45816000000;mq_gpsv
356007;31;3;2020;10:30;0;RD CE-040;;;;KM-01;Choque c/ ObstÃ¡culo Fixo;Luz do Dia;;Molhada;Meio de Quadra;;;0;0;2;1;0;0;1;0;0;0;0;0;-3,76465044900;-38,48258304000;rod_match
356002;31;3;2020;10:00;0;RD CE-040;;;;KM-02;ColisÃ£o;Luz do Dia;;Molhada;Meio de Quadra;;;0;0;1;1;0;0;0;0;0;0;0;0;-3,77361614800;-38,48179940000;rod_match
356003;31;3;2020;10:00;0;RD CE-040;;;;KM-02;ColisÃ£o;Luz do Dia;;Molhada;Meio de Quadra;;;0;0;3;1;0;0;0;0;0;0;0;0;-3,77361614800;-38,48179940000;rod_match
356000;31;3;2020;10:00;0;RD CE-040;;;;KM-02;ColisÃ£o;Luz do Dia;;Molhada;Meio de Quadra;;;0;0;3;1;0;0;0;0;0;1;0;0;-3,77361614800;-38,48179940000;rod_match
358271;31;3;2020;06:40;0;AV PERIMETRAL;;;200;;Queda;Luz do Dia;;;Meio de Quadra;;;0;1;0;0;0;0;0;0;0;1;0;0;-3,80728700000;-38,58045200000;mq_match
358272;31;3;2020;07:00;0;AV PRS CASTELO BRANCO;;;2396;;ColisÃ£o;Luz do Dia;;;Meio de Quadra;;;0;1;0;1;0;0;0;0;0;1;0;0;-3,71350274000;-38,54929330000;mq_qgis
358273;31;3;2020;07:56;0;AV JOSE SABOIA;;;401;;ColisÃ£o;Luz do Dia;;;Meio de Quadra;;;0;1;0;0;0;0;0;0;0;0;0;0;-3,71653312000;-38,46831280000;mq_qgis
358274;31;3;2020;07:57;0;AV FRE CIRILO;;;4199;;Queda;Luz do Dia;;;Meio de Quadra;;;0;1;0;0;0;0;0;0;0;1;0;0;-3,82072900000;-38,49592700000;mq_match
358275;31;3;2020;12:58;0;AV JOSE BASTOS;;;;;ColisÃ£o;Luz do Dia;;;Meio de Quadra;;;0;1;0;0;0;0;0;0;0;1;0;0;;;
358276;31;3;2020;14:51;5392;RUA PINTO MADEIRA;RUA NOGUEIRA ACIOLI;;;;Atropelamento;Luz do Dia;;;Cruz;Pare;Comercial;0;1;0;1;0;0;0;0;0;0;0;0;-3,73229200000;-38,51755900000;inter_match
358277;31;3;2020;15:15;0;RUA PARAGUACU D45;;;1129;;ColisÃ£o;Luz do Dia;;;Meio de Quadra;;;0;1;0;0;0;0;0;0;0;0;0;0;-3,78522000000;-38,53896000000;mq_gpsv
358278;31;3;2020;15:22;0;AV AUGUSTO DOS ANJOS;;;1962;;ColisÃ£o;Luz do Dia;;;Meio de Quadra;;;0;1;0;1;0;0;0;0;0;1;0;0;-3,78273400000;-38,58138700000;mq_match
358279;31;3;2020;17:55;0;AV BENJAMIM BRASIL;;;100;;Queda;Anoitecer;;;Meio de Quadra;;;0;1;0;0;0;0;0;0;0;1;0;0;-3,73765440000;-38,59880520000;mq_gpsv
358280;31;3;2020;18:23;19688;RUA AZEVEDO BOLAO;RUA PRO RAIMUNDO ARRUDA;;;;ColisÃ£o;Anoitecer;;;Cruz;Gesto;Comercial;0;3;0;0;0;0;0;0;0;0;0;0;-3,73541400000;-38,55170100000;inter_match
358281;31;3;2020;18:23;0;AV JOSE TAVARES;;;;;ColisÃ£o;Anoitecer;;;Meio de Quadra;;;0;1;0;0;0;0;0;0;0;0;0;0;;;
358282;31;3;2020;21:34;0;RUA RAUL POMPEIA;;;31;;Queda;;;;Meio de Quadra;;;0;1;0;0;0;1;0;0;0;0;0;0;-3,71489000000;-38,56300000000;mq_gpsv
358283;31;3;2020;23:51;0;AV ALM HENRIQUE SABOIA;;;172;;Queda;;;;Meio de Quadra;;;0;1;0;0;0;0;0;0;0;1;0;0;-3,72341770000;-38,48010540000;mq_qgis
358771;1;4;2020;12:40;0;RUA PINHEIRO TORRES;;;;;ColisÃ£o;Luz do Dia;;;Meio de Quadra;;;0;0;1;0;0;0;0;0;0;1;0;0;;;
356510;1;4;2020;10:53;0;AV GOV RAUL BARBOSA;;;1180;;ColisÃ£o Lateral;Luz do Dia;Nublado;Seca;Meio de Quadra;NÃ£o HÃ¡ Controle;Comercial;0;0;2;1;0;0;0;0;0;0;0;0;-3,76127000000;-38,50666000000;mq_match
356511;1;4;2020;13:53;0;AV CENTRAL;RUA ARGENTINO P TORRES;;0;;NÃ£o Informado;Luz do Dia;Nublado;Seca;Cruz;NÃ£o HÃ¡ Controle;Residencial;0;1;0;0;0;0;0;0;0;1;0;0;-3,81372000000;-38,54023000000;inter_gpsv
357319;1;4;2020;04:16;0;RUA DIOGO CORREIA;;;145;;Queda;;;;Meio de Quadra;;;0;1;0;0;0;0;0;0;0;1;0;0;-3,77257523000;-38,58933010000;mq_qgis
357320;1;4;2020;09:00;0;AV DR SILAS MUNGUBA;;;2751;;Queda;Luz do Dia;;;Meio de Quadra;;;0;1;0;0;0;0;0;0;0;1;0;0;-3,78781860000;-38,54712900000;mq_match
357321;1;4;2020;13:46;0;RUA RAD JOAO RAMOS (DUNAS);;;1240;;ColisÃ£o;Luz do Dia;;;Meio de Quadra;;;0;1;1;1;0;0;0;0;0;1;0;0;-3,78231620000;-38,57666140000;mq_gpsv
357322;1;4;2020;13:51;0;RUA ULISSES BEZERRA;;;;;ColisÃ£o;Luz do Dia;;;;;;0;1;1;1;0;0;0;0;0;0;0;0;;;
357323;1;4;2020;14:21;0;AV PERIMETRAL;;;;;Queda;Luz do Dia;;;Meio de Quadra;;;0;1;0;0;0;0;0;0;0;1;0;0;;;
357324;1;4;2020;15:58;0;RUA CANDIDO MAIA;;;294;;Atropelamento;Luz do Dia;;;Meio de Quadra;;;0;2;1;0;0;0;0;0;0;0;0;0;-3,73742800000;-38,59040720000;mq_match
357325;1;4;2020;19:14;25519;AV GOV RAUL BARBOSA;AV ALM HENRIQUE SABOIA;;;;Queda;Anoitecer;;;Y;NÃ£o HÃ¡ Controle;Residencial;0;1;0;0;0;0;0;0;0;1;0;0;-3,75846600000;-38,50458000000;inter_match
357326;2;4;2020;00:39;0;RUA CAP GUSTAVO;;;3148;;ColisÃ£o;;;;Meio de Quadra;;;0;1;0;0;0;0;0;0;0;0;0;0;-3,74914367000;-38,51788870000;mq_qgis
357327;2;4;2020;07:21;25041;RUA BAR AQUIRAZ;RUA JOSE HIPOLITO;;;;Atropelamento;Luz do Dia;;;Cruz;SemÃ¡foro;Comercial;0;2;1;0;0;0;0;0;0;1;0;0;-3,83372500000;-38,48993300000;inter_match
357328;2;4;2020;09:51;10475;AV SEN FERNANDES TAVORA;RUA HUMAITA D73;;;;ColisÃ£o;Luz do Dia;;;T;NÃ£o HÃ¡ Controle;Comercial;0;1;0;0;0;0;0;0;0;0;0;0;-3,75488000000;-38,59957800000;inter_match
357329;2;4;2020;10:12;0;AV BAR STUDART;;;2800;;ColisÃ£o;Luz do Dia;;;Meio de Quadra;;;0;1;1;1;0;0;0;0;0;1;0;0;-3,74855380000;-38,51105840000;mq_qgis
357330;2;4;2020;10:15;0;RD BR 116;;;10000;KM-10;ColisÃ£o;Luz do Dia;;;Meio de Quadra;;;0;1;1;0;0;0;1;0;0;1;0;0;-3,83443500000;-38,50337300000;rod_match
357331;2;4;2020;10:40;0;AV MOZART PINHEIRO DE LUCENA;;;1970;;Atropelamento;Luz do Dia;;;Meio de Quadra;;;0;1;1;0;1;0;0;0;0;0;0;0;-3,71959450000;-38,59607100000;mq_qgis
357332;2;4;2020;11:20;0;AV BEZERRA DE MENEZES;;;800;;ColisÃ£o;Luz do Dia;;;Meio de Quadra;;;0;1;1;1;0;0;0;0;0;1;0;0;-3,73312600000;-38,55214800000;mq_qgis
357333;2;4;2020;11:51;0;RUA GAL CLARINDO DE QUEIROZ;;;199;;ColisÃ£o;Luz do Dia;;;Meio de Quadra;;;0;1;1;1;0;0;0;0;0;1;0;0;-3,73405100000;-38,52604510000;mq_qgis
357334;2;4;2020;12:19;0;AV SEN CARLOS JEREISSATI (AEROPORTO);;;;;ColisÃ£o;Luz do Dia;;;Meio de Quadra;;;0;1;1;1;0;0;0;0;0;1;0;0;;;
357335;2;4;2020;13:42;0;AV N CJ JOSE WALTER;;;300;;ColisÃ£o;Luz do Dia;;;Meio de Quadra;;;0;1;1;1;0;0;0;0;0;1;0;0;-3,77249510000;-38,50228440000;mq_gpsv
357336;2;4;2020;14:43;10406;AV GENIBAU;RUA PERILIO TEIXEIRA;;;;ColisÃ£o;Luz do Dia;;;Cruz;Pare;Comercial;0;1;1;1;0;0;0;0;0;1;0;0;-3,76037300000;-38,60205000000;inter_match
357337;2;4;2020;15:12;0;RUA PERILIO TEIXEIRA;;;790;;ColisÃ£o;Luz do Dia;;;Meio de Quadra;;;0;1;1;1;0;0;0;0;0;1;0;0;-3,75766800000;-38,60153230000;mq_qgis
357338;2;4;2020;15:49;0;RUA MARANHAO;;;49;;Queda;Luz do Dia;;;Meio de Quadra;;;0;1;0;0;0;0;0;0;0;1;0;0;-3,75794880000;-38,56214380000;mq_qgis
357339;2;4;2020;15:50;1887;RUA LUIS ALVES TOMAS;RUA PDE PEDRO DE ALENCAR;;;;ColisÃ£o;Luz do Dia;;;Cruz;Pare;Residencial;0;1;1;1;0;0;0;0;0;1;0;0;-3,84015000000;-38,49429000000;inter_gpsv
357340;2;4;2020;16:19;0;AV JOSE BASTOS;;;;;ColisÃ£o;Luz do Dia;;;Meio de Quadra;;;0;1;1;1;0;0;0;0;0;1;0;0;;;
357341;2;4;2020;17:02;0;AV JOSE TAVARES;;;1603;;ColisÃ£o;Anoitecer;;;Meio de Quadra;;;0;1;1;1;0;0;0;0;0;1;0;0;;;
357342;2;4;2020;18:18;0;AV SEN FERNANDES TAVORA;;;992;;ColisÃ£o;Anoitecer;;;Meio de Quadra;;;0;1;1;1;0;0;0;0;0;0;0;0;-3,76225191700;-38,58204333300;mq_match
357343;2;4;2020;18:24;0;AV SANTOS DUMONT;;;8228;;ColisÃ£o;Anoitecer;;;Meio de Quadra;;;0;1;0;0;0;0;0;0;0;0;0;0;-3,74764440000;-38,45144300000;mq_match
357344;2;4;2020;19:28;0;RUA ANTONIO AUGUSTO;;;;;ColisÃ£o;;;;Meio de Quadra;;;0;1;1;1;0;0;0;0;0;1;0;0;;;
357345;2;4;2020;20:47;0;AV PRO JOSE ARTHUR CARVALHO;;;;;ColisÃ£o;;;;Meio de Quadra;;;0;1;1;0;0;0;0;0;0;1;0;0;;;
357346;2;4;2020;21:30;0;AV BEZERRA DE MENEZES;;;2670;;ColisÃ£o;;;;Meio de Quadra;;;0;1;1;1;0;0;0;0;0;1;0;0;-3,73621130000;-38,56828700000;mq_match
356512;2;4;2020;08:10;2706;RUA CEL VIRGILIO NOGUEIRA (BOM JARDIM);RUA OSCAR FRANCA;;;;ColisÃ£o Lateral;Luz do Dia;Bom;Seca;Cruz;SemÃ¡foro;Comercial;0;0;2;1;0;0;0;0;0;0;0;0;-3,78894800000;-38,60875700000;inter_match
356513;2;4;2020;11:06;15373;AV DOM LUIS;RUA FRE MANSUETO;;;;Capotamento;Luz do Dia;Bom;Seca;Cruz;SemÃ¡foro;Comercial;0;1;1;1;0;0;0;0;0;0;0;0;-3,73586100000;-38,48862600000;inter_match
356514;2;4;2020;20:18;26073;AV JOSE JATAHY;AV FRANCISCO SA;;;;ColisÃ£o;Luz do Dia;Bom;Seca;Cruz;SemÃ¡foro;Residencial;0;1;1;0;1;0;0;0;0;1;0;0;-3,72087600000;-38,54678730000;inter_match
358772;2;4;2020;14:02;15374;AV DOM LUIS;RUA FREDERICO BORGES;;;;ColisÃ£o;Luz do Dia;;;Cruz;SemÃ¡foro;Comercial;0;0;2;1;0;0;0;0;0;0;0;0;-3,73589000000;-38,48913600000;inter_match
358773;2;4;2020;18:40;12457;AV AUGUSTO DOS ANJOS;AV SEN FERNANDES TAVORA;;;;ColisÃ£o;;;;;;;0;0;2;1;0;0;0;0;0;1;0;0;-3,77015300000;-38,57042700000;inter_match
358774;3;4;2020;13:50;5313;RUA VINTE E QUATRO DE MAIO;RUA PEDRO I;;;;ColisÃ£o;Luz do Dia;;;Cruz;Pare;Comercial;0;0;2;1;0;0;0;0;0;1;0;0;-3,72983000000;-38,53295200000;inter_match
358775;3;4;2020;06:00;0;AV FRANCISCO SA;;;4475;;Atropelamento;Luz do Dia;;;Meio de Quadra;;;1;1;0;0;0;0;0;0;0;1;0;0;-3,71490514000;-38,56476880000;mq_qgis
358776;3;4;2020;22:40;4574;RUA TEN TITO BARROS;RUA DOM MARCOS TEIXEIRA;;;;Choque c/ ObstÃ¡culo Fixo;;;;T;NÃ£o HÃ¡ Controle;Rural;0;0;1;0;0;0;0;0;0;0;0;0;-3,79959000000;-38,50803000000;inter_gpsv
358777;3;4;2020;23:45;0;AV DIOGUINHO;;;2310;;ColisÃ£o;;;;Meio de Quadra;;;0;0;2;1;0;0;0;0;0;1;0;0;-3,73723300000;-38,45572100000;mq_qgis
356515;3;4;2020;06:27;0;AV FRANCISCO SA;;;4475;;Choque c/ ObstÃ¡culo Fixo;Luz do Dia;Nublado;Material Derrapante;Meio de Quadra;NÃ£o HÃ¡ Controle;Comercial;0;0;1;0;0;0;0;0;0;1;0;0;-3,71490514000;-38,56476880000;mq_qgis
356516;3;4;2020;16:17;9312;RUA GAL MARIO HERMES;RUA ADOLFO B DE MENEZES;;;;ColisÃ£o Transversal;Luz do Dia;Nublado;Seca;Cruz;Pare;Residencial;0;1;1;1;0;0;0;0;0;1;0;0;-3,71436600000;-38,57657400000;inter_match
356517;3;4;2020;14:40;5211;AV IMPERADOR;RUA LIBERATO BARROSO;;;;ColisÃ£o Transversal;Luz do Dia;Bom;Seca;Cruz;SemÃ¡foro;Comercial;0;1;1;0;1;0;0;0;0;1;0;0;-3,72651100000;-38,53425700000;inter_match
356518;3;4;2020;14:35;0;RUA OSCAR ARARIPE;;;0;;ColisÃ£o Transversal;Luz do Dia;Bom;Seca;Cruz;Pare;Residencial;0;0;2;1;0;0;0;0;0;0;0;0;-3,78591000000;-38,61579550000;mq_boat
356519;3;4;2020;21:28;0;RUA LEONEL CHAVES;;;541;;ColisÃ£o Lateral;Anoitecer;Bom;Seca;Outros;NÃ£o HÃ¡ Controle;Residencial;0;1;1;0;1;0;0;0;0;1;0;0;-3,77329514000;-38,56922810000;mq_qgis
356484;3;4;2020;21:34;0;RD CE-065;;;8;;Outros;Mal Iluminada;;Seca;Meio de Quadra;;;0;1;0;0;0;0;0;0;0;1;0;0;;;
357347;3;4;2020;05:31;0;RUA SAO PAULO;;;2072;;Queda;Amanhecer;;;Meio de Quadra;;;0;1;0;0;0;0;0;0;0;1;0;0;-3,72068525000;-38,54380550000;mq_qgis
357349;3;4;2020;07:22;0;RUA ILDEFONSO ALBANO;;;2600;;Queda;Luz do Dia;;;Meio de Quadra;;;0;1;0;0;0;0;0;0;0;1;0;0;-3,74372600000;-38,51671400000;mq_match
357350;3;4;2020;07:53;0;AV SEN CARLOS JEREISSATI (AEROPORTO);;;;;Queda;Luz do Dia;;;Meio de Quadra;;;0;1;0;0;0;0;0;0;0;1;0;0;;;
357351;3;4;2020;09:49;0;AV PRS COSTA E SILVA;;;;;Queda;Luz do Dia;;;Meio de Quadra;;;0;1;0;0;0;1;0;0;0;0;0;0;;;
357352;3;4;2020;10:31;0;RUA DR JOAQUIM BENTO;;;137;;ColisÃ£o;Luz do Dia;;;Meio de Quadra;;;0;1;1;1;0;0;0;0;0;1;0;0;-3,82929200000;-38,49040300000;mq_qgis
357353;3;4;2020;10:32;7209;RUA IRINEU DE SOUZA;RUA DNA MENDINHA;;;;ColisÃ£o;Luz do Dia;;;Cruz;Pare;Residencial;0;1;1;1;0;0;0;0;0;1;0;0;-3,71004800000;-38,57029400000;inter_match
357354;3;4;2020;10:53;0;RUA BAR AQUIRAZ;;;1337;;ColisÃ£o;Luz do Dia;;;Meio de Quadra;;;0;1;1;1;0;0;0;0;0;1;0;0;-3,84269930000;-38,48391210000;mq_gpsv