COD_ACIDENTE;DIA;MES;ANO;HORA;INTERSECAO;LOG1;LOG2;LOG3;NUMERO;REFERENCIA;NATUREZA;ILUMINACAO;TEMPO;SUPERFICIEPISTA;TIPOCRUZAMENTO;CONTROLETRAFEGO;USOSOLO;MORTOS;FERIDOS;ILESOS;AUTOMOVEL;ONIBUS;BICICLETA;CAMINHAO;MICROONIBUS;CICLOMOTOR;MOTOCICLETA;TRACAOANIMAL;TREM;LATITUDE;LONGITUDE;METODO
357355;3;4;2020;15:03;0;AV ALBERTO CRAVEIRO;;;;;ColisÃ£o;Luz do Dia;;;Meio de Quadra;;;0;1;0;0;0;0;0;0;0;0;0;0;;;
357356;3;4;2020;17:09;0;AV PERIMETRAL;;;835;;Queda;Anoitecer;;;Meio de Quadra;;;0;1;0;0;0;0;0;0;0;1;0;0;;;
357357;3;4;2020;17:33;0;RUA MAJ VERISSIMO;;;294;;ColisÃ£o;Anoitecer;;;Meio de Quadra;;;0;1;0;0;0;0;0;0;0;0;0;0;-3,72156626000;-38,56286800000;mq_qgis
357358;3;4;2020;18:19;0;RUA ZACARIAS FLORINDO;;;;;ColisÃ£o;Anoitecer;;;Meio de Quadra;;;0;1;0;0;0;0;0;0;0;0;0;0;;;
357475;3;4;2020;21:45;0;AV AUGUSTO DOS ANJOS;;;1718;;ColisÃ£o;;;;Meio de Quadra;;;0;1;0;0;0;0;0;0;0;1;0;0;-3,78115860000;-38,58002320000;mq_qgis
357476;3;4;2020;22:20;0;RUA DR HUGO ROCHA;;;686;;ColisÃ£o;;;;Meio de Quadra;;;0;1;1;1;0;0;0;0;0;1;0;0;-3,71859150000;-38,56952150000;mq_qgis
357471;3;4;2020;21:02;0;RUA LEONEL CHAVES;;;482;;ColisÃ£o;;;;Meio de Quadra;;;0;1;0;0;0;0;0;0;0;0;0;0;-3,76885624000;-38,57459210000;mq_qgis
357482;3;4;2020;22:59;0;AV GAL OSORIO DE PAIVA;;;2250;;Atropelamento;;;;Meio de Quadra;;;0;1;1;0;0;0;0;0;0;1;0;0;-3,78492300000;-38,58117400000;mq_match
357485;3;4;2020;23:27;0;AV PRS COSTA E SILVA;;;;;Queda;;;;Meio de Quadra;;;0;1;0;0;0;0;0;0;0;1;0;0;;;
357464;3;4;2020;19:32;0;AV PRS CASTELO BRANCO;;;;;Atropelamento;;;;Meio de Quadra;;;0;1;1;0;0;0;0;0;0;1;0;0;;;
357465;3;4;2020;19:53;0;RUA DJALMA PETIT;;;216;;Atropelamento;;;;Meio de Quadra;;;0;3;1;1;0;0;0;0;0;0;0;0;-3,76633505000;-38,51637250000;mq_qgis
357462;3;4;2020;18:31;21529;RUA EDUARDO ARAUJO;RUA ANTONIO MONTEIRO;;;;ColisÃ£o;;;;;;;0;1;0;0;0;0;0;0;0;0;0;0;-3,81868400000;-38,59614600000;inter_match
356729;3;4;2020;09:30;5313;RUA VINTE E QUATRO DE MAIO;RUA PEDRO I;;;;ColisÃ£o Frontal;Luz do Dia;Bom;Seca;Cruz;Pare;Comercial;0;0;2;0;0;0;0;0;0;1;0;0;-3,72983000000;-38,53295200000;inter_match
357486;4;4;2020;01:35;0;RUA CATOLE;;;2070;;ColisÃ£o;;;;Meio de Quadra;;;0;1;1;1;0;0;0;0;0;0;0;0;-3,84818000000;-38,52065750000;mq_qgis
357502;4;4;2020;05:36;0;AV ANTONIO SALES;;;3700;;Queda;Amanhecer;;;Meio de Quadra;;;0;1;0;0;0;0;0;0;0;1;0;0;;;
357504;4;4;2020;10:02;0;AV JOVITA FEITOSA;;;2467;;Queda;Luz do Dia;;;Meio de Quadra;;;0;1;0;0;0;0;0;0;0;1;0;0;-3,74048400000;-38,55966200000;mq_qgis
357509;4;4;2020;14:20;0;RUA PORTO VELHO;;;982;;ColisÃ£o;Luz do Dia;;;Meio de Quadra;;;0;1;1;1;0;0;0;0;0;1;0;0;-3,76477200000;-38,58926500000;mq_match
357510;4;4;2020;15:06;10839;RUA EURICO MEDINA;RUA PORTO VELHO;;;;ColisÃ£o;Luz do Dia;;;;;;0;1;1;1;0;0;0;0;0;1;0;0;-3,76477200000;-38,58926500000;inter_match
357507;4;4;2020;10:09;0;RUA EQUADOR;;;812;;Atropelamento;Luz do Dia;;;Meio de Quadra;;;0;1;1;0;0;0;0;0;0;1;0;0;-3,77444000000;-38,55260000000;mq_match
357500;4;4;2020;02:15;0;RUA DOM HELIO CAMPOS D21;;;100;;Queda;;;;Meio de Quadra;;;0;1;0;0;0;0;0;0;0;1;0;0;-3,71550100000;-38,55607400000;mq_gpsv
357528;4;4;2020;22:42;0;RUA ANTONIO IVO;;;1288;;ColisÃ£o;;;;Meio de Quadra;;;0;1;1;1;0;0;0;0;0;1;0;0;-3,76786000000;-38,58523000000;mq_gpsv
357535;4;4;2020;23:56;0;RUA DIOGO CORREIA;;;308;;Atropelamento;;;;Meio de Quadra;;;0;1;1;1;0;0;0;0;0;0;0;0;-3,77134649000;-38,58993220000;mq_qgis
357512;4;4;2020;15:45;23509;RUA ANA GONCALVES;RUA JOSE JUSTA;;;;ColisÃ£o;Luz do Dia;;;Cruz;Pare;Comercial;0;1;1;0;1;0;0;0;0;1;0;0;-3,75917300000;-38,50849200000;inter_match
357513;4;4;2020;16:42;0;RUA MONTE LIBANO;;;670;;ColisÃ£o;Luz do Dia;;;Meio de Quadra;;;0;1;1;0;0;0;0;0;0;1;0;0;-3,82553000000;-38,56266000000;mq_gpsv
357516;4;4;2020;17:55;0;AV JOSE BASTOS;;;5716;;Atropelamento;Anoitecer;;;Meio de Quadra;;;1;0;1;0;0;0;0;0;0;1;0;0;-3,76182839000;-38,56529790000;mq_qgis
357517;4;4;2020;18:41;0;AV GAL OSORIO DE PAIVA;;;4795;;ColisÃ£o;;;;Meio de Quadra;;;0;1;1;0;0;0;0;0;0;1;0;0;-3,80092100000;-38,59837900000;mq_match
357519;4;4;2020;18:49;0;RUA SAFIRA;;;1115;;Atropelamento;;;;Meio de Quadra;;;0;1;1;1;0;0;0;0;0;0;0;0;-3,82195000000;-38,52519000000;mq_gpsv
357520;4;4;2020;19:02;3767;AV DOMINGOS OLIMPIO;AV IMPERADOR;;;;ColisÃ£o;;;;Cruz;SemÃ¡foro Intermitente;Comercial;0;1;1;1;0;0;0;0;0;1;0;0;-3,73479000000;-38,53669700000;inter_match
357521;4;4;2020;19:47;0;AL BORBOLETAS;;;301;;Atropelamento;;;;Meio de Quadra;;;0;1;1;0;0;0;0;0;0;1;0;0;-3,75018252000;-38,47227940000;mq_qgis
357522;4;4;2020;19:51;0;RUA GRIJALVA COSTA;;;349;;ColisÃ£o;;;;Meio de Quadra;;;0;1;1;0;0;0;0;0;0;1;0;0;-3,75309565000;-38,54260730000;mq_qgis
357533;4;4;2020;23:02;2719;RUA MARIA JULIA;RUA JOSE MARTINS;;;;Atropelamento;;;;;;;0;1;1;1;0;0;0;0;0;0;0;0;-3,78974000000;-38,59906000000;inter_gpsv
357524;4;4;2020;21:25;0;AV ROGACIANO LEITE;;;2150;;ColisÃ£o;;;;Meio de Quadra;;;0;1;1;0;0;0;0;0;0;1;0;0;-3,77341600000;-38,49898800000;mq_match
357525;4;4;2020;21:49;7751;RUA CEARA;RUA ESTADO DO RIO;;;;ColisÃ£o;;;;Cruz;Pare;Residencial;0;1;1;1;0;0;0;0;0;1;0;0;-3,75647500000;-38,56960600000;inter_match
357526;4;4;2020;22:18;0;RUA MACAU;;;80;;ColisÃ£o;;;;Meio de Quadra;;;0;1;1;0;0;0;0;0;0;1;0;0;-3,77356190000;-38,59556660000;mq_qgis
356485;4;4;2020;11:50;0;RD CE-040;;;;KM-11;Outros;Luz do Dia;;Seca;Meio de Quadra;;;0;0;1;0;0;0;0;0;0;1;0;0;-3,84962623000;-38,47606989000;rod_match
356486;4;4;2020;02:30;0;RD CE-060;;;;KM-02;ColisÃ£o;;;Molhada;Meio de Quadra;;;0;2;0;1;0;0;0;0;0;0;0;0;-3,83406400000;-38,58211100000;rod_match
356520;4;4;2020;02:43;25231;AV PRS COSTA E SILVA;AV I CJ JOSE WALTER;;;;Queda;NÃ£o Informado;NÃ£o Informado;NÃ£o informada;T;Gesto;NÃ£o Informado;0;1;0;0;0;0;0;0;0;1;0;0;-3,82349400000;-38,55023200000;inter_match
356521;4;4;2020;06:00;19943;RUA FRANCISCO LORDA;RUA JOAO ARARIPE;;0;;Choque c/ ObstÃ¡culo Fixo;Luz do Dia;Nublado;Molhada;Cruz;SemÃ¡foro;Residencial;0;0;1;0;0;0;0;0;0;0;0;0;-3,76145670000;-38,53321000000;inter_match
356539;4;4;2020;10:09;0;AV AUGUSTO DOS ANJOS;;;2066;;ColisÃ£o;Luz do Dia;Bom;Molhada;;;;0;1;1;1;0;0;0;0;0;1;0;0;-3,78362900000;-38,58216600000;mq_match
356522;5;4;2020;10:10;0;AV PRO JOSE ARTHUR CARVALHO;;;595;NATURÃGUA;Choque c/ ObstÃ¡culo Fixo;Luz do Dia;Bom;Seca;Meio de Quadra;NÃ£o HÃ¡ Controle;Comercial;0;0;1;1;0;0;0;0;0;0;0;0;-3,82643625000;-38,47372870000;mq_qgis
356523;5;4;2020;07:04;0;AV DR SILAS MUNGUBA;;;0;;Choque c/ ObstÃ¡culo Fixo;Amanhecer;Bom;Seca;Meio de Quadra;NÃ£o HÃ¡ Controle;Comercial;0;1;0;1;0;0;0;0;0;0;0;0;-3,79381180000;-38,53425200000;mq_match
357536;5;4;2020;01:21;0;AV CEL CARVALHO;;;;;Choque c/ ObstÃ¡culo Fixo;;;;Meio de Quadra;;;0;1;0;1;0;0;0;0;0;0;0;0;;;
357538;5;4;2020;01:54;21293;RUA ALVARO DE ALENCAR;RUA NOSSA SRA DAS GRACAS;;;;ColisÃ£o;;;;Cruz;NÃ£o HÃ¡ Controle;Residencial;0;1;1;0;0;0;0;0;0;1;0;0;-3,70933400000;-38,55657100000;inter_match
357541;5;4;2020;02:36;0;RUA RAIMUNDO BIZARRIA;;;783;;ColisÃ£o;;;;Meio de Quadra;;;0;2;1;1;0;0;0;0;0;1;0;0;-3,72657143000;-38,57932500000;mq_qgis
357542;5;4;2020;02:37;0;RUA MIGUEL GONCALVES;;;205;;Queda;;;;Meio de Quadra;;;0;1;0;0;0;0;0;0;0;1;0;0;-3,75767987000;-38,55637170000;mq_qgis
357549;5;4;2020;13:24;0;AV GODOFREDO MACIEL;;;;;ColisÃ£o;Luz do Dia;;;Meio de Quadra;;;0;1;1;1;0;0;0;0;0;1;0;0;;;
357550;5;4;2020;15:04;0;AV BORGES DE MELO;;;1277;;Queda;Luz do Dia;;;Meio de Quadra;;;0;1;0;0;0;0;0;0;0;1;0;0;-3,76011800000;-38,52983700000;mq_match
357551;5;4;2020;17:49;12661;RUA CARNAUBAL;RUA MISERICORDIA;;;;ColisÃ£o;Anoitecer;;;;;;0;1;1;1;0;0;0;0;0;1;0;0;-3,72234000000;-38,58540000000;inter_gpsv
357552;5;4;2020;18:02;0;RUA JOAO VITOR;;;1588;;ColisÃ£o;Anoitecer;;;Meio de Quadra;;;0;1;0;0;0;0;0;0;0;0;0;0;-3,79460000000;-38,62022000000;mq_gpsv
357553;5;4;2020;18:35;6745;RUA PRO OTAVIO LOBO;RUA BENTO ALBUQUERQUE;;;;ColisÃ£o;;;;Cruz;SemÃ¡foro;Residencial;0;1;1;1;0;0;0;0;0;1;0;0;-3,74503500000;-38,47919600000;inter_match
357554;5;4;2020;18:43;0;RUA TOPAZIO;;;173;;Queda;;;;Meio de Quadra;;;0;1;0;0;0;0;0;0;0;1;0;0;-3,71975601000;-38,55702370000;mq_qgis
357555;5;4;2020;19:06;15365;AV SEN VIRGILIO TAVORA;RUA PEREIRA VALENTE;;;;ColisÃ£o;;;;Cruz;SemÃ¡foro;Comercial;0;1;1;1;0;0;0;0;0;1;0;0;-3,73383400000;-38,49219300000;inter_match
357556;5;4;2020;19:22;0;RUA CIDADE ECOLOGICA;;;664;;ColisÃ£o;;;;Meio de Quadra;;;0;1;1;0;0;0;0;0;0;1;0;0;-3,77389000000;-38,46397000000;mq_gpsv
357557;5;4;2020;22:03;246;AV JOVITA FEITOSA;RUA DOM LINO;;;;ColisÃ£o;;;;Cruz;SemÃ¡foro;Comercial;0;1;1;1;0;0;0;0;0;1;0;0;-3,73985000000;-38,55641300000;inter_match
357558;5;4;2020;23:57;0;AV MOZART PINHEIRO DE LUCENA;;;980;;ColisÃ£o;;;;Meio de Quadra;;;0;1;0;0;0;0;0;0;0;0;0;0;-3,71137300000;-38,59369400000;mq_match
357547;5;4;2020;10:56;0;RUA DEMETRIO MENEZES;;;3650;;ColisÃ£o;Luz do Dia;;;Meio de Quadra;;;0;1;1;1;0;0;0;0;0;1;0;0;-3,73544820000;-38,58431820000;mq_match
357545;5;4;2020;08:57;11729;RUA JOSE GASPAR;RUA DIOGO CORREIA;;;;Atropelamento;Luz do Dia;;;T;Pare;Residencial;0;1;1;0;0;0;0;0;0;0;0;0;-3,77353800000;-38,58883100000;inter_match
356730;5;4;2020;20:22;26286;AV ENG AGRONOMO JOSE GUIMARAES DUQUE;RUA PEDRO LAZAR;;;;ColisÃ£o Frontal;Via Iluminada;Bom;Seca;Cruz;Pare;Residencial;0;0;2;1;0;0;0;0;0;0;0;0;-3,80488290000;-38,48839060000;inter_match
356709;6;4;2020;09:20;0;RD BR 116;;;;KM-13;ColisÃ£o Lateral;Luz do Dia;Bom;Seca;Meio de Quadra;;;0;0;2;1;0;0;0;0;0;0;0;0;-3,86467000000;-38,49772700000;rod_match
356710;6;4;2020;21:50;0;RD BR 116;;;3000;KM-03;Choque c/ ObstÃ¡culo Fixo;;Bom;Seca;Meio de Quadra;;;0;1;0;0;0;0;0;0;0;1;0;0;-3,77983800000;-38,51437200000;rod_match
357559;6;4;2020;00:53;0;AV SEN FERNANDES TAVORA;;;2433;;Queda;;;;Meio de Quadra;;;0;1;0;0;0;0;0;0;0;1;0;0;-3,75595300000;-38,59388900000;mq_match
357567;6;4;2020;08:02;0;AV GODOFREDO MACIEL;;;2181;;ColisÃ£o;Luz do Dia;;;Meio de Quadra;;;0;1;1;1;0;0;0;0;0;1;0;0;-3,79486244000;-38,56941520000;mq_qgis
357568;6;4;2020;08:48;0;AV ENG HUMBERTO MONTE;;;1049;;ColisÃ£o;Luz do Dia;;;Meio de Quadra;;;0;1;1;1;0;0;0;0;0;1;0;0;-3,74983812000;-38,55992240000;mq_qgis
357569;6;4;2020;08:53;0;RUA CON DE CASTRO;;;3844;;ColisÃ£o;Luz do Dia;;;Meio de Quadra;;;0;1;1;1;0;0;0;0;0;1;0;0;-3,80031009000;-38,58764490000;mq_qgis
357570;6;4;2020;09:09;0;RUA WALDIR DIOGO;;;1138;;Queda;Luz do Dia;;;Meio de Quadra;;;0;1;0;0;0;0;0;0;0;1;0;0;-3,80191079000;-38,58912650000;mq_qgis
357571;6;4;2020;11:18;0;RUA POMPILIO GOMES;;;1229;;Queda;Luz do Dia;;;Meio de Quadra;;;0;1;0;0;0;0;0;0;0;1;0;0;;;
357572;6;4;2020;13:46;0;RUA JUVENAL DE CARVALHO;;;;;Queda;Luz do Dia;;;Meio de Quadra;;;0;1;0;0;0;0;0;0;0;1;0;0;;;
357573;6;4;2020;13:54;12523;RUA MARIA CLARA;RUA PIERRE LUZ;;;;ColisÃ£o;Luz do Dia;;;Cruz;Pare;Comercial;0;1;0;0;0;0;0;0;0;0;0;0;-3,72512000000;-38,58850200000;inter_match
357574;6;4;2020;16:18;5316;RUA FLORIANO PEIXOTO;RUA PEDRO PEREIRA;;;;ColisÃ£o;Luz do Dia;;;Cruz;Pare;Comercial;0;1;1;1;0;0;0;0;0;1;0;0;-3,72987300000;-38,52796200000;inter_match
357575;6;4;2020;17:58;0;RUA MONTE PASCOAL;;;236;;Atropelamento;Anoitecer;;;Meio de Quadra;;;0;1;1;1;0;0;0;0;0;0;0;0;-3,80449000000;-38,60025000000;mq_gpsv
357576;6;4;2020;21:52;0;AV GOV RAUL BARBOSA;;;;;Queda;;;;Meio de Quadra;;;0;1;0;0;0;0;0;0;0;1;0;0;;;
356524;6;4;2020;15:18;0;RUA ALUISIO AZEVEDO;;;465;;ColisÃ£o Traseira;Luz do Dia;Nublado;Seca;Meio de Quadra;NÃ£o HÃ¡ Controle;Residencial;0;1;1;1;0;0;0;0;0;1;0;0;-3,77120131000;-38,57729170000;mq_qgis
358840;6;4;2020;03:00;24441;AV LUCIANO CARNEIRO;RUA RAUL CABRAL;;;;Choque c/ ObstÃ¡culo Fixo;;;;Cruz;NÃ£o HÃ¡ Controle;Residencial;0;0;1;0;0;0;0;0;0;0;0;0;-3,77084200000;-38,53849500000;inter_match
358861;7;4;2020;10:50;19714;RUA ERICO MOTA;RUA GUSTAVO SAMPAIO;;;;ColisÃ£o;Luz do Dia;;;Cruz;SemÃ¡foro;Residencial;0;0;2;1;0;0;0;0;0;0;0;0;-3,73652240000;-38,56260300000;inter_match
356525;7;4;2020;10:30;26120;AV JOSE LEON;RUA TEOFREDO GOIANA;;;;ColisÃ£o Lateral;Luz do Dia;Bom;Seca;T;NÃ£o HÃ¡ Controle;Residencial;0;0;2;1;0;0;0;0;0;0;0;0;-3,78658000000;-38,50646000000;inter_gpsv
356526;7;4;2020;13:54;13416;AV RUI BARBOSA;RUA JOAO BRIGIDO;;;;ColisÃ£o;Luz do Dia;Bom;Seca;Cruz;SemÃ¡foro;Comercial;0;1;1;1;0;0;0;0;0;1;0;0;-3,74199500000;-38,51136900000;inter_match
356527;7;4;2020;14:22;0;AV ANTONIO SALES;;;0;;ColisÃ£o Transversal;Luz do Dia;Bom;Seca;;;;0;1;1;1;0;0;0;0;0;1;0;0;-3,74761220000;-38,49557000000;mq_match
356528;7;4;2020;14:28;15200;RUA DEP MOREIRA DA ROCHA;RUA CARLOS VASCONCELOS;;;;ColisÃ£o;Luz do Dia;Bom;Seca;Cruz;SemÃ¡foro;Residencial;0;1;1;1;0;0;0;0;0;1;0;0;-3,72656000000;-38,50872400000;inter_match
356529;7;4;2020;13:30;23807;AV GAL OSORIO DE PAIVA;RUA LEBOM MAIA;;;;ColisÃ£o Traseira;Luz do Dia;Bom;Seca;Cruz;SemÃ¡foro;Comercial;0;1;1;1;0;0;0;0;0;1;0;0;-3,78448000000;-38,58047100000;inter_match
356530;7;4;2020;16:09;0;RUA DEMETRIO MENEZES;;;3840;;NÃ£o Informado;Luz do Dia;Bom;Seca;Meio de Quadra;NÃ£o HÃ¡ Controle;Comercial;0;1;1;1;0;0;0;0;0;1;0;0;-3,73618000000;-38,58428000000;mq_gpsv
357577;7;4;2020;08:19;0;RUA LEONARDO MOTA;;;;;ColisÃ£o;Luz do Dia;;;Meio de Quadra;;;0;1;1;1;0;0;0;0;0;1;0;0;;;
357578;7;4;2020;08:55;0;AV CASTELO DE CASTRO;;;3000;;ColisÃ£o;Luz do Dia;;;Meio de Quadra;;;0;1;1;1;0;0;0;0;0;1;0;0;-3,85190240000;-38,52345620000;mq_gpsv
357579;7;4;2020;09:51;0;RUA GUSTAVO SAMPAIO;;;2011;;Capotamento;Luz do Dia;;;Meio de Quadra;;;0;1;0;0;0;0;0;0;0;0;0;0;-3,73656000000;-38,56274300000;mq_qgis
357580;7;4;2020;10:22;0;RD BR 116;;;10000;KM-10;ColisÃ£o;Luz do Dia;;;Meio de Quadra;;;0;1;0;0;0;0;0;0;0;0;0;0;-3,83443500000;-38,50337300000;rod_match
357581;7;4;2020;10:49;0;RUA JOAQUIM TORRES;;;288;;ColisÃ£o;Luz do Dia;;;Meio de Quadra;;;0;1;1;1;0;0;0;0;0;1;0;0;-3,74112000000;-38,52081000000;mq_gpsv
357582;7;4;2020;10:57;0;RUA CIDADE PALHANO;;;2227;;Queda;Luz do Dia;;;Meio de Quadra;;;0;1;0;0;0;0;0;0;0;1;0;0;;;
357583;7;4;2020;12:15;0;RUA URUCUTUBA;;;751;;Queda;Luz do Dia;;;Meio de Quadra;;;0;1;0;0;0;0;0;0;0;1;0;0;-3,79690140000;-38,60165340000;mq_qgis
357584;7;4;2020;12:17;9069;RUA LAURO MAIA;RUA GUILHERME MOREIRA;;;;ColisÃ£o;Luz do Dia;;;Cruz;Pare;Residencial;0;1;1;1;0;0;0;0;0;1;0;0;-3,74967300000;-38,52239900000;inter_match
357585;7;4;2020;14:07;0;AV FRANCISCO SA;;;1834;;Atropelamento;Luz do Dia;;;Meio de Quadra;;;0;1;1;1;0;0;0;0;0;0;0;0;-3,72249017000;-38,54185370000;mq_qgis
357586;7;4;2020;15:48;0;RUA JOSE MENDONCA;;;540;;Atropelamento;Luz do Dia;;;Meio de Quadra;;;0;1;1;0;1;0;0;0;0;0;0;0;-3,75781025000;-38,60231190000;mq_qgis
357588;7;4;2020;17:38;0;AV AGUANAMBI;;;;;ColisÃ£o;Anoitecer;;;Meio de Quadra;;;0;1;1;1;0;0;0;0;0;1;0;0;;;
357589;7;4;2020;20:37;0;AV MOZART PINHEIRO DE LUCENA;;;;;ColisÃ£o;;;;Meio de Quadra;;;0;1;1;0;0;0;0;0;0;1;0;0;;;
356711;7;4;2020;00:50;0;RD BR 116;;;;KM-05;Tombamento;;Bom;Seca;Meio de Quadra;;;0;1;1;0;0;0;0;0;0;1;0;0;-3,79650200000;-38,50678700000;rod_match
356712;7;4;2020;10:00;0;RD BR 116;;;;KM-09;ColisÃ£o Transversal;Luz do Dia;Bom;Seca;Meio de Quadra;;;0;3;0;0;0;1;0;0;0;1;0;0;-3,83083700000;-38,50486500000;rod_match
356713;7;4;2020;14:25;0;RD BR 116;;;;KM-03;ColisÃ£o;Luz do Dia;Bom;Seca;Meio de Quadra;;;1;1;0;1;0;1;0;0;0;0;0;0;-3,77983800000;-38,51437200000;rod_match
357590;8;4;2020;06:56;0;AV GAL OSORIO DE PAIVA;;;;;ColisÃ£o;Luz do Dia;;;Meio de Quadra;;;0;1;1;1;0;0;0;0;0;1;0;0;;;
357591;8;4;2020;07:55;0;AV SEN FERNANDES TAVORA;;;97;;Queda;Luz do Dia;;;Meio de Quadra;;;0;1;0;0;0;0;0;0;0;1;0;0;-3,76802000000;-38,57239900000;mq_match
357592;8;4;2020;10:03;0;AV LIBERDADE;;;167;;ColisÃ£o;Luz do Dia;;;Meio de Quadra;;;0;1;1;1;0;0;0;0;0;1;0;0;-3,74944000000;-38,59707000000;mq_gpsv
357593;8;4;2020;10:54;0;AV BENJAMIM BRASIL;;;2350;;Queda;Luz do Dia;;;Meio de Quadra;;;0;1;0;0;0;0;0;0;0;1;0;0;-3,80907300000;-38,55617400000;mq_match
357594;8;4;2020;11:50;0;AV SORIANO ALBUQUERQUE;;;;;ColisÃ£o;Luz do Dia;;;Meio de Quadra;;;0;1;1;1;0;0;0;0;0;1;0;0;;;
357595;8;4;2020;11:56;17578;RUA MARANHAO;RUA PARANA;;;;ColisÃ£o;Luz do Dia;;;;;;0;1;1;1;0;0;0;0;0;1;0;0;-3,75490900000;-38,56687400000;inter_match
357596;8;4;2020;12:13;0;RUA AMAZONAS;;;2420;;ColisÃ£o;Luz do Dia;;;Meio de Quadra;;;0;1;0;0;0;0;0;0;0;0;0;0;;;
357597;8;4;2020;12:40;0;RUA CARLOS VASCONCELOS;;;1090;;ColisÃ£o;Luz do Dia;;;Meio de Quadra;;;0;1;1;1;0;0;0;0;0;1;0;0;-3,73139192000;-38,51027770000;mq_qgis
357598;8;4;2020;15:13;20960;RUA PERNAMBUCO;RUA PLANALTO DO PICI;;;;Atropelamento;Luz do Dia;;;;;;0;1;1;0;0;0;0;0;0;1;0;0;-3,75211000000;-38,58042000000;inter_gpsv
357599;8;4;2020;15:31;0;RUA DOM EXPEDITO LOPES;;;2324;;ColisÃ£o;Luz do Dia;;;Meio de Quadra;;;0;1;1;1;0;0;0;0;0;0;0;0;-3,74392614000;-38,50472260000;mq_qgis
357600;8;4;2020;15:46;0;AV ALBERTO CRAVEIRO;;;1973;;ColisÃ£o;Luz do Dia;;;Meio de Quadra;;;0;1;1;1;0;0;0;0;0;1;0;0;-3,79740483300;-38,51850600000;mq_match
357601;8;4;2020;19:05;0;RUA PRO GOMES BRASIL;;;323;;Atropelamento;;;;Meio de Quadra;;;0;1;1;0;0;0;0;0;0;1;0;0;-3,77304300000;-38,56829700000;mq_match
357602;8;4;2020;20:23;0;AV JOAO DE ARAUJO LIMA;;;1510;;ColisÃ£o;;;;Meio de Quadra;;;0;1;1;0;0;0;0;0;0;1;0;0;-3,83490000000;-38,56116000000;mq_gpsv
357603;8;4;2020;20:54;0;RUA JOAO FIRMINO;;;314;;ColisÃ£o;;;;Meio de Quadra;;;0;1;1;1;0;0;0;0;0;1;0;0;-3,76158353000;-38,55320880000;mq_qgis
357604;8;4;2020;20:57;0;AV N CJ JOSE WALTER;;;701;;Queda;;;;Meio de Quadra;;;0;1;0;0;0;1;0;0;0;0;0;0;-3,76046400000;-38,56341340000;mq_gpsv
356531;8;4;2020;12:20;3875;RUA SEN POMPEU;RUA PDE MIGUELINHO;;;;ColisÃ£o Lateral;Luz do Dia;Bom;Seca;Cruz;Pare;Comercial;0;0;2;1;0;0;0;0;0;0;0;0;-3,74246900000;-38,53433200000;inter_match
356532;8;4;2020;15:36;23430;RUA CAP MELO;RUA MON SALAZAR;;;;ColisÃ£o Transversal;Luz do Dia;Bom;Seca;Cruz;SemÃ¡foro;Comercial;0;2;0;1;0;0;0;0;0;0;0;0;-3,75601900000;-38,51318000000;inter_match
356489;8;4;2020;11:45;0;RD CE-040;;;;KM-09;ColisÃ£o;Luz do Dia;;Seca;Meio de Quadra;;;0;0;2;1;0;0;0;0;0;0;0;0;-3,83445089700;-38,48246582000;rod_match
356490;8;4;2020;15:45;0;AV SEN CARLOS JEREISSATI (AEROPORTO);;;;KM 01;ColisÃ£o;Luz do Dia;;Seca;Meio de Quadra;;;0;0;2;1;0;0;0;0;0;1;0;0;-3,78375300000;-38,52685000000;rod_match
356552;8;4;2020;11:44;0;AV LINEU MACHADO;;;1459;;ColisÃ£o Transversal;Luz do Dia;Bom;Seca;Meio de Quadra;NÃ£o HÃ¡ Controle;Comercial;0;1;1;1;0;0;0;0;0;1;0;0;-3,77242200000;-38,58028800000;mq_match
358863;8;4;2020;16:00;0;RUA AMAZONAS;;;;;ColisÃ£o;Luz do Dia;;;Meio de Quadra;;;0;0;1;0;1;0;0;0;0;0;0;0;;;
358095;9;4;2020;19:57;4020;RUA SAMUEL UCHOA;AV PRO GOMES DE MATOS;;;;ColisÃ£o;;;;Cruz;SemÃ¡foro;Comercial;0;1;0;1;0;0;0;0;0;1;0;0;-3,75719300000;-38,54221500000;inter_match
358096;9;4;2020;20:16;0;RD QUARTO ANEL VIARIO;;;900;;Atropelamento;;;;Meio de Quadra;;;0;1;0;1;0;0;0;0;0;0;0;0;-3,86169900000;-38,53162400000;rod_match
358097;9;4;2020;22:07;0;AV AUGUSTO DOS ANJOS;;;812;;ColisÃ£o;;;;Meio de Quadra;;;0;2;0;0;0;0;0;0;0;1;0;0;-3,77510523700;-38,57468871000;mq_match
356533;9;4;2020;12:47;0;RUA JAIME BENEVOLO;;;480;;ColisÃ£o;Luz do Dia;Bom;Seca;Meio de Quadra;NÃ£o HÃ¡ Controle;Residencial;0;1;0;1;0;0;0;0;0;0;0;0;-3,73637834000;-38,52677880000;mq_qgis
356534;9;4;2020;14:47;5351;AV IMPERADOR;RUA GAL CLARINDO DE QUEIROZ;;;;ColisÃ£o Transversal;Luz do Dia;Bom;Seca;Cruz;SemÃ¡foro;Comercial;1;1;0;0;0;0;0;0;0;1;0;0;-3,73096200000;-38,53556600000;inter_match
357859;9;4;2020;01:08;0;RUA IGUATU;;;91;;ColisÃ£o;;;;Meio de Quadra;;;0;1;0;1;0;0;0;0;0;1;0;0;-3,75593771000;-38,57792960000;mq_qgis
357860;9;4;2020;04:06;0;AV JOSE JATAHY;;;1533;;ColisÃ£o;;;;Meio de Quadra;;;0;1;0;1;0;0;0;0;0;0;0;0;-3,73496937000;-38,54407590000;mq_qgis