COD_ACIDENTE;DIA;MES;ANO;HORA;INTERSECAO;LOG1;LOG2;LOG3;NUMERO;REFERENCIA;NATUREZA;ILUMINACAO;TEMPO;SUPERFICIEPISTA;TIPOCRUZAMENTO;CONTROLETRAFEGO;USOSOLO;MORTOS;FERIDOS;ILESOS;AUTOMOVEL;ONIBUS;BICICLETA;CAMINHAO;MICROONIBUS;CICLOMOTOR;MOTOCICLETA;TRACAOANIMAL;TREM;LATITUDE;LONGITUDE;METODO
357936;9;4;2020;12:27;5434;AV HERACLITO GRACA;AV DOM MANUEL;;;;ColisÃ£o;Luz do Dia;;;Cruz;SemÃ¡foro;Comercial;0;2;0;1;0;0;0;0;0;1;0;0;-3,73401300000;-38,52295200000;inter_match
357937;9;4;2020;12:34;0;RUA DR AIRTON BEZERRA;;;197;;Queda;Luz do Dia;;;Meio de Quadra;;;0;1;0;0;0;0;0;0;0;1;0;0;-3,80951000000;-38,46518000000;mq_gpsv
357938;9;4;2020;13:03;0;RUA VASCO DE ATAIDE;;;376;;ColisÃ£o;Luz do Dia;;;Meio de Quadra;;;0;1;0;0;0;0;0;0;0;0;0;0;-3,82356725000;-38,49058860000;mq_qgis
357879;9;4;2020;06:44;0;RUA GODOFREDO OLIVEIRA;;;30;;Atropelamento;Luz do Dia;;;Meio de Quadra;;;0;1;0;0;0;0;0;0;0;1;0;0;-3,80977000000;-38,55765000000;mq_gpsv
357880;9;4;2020;08:22;0;AV JOAO PESSOA;;;6358;;ColisÃ£o;Luz do Dia;;;Meio de Quadra;;;0;1;0;1;0;0;0;0;0;1;0;0;-3,76597500000;-38,55928800000;mq_match
357881;9;4;2020;08:32;0;AV OLIVEIRA PAIVA;;;2000;;ColisÃ£o;Luz do Dia;;;Meio de Quadra;;;0;1;0;1;0;0;0;0;0;1;0;0;-3,79618000000;-38,48830500000;mq_match
357882;9;4;2020;10:06;0;AV DR SILAS MUNGUBA;;;;;Queda;Luz do Dia;;;Meio de Quadra;;;0;2;0;0;0;0;0;0;0;1;0;0;;;
357982;9;4;2020;15:35;0;RUA SERRA AZUL;;;1189;;Queda;Luz do Dia;;;Meio de Quadra;;;0;1;0;0;0;0;0;0;0;1;0;0;-3,84271000000;-38,52921000000;mq_match
357983;9;4;2020;15:43;17311;RUA ROMEU MARTINS;RUA JOAO FIRMINO;;;;ColisÃ£o;Luz do Dia;;;Cruz;Pare;Residencial;0;1;0;0;0;0;0;0;0;0;0;0;-3,76427400000;-38,55558200000;inter_match
357984;9;4;2020;17:40;15356;AV SEN VIRGILIO TAVORA;RUA REPUBLICA DO LIBANO;;;;ColisÃ£o;Anoitecer;;;T;Pare;Comercial;0;1;0;1;0;0;0;0;0;1;0;0;-3,73288920000;-38,49181700000;inter_match
357985;9;4;2020;19:14;0;AV PERIMETRAL;;;3349;;Queda;;;;Meio de Quadra;;;0;1;0;0;0;0;0;0;0;1;0;0;;;
357986;9;4;2020;19:45;0;RUA OSCAR ARARIPE;;;4542;;ColisÃ£o;;;;Meio de Quadra;;;0;1;0;0;0;0;0;0;0;1;0;0;;;
357987;9;4;2020;19:30;0;AV GAL OSORIO DE PAIVA;;;4642;;ColisÃ£o;;;;Meio de Quadra;;;1;2;0;1;0;0;0;0;0;1;0;0;-3,79929353900;-38,59680269200;mq_match
357970;9;4;2020;13:07;0;RUA ENG JAIME ROLEMBERG;;;276;;ColisÃ£o;Luz do Dia;;;Meio de Quadra;;;0;1;0;1;0;0;0;0;0;1;0;0;-3,80252000000;-38,56233000000;mq_gpsv
357971;9;4;2020;13:20;0;RUA GAL RABELO;;;395;;ColisÃ£o;Luz do Dia;;;Meio de Quadra;;;0;1;0;1;0;0;0;0;0;1;0;0;-3,80648000000;-38,60622000000;mq_gpsv
357972;9;4;2020;13:22;0;RUA MARIA JULIA;;;370;;ColisÃ£o;Luz do Dia;;;Meio de Quadra;;;0;1;0;1;0;0;0;0;0;1;0;0;-3,78878000000;-38,59881000000;mq_gpsv
356491;10;4;2020;17:40;0;RD CE-040;;;;KM-09;ColisÃ£o;Anoitecer;;Seca;Meio de Quadra;;;0;1;1;1;0;0;0;0;0;1;0;0;-3,83445089700;-38,48246582000;rod_match
358098;10;4;2020;00:12;0;AV DA INDEPENDENCIA;;;2205;;Queda;;;;Meio de Quadra;;;0;1;0;0;0;0;0;0;0;1;0;0;-3,72436100000;-38,59962500000;mq_match
358099;10;4;2020;06:38;3337;AV ENG HUMBERTO MONTE;RUA RIO GRANDE DO SUL;;;;Queda;Luz do Dia;;;T;NÃ£o HÃ¡ Controle;Comercial;0;1;0;0;0;0;0;0;0;1;0;0;-3,74920400000;-38,56037400000;inter_match
358100;10;4;2020;07:45;0;AV JOSE JATAHY;;;499;;Queda;Luz do Dia;;;Meio de Quadra;;;0;1;0;0;0;0;0;0;0;1;0;0;-3,72564000000;-38,54573000000;mq_match
358101;10;4;2020;09:37;12032;AV BULEVAR I;AV CASTELO DE CASTRO;;;;ColisÃ£o;Luz do Dia;;;Cruz;Pare;Residencial;0;1;0;1;0;0;0;0;0;1;0;0;-3,83368900000;-38,52158200000;inter_match
358102;10;4;2020;11:48;10924;RUA PORTO VELHO;RUA NOEL ROSA;;;;Queda;Luz do Dia;;;Cruz;NÃ£o HÃ¡ Controle;Comercial;0;1;0;0;0;0;0;0;0;1;0;0;-3,76674000000;-38,58553000000;inter_gpsv
358103;10;4;2020;13:13;0;AV PRS CASTELO BRANCO;;;;;Atropelamento;Luz do Dia;;;Meio de Quadra;;;0;1;0;0;0;0;0;0;0;0;0;0;;;
358104;10;4;2020;16:42;0;AV DR ALDY MENTOR;;;;;Queda;Luz do Dia;;;Meio de Quadra;;;0;1;0;0;0;0;0;0;0;1;0;0;;;
358105;10;4;2020;19:21;0;RUA RIO TOCANTINS;;;1056;;ColisÃ£o;;;;Meio de Quadra;;;0;1;0;1;0;1;0;0;0;0;0;0;-3,72494269000;-38,58134110000;mq_qgis
358106;10;4;2020;19:26;1303;AV DOM LUIS;RUA BARBOSA DE FREITAS;;;;ColisÃ£o;;;;Cruz;SemÃ¡foro;Comercial;0;1;0;1;0;0;0;0;0;1;0;0;-3,73356400000;-38,49639600000;inter_match
358107;10;4;2020;20:03;0;RUA DIADEMA;;;141;;ColisÃ£o;;;;Meio de Quadra;;;0;1;0;1;0;0;0;0;0;1;0;0;-3,84482000000;-38,52250000000;mq_gpsv
358108;10;4;2020;20:05;0;RUA ANTONIO NOGUEIRA;;;830;;ColisÃ£o;;;;Meio de Quadra;;;0;1;0;0;0;0;0;0;0;0;0;0;-3,79616889000;-38,45440520000;mq_qgis
358109;10;4;2020;20:16;0;AV SEN CARLOS JEREISSATI (AEROPORTO);;;452;;ColisÃ£o;;;;Meio de Quadra;;;0;2;0;0;0;0;0;0;0;1;0;0;-3,78334000000;-38,52266000000;mq_gpsv
358110;10;4;2020;20:54;0;AV ALBERTO CRAVEIRO;;;;;ColisÃ£o;;;;Meio de Quadra;;;0;1;0;0;0;0;0;0;0;0;0;0;;;
358111;10;4;2020;21:18;0;RUA VALDETARIO MOTA;;;931;;ColisÃ£o;;;;Meio de Quadra;;;0;1;0;0;0;0;0;0;0;1;0;0;-3,73782000000;-38,48121000000;mq_gpsv
358112;10;4;2020;21:33;0;AV PERIMETRAL;;;;;Atropelamento;;;;Meio de Quadra;;;0;1;0;1;0;0;0;0;0;0;0;0;;;
358113;10;4;2020;22:56;0;RUA SGT JOAO PINHEIRO;;;;;Queda;;;;Meio de Quadra;;;0;1;0;0;0;0;0;0;0;1;0;0;;;
358114;10;4;2020;23:12;0;RUA PDE PEDRO DE ALENCAR;;;1720;;ColisÃ£o;;;;Meio de Quadra;;;0;1;0;0;0;0;0;0;0;1;0;0;-3,84323454400;-38,49435997000;mq_match
358115;10;4;2020;23:22;0;AV JOAO PESSOA;;;;;Queda;;;;Meio de Quadra;;;0;1;0;0;0;0;0;0;0;1;0;0;;;
358864;10;4;2020;03:40;0;RUA JOSE TORRES;;;2870;;ColisÃ£o;;;;Meio de Quadra;;;0;0;1;0;0;0;0;0;0;0;0;0;;;
358847;11;4;2020;18:44;11618;RUA VITORIA (AV. PERIMETRAL);RUA BOA VISTA;;;;ColisÃ£o;;;;;NÃ£o HÃ¡ Controle;Comercial;0;1;0;1;0;0;0;0;0;1;0;0;-3,76714200000;-38,58960100000;inter_match
358843;11;4;2020;18:40;6484;AV C CJ CEARA;RUA 313 CJ CEARA;;;;ColisÃ£o;;;;Cruz;NÃ£o HÃ¡ Controle;Residencial;0;1;0;1;0;0;0;0;0;1;0;0;-3,85636000000;-38,51835000000;inter_gpsv
358838;11;4;2020;12:51;0;RUA CEL MOZART GONDIM;;;1520;;Atropelamento;Luz do Dia;;;Meio de Quadra;;;0;1;0;1;0;0;0;0;0;0;0;0;-3,73387950000;-38,55887550000;mq_qgis
358839;11;4;2020;14:41;5346;RUA JOAO CORDEIRO;AV SANTOS DUMONT;;;;ColisÃ£o;Luz do Dia;;;Cruz;SemÃ¡foro;Comercial;0;2;0;0;0;0;0;0;0;1;0;0;-3,73087800000;-38,51478100000;inter_match
358850;11;4;2020;21:07;0;RUA MAJ TELESFORO;;;480;;ColisÃ£o;;;;Meio de Quadra;;;0;1;0;0;0;0;0;0;0;1;0;0;-3,79833058000;-38,55038160000;mq_qgis
358851;11;4;2020;22:48;0;AV DR THEBERGE;;;599;;Queda;;;;Meio de Quadra;;;0;1;0;0;0;0;0;0;0;1;0;0;-3,70917500000;-38,56314700000;mq_qgis
358852;11;4;2020;22:51;0;AV RUI BARBOSA;;;671;;ColisÃ£o;;;;Meio de Quadra;;;0;1;0;1;0;0;0;0;0;1;0;0;-3,72868500000;-38,50704800000;mq_match
358853;11;4;2020;23:30;0;AV CONTORNO NORTE (SAO CRSITOVAO);;;55;;ColisÃ£o;;;;Meio de Quadra;;;0;1;0;1;0;0;0;0;0;1;0;0;-3,81547000000;-38,58482000000;mq_gpsv
358854;11;4;2020;23:50;0;AV GOV LEONEL BRIZOLA;;;555;;Queda;;;;Meio de Quadra;;;0;1;0;0;0;0;0;0;0;1;0;0;-3,83167000000;-38,52215000000;mq_gpsv
358116;11;4;2020;01:17;0;RUA RAIMUNDO MAIA;;;710;;Queda;;;;Meio de Quadra;;;0;1;0;0;0;0;0;0;0;1;0;0;-3,81389000000;-38,56432000000;mq_gpsv
358117;11;4;2020;04:28;0;RUA DR PIO SARAIVA;;;232;;Queda;;;;Meio de Quadra;;;0;1;0;0;0;0;0;0;0;1;0;0;-3,73611750000;-38,59974150000;mq_qgis
358129;11;4;2020;05:11;0;RD QUARTO ANEL VIARIO;;;;;Queda;Amanhecer;;;Meio de Quadra;;;0;2;0;0;0;0;0;0;0;1;0;0;;;
358138;11;4;2020;06:30;1658;RUA BENI DE CARVALHO;RUA MON CATAO;;;;Queda;Luz do Dia;;;Cruz;Pare;Escola;0;1;0;0;0;0;0;0;0;1;0;0;-3,74661800000;-38,49311300000;inter_match
358538;11;4;2020;08:34;0;AV JOSE BASTOS;;;;;ColisÃ£o;Luz do Dia;;;Meio de Quadra;;;0;1;0;1;0;0;0;0;0;0;0;0;;;
358539;11;4;2020;09:04;0;RUA MARIA ALMEIDA;;;760;;ColisÃ£o;Luz do Dia;;;Meio de Quadra;;;0;1;0;0;0;0;0;0;0;0;0;0;-3,83985000000;-38,48464000000;mq_gpsv
358540;11;4;2020;10:30;0;RUA MIGUEL GURGEL;;;;;ColisÃ£o;Luz do Dia;;;Meio de Quadra;;;0;1;0;1;0;0;0;0;0;0;0;0;;;
358541;11;4;2020;12:38;0;RUA OSCAR ARARIPE;;;3747;;ColisÃ£o;Luz do Dia;;;Meio de Quadra;;;0;2;0;1;0;0;0;0;0;1;0;0;-3,78371360000;-38,62350860000;mq_qgis
356493;11;4;2020;13:50;0;RD CE-040;;;;KM-07;Engavetamento;Luz do Dia;;Seca;Meio de Quadra;;;0;0;3;1;0;0;0;0;0;1;0;0;-3,81715944500;-38,48303286000;rod_match
356535;11;4;2020;19:25;19721;RUA GUSTAVO SAMPAIO;RUA AMADEU FURTADO;;;;ColisÃ£o;Mal Iluminada;Bom;Seca;Cruz;Pare;Residencial;0;1;1;1;0;0;0;0;0;1;0;0;-3,73678600000;-38,56382800000;inter_match
356536;12;4;2020;07:26;0;RUA FREDERICO ANDRADE;;;422;;NÃ£o Informado;Luz do Dia;Nublado;Molhada;Meio de Quadra;NÃ£o HÃ¡ Controle;Residencial;0;0;1;1;0;0;0;0;0;0;0;0;-3,71620000000;-38,56527000000;mq_gpsv
356537;12;4;2020;10:25;24372;AV LUCIANO CARNEIRO;RUA ALM RUFINO;;;;ColisÃ£o Transversal;Luz do Dia;Bom;Seca;Cruz;SemÃ¡foro;Comercial;0;1;1;0;0;0;0;0;0;1;0;0;-3,76658000000;-38,53719500000;inter_match
358855;12;4;2020;02:43;0;AV JOSE LEON;;;2041;;ColisÃ£o;;;;Meio de Quadra;;;0;1;0;0;0;0;0;0;0;0;0;0;-3,78976550000;-38,49385870000;mq_qgis
358856;12;4;2020;02:47;0;RUA 6;;;346;;Queda;;;;Meio de Quadra;;;0;1;0;0;0;0;0;0;0;1;0;0;-3,82203070000;-38,56725950000;mq_gpsv
358857;12;4;2020;05:16;0;AV MR HULL;;;;;Atropelamento;Amanhecer;;;Meio de Quadra;;;0;1;0;1;0;0;0;0;0;0;0;0;;;
358858;12;4;2020;07:51;0;RUA PRO GOMES BRASIL;;;;;ColisÃ£o;Luz do Dia;;;Meio de Quadra;;;0;2;0;0;0;0;0;0;0;1;0;0;;;
358859;12;4;2020;09:37;0;RUA GUARANI D35 (JOAO XXIII);;;1853;;Queda;Luz do Dia;;;Meio de Quadra;;;0;1;0;0;0;1;0;0;0;0;0;0;-3,77331609000;-38,58518190000;mq_qgis
358862;12;4;2020;11:53;0;RUA DOS HOLANDESES;;;;;ColisÃ£o;Luz do Dia;;;;;;0;1;0;1;0;0;0;0;0;1;0;0;;;
358865;12;4;2020;21:30;0;RUA CEL VIRGILIO NOGUEIRA (BOM JARDIM);;;;;ColisÃ£o;;;;Meio de Quadra;;;0;1;1;1;0;1;0;0;0;0;0;0;;;
358866;12;4;2020;11:55;0;RUA J LT PARAISO VERDE;;;265;;Queda;Luz do Dia;;;Meio de Quadra;;;0;1;0;0;0;0;0;0;0;1;0;0;-3,81183460000;-38,62310210000;mq_gpsv
358869;12;4;2020;12:33;0;AV MR HULL;;;5000;;Atropelamento;Luz do Dia;;;Meio de Quadra;;;0;1;0;0;0;0;0;0;0;1;0;0;-3,73921061400;-38,58867060000;mq_match
358873;12;4;2020;13:28;0;AV PRS CASTELO BRANCO;;;;;ColisÃ£o;Luz do Dia;;;Meio de Quadra;;;0;1;0;1;0;0;0;0;0;1;0;0;;;
358877;12;4;2020;13:34;0;AV GOV RAUL BARBOSA;;;7239;;ColisÃ£o;Luz do Dia;;;Meio de Quadra;;;0;1;0;1;0;0;0;0;0;1;0;0;-3,77558066700;-38,51303700000;mq_match
358878;12;4;2020;13:37;15366;RUA PEREIRA VALENTE;RUA PRO DIAS DA ROCHA;;;;ColisÃ£o;Luz do Dia;;;Cruz;Pare;Residencial;0;1;0;0;0;0;0;0;0;1;0;0;-3,73413200000;-38,49124300000;inter_match
358879;12;4;2020;15:34;0;RD BR 116;;;;;Queda;Luz do Dia;;;Meio de Quadra;;;0;1;0;0;0;0;0;0;0;1;0;0;;;
358880;12;4;2020;19:12;2717;RUA CEL VIRGILIO NOGUEIRA (BOM JARDIM);RUA GERALDO BARBOSA;;;;ColisÃ£o;;;;Cruz;Pare;Comercial;0;2;0;1;0;1;0;0;0;0;0;0;-3,78968980000;-38,60899400000;inter_match
358881;12;4;2020;20:40;0;RUA PEREIRA;;;1435;;Queda;;;;Meio de Quadra;;;0;1;0;0;0;1;0;0;0;0;0;0;-3,71788820000;-38,57022820000;mq_gpsv
358882;12;4;2020;21:13;0;AV C CJ CEARA;;;1425;;ColisÃ£o;;;;Meio de Quadra;;;0;1;0;1;0;0;0;0;0;1;0;0;-3,77111700000;-38,61403400000;mq_match
358883;12;4;2020;21:42;0;RUA ISRAEL BEZERRA;;;1010;;Queda;;;;Meio de Quadra;;;0;0;1;0;0;0;0;0;0;1;0;0;-3,75076950000;-38,49254650000;mq_qgis
358884;12;4;2020;22:21;0;RUA POMPILIO GOMES;;;1732;;ColisÃ£o;;;;Meio de Quadra;;;0;1;0;0;1;0;0;0;0;1;0;0;-3,82694429000;-38,52120170000;mq_qgis
358885;13;4;2020;05:09;0;AV JOR THOMAZ COELHO;;;1578;;ColisÃ£o;Amanhecer;;;Meio de Quadra;;;0;1;0;0;0;0;0;0;0;1;0;0;-3,82990427100;-38,50913561000;mq_match
358886;13;4;2020;05:48;0;AV PRS COSTA E SILVA;;;5567;;Queda;Amanhecer;;;Meio de Quadra;;;0;1;0;0;0;0;0;0;0;1;0;0;-3,82832000000;-38,53160000000;mq_gpsv
358887;13;4;2020;07:13;0;AV ALM HENRIQUE SABOIA;;;;;Queda;Luz do Dia;;;Meio de Quadra;;;0;2;0;0;0;0;0;0;0;1;0;0;;;
358888;13;4;2020;08:14;0;RUA CEL JOAQUIM FRANKLIN;;;114;;ColisÃ£o;Luz do Dia;;;Meio de Quadra;;;0;1;0;0;0;0;1;0;0;1;0;0;-3,74217579000;-38,58619480000;mq_qgis
358894;13;4;2020;09:19;0;RUA CON DE CASTRO;;;3505;;ColisÃ£o;Luz do Dia;;;Meio de Quadra;;;0;1;0;1;0;0;0;0;0;1;0;0;-3,79830975000;-38,58574970000;mq_qgis
358895;13;4;2020;11:28;5174;RUA GUILHERME ROCHA;AV TRISTAO GONCALVES;;;;Atropelamento;Luz do Dia;;;T;SemÃ¡foro;Comercial;0;2;0;0;0;1;0;0;0;0;0;0;-3,72548650000;-38,53249000000;inter_match
358898;13;4;2020;12:19;0;RUA ALVES DE SOUZA;;;1070;;ColisÃ£o;Luz do Dia;;;Meio de Quadra;;;0;2;0;0;0;0;0;0;0;1;0;0;-3,80225390000;-38,59436820000;mq_gpsv
358899;13;4;2020;13:04;0;RUA TERRA DAS FLORES;;;899;;Queda;Luz do Dia;;;Meio de Quadra;;;0;1;0;0;0;0;0;0;0;1;0;0;-3,80900000000;-38,43067000000;mq_gpsv
358900;13;4;2020;14:21;0;RD BR 116;;;;;Atropelamento;Luz do Dia;;;Meio de Quadra;;;0;1;0;1;0;0;0;0;0;0;0;0;;;
358911;13;4;2020;18:53;0;AV ALBERTO CRAVEIRO;;;;;ColisÃ£o;;;;Meio de Quadra;;;0;1;0;1;0;0;0;0;0;1;0;0;;;
358912;13;4;2020;19:51;0;AV PRO GOMES DE MATOS;;;1712;;ColisÃ£o;;;;Meio de Quadra;;;0;2;0;1;0;0;0;0;0;1;0;0;-3,76645095000;-38,55016040000;mq_qgis
358913;13;4;2020;20:44;0;RUA FRANCISCO PAIVA;;;274;;Queda;;;;Meio de Quadra;;;0;1;0;0;0;0;0;0;0;1;0;0;-3,78390000000;-38,61191000000;mq_gpsv
358914;13;4;2020;21:11;3831;AV 13 DE MAIO;RUA MAL DEODORO;;;;ColisÃ£o;;;;Cruz;SemÃ¡foro;Comercial;0;1;0;1;0;0;0;0;0;1;0;0;-3,74312200000;-38,53658800000;inter_match
358915;13;4;2020;21:30;23342;RUA EDUARDO BEZERRA;RUA TIBURCIO CAVALCANTE;;;;Queda;;;;Cruz;Pare;Residencial;0;1;0;0;0;0;0;0;0;1;0;0;-3,75332900000;-38,50814500000;inter_match
358904;13;4;2020;17:54;0;AV CARNEIRO DE MENDONCA;;;2264;;Queda;Anoitecer;;;Meio de Quadra;;;0;1;0;0;0;1;0;0;0;0;0;0;-3,75834300000;-38,57812500000;mq_qgis
358905;13;4;2020;18:01;0;RUA PRA STELLA COCHRANE;;;4500;;ColisÃ£o;Anoitecer;;;Meio de Quadra;;;0;1;0;1;0;0;0;0;0;1;0;0;;;
358906;13;4;2020;18:14;0;RUA DA SAPUCAIA;;;125;;Queda;Anoitecer;;;Meio de Quadra;;;0;1;0;0;0;0;0;0;0;1;0;0;-3,78169247000;-38,50915730000;mq_qgis
358902;13;4;2020;17:11;0;AV AUGUSTO DOS ANJOS;;;1747;;Atropelamento;Anoitecer;;;Meio de Quadra;;;0;1;0;1;0;0;0;0;0;0;0;0;-3,78136600000;-38,58020300000;mq_match
358868;13;4;2020;08:50;0;AV AUGUSTO DOS ANJOS;;;;;ColisÃ£o;Luz do Dia;;;Meio de Quadra;;;0;0;2;1;0;0;0;0;0;1;0;0;;;
356538;13;4;2020;01:52;0;RUA POMPILIO GOMES;;;1761;;ColisÃ£o Traseira;Via Iluminada;Bom;Seca;Meio de Quadra;NÃ£o HÃ¡ Controle;Residencial;0;0;2;0;1;0;0;0;0;0;0;0;-3,82721905000;-38,52121190000;mq_qgis
356540;13;4;2020;07:26;0;AV AUGUSTO DOS ANJOS;RUA THEOGENES GONDIM;;0;;ColisÃ£o Lateral;Luz do Dia;Bom;Seca;Meio de Quadra;NÃ£o HÃ¡ Controle;Comercial;0;1;1;1;0;0;0;0;0;1;0;0;-3,77966500000;-38,57882300000;inter_match
356541;13;4;2020;16:23;0;AV EDILSON B SOARES;RUA FIRMO A CARDOSO;;0;;ColisÃ£o Transversal;Luz do Dia;Bom;Seca;Meio de Quadra;Pare;Comercial;0;1;0;0;0;0;0;0;0;1;0;0;-3,78818000000;-38,46606000000;inter_gpsv
356542;14;4;2020;10:51;1243;RUA PEREIRA FILGUEIRAS;RUA DR JOSE LOURENCO;;;;ColisÃ£o;Luz do Dia;Bom;Seca;Cruz;Pare;Comercial;0;1;1;1;0;0;0;0;0;1;0;0;-3,73044900000;-38,50647000000;inter_match
356543;14;4;2020;16:00;7391;RUA CURITIBA;RUA ARACAJU;;;;ColisÃ£o Transversal;Luz do Dia;Bom;Seca;Cruz;Pare;Residencial;0;0;2;1;0;0;0;0;0;0;0;0;-3,75840000000;-38,58685000000;inter_gpsv
356714;14;4;2020;14:25;0;RD BR 222;;;;KM-02;Tombamento;Luz do Dia;Nublado;Seca;Meio de Quadra;;;0;2;0;0;0;0;0;0;0;1;0;0;-3,74036240000;-38,59699610000;rod_match
358870;14;4;2020;20:15;0;RD BR 116;;;1000;KM-01;ColisÃ£o;;;;Meio de Quadra;;;0;0;2;1;0;0;0;0;0;1;0;0;-3,76255400000;-38,51870200000;rod_match
358871;14;4;2020;13:30;0;AV AGUANAMBI;;;421;;ColisÃ£o;Luz do Dia;;;Meio de Quadra;;;0;0;1;1;0;0;0;0;0;0;0;0;-3,74052300000;-38,52505900000;mq_match
358931;14;4;2020;16:21;0;AV WASHINGTON SOARES;;;3000;;Queda;Luz do Dia;;;Meio de Quadra;;;0;1;0;0;0;1;0;0;0;0;0;0;-3,78340600000;-38,48099600000;mq_qgis
358934;14;4;2020;17:37;0;RUA CARLOS VASCONCELOS;;;146;;Queda;Anoitecer;;;Meio de Quadra;;;0;1;0;0;0;1;0;0;0;0;0;0;-3,72324417000;-38,50764280000;mq_qgis
358937;14;4;2020;19:26;0;RD BR 116;;;1000;KM-01;Atropelamento;;;;Meio de Quadra;;;0;1;0;0;1;0;0;0;0;0;0;0;-3,76255400000;-38,51870200000;rod_match
358940;14;4;2020;19:56;0;AV CEL CARVALHO;;;917;;ColisÃ£o;;;;Meio de Quadra;;;0;1;0;0;0;0;0;0;0;1;0;0;-3,71054600000;-38,58967600000;mq_qgis
358942;14;4;2020;21:28;0;RUA ANTONIO ARRUDA;;;1456;;ColisÃ£o;;;;Meio de Quadra;;;0;1;0;1;0;0;0;0;0;1;0;0;-3,72064500000;-38,59415100000;mq_qgis
358943;14;4;2020;22:21;15104;AV HIS RAIMUNDO GIRAO;RUA ILDEFONSO ALBANO;;;;ColisÃ£o;;;;Cruz;Gesto;Comercial;0;2;0;1;0;0;0;0;0;1;0;0;-3,72160300000;-38,50954200000;inter_match
358925;14;4;2020;13:33;1450;RUA JOAO CARVALHO;RUA JOSE VILAR;;;;ColisÃ£o;Luz do Dia;;;Cruz;SemÃ¡foro;Comercial;0;1;0;1;0;0;0;0;0;0;0;0;-3,73831800000;-38,50547700000;inter_match
358926;14;4;2020;15:02;25021;RUA DR HUGO ROCHA;RUA TEODOMIRO DE CASTRO;;;;Queda;Luz do Dia;;;Cruz;Pare;Comercial;0;1;0;0;0;0;0;0;0;1;0;0;-3,72037000000;-38,56890000000;inter_gpsv
358927;14;4;2020;16:20;0;AV MAJ ASSIS;;;1472;;ColisÃ£o;Luz do Dia;;;Meio de Quadra;;;0;1;0;1;0;0;0;0;0;1;0;0;-3,72262500000;-38,59254100000;mq_qgis
358916;14;4;2020;08:03;15200;RUA DEP MOREIRA DA ROCHA;RUA CARLOS VASCONCELOS;;;;ColisÃ£o;Luz do Dia;;;Cruz;SemÃ¡foro;Residencial;0;2;0;0;0;0;0;0;0;0;0;0;-3,72656000000;-38,50872400000;inter_match
358917;14;4;2020;10:40;0;RUA CON DE CASTRO;;;8312;;ColisÃ£o;Luz do Dia;;;Meio de Quadra;;;0;1;0;1;0;0;0;0;0;1;0;0;;;
358918;14;4;2020;11:30;0;RUA ISAC AMARAL;;;44;;ColisÃ£o;Luz do Dia;;;Meio de Quadra;;;0;1;0;1;0;0;0;0;0;1;0;0;-3,75137565000;-38,50938510000;mq_qgis
358919;14;4;2020;11:44;0;AV JOVITA FEITOSA;;;768;;ColisÃ£o;Luz do Dia;;;Meio de Quadra;;;0;1;0;1;0;0;0;0;0;1;0;0;-3,73872073000;-38,55089960000;mq_qgis
358920;14;4;2020;12:39;0;AV PERIMETRAL;;;;;Queda;Luz do Dia;;;Meio de Quadra;;;0;2;0;0;0;0;0;0;0;1;0;0;;;
358921;14;4;2020;13:10;0;RUA JOSE DANTAS VIEIRA;;;;;ColisÃ£o;Luz do Dia;;;Meio de Quadra;;;0;1;0;1;0;0;0;0;0;1;0;0;;;
358922;14;4;2020;13:27;0;RUA DR JOAQUIM BENTO;;;640;;ColisÃ£o;Luz do Dia;;;Meio de Quadra;;;0;1;0;1;0;0;0;0;0;1;0;0;-3,82828708000;-38,48593360000;mq_qgis
358946;15;4;2020;02:57;0;RUA SABIAGUABA;;;1421;;Queda;;;;Meio de Quadra;;;0;1;0;0;0;0;0;0;0;1;0;0;-3,78232000000;-38,43701000000;mq_gpsv
358948;15;4;2020;06:35;0;AV MR HULL;;;;;Atropelamento;Luz do Dia;;;Meio de Quadra;;;0;1;0;1;0;0;0;0;0;0;0;0;;;
358950;15;4;2020;06:54;0;RD QUARTO ANEL VIARIO;;;;;Queda;Luz do Dia;;;Meio de Quadra;;;0;1;0;0;0;0;0;0;0;1;0;0;;;
358951;15;4;2020;07:28;0;AV FRE CIRILO;;;4186;;ColisÃ£o;Luz do Dia;;;Meio de Quadra;;;0;2;0;1;0;0;0;0;0;1;0;0;-3,82063408300;-38,49596966700;mq_match
358953;15;4;2020;08:22;5302;AV TRISTAO GONCALVES;RUA PEDRO I;;;;Queda;Luz do Dia;;;Cruz;SemÃ¡foro;Comercial;0;1;0;0;0;0;0;0;0;1;0;0;-3,72952300000;-38,53392700000;inter_match
358961;15;4;2020;09:02;25933;AV ALM MAXIMIANO DA FONSECA;RUA MARIA ALICE FERRAZ;;;;Queda;Luz do Dia;;;Cruz;Pare;Residencial;0;1;0;0;0;0;0;0;0;1;0;0;-3,77038100000;-38,48958100000;inter_match
358962;15;4;2020;09:15;0;AV JOAO PESSOA;;;5702;;Queda;Luz do Dia;;;Meio de Quadra;;;0;1;0;0;0;0;0;0;0;1;0;0;-3,76028950000;-38,55649450000;mq_qgis
358872;15;4;2020;10:40;5120;AV MON TABOSA;RUA JOAO CORDEIRO;;;;ColisÃ£o;Luz do Dia;;;Cruz;SemÃ¡foro;Comercial;0;0;1;0;0;0;0;0;0;0;0;0;-3,72400900000;-38,51263500000;inter_match
358971;15;4;2020;09:17;0;AV GODOFREDO MACIEL;;;2900;;Queda;Luz do Dia;;;Meio de Quadra;;;0;1;0;0;0;0;0;0;0;1;0;0;-3,79937400000;-38,57081000000;mq_match