COD_ACIDENTE;DIA;MES;ANO;HORA;INTERSECAO;LOG1;LOG2;LOG3;NUMERO;REFERENCIA;NATUREZA;ILUMINACAO;TEMPO;SUPERFICIEPISTA;TIPOCRUZAMENTO;CONTROLETRAFEGO;USOSOLO;MORTOS;FERIDOS;ILESOS;AUTOMOVEL;ONIBUS;BICICLETA;CAMINHAO;MICROONIBUS;CICLOMOTOR;MOTOCICLETA;TRACAOANIMAL;TREM;LATITUDE;LONGITUDE;METODO
358972;15;4;2020;10:26;0;AV MAJ ASSIS;;;995;;Atropelamento;Luz do Dia;;;Meio de Quadra;;;0;1;0;1;0;0;0;0;0;0;0;0;-3,72365495000;-38,58787380000;mq_qgis
358973;15;4;2020;10:52;9240;RUA DEP OSWALDO STUDART;RUA MARIO MAMEDE;;;;ColisÃ£o;Luz do Dia;;;Duplo T;SemÃ¡foro;Escola;0;1;0;1;0;0;0;0;0;1;0;0;-3,75275200000;-38,52736700000;inter_match
358974;15;4;2020;13:31;0;RUA 15 DE NOVEMBRO;;;68;;ColisÃ£o;Luz do Dia;;;Meio de Quadra;;;0;1;0;0;0;0;0;0;0;0;0;0;-3,76762500000;-38,55947000000;mq_gpsv
358975;15;4;2020;13:48;0;RUA MANUEL CASTELO BRANCO;;;248;;ColisÃ£o;Luz do Dia;;;Meio de Quadra;;;0;1;0;0;0;0;0;0;0;0;0;0;-3,83197000000;-38,49185000000;mq_gpsv
358977;15;4;2020;15:45;0;RUA SOLON PINHEIRO;;;1040;;ColisÃ£o;Luz do Dia;;;Meio de Quadra;;;0;2;0;0;0;0;0;0;0;0;0;0;-3,73949000000;-38,52935200000;mq_qgis
358979;15;4;2020;17:36;0;RUA MISERICORDIA;;;268;;ColisÃ£o;Anoitecer;;;Meio de Quadra;;;0;1;0;0;0;0;0;0;0;1;0;0;-3,71981000000;-38,58518000000;mq_match
358980;15;4;2020;17:48;0;RUA ROSINHA SAMPAIO;;;904;;ColisÃ£o;Anoitecer;;;Meio de Quadra;;;0;1;0;1;0;0;0;0;0;1;0;0;-3,72682025000;-38,58667275000;mq_match
358988;15;4;2020;19:31;0;AV CEL CARVALHO;;;358;;ColisÃ£o;;;;Meio de Quadra;;;0;1;0;1;0;0;0;0;0;1;0;0;-3,70609950000;-38,59086550000;mq_qgis
358989;15;4;2020;20:29;23856;RUA PIN ANTONIO BANDEIRA;RUA PRO ALVARO COSTA;;;;ColisÃ£o;;;;;;;0;1;0;1;0;0;0;0;0;1;0;0;-3,72305000000;-38,46459000000;inter_gpsv
358990;15;4;2020;20:50;20269;AV PRS JUSCELINO KUBITSCHEK (PASSARÃ‰);RUA ELDORADO;;;;Queda;;;;Cruz;SemÃ¡foro;Comercial;0;1;0;0;0;0;0;0;0;1;0;0;-3,81634000000;-38,53159000000;inter_gpsv
358991;15;4;2020;23:27;0;AV JOVITA FEITOSA;;;2863;;Queda;;;;Meio de Quadra;;;0;1;0;0;0;1;0;0;0;0;0;0;-3,74125744000;-38,56332240000;mq_qgis
358984;15;4;2020;18:59;0;AV AUGUSTO DOS ANJOS;;;489;;Queda;;;;Meio de Quadra;;;0;1;0;0;0;0;0;0;0;1;0;0;-3,77304700000;-38,57279210000;mq_match
356715;15;4;2020;06:30;0;RD BR 222;;;;KM-01;Atropelamento;Luz do Dia;Bom;Seca;Meio de Quadra;;;1;0;1;1;0;0;0;0;0;0;0;0;-3,73769844400;-38,57814693000;rod_match
356544;15;4;2020;10:30;0;AV MAJ ASSIS;;;995;;Atropelamento;Luz do Dia;Bom;Seca;Meio de Quadra;NÃ£o HÃ¡ Controle;Residencial;0;1;1;0;0;0;0;0;0;0;0;0;-3,72365495000;-38,58787380000;mq_qgis
356545;15;4;2020;15:49;0;RUA OSVALDO CRUZ;RUA DES LEITE ALBUQUERQUE;;0;;ColisÃ£o Transversal;Luz do Dia;Bom;Seca;Meio de Quadra;Pare;Comercial;0;2;1;1;0;0;0;0;0;1;0;0;-3,73661840000;-38,50063370000;inter_match
356546;16;4;2020;07:40;0;AV FRANCISCO SA;;;2767;;ColisÃ£o Lateral;Luz do Dia;Bom;Seca;Meio de Quadra;NÃ£o HÃ¡ Controle;Comercial;0;1;1;1;0;0;0;0;0;1;0;0;-3,71973133300;-38,55034050000;mq_match
356547;16;4;2020;10:26;0;RUA POMPILIO GOMES;RUA N ESPLANADA CASTELAO;;0;;ColisÃ£o Transversal;Luz do Dia;Bom;Seca;Meio de Quadra;NÃ£o HÃ¡ Controle;Residencial;0;1;1;0;0;0;0;0;0;1;0;0;-3,82559000000;-38,52120000000;inter_gpsv
356548;16;4;2020;15:17;0;RUA JOSE MENDONCA;;;892;;Atropelamento;Luz do Dia;Nublado;Molhada;Meio de Quadra;Pare;Comercial;0;2;0;0;0;0;0;0;0;1;0;0;-3,75562031000;-38,60190930000;mq_qgis
356549;16;4;2020;19:07;0;RUA SALDANHA MARINHO;;;730;;ColisÃ£o Transversal;Via Iluminada;Bom;Seca;Meio de Quadra;SemÃ¡foro;Residencial;0;0;2;1;0;0;0;0;0;1;0;0;-3,74252938000;-38,53059630000;mq_qgis
356496;16;4;2020;08:00;0;RD CE-040;;;;KM-07;ColisÃ£o;Luz do Dia;;Seca;Meio de Quadra;;;0;1;0;0;0;0;0;0;0;1;0;0;-3,81715944500;-38,48303286000;rod_match
356497;16;4;2020;18:50;0;RD CE-040;;;;KM-10;ColisÃ£o;;;Seca;Meio de Quadra;;;0;0;2;1;0;0;0;0;0;1;0;0;-3,84257666000;-38,48088284000;rod_match
358997;16;4;2020;13:58;0;AV SEN FERNANDES TAVORA;;;2433;;Atropelamento;Luz do Dia;;;Meio de Quadra;;;0;1;0;1;0;0;0;0;0;0;0;0;-3,75595300000;-38,59388900000;mq_match
358998;16;4;2020;14:08;0;RUA PEDRO SAMPAIO;;;139;;ColisÃ£o;Luz do Dia;;;Meio de Quadra;;;0;1;0;1;0;0;0;0;0;1;0;0;-3,72556000000;-38,59046000000;mq_gpsv
359000;16;4;2020;14:29;0;RUA 20 DE JANEIRO;;;1825;;ColisÃ£o;Luz do Dia;;;Meio de Quadra;;;0;1;0;0;0;0;0;0;0;0;0;0;;;
359003;16;4;2020;16:20;12826;AV DOS EXPEDICIONARIOS;RUA ANDRE CHAVES;;;;ColisÃ£o;Luz do Dia;;;Cruz;SemÃ¡foro;Residencial;0;1;0;1;0;0;0;0;0;1;0;0;-3,75734500000;-38,53890300000;inter_match
359005;16;4;2020;17:49;0;AV JOSE BASTOS;;;3778;;ColisÃ£o;Anoitecer;;;Meio de Quadra;;;0;1;0;1;0;0;0;0;0;1;0;0;-3,75115950000;-38,55161800000;mq_match
359007;16;4;2020;19:16;0;AV WENEFRIDO MELO;;;;;ColisÃ£o;;;;Meio de Quadra;;;0;2;0;1;0;0;0;0;0;1;0;0;;;
359008;16;4;2020;19:26;0;AV RAD JOSE LIMA VERDE;;;711;;Queda;;;;Meio de Quadra;;;0;1;0;0;0;0;0;0;0;1;0;0;-3,69827864000;-38,58702450000;mq_qgis
359010;16;4;2020;21:39;0;RUA NS 04 RES CAJAZEIRAS;;;50;;Queda;;;;Meio de Quadra;;;0;1;0;0;0;1;0;0;0;0;0;0;-3,80298180000;-38,49877560000;mq_gpsv
358992;16;4;2020;10:06;0;AV BEZERRA DE MENEZES;;;1052;;ColisÃ£o;Luz do Dia;;;Meio de Quadra;;;0;1;0;1;0;0;0;0;0;1;0;0;-3,73353064900;-38,55413408000;mq_match
359013;16;4;2020;22:03;0;RUA MANUEL CASTELO BRANCO;;;535;;ColisÃ£o;;;;Meio de Quadra;;;0;1;0;1;0;0;0;0;0;1;0;0;-3,83235593000;-38,49039850000;mq_qgis
358892;16;4;2020;17:30;15728;RUA INACIO ORIA;RUA DR JOAQUIM BENTO;;;;ColisÃ£o;Anoitecer;;;Duplo T;Pare;Comercial;0;0;1;0;0;0;0;0;1;0;0;0;-3,82830200000;-38,48392300000;inter_match
358893;16;4;2020;20:00;0;AV WASHINGTON SOARES;;;2650;;ColisÃ£o;;;;Meio de Quadra;;;0;0;2;1;0;0;0;0;0;0;0;0;-3,78251988000;-38,48106850000;mq_qgis
356550;17;4;2020;08:19;8011;AV JOAO PESSOA;RUA ALEXANDRE BARAUNA;;;;ColisÃ£o Transversal;Luz do Dia;Chuva;Molhada;Cruz;SemÃ¡foro;Escola;0;1;1;1;0;0;0;0;0;1;0;0;-3,75108900000;-38,54826700000;inter_match
356551;17;4;2020;18:50;10749;RUA PRO HERIBALDO COSTA;AV SEN FERNANDES TAVORA;;0;;Choque c/ ObstÃ¡culo Fixo;Via Iluminada;Bom;Seca;Cruz;SemÃ¡foro;Comercial;0;0;2;1;0;1;0;0;0;0;0;0;-3,76100600000;-38,58438400000;inter_match
356575;17;4;2020;11:25;0;AV AMERICO BARREIRA;RUA DIAMANTINA;;0;;ColisÃ£o Transversal;Luz do Dia;Nublado;Molhada;Cruz;SemÃ¡foro;Comercial;0;1;1;1;0;0;0;0;0;1;0;0;-3,76502010000;-38,56736400000;inter_match
356716;17;4;2020;17:00;0;RD BR 116;;;9000;KM-09;ColisÃ£o Lateral;Anoitecer;;Seca;Meio de Quadra;;;0;2;1;1;0;0;0;0;0;1;0;0;-3,83083700000;-38,50486500000;rod_match
357633;17;4;2020;20:26;0;AV JOSE JATAHY;;;1302;;ColisÃ£o;;;;Meio de Quadra;;;0;1;0;0;0;0;0;0;0;0;0;0;-3,73286586000;-38,54465100000;mq_qgis
357634;17;4;2020;20:55;0;RUA CON DE CASTRO;;;5951;;ColisÃ£o;;;;Meio de Quadra;;;0;1;0;0;0;0;0;0;0;0;0;0;-3,81482830400;-38,59897963000;mq_match
357625;17;4;2020;07:45;0;AV JOSE BASTOS;;;;;Queda;Luz do Dia;;;Meio de Quadra;;;0;1;0;0;0;0;0;0;0;1;0;0;;;
357626;17;4;2020;11:23;0;AV ABOLICAO;;;4521;;ColisÃ£o;Luz do Dia;;;Meio de Quadra;;;0;1;1;1;0;0;0;0;0;1;0;0;-3,72352130000;-38,48102200000;mq_match
357627;17;4;2020;12:34;0;RUA BERNARDO MANUEL;;;9976;;ColisÃ£o;Luz do Dia;;;Meio de Quadra;;;0;1;1;1;0;0;0;0;0;1;0;0;-3,80470200000;-38,55321000000;mq_match
357628;17;4;2020;14:00;0;AV DR SILAS MUNGUBA;;;393;;ColisÃ£o;Luz do Dia;;;Meio de Quadra;;;0;1;1;1;0;0;0;0;0;1;0;0;-3,77775623000;-38,56169620000;mq_qgis
357629;17;4;2020;14:48;11057;AV DR SILAS MUNGUBA;AV DOS EXPEDICIONARIOS;;;;Atropelamento;Luz do Dia;;;Cruz;Cancela;Comercial;0;1;1;0;0;0;1;0;0;0;0;0;-3,78754000000;-38,54789000000;inter_gpsv
357630;17;4;2020;15:00;0;RUA CEREJEIRAS;;;511;;ColisÃ£o;Luz do Dia;;;Meio de Quadra;;;0;1;1;0;0;0;0;0;0;1;0;0;-3,81619670000;-38,59526710000;mq_qgis
357631;17;4;2020;19:17;0;RUA DOM BOSCO;;;30;;Queda;;;;Meio de Quadra;;;0;1;0;0;0;1;0;0;0;0;0;0;-3,73777560000;-38,52403980000;mq_qgis
357605;17;4;2020;01:54;0;RUA TAQUARA D72;;;126;;Queda;;;;Meio de Quadra;;;0;1;0;0;0;0;0;0;0;1;0;0;-3,83924150400;-38,56274358000;mq_gpsv
357606;17;4;2020;06:25;0;AV JOAO DE ARAUJO LIMA;;;;;ColisÃ£o;Luz do Dia;;;Meio de Quadra;;;0;1;1;1;0;1;0;0;0;0;0;0;;;
357607;17;4;2020;06:45;0;AV 13 DE MAIO;;;1383;;Queda;Luz do Dia;;;Meio de Quadra;;;0;1;0;0;0;0;0;0;0;1;0;0;-3,74796600000;-38,53092250000;mq_qgis
357608;17;4;2020;07:16;0;AV BEIRA MAR;;;2200;;Atropelamento;Luz do Dia;;;Meio de Quadra;;;0;1;1;0;0;1;0;0;0;0;0;0;-3,72464200000;-38,50092600000;mq_match
357702;17;4;2020;21:18;0;RUA FRANCISCO DE SALES;;;298;;Queda;;;;Meio de Quadra;;;0;1;0;0;0;0;0;0;0;1;0;0;-3,77599981000;-38,58402270000;mq_qgis
357703;17;4;2020;21:26;0;RUA MARIA QUINTELA;;;425;;Queda;;;;Meio de Quadra;;;0;1;0;0;0;0;0;0;0;1;0;0;-3,77604000000;-38,58595000000;mq_gpsv
357704;17;4;2020;21:54;0;AV PINTO BANDEIRA D56;;;;;ColisÃ£o;;;;Meio de Quadra;;;0;1;1;0;0;0;0;0;0;1;0;0;;;
357706;18;4;2020;07:49;0;RD QUARTO ANEL VIARIO;;;2415;;ColisÃ£o;Luz do Dia;;;Meio de Quadra;;;0;1;1;0;0;0;0;0;0;1;0;0;-3,82933700000;-38,62148800000;rod_match
357707;18;4;2020;11:27;2822;AV GAL OSORIO DE PAIVA;RUA OSCAR ARARIPE;;;;ColisÃ£o;Luz do Dia;;;Outros;NÃ£o HÃ¡ Controle;Comercial;0;1;1;1;0;0;0;0;0;1;0;0;-3,79416500000;-38,59182300000;inter_match
357708;18;4;2020;12:05;0;RUA SABIA;;;213;;ColisÃ£o;Luz do Dia;;;Meio de Quadra;;;0;1;1;1;0;0;0;0;0;1;0;0;-3,77534311000;-38,57797470000;mq_qgis
357709;18;4;2020;15:14;0;AV PERIMETRAL;;;;;ColisÃ£o;Luz do Dia;;;Meio de Quadra;;;0;1;1;1;0;0;0;0;0;1;0;0;;;
357710;18;4;2020;15:33;1315;RUA TORRES CAMARA;AV RUI BARBOSA;;;;Capotamento;Luz do Dia;;;Cruz;SemÃ¡foro;Comercial;0;1;0;1;0;0;0;0;0;0;0;0;-3,73494700000;-38,50907600000;inter_match
357711;18;4;2020;16:03;9578;RUA SOUSA CARVALHO;RUA SAO LUIZ DO OESTE;;;;ColisÃ£o;Luz do Dia;;;Cruz;NÃ£o HÃ¡ Controle;Residencial;0;1;1;0;0;0;0;0;0;1;0;0;-3,77792700000;-38,60892300000;inter_match
357712;18;4;2020;16:37;13304;AV G CJ JOSE WALTER;AV I CJ JOSE WALTER;;;;Queda;Luz do Dia;;;Cruz;Pare;Residencial;0;1;0;0;0;1;0;0;0;0;0;0;-3,83906100000;-38,55495600000;inter_match
357713;18;4;2020;17:36;0;ET DO FIO (MESSEJANA);;;;;ColisÃ£o;Anoitecer;;;Meio de Quadra;;;0;1;1;0;0;0;0;0;0;1;0;0;;;
357714;18;4;2020;17:41;0;AV ZEZE DIOGO;;;914;;Queda;Anoitecer;;;Meio de Quadra;;;0;1;0;0;0;0;0;0;0;1;0;0;-3,71470350000;-38,46575950000;mq_qgis
357715;18;4;2020;17:49;0;AV PRS COSTA E SILVA;;;;;Queda;Anoitecer;;;Meio de Quadra;;;0;1;0;0;0;0;0;0;0;1;0;0;;;
357716;18;4;2020;18:39;0;TR DA AMIZADE;;;159;;ColisÃ£o;;;;Meio de Quadra;;;0;1;0;0;0;0;0;0;0;0;0;0;;;
357717;18;4;2020;18:47;0;AV GAL OSORIO DE PAIVA;;;7840;;ColisÃ£o;;;;Meio de Quadra;;;0;1;0;0;0;0;0;0;0;0;0;0;-3,82060903000;-38,61746630000;mq_qgis
357718;18;4;2020;18:53;0;RUA CAP AFRANIO;;;13;;Atropelamento;;;;Meio de Quadra;;;0;1;0;0;0;0;0;0;0;0;0;0;-3,82920177000;-38,49469750000;mq_qgis
357719;18;4;2020;20:14;0;RUA JULIO SILVA;;;;;Queda;;;;Meio de Quadra;;;0;1;0;0;0;1;0;0;0;0;0;0;;;
357720;18;4;2020;20:42;0;AV WASHINGTON LUIS;;;1042;;ColisÃ£o;;;;Meio de Quadra;;;0;1;1;1;0;0;0;0;0;1;0;0;-3,71602530000;-38,59457810000;mq_gpsv
357721;18;4;2020;23:29;0;RUA VITORIA;;;1735;;Atropelamento;;;;Meio de Quadra;;;0;1;1;0;0;0;0;0;0;1;0;0;-3,76804000000;-38,58999000000;mq_gpsv
356717;18;4;2020;07:00;0;RD BR 116;;;;KM-02;Tombamento;Luz do Dia;Bom;Seca;Meio de Quadra;;;0;1;0;0;0;0;0;0;0;1;0;0;-3,77139100000;-38,51678000000;rod_match
356498;18;4;2020;20:00;0;RD CE-025;;;;KM-03;Choque c/ ObstÃ¡culo Fixo;;;Seca;Meio de Quadra;;;0;0;1;0;0;0;0;0;0;1;0;0;-3,80588917900;-38,45224656000;rod_match
356553;18;4;2020;10:52;12347;RUA RIO GRANDE DO SUL;RUA DIAMANTINA;;;;ColisÃ£o Transversal;Luz do Dia;Chuva;Molhada;Cruz;SemÃ¡foro;Comercial;0;1;1;1;0;0;0;0;0;1;0;0;-3,76334200000;-38,57049900000;inter_match
356554;18;4;2020;14:17;0;RUA EDUARDO ANGELIM;;;1260;;Choque c/ ObstÃ¡culo Fixo;Luz do Dia;Bom;Seca;Meio de Quadra;NÃ£o HÃ¡ Controle;Residencial;0;0;1;1;0;0;0;0;0;0;0;0;-3,76932300000;-38,54423060000;mq_qgis
356555;18;4;2020;15:10;1315;AV RUI BARBOSA;RUA TORRES CAMARA;;0;;ColisÃ£o Transversal;Luz do Dia;Bom;Seca;Cruz;SemÃ¡foro;Comercial;0;0;2;1;0;0;0;0;0;0;0;0;-3,73494700000;-38,50907600000;inter_match
356556;18;4;2020;15:30;22276;RUA PDE ANCHIETA;RUA JOSE MARROCOS;;;;ColisÃ£o Transversal;Luz do Dia;Bom;Seca;Cruz;Pare;Comercial;0;2;1;1;0;0;0;0;0;1;0;0;-3,73094000000;-38,55203000000;inter_gpsv
356557;18;4;2020;10:10;0;AV DUQ CAXIAS;;;1897;;Choque c/ ObstÃ¡culo Fixo;Luz do Dia;Chuva;Molhada;Meio de Quadra;Pare;Residencial;0;1;0;0;0;0;0;0;0;0;0;0;-3,72811869000;-38,54122890000;mq_qgis
356558;19;4;2020;02:27;0;AV BEIRA MAR;;;840;;ColisÃ£o;Via Iluminada;Bom;Seca;Meio de Quadra;NÃ£o HÃ¡ Controle;Lazer;0;1;1;0;0;0;0;0;0;1;0;0;-3,72022200000;-38,51160300000;mq_match
356559;19;4;2020;02:24;0;AV ALBERTO CRAVEIRO;;;1240;;ColisÃ£o Traseira;Via Iluminada;Bom;Seca;Outros;SemÃ¡foro;Residencial;0;0;2;1;0;0;0;0;0;0;0;0;-3,79154883300;-38,51727317000;mq_match
356560;19;4;2020;06:38;0;RUA GAL CAIADO DE CASTRO;;;84;;Choque c/ ObstÃ¡culo Fixo;Via Iluminada;Bom;Seca;Meio de Quadra;NÃ£o HÃ¡ Controle;Residencial;0;0;1;1;0;0;0;0;0;0;0;0;-3,78407700000;-38,48858700000;mq_match
356561;19;4;2020;07:01;23793;RUA RAIMUNDO NERY;RUA ANTONIO COSTA MENDES (PQ SÃƒO JOSÃ‰);;0;;NÃ£o Informado;Amanhecer;Bom;Seca;Cruz;SemÃ¡foro;Comercial;0;0;1;0;1;0;0;0;0;1;0;0;-3,79324650000;-38,58678860000;inter_match
356562;19;4;2020;06:57;0;AV CONTORNO OESTE D71;;;175;;ColisÃ£o Lateral;Amanhecer;Bom;Seca;Meio de Quadra;NÃ£o HÃ¡ Controle;Residencial;0;0;2;1;0;0;0;0;0;0;0;0;-3,81023423000;-38,59309600000;mq_qgis
356563;19;4;2020;21:53;0;AV PRS COSTA E SILVA;;;2382;CIALNE;ColisÃ£o Traseira;Mal Iluminada;Bom;Seca;Meio de Quadra;Gesto;Comercial;0;1;2;0;0;0;0;0;0;1;0;0;-3,82006840000;-38,56053891000;mq_match
356718;19;4;2020;00:40;0;RD BR 222;;;;KM-01;Choque c/ ObstÃ¡culo Fixo;;Bom;Seca;Meio de Quadra;;;0;0;1;1;0;0;0;0;0;0;0;0;-3,73769844400;-38,57814693000;rod_match
356719;19;4;2020;09:50;0;RD BR 116;;;;KM-13;Queda;Luz do Dia;Bom;Seca;Meio de Quadra;;;0;2;0;0;0;0;0;0;0;1;0;0;-3,86467000000;-38,49772700000;rod_match
357722;19;4;2020;02:54;0;AV FELINO BARROSO;;;150;;ColisÃ£o;;;;Meio de Quadra;;;0;1;1;1;0;0;0;0;0;1;0;0;-3,74532816000;-38,52840080000;mq_qgis
357723;19;4;2020;03:53;0;TR VIA FERREA SOBRAL;;;147;;Queda;;;;Meio de Quadra;;;0;1;0;0;0;0;0;0;0;1;0;0;-3,72386220000;-38,57058060000;mq_gpsv
357725;19;4;2020;05:11;0;AV PERIMETRAL;;;531;;ColisÃ£o;Amanhecer;;;Meio de Quadra;;;0;1;0;0;0;0;0;0;0;0;0;0;;;
357726;19;4;2020;07:48;0;AV ALBERTO CRAVEIRO;;;1083;;ColisÃ£o;Luz do Dia;;;Meio de Quadra;;;0;1;1;1;0;0;0;0;0;1;0;0;-3,78933000000;-38,51692000000;mq_match
357727;19;4;2020;10:58;0;AV JOAO DE ARAUJO LIMA;;;2381;;Atropelamento;Luz do Dia;;;Meio de Quadra;;;0;1;1;1;0;0;0;0;0;0;0;0;-3,84301000000;-38,56293000000;mq_gpsv
357728;19;4;2020;13:22;0;AV A CJ CEARA;;;946;;Queda;Luz do Dia;;;Meio de Quadra;;;0;1;0;0;0;0;0;0;0;1;0;0;-3,76857000000;-38,60404400000;mq_qgis
357729;19;4;2020;13:30;17412;RUA BAR SOBRAL;RUA ALBERTO MAGNO;;;;ColisÃ£o;Luz do Dia;;;Cruz;SemÃ¡foro;Comercial;0;1;1;1;0;0;0;0;0;1;0;0;-3,76799100000;-38,55241700000;inter_match
357730;19;4;2020;13:46;0;RUA OSVALDO CRUZ (ALDEOTA);;;1400;;ColisÃ£o;Luz do Dia;;;Meio de Quadra;;;0;1;1;1;0;0;0;0;0;1;0;0;-3,73776400000;-38,50101500000;mq_qgis
357731;19;4;2020;14:50;0;RUA SOBREIRA FILHO;;;224;;ColisÃ£o;Luz do Dia;;;Meio de Quadra;;;0;1;1;0;0;0;0;0;0;1;0;0;-3,77951771000;-38,58181810000;mq_qgis
357732;19;4;2020;15:32;0;AV VIENA WEYNE;;;310;;ColisÃ£o;Luz do Dia;;;Meio de Quadra;;;0;1;1;1;0;0;0;0;0;1;0;0;-3,80111500000;-38,49011750000;mq_qgis
357733;19;4;2020;16:09;0;RUA JOSE MONTEIRO DOS SANTOS;;;1290;;Atropelamento;Luz do Dia;;;Meio de Quadra;;;0;1;1;1;0;0;0;0;0;0;0;0;-3,75062000000;-38,55020000000;mq_gpsv
357734;19;4;2020;17:38;0;RUA DR JOSE ROBERTO SALES;;;117;;Capotamento;Anoitecer;;;Meio de Quadra;;;0;1;0;1;0;0;0;0;0;0;0;0;-3,69752000000;-38,57747000000;mq_gpsv
357735;19;4;2020;18:28;0;AV JOSE JATAHY;;;1350;;ColisÃ£o;Anoitecer;;;Meio de Quadra;;;0;1;0;0;0;0;0;0;0;0;0;0;-3,73347245000;-38,54430740000;mq_qgis
357736;19;4;2020;18:54;0;RUA JULIO SILVA;;;;;Queda;;;;Meio de Quadra;;;0;1;0;0;0;1;0;0;0;0;0;0;;;
357737;19;4;2020;21:22;0;RD BR 116;;;11000;KM-11;Atropelamento;;;;Meio de Quadra;;;0;1;1;1;0;0;0;0;0;0;0;0;-3,84716000000;-38,49717600000;rod_match
357739;20;4;2020;02:03;0;RUA E CJ VILA VELHA;;;21;;Queda;;;;Meio de Quadra;;;0;1;0;0;0;0;0;0;0;1;0;0;-3,71150000000;-38,60111000000;mq_gpsv
357740;20;4;2020;06:46;0;AV GAL OSORIO DE PAIVA;;;6132;;Queda;Luz do Dia;;;Meio de Quadra;;;0;1;0;0;0;0;0;0;0;1;0;0;-3,80998900000;-38,60713200000;mq_qgis
357741;20;4;2020;07:35;0;AV JOR THOMAZ COELHO;;;3002;;ColisÃ£o;Luz do Dia;;;Meio de Quadra;;;0;1;1;1;0;0;0;0;0;1;0;0;-3,82881086000;-38,52196880000;mq_qgis
357743;20;4;2020;09:22;0;RD BR 116;;;;;Queda;Luz do Dia;;;Meio de Quadra;;;0;1;0;0;0;0;0;0;0;1;0;0;;;
357744;20;4;2020;11:07;0;RUA IRM BAZET;;;314;;ColisÃ£o;Luz do Dia;;;Meio de Quadra;;;0;1;1;1;0;0;0;0;0;1;0;0;-3,76243791000;-38,55465160000;mq_qgis
357745;20;4;2020;12:46;0;RUA EMILIO DE MENESES;;;2095;;ColisÃ£o;Luz do Dia;;;Meio de Quadra;;;0;1;1;1;0;0;0;0;0;1;0;0;-3,77818200000;-38,60012500000;mq_match
357746;20;4;2020;13:58;5421;AV VIS RIO BRANCO;AV DUQ CAXIAS;;;;ColisÃ£o;Luz do Dia;;;;;;0;1;1;1;0;0;0;0;0;1;0;0;-3,73348100000;-38,52460300000;inter_match
357747;20;4;2020;14:45;0;RUA AFONSO LOPES;;;665;;Queda;Luz do Dia;;;Meio de Quadra;;;0;1;0;0;0;0;0;0;0;1;0;0;-3,79357000000;-38,54833000000;mq_gpsv
357748;20;4;2020;18:36;11582;AV ROGACIANO LEITE;RUA RICARDO A BRAGA;;;;Queda;;;;Cruz;Pare;Residencial;0;1;0;0;0;0;0;0;0;1;0;0;-3,78667100000;-38,50331500000;inter_match
357749;20;4;2020;21:18;0;AV PERIMETRAL;;;;;Atropelamento;;;;Meio de Quadra;;;0;1;1;1;0;0;0;0;0;0;0;0;;;
356564;20;4;2020;08:50;7871;RUA LEONARDO MOTA;RUA PRO FRANCISCO GONCALVES;;;;ColisÃ£o Transversal;Luz do Dia;Bom;Seca;Cruz;Pare;Comercial;0;0;2;1;0;0;0;0;0;0;0;0;-3,74730800000;-38,49974800000;inter_match
356565;20;4;2020;20:30;0;RUA LEONARDO MOTA;;;1200;;Choque c/ ObstÃ¡culo Fixo;Via Iluminada;Bom;Seca;Meio de Quadra;NÃ£o HÃ¡ Controle;Residencial;0;0;1;1;0;0;0;0;0;0;0;0;-3,73657200000;-38,49630100000;mq_qgis
356566;21;4;2020;08:28;0;RUA CEL ALVES TEIXEIRA;;;1064;;Choque c/ ObstÃ¡culo Fixo;Luz do Dia;Nublado;Molhada;Meio de Quadra;NÃ£o HÃ¡ Controle;Residencial;0;1;0;1;0;0;0;0;0;0;0;0;-3,74621949000;-38,51179710000;mq_qgis
356567;21;4;2020;16:09;7923;AV GOV RAUL BARBOSA;RUA ISAC AMARAL;;;;ColisÃ£o;Luz do Dia;Nublado;Seca;Cruz;SemÃ¡foro;Residencial;0;1;1;1;0;0;0;0;0;1;0;0;-3,75301900000;-38,50372600000;inter_match
356568;21;4;2020;21:13;23512;RUA ANA GONCALVES;RUA HERMINIO BARROSO;;;;ColisÃ£o;Via Iluminada;Chuva;Molhada;Cruz;Pare;Residencial;0;0;2;1;0;0;0;0;0;1;0;0;-3,75937000000;-38,51071000000;inter_gpsv
356576;21;4;2020;07:00;0;AV CHANC EDSON QUEIROZ;;;0;;ColisÃ£o Transversal;Luz do Dia;Nublado;Molhada;Meio de Quadra;NÃ£o HÃ¡ Controle;Residencial;0;0;2;1;0;0;0;0;0;0;0;0;-3,76485320000;-38,49343000000;mq_match
356577;21;4;2020;17:30;0;AV DES MOREIRA;RUA GAL POTIGUARA;;0;;ColisÃ£o Transversal;Luz do Dia;Nublado;Seca;;;;0;2;0;1;0;0;0;0;0;1;0;0;-3,74317400000;-38,50055300000;inter_match
356585;21;4;2020;13:58;0;RUA DEMETRIO MENEZES;;;0;;Queda;Luz do Dia;Nublado;Seca;Outros;NÃ£o HÃ¡ Controle;Comercial;0;1;0;0;0;0;0;0;0;1;0;0;-3,74033280000;-38,58522800000;mq_match
357750;21;4;2020;06:49;12926;AV ANTONIO SALES;AV VIS RIO BRANCO;;;;ColisÃ£o;Luz do Dia;;;Outros;SemÃ¡foro;Comercial;0;1;1;1;0;0;0;0;0;1;0;0;-3,73857400000;-38,52358900000;inter_match