COD_ACIDENTE;DIA;MES;ANO;HORA;INTERSECAO;LOG1;LOG2;LOG3;NUMERO;REFERENCIA;NATUREZA;ILUMINACAO;TEMPO;SUPERFICIEPISTA;TIPOCRUZAMENTO;CONTROLETRAFEGO;USOSOLO;MORTOS;FERIDOS;ILESOS;AUTOMOVEL;ONIBUS;BICICLETA;CAMINHAO;MICROONIBUS;CICLOMOTOR;MOTOCICLETA;TRACAOANIMAL;TREM;LATITUDE;LONGITUDE;METODO
357759;21;4;2020;08:19;19669;RUA GUSTAVO SAMPAIO;RUA PRO RAIMUNDO ARRUDA;;;;Queda;Luz do Dia;;;Cruz;Pare;Residencial;0;1;0;0;0;0;0;0;0;1;0;0;-3,73432800000;-38,55191500000;inter_match
357760;21;4;2020;12:16;0;RUA PDE PEDRO DE ALENCAR;;;;;Atropelamento;Luz do Dia;;;Meio de Quadra;;;0;1;1;1;0;0;0;0;0;0;0;0;;;
357762;21;4;2020;15:06;0;RUA FLORIANO PEIXOTO;;;1716;;Atropelamento;Luz do Dia;;;Meio de Quadra;;;0;1;1;1;0;0;0;0;0;0;0;0;-3,73721703000;-38,53039370000;mq_qgis
357763;21;4;2020;18:05;0;AV GAL MURILO BORGES;;;;;ColisÃ£o;Anoitecer;;;Meio de Quadra;;;0;1;1;1;0;0;0;0;0;1;0;0;;;
357764;21;4;2020;19:23;0;AV HERACLITO GRACA;;;100;;ColisÃ£o;;;;Meio de Quadra;;;0;1;1;1;0;0;0;0;0;1;0;0;-3,73370600000;-38,52390500000;mq_match
358901;21;4;2020;17:30;1589;AV DES MOREIRA;RUA GAL TERTULIANO POTYGUARA;;;;ColisÃ£o;Anoitecer;;;Cruz;SemÃ¡foro;Comercial;0;0;2;1;0;0;0;0;0;1;0;0;-3,74313000000;-38,50056800000;inter_match
357765;22;4;2020;07:26;0;RUA PORTO VELHO;;;270;;Queda;Luz do Dia;;;Meio de Quadra;;;0;1;0;0;0;0;0;0;0;1;0;0;-3,76795391000;-38,58332620000;mq_qgis
357767;22;4;2020;12:22;0;RUA PERILIO TEIXEIRA;;;790;;ColisÃ£o;Luz do Dia;;;Meio de Quadra;;;0;1;1;1;0;0;0;0;0;1;0;0;-3,75766800000;-38,60153230000;mq_qgis
357768;22;4;2020;13:08;0;AV GODOFREDO MACIEL;;;;;ColisÃ£o;Luz do Dia;;;Meio de Quadra;;;0;1;1;1;0;0;0;0;0;0;0;0;;;
357772;22;4;2020;15:18;0;RD BR 116;;;;;Queda;Luz do Dia;;;Meio de Quadra;;;0;1;0;0;0;0;0;0;0;1;0;0;;;
357773;22;4;2020;15:25;0;RUA UM (MONDUBIM);;;4025;;ColisÃ£o;Luz do Dia;;;Meio de Quadra;;;0;1;1;1;0;0;0;0;0;1;0;0;-3,83221400000;-38,58102160000;mq_gpsv
357774;22;4;2020;16:59;10907;RUA PORTO VELHO;RUA GUARANI D35 (JOAO XXIII);;;;ColisÃ£o;Luz do Dia;;;Cruz;Pare;Residencial;0;1;1;1;0;0;0;0;0;1;0;0;-3,76844100000;-38,58239600000;inter_match
357770;22;4;2020;13:50;0;AV H CJ CEARA;;;2400;;ColisÃ£o;Luz do Dia;;;Meio de Quadra;;;0;1;1;1;0;0;0;0;0;1;0;0;-3,77687000000;-38,62006650000;mq_match
357836;22;4;2020;17:00;0;AV PERIMETRAL;;;900;;ColisÃ£o;Anoitecer;;;Meio de Quadra;;;0;1;1;0;0;0;1;0;0;1;0;0;;;
357837;22;4;2020;18:24;0;AV MR HULL;;;;;Atropelamento;Anoitecer;;;Meio de Quadra;;;0;1;1;0;0;0;0;0;0;1;0;0;;;
357839;22;4;2020;19:12;0;RUA MAJ MONTENEGRO;;;687;;ColisÃ£o;;;;Meio de Quadra;;;0;1;1;1;0;0;0;0;0;1;0;0;-3,79860090000;-38,58062680000;mq_qgis
357840;22;4;2020;21:41;0;AV SGT HERMINIO SAMPAIO;;;73;;Queda;;;;Meio de Quadra;;;0;1;0;0;0;0;0;0;0;1;0;0;-3,73409500000;-38,58988400000;mq_qgis
357841;22;4;2020;22:28;0;RUA MIGUEL COUTO;;;414;;Queda;;;;Meio de Quadra;;;0;1;0;0;0;0;0;0;0;1;0;0;-3,83877000000;-38,48989000000;mq_gpsv
356569;22;4;2020;06:42;17316;RUA TEN MOACIR MATOS;RUA ZACARIAS GONDIM;;;;ColisÃ£o;Luz do Dia;Nublado;Molhada;Outros;Pare;Residencial;0;0;2;0;0;0;0;0;0;0;0;0;-3,76444700000;-38,55681900000;inter_match
356570;22;4;2020;07:19;0;AV PRS JUSCELINO KUBITSCHEK (PASSARÃ‰);;;0;;ColisÃ£o Traseira;Luz do Dia;Bom;Seca;RotatÃ³ria;DÃª PreferÃªncia;Residencial;0;1;1;1;0;0;0;0;0;0;0;0;-3,82236550000;-38,53604850000;mq_boat
356571;22;4;2020;09:25;0;AV CONTORNO (CASTELÃƒO);;;41;;ColisÃ£o Lateral;Luz do Dia;Bom;Seca;T;Pare;Residencial;0;2;1;0;1;0;0;0;0;1;0;0;-3,84209000000;-38,58524000000;mq_gpsv
356572;22;4;2020;13:10;0;RUA ERETIDES MARTINS;;;1667;;ColisÃ£o;Luz do Dia;Bom;Seca;Meio de Quadra;;;0;1;1;0;0;0;0;0;0;1;0;0;-3,73415400000;-38,55759500000;mq_match
356573;22;4;2020;14:00;19714;RUA ERICO MOTA;RUA GUSTAVO SAMPAIO;;;;ColisÃ£o Transversal;Luz do Dia;Nublado;Seca;Cruz;SemÃ¡foro;Residencial;0;1;1;1;0;0;0;0;0;1;0;0;-3,73652240000;-38,56260300000;inter_match
356574;22;4;2020;18:25;18198;AV DIOGUINHO;RUA LIV POLARY MAIA;;;;ColisÃ£o Lateral;Anoitecer;Nublado;Seca;Cruz;Pare;Residencial;0;2;1;0;1;0;0;0;0;1;0;0;-3,76696830000;-38,44030800000;inter_match
357842;23;4;2020;06:50;0;RUA MANUEL SATIRO;;;1150;;Queda;Luz do Dia;;;Meio de Quadra;;;0;1;0;0;0;0;0;0;0;1;0;0;-3,80793900000;-38,57819200000;mq_match
357843;23;4;2020;07:09;0;RD BR 116;;;;;ColisÃ£o;Luz do Dia;;;Meio de Quadra;;;0;1;0;0;0;0;0;0;0;0;0;0;;;
357844;23;4;2020;08:59;0;RUA RAUL CABRAL;;;630;;ColisÃ£o;Luz do Dia;;;Meio de Quadra;;;0;1;0;0;0;0;0;0;0;0;0;0;-3,76913207000;-38,54411240000;mq_qgis
357845;23;4;2020;10:30;0;RD QUARTO ANEL VIARIO;;;;;ColisÃ£o;Luz do Dia;;;Meio de Quadra;;;0;1;1;1;0;0;0;0;0;1;0;0;;;
357846;23;4;2020;10:44;0;AV JOSE JATAHY;;;;;Queda;Luz do Dia;;;Meio de Quadra;;;0;1;0;0;0;0;0;0;0;1;0;0;;;
357847;23;4;2020;11:17;0;RUA VITAL BRASIL;;;867;;ColisÃ£o;Luz do Dia;;;Meio de Quadra;;;0;1;1;0;0;0;0;0;0;1;0;0;-3,78066600000;-38,58865000000;mq_qgis
357848;23;4;2020;11:56;15437;AV FRE CIRILO;RUA HOMEM DE MELO;;;;ColisÃ£o;Luz do Dia;;;Duplo T;Pare;Comercial;0;1;1;1;0;0;0;0;0;1;0;0;-3,81703900000;-38,49752800000;inter_match
357849;23;4;2020;15:05;15331;RUA SILVA PAULET;RUA PEREIRA FILGUEIRAS;;;;ColisÃ£o;Luz do Dia;;;Cruz;Pare;Comercial;0;1;1;1;0;0;0;0;0;1;0;0;-3,73125400000;-38,50435000000;inter_match
357850;23;4;2020;15:48;0;AV PASTEUR;;;524;;ColisÃ£o;Luz do Dia;;;Meio de Quadra;;;0;1;1;0;0;0;0;0;0;1;0;0;-3,71050171000;-38,55865340000;mq_qgis
357851;23;4;2020;16:49;12352;RUA MON HIPOLITO BRASIL;RUA ERNESTO PEDRO SANTOS;;;;ColisÃ£o;Luz do Dia;;;Cruz;Pare;Residencial;0;1;1;1;0;0;0;0;0;1;0;0;-3,76077500000;-38,57531400000;inter_match
357852;23;4;2020;18:35;0;AV GODOFREDO MACIEL;;;;;ColisÃ£o;;;;Meio de Quadra;;;0;1;1;1;0;0;0;0;0;1;0;0;;;
357853;23;4;2020;18:37;0;RUA JOAO FAUSTINO RIBEIR;;;59;;Queda;;;;Meio de Quadra;;;0;1;0;0;0;0;0;0;0;1;0;0;-3,80176000000;-38,59844000000;mq_gpsv
357854;23;4;2020;19:37;0;AV JOR THOMAZ COELHO;;;1891;;ColisÃ£o;;;;Meio de Quadra;;;0;1;1;1;0;0;0;0;0;1;0;0;-3,82899700000;-38,51203800000;mq_qgis
357855;23;4;2020;19:43;0;AV PRS CASTELO BRANCO;;;;;Queda;;;;Meio de Quadra;;;0;1;0;0;0;0;0;0;0;1;0;0;;;
357856;23;4;2020;20:03;0;AV ROGACIANO LEITE;;;1088;;ColisÃ£o;;;;Meio de Quadra;;;0;1;1;0;0;0;0;0;0;1;0;0;-3,76732000000;-38,49688000000;mq_gpsv
357857;23;4;2020;20:07;0;AV DOMINGOS OLIMPIO;;;2225;;Queda;;;;Meio de Quadra;;;0;1;0;0;0;0;0;0;0;1;0;0;-3,73315990000;-38,54332970000;mq_gpsv
357858;23;4;2020;21:58;0;RUA CARLOS VASCONCELOS;;;170;;Queda;;;;Meio de Quadra;;;0;1;0;0;0;1;0;0;0;0;0;0;-3,72362300000;-38,50776500000;mq_match
357792;24;4;2020;17:15;0;AV SANTOS DUMONT;;;4000;;ColisÃ£o;Anoitecer;;;Meio de Quadra;;;0;1;0;1;0;0;0;0;0;1;0;0;-3,73936800000;-38,48863800000;mq_match
357800;24;4;2020;20:33;0;RD BR 116;;;11000;KM-11;Atropelamento;;;;Meio de Quadra;;;0;1;0;0;0;0;0;0;0;1;0;0;-3,84716000000;-38,49717600000;rod_match
357784;24;4;2020;06:56;0;AV JOR THOMAZ COELHO;;;;;Atropelamento;Luz do Dia;;;Meio de Quadra;;;0;1;0;0;1;0;0;0;0;0;0;0;;;
357785;24;4;2020;08:40;0;AV AUGUSTO DOS ANJOS;;;500;;Queda;Luz do Dia;;;Meio de Quadra;;;0;1;0;0;0;0;0;0;0;1;0;0;-3,77312536000;-38,57286580000;mq_qgis
357786;24;4;2020;08:44;0;RUA ELCIAS LOPES;;;840;;ColisÃ£o;Luz do Dia;;;Meio de Quadra;;;0;1;0;1;0;0;1;0;0;0;0;0;-3,77209000000;-38,55291400000;mq_qgis
357787;24;4;2020;10:07;0;RUA METON DE ALENCAR;;;;;Queda;Luz do Dia;;;Meio de Quadra;;;0;1;0;0;0;0;0;0;0;1;0;0;;;
357788;24;4;2020;10:39;0;RUA MANUEL GALDINO;;;1936;;Queda;Luz do Dia;;;Meio de Quadra;;;0;1;0;0;0;0;0;0;0;1;0;0;-3,79436000000;-38,61093000000;mq_gpsv
357789;24;4;2020;11:37;0;RUA MONTE LIBANO;;;833;;ColisÃ£o;Luz do Dia;;;Meio de Quadra;;;0;1;0;1;0;0;0;0;0;1;0;0;-3,82671800000;-38,56350500000;mq_match
357790;24;4;2020;16:43;0;RUA ADOLFO B DE MENEZES;;;;;ColisÃ£o;Luz do Dia;;;Meio de Quadra;;;0;1;0;0;0;0;0;0;0;0;0;0;;;
357803;24;4;2020;22:25;0;AV GOV RAUL BARBOSA;;;6706;;Queda;;;;Meio de Quadra;;;0;1;0;0;0;0;0;0;0;1;0;0;-3,77282021000;-38,51250760000;mq_qgis
357804;24;4;2020;22:25;0;RUA SAO FRANCISCO D34;;;219;;Queda;;;;Meio de Quadra;;;0;1;0;0;0;0;0;0;0;1;0;0;-3,78431667000;-38,58830860000;mq_qgis
357807;24;4;2020;23:07;0;RUA OSCAR ARARIPE;;;347;;ColisÃ£o;;;;Meio de Quadra;;;0;1;0;1;0;0;0;0;0;1;0;0;-3,79270100000;-38,59460000000;mq_qgis
357808;24;4;2020;23:50;21602;RUA CON DE CASTRO;RUA STA LIDUINA D42;;;;Choque c/ ObstÃ¡culo Fixo;;;;Cruz;SemÃ¡foro;Comercial;2;3;0;1;0;0;0;0;0;0;0;0;-3,79748200000;-38,58498600000;inter_match
357794;24;4;2020;18:01;0;AV MR HULL;;;6570;;Atropelamento;Anoitecer;;;Meio de Quadra;;;0;1;0;0;0;0;0;0;0;1;0;0;;;
357795;24;4;2020;18:42;0;AV JOSE LEON;;;929;;ColisÃ£o;;;;Meio de Quadra;;;0;1;0;0;0;0;0;0;0;0;0;0;-3,78785000000;-38,50138000000;mq_gpsv
356499;24;4;2020;15:30;0;RD CE-040;;;;KM-03;ColisÃ£o;Luz do Dia;;Seca;Meio de Quadra;;;0;0;2;1;0;0;0;0;0;0;0;0;-3,78261432500;-38,48108390000;rod_match
356578;24;4;2020;08:56;11001;RUA ANTONIO FIUZA;RUA ELCIAS LOPES;;;;ColisÃ£o;Luz do Dia;Chuva;Molhada;Cruz;Pare;Comercial;0;1;0;0;0;0;0;0;0;1;0;0;-3,77209000000;-38,55291400000;inter_match
356579;24;4;2020;09:32;7809;RUA FRANCISCO HOLANDA;RUA VIS MAUA;;;;Tombamento;Luz do Dia;Chuva;Molhada;Cruz;Pare;Comercial;0;0;1;0;0;0;0;0;0;0;0;0;-3,74902900000;-38,50356100000;inter_match
356580;25;4;2020;09:17;7752;AV CARNEIRO DE MENDONCA;AV JOAO PESSOA;;;;ColisÃ£o Traseira;Luz do Dia;Chuva;Molhada;T;SemÃ¡foro;Comercial;0;0;2;1;0;0;0;0;0;0;0;0;-3,76722200000;-38,55980800000;inter_match
357809;25;4;2020;00:22;0;RUA PRO HERIBALDO COSTA;;;1559;;Queda;;;;Meio de Quadra;;;0;1;0;0;0;0;0;0;0;1;0;0;-3,76546750000;-38,58674250000;mq_qgis
357810;25;4;2020;00:55;0;RD BR 116;;;14000;KM-14;Queda;;;;Meio de Quadra;;;0;1;0;0;0;0;0;0;0;1;0;0;-3,87352300000;-38,49924200000;rod_match
357811;25;4;2020;01:35;0;RUA ISRAEL BEZERRA;;;1155;;Queda;;;;Meio de Quadra;;;0;1;0;0;0;0;0;0;0;1;0;0;-3,75122000000;-38,49103000000;mq_gpsv
357812;25;4;2020;01:46;0;AV ENG SANTANA JUNIOR;;;;;Acidente Pessoal;;;;Meio de Quadra;;;0;1;0;0;0;0;0;0;0;1;0;0;;;
357814;25;4;2020;02:37;0;AV MR HULL;;;4000;;ColisÃ£o;;;;Meio de Quadra;;;0;1;0;1;0;1;0;0;0;0;0;0;-3,73791200000;-38,57978300000;mq_match
357815;25;4;2020;04:06;0;AV WASHINGTON SOARES;;;;;ColisÃ£o;;;;Meio de Quadra;;;0;1;0;1;0;0;0;0;0;1;0;0;;;
357816;25;4;2020;04:19;0;RUA PERGENTINO MAIA;;;5301;;Atropelamento;;;;Meio de Quadra;;;0;1;0;1;0;0;0;0;0;0;0;0;-3,83224140000;-38,48302300000;mq_gpsv
357817;25;4;2020;08:29;0;RUA MARIO FILHO;;;983;;Choque c/ ObstÃ¡culo Fixo;Luz do Dia;;;Meio de Quadra;;;0;1;0;0;0;0;0;0;0;0;0;0;-3,80524000000;-38,58801000000;mq_gpsv
357818;25;4;2020;09:24;0;AV PERIMETRAL;;;5301;;ColisÃ£o;Luz do Dia;;;Meio de Quadra;;;0;1;0;1;0;0;0;0;0;1;0;0;;;
357819;25;4;2020;10:46;0;RUA VALPARAISO;;;402;;ColisÃ£o;Luz do Dia;;;Meio de Quadra;;;0;1;0;1;0;1;0;0;0;0;0;0;-3,85016000000;-38,50843000000;mq_gpsv
357820;25;4;2020;11:29;0;AV GAL OSORIO DE PAIVA;;;;;Queda;Luz do Dia;;;Meio de Quadra;;;0;1;0;0;0;0;0;0;0;1;0;0;;;
357821;25;4;2020;11:44;1219;RUA JOAO CORDEIRO;RUA COSTA BARROS;;;;ColisÃ£o;Luz do Dia;;;Cruz;SemÃ¡foro;Residencial;0;1;0;1;0;0;0;0;0;0;0;0;-3,72944900000;-38,51433100000;inter_match
357822;25;4;2020;13:26;0;RUA C (LOT PRQ ARACAPE);;;1125;;Queda;Luz do Dia;;;Meio de Quadra;;;0;1;0;0;0;0;0;0;0;1;0;0;-3,82029470000;-38,55596110000;mq_gpsv
357823;25;4;2020;13:51;6745;RUA PRO OTAVIO LOBO;RUA BENTO ALBUQUERQUE;;;;ColisÃ£o;Luz do Dia;;;Cruz;SemÃ¡foro;Residencial;0;1;0;1;0;0;0;0;0;1;0;0;-3,74503500000;-38,47919600000;inter_match
357824;25;4;2020;13:58;0;AV CEL CARVALHO;;;1146;;ColisÃ£o;Luz do Dia;;;Meio de Quadra;;;0;1;0;1;0;0;0;0;0;1;0;0;-3,71236230000;-38,58921000000;mq_match
357825;25;4;2020;13:59;0;RUA CEL ABELARDO RODRIGUES;;;;;ColisÃ£o;Luz do Dia;;;Meio de Quadra;;;0;1;1;1;0;0;0;0;0;1;0;0;;;
357826;25;4;2020;17:16;0;RUA DIOGO CORREIA;;;491;;Queda;Anoitecer;;;Meio de Quadra;;;0;1;0;0;0;0;0;0;0;1;0;0;-3,77011300000;-38,59051800000;mq_match
357827;25;4;2020;20:16;15708;AV WASHINGTON SOARES;RUA GUILHERME PESSOA;;;;Atropelamento;;;;;;;1;0;1;1;0;0;0;0;0;0;0;0;-3,82781000000;-38,48221000000;inter_gpsv
357828;25;4;2020;22:26;0;RUA MACEIO;;;1715;;ColisÃ£o;;;;Meio de Quadra;;;0;1;0;0;0;0;0;0;0;0;0;0;-3,76663000000;-38,59201000000;mq_gpsv
357829;25;4;2020;23:10;0;AV OLIVEIRA PAIVA;;;1205;;Queda;;;;Meio de Quadra;;;0;1;0;0;0;0;0;0;0;1;0;0;-3,79544100000;-38,49588400000;mq_match
357830;26;4;2020;00:43;0;RUA 13 UI 308;;;133;;ColisÃ£o;;;;Meio de Quadra;;;0;1;0;1;0;0;1;0;0;0;0;0;-3,78461772000;-38,50166790000;mq_qgis
357831;26;4;2020;02:18;0;RUA DOM XISTO ALBANO;;;1150;;Queda;;;;Meio de Quadra;;;0;1;0;0;0;0;0;0;0;1;0;0;-3,79464465000;-38,58339570000;mq_qgis
357832;26;4;2020;03:58;0;RUA BENEDITO MACEDO;;;;;ColisÃ£o;;;;Meio de Quadra;;;0;1;0;0;0;0;0;0;0;0;0;0;;;
357833;26;4;2020;05:37;0;AV LINEU MACHADO;;;;;ColisÃ£o;Amanhecer;;;Meio de Quadra;;;0;1;0;1;0;0;0;0;0;1;0;0;;;
357834;26;4;2020;07:23;0;RUA JATAI D71;;;300;;Tombamento;Luz do Dia;;;Meio de Quadra;;;0;1;0;0;0;0;0;0;0;0;0;0;-3,83075000000;-38,58261000000;mq_gpsv
357835;26;4;2020;08:02;5340;AV DUQ CAXIAS;RUA VINTE E QUATRO DE MAIO;;;;Atropelamento;Luz do Dia;;;Cruz;SemÃ¡foro;Comercial;0;1;0;1;0;0;0;0;0;0;0;0;-3,73070800000;-38,53323000000;inter_match
357861;26;4;2020;08:38;0;AV ABOLICAO;;;4917;;Queda;Luz do Dia;;;Meio de Quadra;;;0;1;0;0;0;0;0;0;0;1;0;0;;;
357862;26;4;2020;11:16;0;RUA VITAL BRASIL;;;2100;;ColisÃ£o;Luz do Dia;;;Meio de Quadra;;;1;0;1;1;0;0;0;0;0;1;0;0;-3,77756788000;-38,59959250000;mq_qgis
357863;26;4;2020;14:18;0;AV DR SILAS MUNGUBA;;;4956;;Queda;Luz do Dia;;;Meio de Quadra;;;0;1;0;0;0;0;0;0;0;1;0;0;-3,79717180000;-38,53155500000;mq_match
357865;26;4;2020;14:37;0;RUA CEL MATOS DOURADO;;;2000;;Queda;Luz do Dia;;;Meio de Quadra;;;0;1;0;0;0;0;0;0;0;1;0;0;-3,75894230000;-38,58525830000;mq_gpsv
357867;26;4;2020;15:51;0;RUA ANTONIO BANDEIRA D41;;;120;;Queda;Luz do Dia;;;Meio de Quadra;;;0;1;0;0;0;0;0;0;0;1;0;0;-3,78359500000;-38,56483400000;mq_match
357868;26;4;2020;17:04;0;RUA RIO VENTURA;;;8;;Outros;Anoitecer;;;Meio de Quadra;;;0;1;0;0;0;1;0;0;0;0;0;0;-3,74627000000;-38,59915000000;mq_gpsv
357870;26;4;2020;18:07;0;RUA CHASTINET GUIMARAES;;;291;;Queda;Anoitecer;;;Meio de Quadra;;;0;1;0;0;0;1;0;0;0;0;0;0;-3,72330511000;-38,56572960000;mq_qgis
357871;26;4;2020;18:20;0;RUA POMPILIO GOMES;;;1590;;Atropelamento;Anoitecer;;;Meio de Quadra;;;0;1;0;1;0;0;0;0;0;0;0;0;-3,82569984800;-38,52115445000;mq_match
357872;26;4;2020;19:11;0;RUA TIBURCIO CAVALCANTE;;;2682;;NÃ£o Informado;;;;Meio de Quadra;;;0;1;0;0;0;0;0;0;0;1;0;0;-3,74833000000;-38,50651000000;mq_gpsv
357873;26;4;2020;19:11;0;RUA RIO GRANDE DO SUL;;;369;;Queda;;;;Meio de Quadra;;;0;1;0;0;0;1;0;0;0;0;0;0;-3,75251189000;-38,56364790000;mq_qgis
356581;26;4;2020;15:44;9154;AV 13 DE MAIO;RUA MARTINHO RODRIGUES;;;;ColisÃ£o Transversal;Luz do Dia;Bom;Seca;Cruz;SemÃ¡foro;Comercial;0;1;1;1;0;0;0;0;0;1;0;0;-3,75283200000;-38,52522100000;inter_match
356582;26;4;2020;17:34;0;RUA PEREIRA DE MIRANDA;;;1155;;ColisÃ£o Frontal;Anoitecer;Bom;Seca;Meio de Quadra;NÃ£o HÃ¡ Controle;Residencial;0;1;1;1;0;1;0;0;0;0;0;0;-3,74211100000;-38,47464700000;mq_qgis
356583;26;4;2020;18:51;0;AV CARNEIRO DE MENDONCA;;;1600;;ColisÃ£o Traseira;Via Iluminada;Chuva;Molhada;Meio de Quadra;NÃ£o HÃ¡ Controle;Comercial;0;0;2;1;0;0;0;0;0;0;0;0;-3,76075100000;-38,57320550000;mq_qgis
356584;27;4;2020;00:30;2957;RUA PEDRO MARTINS;RUA GUAIRA D50;;;;ColisÃ£o Lateral;Via Iluminada;Chuva;Molhada;Cruz;Pare;Residencial;0;0;2;1;0;0;0;0;0;0;0;0;-3,79921000000;-38,60204000000;inter_gpsv
356588;27;4;2020;08:53;0;AV PRS COSTA E SILVA;;;0;;ColisÃ£o Traseira;Luz do Dia;Chuva;Molhada;Meio de Quadra;NÃ£o HÃ¡ Controle;Residencial;0;0;2;1;0;0;0;0;0;0;0;0;-3,81576060000;-38,56845500000;mq_match
356586;27;4;2020;20:00;1558;RUA PDE VALDEVINO;AV BAR STUDART;;;;ColisÃ£o Transversal;Via Iluminada;Bom;Molhada;Cruz;Gesto;Comercial;0;1;0;1;0;1;0;0;0;0;0;0;-3,74164100000;-38,50885500000;inter_match
357874;27;4;2020;01:58;0;AV DOM MANUEL;;;445;;ColisÃ£o;;;;Meio de Quadra;;;0;1;1;0;0;0;0;0;0;0;0;0;-3,72808790000;-38,52102490000;mq_qgis
357876;27;4;2020;08:15;1413;RUA BARBARA DE ALENCAR;RUA JOAO CORDEIRO;;;;ColisÃ£o;Luz do Dia;;;Cruz;Pare;Comercial;0;2;0;0;0;0;0;0;0;1;0;0;-3,73704100000;-38,51698700000;inter_match
357877;27;4;2020;09:21;0;AV GAL OSORIO DE PAIVA;;;929;;Queda;Luz do Dia;;;Meio de Quadra;;;0;1;0;0;0;0;0;0;0;1;0;0;-3,77806100000;-38,57036000000;mq_match
357878;27;4;2020;10:40;17551;RUA DR JOSE LINO;RUA MANUEL JESUINO;;;;ColisÃ£o;Luz do Dia;;;Cruz;SemÃ¡foro;Comercial;0;1;0;0;0;0;0;0;0;0;0;0;-3,72991060000;-38,48512300000;inter_match
357883;27;4;2020;17:25;0;AV PRS CASTELO BRANCO;;;240;;Atropelamento;Anoitecer;;;Meio de Quadra;;;0;1;0;1;0;0;0;0;0;0;0;0;-3,72130000000;-38,52710000000;mq_match
357884;27;4;2020;19:14;24820;AV MOZART PINHEIRO DE LUCENA;RUA CARLOS WALRAVEN;;;;ColisÃ£o;;;;Cruz;Pare;Misto;0;1;0;1;0;0;0;0;0;1;0;0;-3,71870100000;-38,59580100000;inter_match
357885;27;4;2020;19:23;0;AV BAR STUDART;;;;;ColisÃ£o;;;;Meio de Quadra;;;0;1;0;1;0;1;0;0;0;0;0;0;;;
357886;27;4;2020;21:09;2830;RUA OSCAR FRANCA;AV GAL OSORIO DE PAIVA;;;;ColisÃ£o;;;;T;SemÃ¡foro;Comercial;0;1;0;0;0;0;0;0;0;0;0;0;-3,79447300000;-38,59211300000;inter_match
359612;27;4;2020;04:33;0;RUA POMPILIO GOMES;;;1590;;Atropelamento;;;;Meio de Quadra;;;1;0;1;0;0;0;0;0;0;0;0;0;-3,82569984800;-38,52115445000;mq_match
358907;28;4;2020;20:10;0;AV CASTELO DE CASTRO;;;997;;ColisÃ£o;;;;Meio de Quadra;;;0;0;1;0;0;0;0;0;0;0;0;0;-3,83833000000;-38,52161000000;mq_gpsv
358908;28;4;2020;12:30;0;RUA EDMUNDO FALCAO;;;235;;ColisÃ£o;Luz do Dia;;;Meio de Quadra;;;0;0;2;1;0;0;1;0;0;0;0;0;-3,74948000000;-38,45003000000;mq_gpsv
357887;28;4;2020;00:58;0;AV PRS JUSCELINO KUBITSCHEK (PASSARÃ‰);;;3595;;Atropelamento;;;;Meio de Quadra;;;0;1;0;1;0;0;0;0;0;0;0;0;-3,81366000000;-38,52957000000;mq_gpsv
357888;28;4;2020;01:07;0;RUA 418 CJ SAO CRISTOVAO;;;212;;Queda;;;;Meio de Quadra;;;0;1;0;0;0;0;0;0;0;1;0;0;-3,82251910000;-38,53872010000;mq_gpsv
357889;28;4;2020;06:45;0;AV DUQ CAXIAS;;;;;Atropelamento;Luz do Dia;;;Meio de Quadra;;;0;1;0;1;0;0;0;0;0;0;0;0;;;
357890;28;4;2020;07:24;0;RUA VALPARAISO;;;8;;ColisÃ£o;Luz do Dia;;;Meio de Quadra;;;0;1;0;1;0;0;0;0;0;1;0;0;-3,84632000000;-38,52030000000;mq_gpsv
357891;28;4;2020;07:55;0;RUA RAUL CABRAL;;;1921;;ColisÃ£o;Luz do Dia;;;Meio de Quadra;;;0;1;0;1;0;0;0;0;0;1;0;0;;;
357892;28;4;2020;08:50;0;AV A CJ JOSE WALTER;;;170;;ColisÃ£o;Luz do Dia;;;Meio de Quadra;;;0;1;0;1;0;0;0;0;0;1;0;0;-3,82543100000;-38,55226700000;mq_match
357893;28;4;2020;08:55;0;AV JOSE BASTOS;;;2330;;Acidente Pessoal;Luz do Dia;;;Meio de Quadra;;;0;1;0;0;0;0;0;0;0;1;0;0;-3,74266000000;-38,54320000000;mq_gpsv
357894;28;4;2020;08:59;0;RUA MONTE LIBANO;;;1023;;Queda;Luz do Dia;;;Meio de Quadra;;;0;1;0;0;0;0;0;0;0;1;0;0;-3,82892528000;-38,56518340000;mq_qgis
357895;28;4;2020;09:25;0;RUA DEMETRIO MENEZES;;;3640;;ColisÃ£o;Luz do Dia;;;Meio de Quadra;;;0;1;0;1;0;0;0;0;0;1;0;0;-3,73545000000;-38,58425000000;mq_gpsv
357896;28;4;2020;10:54;0;AV CONTORNO NORTE D71;;;1580;;Atropelamento;Luz do Dia;;;Meio de Quadra;;;0;1;0;0;0;0;0;0;0;1;0;0;-3,81084000000;-38,59027700000;mq_gpsv
357897;28;4;2020;15:25;0;RUA CRISANTO M DA ROCHA;;;1520;;ColisÃ£o;Luz do Dia;;;Meio de Quadra;;;0;1;0;1;0;0;0;0;0;1;0;0;-3,80156700000;-38,48138700000;mq_qgis
357898;28;4;2020;16:22;0;RUA DES CARVALHO LIMA D56;;;183;;Queda;Luz do Dia;;;Meio de Quadra;;;0;1;0;0;0;0;0;0;0;1;0;0;-3,78085400000;-38,50025200000;mq_gpsv
357899;28;4;2020;16:57;0;AV AGUANAMBI;;;;;ColisÃ£o;Luz do Dia;;;Meio de Quadra;;;0;1;0;1;0;0;0;0;0;1;0;0;;;