COD_ACIDENTE;DIA;MES;ANO;HORA;INTERSECAO;LOG1;LOG2;LOG3;NUMERO;REFERENCIA;NATUREZA;ILUMINACAO;TEMPO;SUPERFICIEPISTA;TIPOCRUZAMENTO;CONTROLETRAFEGO;USOSOLO;MORTOS;FERIDOS;ILESOS;AUTOMOVEL;ONIBUS;BICICLETA;CAMINHAO;MICROONIBUS;CICLOMOTOR;MOTOCICLETA;TRACAOANIMAL;TREM;LATITUDE;LONGITUDE;METODO
357900;28;4;2020;18:14;0;RUA 15 CJ JOSE WALTER;;;;;ColisÃ£o;Anoitecer;;;Meio de Quadra;;;0;1;0;1;0;0;0;0;0;1;0;0;;;
357901;28;4;2020;20:44;0;RD BR 116;;;100;;Queda;;;;Meio de Quadra;;;0;1;0;0;0;0;0;0;0;1;0;0;-3,76255400000;-38,51870200000;rod_match
357902;28;4;2020;21:59;0;RUA AUDISIO PINHEIRO;;;364;;ColisÃ£o;;;;Meio de Quadra;;;0;2;0;0;0;0;0;0;0;1;0;0;-3,75571475000;-38,58736290000;mq_qgis
357903;28;4;2020;23:27;0;AV DIOGUINHO;;;1705;;ColisÃ£o;;;;Meio de Quadra;;;0;1;0;1;0;0;0;0;0;0;0;0;-3,73239500000;-38,45836000000;mq_qgis
357904;28;4;2020;23:47;0;AV COLOMBO DE SOUZA;;;2699;;Atropelamento;;;;Meio de Quadra;;;0;1;0;0;0;0;0;0;0;0;0;0;;;
356628;28;4;2020;20:21;5472;RUA JAIME BENEVOLO;RUA ANTONIO POMPEU;;;;ColisÃ£o Transversal;Via Iluminada;Bom;Seca;Cruz;SemÃ¡foro;Residencial;0;2;0;0;0;0;0;0;0;1;0;0;-3,73603300000;-38,52666400000;inter_match
356587;28;4;2020;07:30;0;RUA ANTONIO FIUZA;RUA TRES MARIAS;;0;;NÃ£o Informado;Luz do Dia;Nublado;Seca;Cruz;SemÃ¡foro;Comercial;0;0;1;1;0;0;0;0;0;1;0;0;-3,77116000000;-38,55259000000;inter_gpsv
356720;29;4;2020;09:15;0;RD BR 116;;;3000;KM-03;Atropelamento;Luz do Dia;Bom;Seca;Meio de Quadra;;;0;1;1;0;1;0;0;0;0;0;0;0;-3,77983800000;-38,51437200000;rod_match
356721;29;4;2020;17:15;0;RD BR 116;;;;KM-14;ColisÃ£o Traseira;Anoitecer;Bom;Seca;Meio de Quadra;;;0;2;0;0;0;0;0;0;0;1;0;0;-3,87352300000;-38,49924200000;rod_match
356732;29;4;2020;08:00;0;AV MOZART PINHEIRO DE LUCENA;;;527;;Choque c/ ObstÃ¡culo Fixo;Luz do Dia;Bom;Seca;Meio de Quadra;NÃ£o HÃ¡ Controle;Residencial;0;0;1;0;0;0;1;0;0;0;0;0;-3,70684800000;-38,59236900000;mq_qgis
357905;29;4;2020;00:00;0;AV BEZERRA DE MENEZES;;;9;;Atropelamento;;;;Meio de Quadra;;;0;1;0;1;0;0;0;0;0;0;0;0;-3,73195000000;-38,54485000000;mq_gpsv
357906;29;4;2020;07:48;15139;AV MON TABOSA;RUA BAR ARACATI;;;;ColisÃ£o;Luz do Dia;;;Cruz;SemÃ¡foro;Comercial;0;1;0;1;0;0;0;0;0;1;0;0;-3,72422600000;-38,50915800000;inter_match
357907;29;4;2020;08:15;0;AV PASTEUR;;;778;;ColisÃ£o;Luz do Dia;;;Meio de Quadra;;;0;1;0;1;0;0;0;0;0;1;0;0;-3,71284700000;-38,55938860000;mq_qgis
357908;29;4;2020;08:38;0;RUA JORGE DUMAR;;;2067;;Queda;Luz do Dia;;;Meio de Quadra;;;0;1;0;0;0;0;0;0;0;1;0;0;-3,75376420000;-38,53958500000;mq_match
357909;29;4;2020;08:40;1406;RUA DES LEITE ALBUQUERQUE;AV DES MOREIRA;;;;ColisÃ£o;Luz do Dia;;;Cruz;SemÃ¡foro;Comercial;0;1;0;1;0;0;0;0;0;1;0;0;-3,73722000000;-38,49867800000;inter_match
357910;29;4;2020;10:10;0;RD BR 116;;;5000;KM-05;Atropelamento;Luz do Dia;;;Meio de Quadra;;;0;1;0;0;1;0;0;0;0;0;0;0;-3,79650200000;-38,50678700000;rod_match
357911;29;4;2020;11:36;0;RUA ENG LUIS MONTENEGRO;;;599;;Queda;Luz do Dia;;;Meio de Quadra;;;0;1;0;0;0;0;0;0;0;1;0;0;-3,81430000000;-38,61806000000;mq_gpsv
357912;29;4;2020;13:23;20226;AV SAUDADE D68;AV PAROARAS;;;;ColisÃ£o;Luz do Dia;;;Cruz;NÃ£o HÃ¡ Controle;Residencial;0;2;0;1;0;0;0;0;0;1;0;0;-3,81439900000;-38,53425700000;inter_match
357913;29;4;2020;13:58;13433;RUA TOMAS ACIOLI;RUA ILDEFONSO ALBANO;;;;ColisÃ£o;Luz do Dia;;;T;Pare;Residencial;0;1;0;1;0;0;0;0;0;1;0;0;-3,74268500000;-38,51639100000;inter_match
357915;29;4;2020;15:23;0;AV PERIMETRAL;;;3451;;ColisÃ£o;Luz do Dia;;;Meio de Quadra;;;0;2;0;1;0;0;0;0;0;1;0;0;;;
357916;29;4;2020;17:21;0;RD BR 116;;;5379;;ColisÃ£o;Anoitecer;;;Meio de Quadra;;;0;1;0;1;0;0;0;0;0;1;0;0;-3,79650200000;-38,50678700000;rod_match
357917;29;4;2020;17:57;0;AV LINEU MACHADO;;;776;;ColisÃ£o;Anoitecer;;;Meio de Quadra;;;0;1;0;1;0;1;0;0;0;0;0;0;-3,76711300000;-38,57753070000;mq_qgis
357918;29;4;2020;18:02;0;AV GAL MURILO BORGES;;;;;ColisÃ£o;Anoitecer;;;Meio de Quadra;;;0;1;0;0;0;0;0;0;0;0;0;0;;;
357919;29;4;2020;18:51;0;AV VIS RIO BRANCO;;;;;ColisÃ£o;;;;Meio de Quadra;;;0;1;0;0;0;0;0;0;0;1;0;0;;;
357920;29;4;2020;20:00;0;RUA 15 DE NOVEMBRO;;;911;;ColisÃ£o;;;;Meio de Quadra;;;0;1;0;0;0;0;0;0;0;0;0;0;-3,77025200000;-38,55222800000;mq_qgis
357921;29;4;2020;21:05;0;RUA DOM XISTO ALBANO;;;961;;ColisÃ£o;;;;Meio de Quadra;;;0;1;0;0;0;0;0;0;0;1;0;0;-3,79286000000;-38,58176000000;mq_gpsv
357922;29;4;2020;21:22;0;AV SANTOS DUMONT;;;6905;;Queda;;;;Meio de Quadra;;;0;1;0;0;0;0;0;0;0;1;0;0;-3,74489600000;-38,47150300000;mq_match
358909;29;4;2020;15:28;0;AV JOAO PESSOA;;;5083;;ColisÃ£o;Luz do Dia;;;Meio de Quadra;;;0;0;2;1;0;0;0;0;0;1;0;0;-3,75617274000;-38,55286480000;mq_qgis
358910;30;4;2020;20:30;0;RUA CARLOS RIBEIRO;;;;;ColisÃ£o;;;;Meio de Quadra;;;0;0;1;0;0;0;0;0;0;1;0;0;;;
357923;30;4;2020;07:34;0;AV MR HULL;;;;;ColisÃ£o;Luz do Dia;;;Meio de Quadra;;;0;1;0;0;0;0;0;0;0;0;0;0;;;
357924;30;4;2020;08:13;2837;RUA MARIA JULIA;RUA BOM JESUS (GRANJA LISBOA);;;;ColisÃ£o;Luz do Dia;;;Cruz;Pare;Residencial;0;1;0;0;0;0;0;0;0;1;0;0;-3,79464000000;-38,60060300000;inter_match
357925;30;4;2020;08:44;0;RD BR 116;;;10000;KM-10;Queda;Luz do Dia;;;Meio de Quadra;;;0;1;0;0;0;0;0;0;0;1;0;0;-3,83443500000;-38,50337300000;rod_match
357926;30;4;2020;10:34;0;RUA VALPARAISO;;;1328;;ColisÃ£o;Luz do Dia;;;Meio de Quadra;;;0;1;0;1;0;0;0;0;0;1;0;0;-3,84054357000;-38,53024913000;mq_match
357927;30;4;2020;12:42;0;RUA CARLOS JUACABA;;;1462;;ColisÃ£o;Luz do Dia;;;Meio de Quadra;;;0;1;0;1;0;0;0;0;0;1;0;0;-3,79464000000;-38,56323000000;mq_gpsv
357928;30;4;2020;16:43;7430;RUA ELESBAO VELOSO;RUA COS ARAUJO LIMA;;;;ColisÃ£o;Luz do Dia;;;;;;0;1;0;1;0;0;0;0;0;1;0;0;-3,74940300000;-38,59136100000;inter_match
357929;30;4;2020;16:49;0;RUA PRO ALVARO COSTA;;;399;;ColisÃ£o;Luz do Dia;;;Meio de Quadra;;;0;2;0;0;0;0;0;0;0;1;0;0;-3,72383000000;-38,46608000000;mq_gpsv
357930;30;4;2020;18:00;0;RD BR 116;;;;;Queda;Anoitecer;;;Meio de Quadra;;;0;1;0;0;0;0;0;0;0;1;0;0;;;
357931;30;4;2020;19:06;0;AV SEN CARLOS JEREISSATI (AEROPORTO);;;;;Queda;;;;Meio de Quadra;;;0;1;0;0;0;0;0;0;0;1;0;0;;;
356722;30;4;2020;08:30;0;RD BR 116;;;10000;KM-10;Choque c/ ObstÃ¡culo Fixo;Luz do Dia;Bom;Seca;Meio de Quadra;;;0;1;0;0;0;0;0;0;0;1;0;0;-3,83443500000;-38,50337300000;rod_match
356502;30;4;2020;19:10;0;AV SEN CARLOS JEREISSATI (AEROPORTO);;;;KM 01;Choque c/ ObstÃ¡culo Fixo;;;Material Derrapante;Meio de Quadra;;;0;0;1;0;0;0;0;0;0;1;0;0;-3,78375300000;-38,52685000000;rod_match
356602;30;4;2020;11:00;0;RUA JOSE FACANHA;;;336;;ColisÃ£o Traseira;Luz do Dia;Bom;Seca;Meio de Quadra;NÃ£o HÃ¡ Controle;Comercial;0;0;2;1;0;0;0;0;0;0;0;0;-3,75420100000;-38,55500300000;mq_qgis
356500;30;4;2020;08:10;0;AV SEN CARLOS JEREISSATI (AEROPORTO);;;5;;ColisÃ£o;Luz do Dia;;Seca;Meio de Quadra;;;0;0;3;1;1;0;0;0;0;0;0;0;;;
356589;1;5;2020;19:23;3209;RUA VITAL BRASIL;RUA ANSELMO NOGUEIRA;;;;Capotamento;Via Iluminada;Bom;Seca;Cruz;SemÃ¡foro;Residencial;0;2;0;1;0;0;0;0;0;1;0;0;-3,78107200000;-38,58718100000;inter_match
357939;1;5;2020;08:09;0;AV WASHINGTON SOARES;;;611;;Atropelamento;Luz do Dia;;;Meio de Quadra;;;0;1;1;0;0;1;0;0;0;0;0;0;-3,75840100000;-38,48571300000;mq_match
357940;1;5;2020;09:20;0;RUA VALPARAISO;;;;;Queda;Luz do Dia;;;Meio de Quadra;;;0;1;0;0;0;0;0;0;0;1;0;0;;;
357958;1;5;2020;17:45;0;RD BR 116;;;3000;KM-03;Atropelamento;Anoitecer;;;Meio de Quadra;;;0;2;0;0;0;0;0;0;0;1;0;0;-3,77983800000;-38,51437200000;rod_match
357959;1;5;2020;17:54;5372;RUA DNA LEOPOLDINA;RUA PINTO MADEIRA;;;;ColisÃ£o;Anoitecer;;;Cruz;SemÃ¡foro;Comercial;0;1;1;1;0;0;0;0;0;1;0;0;-3,73165000000;-38,51966400000;inter_match
357960;1;5;2020;19:36;3316;RUA CHILE;RUA VIRIATO RIBEIRO;;;;ColisÃ£o;;;;Cruz;Pare;Residencial;0;1;0;0;0;0;0;0;0;0;0;0;-3,74617800000;-38,56527600000;inter_match
357961;1;5;2020;20:30;0;TR ISAURA;;;55;;Atropelamento;;;;Meio de Quadra;;;0;1;1;1;0;0;0;0;0;0;0;0;-3,72411000000;-38,54763000000;mq_gpsv
357962;1;5;2020;20:51;0;AV GAL OSORIO DE PAIVA;;;6391;;ColisÃ£o;;;;Meio de Quadra;;;0;1;1;1;0;0;0;0;0;1;0;0;-3,81104730000;-38,60811000000;mq_match
357963;1;5;2020;22:36;0;AV DOS JANGADEIROS;;;104;;Queda;;;;Meio de Quadra;;;0;1;0;0;0;0;0;0;0;1;0;0;-3,72222000000;-38,47624000000;mq_gpsv
357964;1;5;2020;22:54;4292;AV TEN LISBOA;RUA HENRIQUE ELERY;;;;ColisÃ£o;;;;;;;0;1;0;0;0;0;0;0;0;0;0;0;-3,71949700000;-38,56153700000;inter_match
357950;1;5;2020;09:49;0;RUA MAL BITENCOURT;;;160;;ColisÃ£o;Luz do Dia;;;Meio de Quadra;;;0;1;1;1;0;0;0;0;0;1;0;0;-3,78647614000;-38,52848570000;mq_qgis
358636;1;5;2020;14:30;0;RUA DELMIRO FARIAS;;;163;;ColisÃ£o Lateral;Luz do Dia;Bom;Seca;Meio de Quadra;Outros;Residencial;0;0;2;1;0;0;0;0;0;0;0;0;-3,75482589000;-38,54234380000;mq_qgis
358742;1;5;2020;21:19;0;RUA JERONIMO ALBUQUERQUE;;;625;;ColisÃ£o;;;;Meio de Quadra;;;0;1;1;1;0;0;0;0;0;1;0;0;-3,70792000000;-38,57670000000;mq_gpsv
358743;2;5;2020;16:00;0;AV BEZERRA DE MENEZES;;;2597;;ColisÃ£o;Luz do Dia;;;Meio de Quadra;;;0;0;2;1;0;0;0;0;0;0;0;0;-3,73633429000;-38,56764060000;mq_qgis
358744;2;5;2020;15:00;7628;RUA RIO GRANDE DO SUL;RUA ALAGOAS;;;;ColisÃ£o;Luz do Dia;;;Cruz;NÃ£o HÃ¡ Controle;Residencial;0;0;2;1;0;0;0;0;0;0;0;0;-3,76076200000;-38,56893400000;inter_match
358641;2;5;2020;15:00;0;AV BEZERRA DE MENEZES;;;2630;;ColisÃ£o Traseira;Luz do Dia;Bom;Seca;Meio de Quadra;Outros;Residencial;0;1;2;1;0;0;0;0;0;0;0;0;-3,73631700000;-38,56775700000;mq_match
358652;2;5;2020;12:52;0;AV JOSE SABOIA;;;905;;Queda;Luz do Dia;Bom;Seca;Meio de Quadra;;;1;0;0;0;0;0;0;0;0;1;0;0;-3,71832350000;-38,46546280000;mq_match
357973;2;5;2020;09:58;10050;RUA VITAL BRASIL;RUA BRAGANCA;;;;ColisÃ£o;Luz do Dia;;;Com Via FÃ©rrea;Pare;Misto;0;1;1;0;0;0;0;0;0;1;0;0;-3,77858000000;-38,59599500000;inter_match
357974;2;5;2020;10:41;0;RUA STA LUCRECIA;;;1319;;Queda;Luz do Dia;;;Meio de Quadra;;;0;1;0;0;0;1;0;0;0;0;0;0;-3,85013000000;-38,48545000000;mq_gpsv
357975;2;5;2020;11:37;23653;AV OLAVO BILAC;RUA BAR CRATO;;;;Queda;Luz do Dia;;;Cruz;SemÃ¡foro;Comercial;0;1;0;0;0;0;0;0;0;1;0;0;-3,72303600000;-38,56637000000;inter_match
357976;2;5;2020;12:22;0;RUA LUIS VIEIRA;;;382;;Queda;Luz do Dia;;;Meio de Quadra;;;0;1;0;0;0;0;0;0;0;1;0;0;-3,79494410000;-38,58702660000;mq_qgis
357977;2;5;2020;12:29;0;RUA CEL VIRGILIO NOGUEIRA (BOM JARDIM);;;1113;;Atropelamento;Luz do Dia;;;Meio de Quadra;;;0;2;0;0;0;0;0;0;0;1;0;0;-3,79224000000;-38,60981000000;mq_gpsv
357978;2;5;2020;12:52;0;AV DIOGUINHO;;;977;;Queda;Luz do Dia;;;Meio de Quadra;;;0;1;0;0;0;0;0;0;0;1;0;0;-3,72826000000;-38,46055000000;mq_gpsv
357980;2;5;2020;12:53;0;AV GOV RAUL BARBOSA;;;7146;;ColisÃ£o;Luz do Dia;;;Meio de Quadra;;;0;1;1;0;0;0;0;0;0;1;0;0;-3,77522018000;-38,51298870000;mq_qgis
357981;2;5;2020;13:24;0;AV D CJ JOSE WALTER;;;300;;ColisÃ£o;Luz do Dia;;;Meio de Quadra;;;0;1;1;0;0;0;0;0;0;1;0;0;-3,83149000000;-38,55587000000;mq_gpsv
357965;2;5;2020;01:19;0;AV ODILON GUIMARAES;;;1910;;ColisÃ£o;;;;Meio de Quadra;;;0;1;1;0;0;0;0;0;0;1;0;0;-3,82150400000;-38,47654800000;mq_match
357966;2;5;2020;01:46;0;RUA RECANTO VERDE;;;2191;;ColisÃ£o;;;;Meio de Quadra;;;0;1;0;0;0;0;0;0;0;0;0;0;-3,84695371000;-38,51497430000;mq_qgis
357967;2;5;2020;05:34;0;AV GAL OSORIO DE PAIVA;;;;;ColisÃ£o;Amanhecer;;;Meio de Quadra;;;0;1;1;1;0;0;0;0;0;1;0;0;;;
357968;2;5;2020;06:51;0;AV MR HULL;;;4083;;Queda;Luz do Dia;;;Meio de Quadra;;;0;1;0;0;0;0;0;0;0;1;0;0;-3,73813700000;-38,58116500000;mq_match
357969;2;5;2020;07:31;10726;RUA CURITIBA;RUA PRO HERIBALDO COSTA;;;;ColisÃ£o;Luz do Dia;;;Cruz;Pare;Residencial;0;1;1;1;0;0;0;0;0;1;0;0;-3,75999200000;-38,58385300000;inter_match
357988;2;5;2020;13:32;0;AV SGT HERMINIO SAMPAIO;;;62;;ColisÃ£o;Luz do Dia;;;Meio de Quadra;;;0;1;1;1;0;0;0;0;0;1;0;0;-3,72460000000;-38,54650000000;mq_gpsv
357989;2;5;2020;13:36;0;RUA VALPARAISO;;;300;;ColisÃ£o;Luz do Dia;;;Meio de Quadra;;;0;1;1;0;0;0;0;0;0;1;0;0;-3,84594000000;-38,52316210000;mq_match
357990;2;5;2020;14:29;0;AV BORGES DE MELO;;;;;Queda;Luz do Dia;;;Meio de Quadra;;;0;1;0;0;0;0;0;0;0;1;0;0;;;
357991;2;5;2020;14:33;0;AV BEZERRA DE MENEZES;;;2229;;ColisÃ£o;Luz do Dia;;;Meio de Quadra;;;0;1;1;1;0;0;0;0;0;0;0;0;-3,73571692000;-38,56466980000;mq_qgis
357992;2;5;2020;18:07;0;AV ALBERTO CRAVEIRO;;;2333;;ColisÃ£o;Anoitecer;;;Meio de Quadra;;;0;1;1;1;0;0;0;0;0;1;0;0;-3,80156900000;-38,52024800000;mq_match
357993;2;5;2020;18:18;0;RUA MARIA GOMES DE SA;;;;;ColisÃ£o;Anoitecer;;;Meio de Quadra;;;0;1;0;0;0;0;0;0;0;0;0;0;;;
357994;2;5;2020;18:28;0;AV MAE LISBOA;;;2879;;ColisÃ£o;Anoitecer;;;Meio de Quadra;;;0;1;1;1;0;1;0;0;0;0;0;0;-3,80603826000;-38,45333210000;mq_qgis
357995;2;5;2020;19:31;14422;AV SGT HERMINIO SAMPAIO;RUA MOZART PINTO;;;;ColisÃ£o;;;;T;Pare;Comercial;0;1;1;1;0;1;0;0;0;0;0;0;-3,72478300000;-38,55175300000;inter_match
357996;2;5;2020;20:17;0;RUA STA ELISA D21;;;1203;;ColisÃ£o;;;;Meio de Quadra;;;0;1;1;1;0;0;0;0;0;1;0;0;-3,70453450000;-38,56444680000;mq_gpsv
357997;2;5;2020;21:23;0;RUA ANA BRITO;;;1225;;ColisÃ£o;;;;Meio de Quadra;;;0;1;1;1;0;0;0;0;0;1;0;0;-3,82765000000;-38,58921000000;mq_gpsv
357998;2;5;2020;21:24;0;AV DR SILAS MUNGUBA;;;4956;;Queda;;;;Meio de Quadra;;;0;1;0;0;0;1;0;0;0;0;0;0;-3,79717180000;-38,53155500000;mq_match
357999;2;5;2020;23:24;0;RUA CEL MATOS DOURADO;;;540;;Atropelamento;;;;Meio de Quadra;;;0;1;0;0;0;0;0;0;0;0;0;0;-3,74340316900;-38,58501966000;mq_match
356590;2;5;2020;14:56;5247;AV IMPERADOR;RUA PEDRO PEREIRA;;;;ColisÃ£o Transversal;Luz do Dia;Bom;Seca;Cruz;SemÃ¡foro;Comercial;0;0;2;0;0;0;0;0;0;0;0;0;-3,72771400000;-38,53460900000;inter_match
356591;2;5;2020;06:47;0;AV AUGUSTO DOS ANJOS;;;2250;;ColisÃ£o Frontal;Luz do Dia;Bom;Seca;Meio de Quadra;;;0;1;2;1;0;0;0;0;0;1;0;0;-3,78627300000;-38,58427200000;mq_match
356592;2;5;2020;19:07;0;RUA SGT NERI;;;756;;Capotamento;Via Iluminada;Bom;Seca;Meio de Quadra;NÃ£o HÃ¡ Controle;Residencial;0;0;2;1;0;0;0;0;0;0;0;0;-3,82807000000;-38,58092000000;mq_gpsv
356593;3;5;2020;13:26;0;AV PRO JOSE ARTHUR CARVALHO;;;1802;;Choque c/ ObstÃ¡culo Fixo;Luz do Dia;Bom;Seca;Meio de Quadra;NÃ£o HÃ¡ Controle;Comercial;0;1;0;0;0;0;0;0;0;0;0;0;-3,82585850000;-38,46380750000;mq_qgis
356594;3;5;2020;22:10;0;RUA FRE JOSE MAURICIO;;;479;;Choque c/ ObstÃ¡culo Fixo;Anoitecer;Bom;Seca;Meio de Quadra;NÃ£o HÃ¡ Controle;Residencial;0;0;1;1;0;0;0;0;0;0;0;0;-3,80635000000;-38,61158000000;mq_gpsv
358000;3;5;2020;02:45;0;AV MAJ ASSIS;;;1418;;Queda;;;;Meio de Quadra;;;1;0;0;0;0;0;0;0;0;1;0;0;-3,72278920000;-38,59198580000;mq_qgis
358001;3;5;2020;07:17;0;AV CARNEIRO DE MENDONCA;;;;;Atropelamento;Luz do Dia;;;Meio de Quadra;;;0;1;1;0;0;0;0;0;0;1;0;0;;;
358002;3;5;2020;13:06;0;AV ALBERTO CRAVEIRO;;;2780;;Atropelamento;Luz do Dia;;;Meio de Quadra;;;0;1;1;1;0;0;0;0;0;0;0;0;-3,80561650000;-38,52347000000;mq_match
358003;3;5;2020;14:46;25041;RUA JOSE HIPOLITO;RUA BAR AQUIRAZ;;;;ColisÃ£o;Luz do Dia;;;Cruz;SemÃ¡foro;Comercial;0;1;1;1;0;0;0;0;0;1;0;0;-3,83372500000;-38,48993300000;inter_match
358004;3;5;2020;15:37;0;AV CONTORNO SUL;;;;;ColisÃ£o;Luz do Dia;;;Meio de Quadra;;;0;1;1;1;0;0;0;0;0;1;0;0;;;
358005;3;5;2020;15:57;0;RUA CON DE CASTRO;;;1328;;ColisÃ£o;Luz do Dia;;;Meio de Quadra;;;0;1;0;0;0;0;0;0;0;0;0;0;-3,78401900000;-38,57253450000;mq_qgis
358006;3;5;2020;17:06;0;RUA VALPARAISO;;;1190;;Queda;Anoitecer;;;Meio de Quadra;;;0;1;0;0;0;0;0;0;0;1;0;0;-3,84134095400;-38,52928725000;mq_match
358007;3;5;2020;17:20;19578;AV GODOFREDO MACIEL;RUA ROQUET PINTO;;;;Atropelamento;Anoitecer;;;T;Pare;Comercial;0;1;1;1;0;0;0;0;0;0;0;0;-3,78441800000;-38,56618200000;inter_match
358008;3;5;2020;17:45;9653;RUA BOM JESUS (GRANJA LISBOA);RUA FRANCISCO PAIVA;;;;ColisÃ£o;Anoitecer;;;Cruz;Pare;Residencial;0;1;1;0;0;0;0;0;0;1;0;0;-3,79024100000;-38,61408800000;inter_match
358009;3;5;2020;18:48;0;AV SANTOS DUMONT;;;4000;;ColisÃ£o Transversal;Anoitecer;Bom;Seca;Meio de Quadra;Outros;Comercial;0;3;0;0;0;1;0;0;0;1;0;0;-3,73936800000;-38,48863800000;mq_match
358010;3;5;2020;19:12;0;AV GENIBAU;;;174;;Atropelamento de Animal;;;;Meio de Quadra;;;0;1;0;0;0;0;0;0;0;1;0;0;-3,76141707000;-38,59688130000;mq_qgis
358011;3;5;2020;20:02;0;RUA TEODOMIRO DE CASTRO;;;466;;ColisÃ£o;;;;Meio de Quadra;;;0;1;1;1;0;0;0;0;0;1;0;0;-3,72032000000;-38,56894000000;mq_gpsv
358012;3;5;2020;23:52;0;RUA PEREIRA FILGUEIRAS;;;705;;ColisÃ£o;;;;Meio de Quadra;;;0;1;0;0;0;0;0;0;0;0;0;0;-3,72727373000;-38,51621880000;mq_qgis
358745;3;5;2020;13:24;0;AV ALBERTO CRAVEIRO;;;;;ColisÃ£o;Luz do Dia;;;Meio de Quadra;;;0;0;2;1;0;0;0;0;0;0;0;0;;;
358767;3;5;2020;00:50;0;RUA ALBERTO MAGNO;;;1658;;ColisÃ£o;;;;Meio de Quadra;;;0;0;2;1;0;0;0;0;0;0;0;0;-3,76824000000;-38,55253650000;mq_qgis
358768;3;5;2020;16:00;5424;RUA METON DE ALENCAR;RUA BAR RIO BRANCO;;;;ColisÃ£o;Luz do Dia;;;Cruz;SemÃ¡foro;Comercial;0;0;2;1;0;0;0;0;0;0;0;0;-3,73370100000;-38,53056300000;inter_match
358769;4;5;2020;18:05;0;RUA CAP CLOVIS MAIA;;;3401;;ColisÃ£o;Anoitecer;;;Meio de Quadra;;;0;0;2;0;0;0;0;0;0;1;0;0;-3,72784260000;-38,45929040000;mq_gpsv
358746;4;5;2020;10:50;0;RD BR 116;;;14000;KM-14;Tombamento;Luz do Dia;;;Meio de Quadra;;;0;0;1;0;0;0;1;0;0;0;0;0;-3,87352300000;-38,49924200000;rod_match
358968;4;5;2020;17:00;0;RD CE-040;;;;KM-01;ColisÃ£o;Anoitecer;;;Meio de Quadra;;;0;0;2;1;1;0;0;0;0;0;0;0;-3,76465044900;-38,48258304000;rod_match
358013;4;5;2020;01:03;0;AV PERIMETRAL;;;3078;;Queda;;;;Meio de Quadra;;;0;1;0;0;0;0;0;0;0;1;0;0;;;
358014;4;5;2020;06:34;0;AV C CJ CEARA;;;1084;;ColisÃ£o;Luz do Dia;;;Meio de Quadra;;;0;1;1;1;0;0;0;0;0;1;0;0;-3,78402790000;-38,46758290000;mq_match
358015;4;5;2020;06:50;0;AV DA INDEPENDENCIA;;;894;;Queda;Luz do Dia;;;Meio de Quadra;;;0;1;0;0;0;1;0;0;0;0;0;0;-3,72754500000;-38,58875300000;mq_qgis
358016;4;5;2020;08:14;15244;RUA JOSE VILAR;RUA DEP MOREIRA DA ROCHA;;;;ColisÃ£o;Luz do Dia;;;Cruz;Pare;Residencial;0;1;1;1;0;0;0;0;0;1;0;0;-3,72783200000;-38,50211300000;inter_match
358017;4;5;2020;11:16;0;AV DR SILAS MUNGUBA;;;;;Atropelamento;Luz do Dia;;;Meio de Quadra;;;0;1;1;0;0;0;0;0;0;1;0;0;;;
358018;4;5;2020;11:26;0;AV RAD JOSE LIMA VERDE;;;807;;ColisÃ£o;Luz do Dia;;;Meio de Quadra;;;0;1;1;1;0;0;0;0;0;1;0;0;-3,69965318200;-38,58801073000;mq_match
358019;4;5;2020;12:35;0;AV DR SILAS MUNGUBA;;;2261;;Atropelamento;Luz do Dia;;;Meio de Quadra;;;0;1;1;0;0;0;0;0;0;1;0;0;-3,78583300000;-38,55124200000;mq_match
358020;4;5;2020;13:36;0;RUA CHILE;;;685;;Atropelamento;Luz do Dia;;;Meio de Quadra;;;0;1;1;0;0;0;0;0;0;1;0;0;-3,74819208000;-38,56748010000;mq_qgis
358021;4;5;2020;14:46;0;RUA CON DE CASTRO;;;4266;;ColisÃ£o;Luz do Dia;;;Meio de Quadra;;;0;1;1;1;0;0;0;0;0;1;0;0;-3,80318784600;-38,59032515400;mq_match
358022;4;5;2020;16:16;23508;RUA ESV PINHEIRO;RUA ANA GONCALVES;;;;Atropelamento;Luz do Dia;;;Cruz;Pare;Residencial;0;1;1;1;0;0;0;0;0;0;0;0;-3,75915550000;-38,50786600000;inter_match
358023;4;5;2020;16:18;0;AV ROGACIANO LEITE;;;2450;;ColisÃ£o;Luz do Dia;;;Meio de Quadra;;;0;1;0;0;0;0;0;0;0;0;0;0;-3,77745600000;-38,50077600000;mq_match
358024;4;5;2020;16:34;12437;RUA BELO HORIZONTE;RUA BENTO LOUSADO;;;;ColisÃ£o;Luz do Dia;;;Cruz;Pare;Residencial;0;1;1;1;0;0;0;0;0;1;0;0;-3,76573800000;-38,56868600000;inter_match
358025;4;5;2020;18:22;19522;RUA PDE NOBREGA;RUA PERU;;;;ColisÃ£o;Anoitecer;;;Cruz;NÃ£o HÃ¡ Controle;Residencial;0;1;1;1;0;0;0;0;0;1;0;0;-3,78180000000;-38,55406000000;inter_gpsv
358026;4;5;2020;18:27;0;AV 13 DE MAIO;;;;;ColisÃ£o;Anoitecer;;;Meio de Quadra;;;0;1;0;0;0;0;0;0;0;0;0;0;;;
358027;4;5;2020;19:15;0;RUA PEDRO MARTINS;;;724;;ColisÃ£o;;;;Meio de Quadra;;;0;1;1;0;0;0;0;0;0;1;0;0;-3,79806200000;-38,60460700000;mq_match