COD_ACIDENTE;DIA;MES;ANO;HORA;INTERSECAO;LOG1;LOG2;LOG3;NUMERO;REFERENCIA;NATUREZA;ILUMINACAO;TEMPO;SUPERFICIEPISTA;TIPOCRUZAMENTO;CONTROLETRAFEGO;USOSOLO;MORTOS;FERIDOS;ILESOS;AUTOMOVEL;ONIBUS;BICICLETA;CAMINHAO;MICROONIBUS;CICLOMOTOR;MOTOCICLETA;TRACAOANIMAL;TREM;LATITUDE;LONGITUDE;METODO
358028;4;5;2020;21:27;0;AV ENG HUMBERTO MONTE;;;531;;ColisÃ£o;;;;Meio de Quadra;;;0;1;1;1;0;0;0;0;0;1;0;0;-3,75338400000;-38,55694000000;mq_match
356595;4;5;2020;01:25;15331;RUA PEREIRA FILGUEIRAS;RUA SILVA PAULET;;;;ColisÃ£o;Via Iluminada;Bom;Seca;Cruz;Pare;Comercial;0;1;1;1;0;0;0;0;0;1;0;0;-3,73114400000;-38,50433800000;inter_match
356596;4;5;2020;10:00;1219;RUA COSTA BARROS;RUA JOAO CORDEIRO;;;;ColisÃ£o;Luz do Dia;Bom;Seca;Cruz;SemÃ¡foro;Residencial;0;1;1;0;0;0;0;0;0;1;0;0;-3,72944900000;-38,51433100000;inter_match
356597;4;5;2020;19:23;0;AV ABOLICAO;;;4001;;ColisÃ£o Lateral;Luz do Dia;Bom;Seca;Meio de Quadra;NÃ£o HÃ¡ Controle;Comercial;0;0;2;1;0;0;0;0;0;1;0;0;-3,72505600000;-38,48338800000;mq_match
356598;4;5;2020;19:01;1561;AV PDE ANTONIO TOMAS;AV SEN VIRGILIO TAVORA;;;;ColisÃ£o Transversal;Via Iluminada;Bom;Molhada;Cruz;Gesto;Comercial;0;1;1;1;0;0;0;0;0;1;0;0;-3,74176000000;-38,49474900000;inter_match
356599;5;5;2020;19:30;1273;AV SANTOS DUMONT;RUA DR JOSE LOURENCO;;;;ColisÃ£o Transversal;Via Iluminada;Bom;Seca;Cruz;Pare;Comercial;0;1;1;1;0;0;0;0;0;1;0;0;-3,73329900000;-38,50738000000;inter_match
356600;5;5;2020;19:22;0;AV ENG SANTANA JUNIOR;;;2277;;ColisÃ£o;Via Iluminada;Bom;Seca;Meio de Quadra;SemÃ¡foro;Comercial;0;2;0;0;0;0;0;0;0;1;0;0;-3,74267800000;-38,48653800000;mq_match
356601;5;5;2020;20:00;0;RUA BELISARIO TAVORA;;;308;;ColisÃ£o Frontal;Via Iluminada;Bom;Seca;Meio de Quadra;Pare;Residencial;0;2;0;1;0;0;0;0;0;1;0;0;-3,75869000000;-38,50561000000;mq_gpsv
358029;5;5;2020;03:09;0;AV A CJ CEARA;;;1514;;Queda;;;;Meio de Quadra;;;0;1;0;0;0;0;0;0;0;1;0;0;-3,77474760000;-38,60584300000;mq_match
358030;5;5;2020;08:09;0;AV CARAPINIMA;;;2415;;ColisÃ£o;Luz do Dia;;;Meio de Quadra;;;0;1;1;1;0;0;0;0;0;1;0;0;-3,74063923500;-38,54087518000;mq_match
358031;5;5;2020;10:12;0;TR CLARA NUNES;;;66;;Queda;Luz do Dia;;;Meio de Quadra;;;0;1;0;0;0;0;0;0;0;1;0;0;-3,84706000000;-38,47618000000;mq_gpsv
358032;5;5;2020;10:43;0;RUA PRO HERACLITO;;;;;ColisÃ£o;Luz do Dia;;;Meio de Quadra;;;0;1;1;1;0;0;0;0;0;1;0;0;;;
358033;5;5;2020;12:03;0;AV ABOLICAO;;;4653;;ColisÃ£o;Luz do Dia;;;Meio de Quadra;;;0;1;1;1;0;1;0;0;0;0;0;0;-3,72261500000;-38,47979800000;mq_match
358034;5;5;2020;12:09;1376;RUA JOAO CARVALHO;RUA MON BRUNO;;;;ColisÃ£o;Luz do Dia;;;Cruz;Pare;Comercial;0;1;1;1;0;0;0;0;0;1;0;0;-3,73658500000;-38,51079200000;inter_match
358035;5;5;2020;12:30;7718;AV CARNEIRO DE MENDONCA;AV JOSE BASTOS;;;;ColisÃ£o;Luz do Dia;;;Cruz;SemÃ¡foro;Comercial;0;1;1;1;0;0;0;0;0;1;0;0;-3,76410900000;-38,56675900000;inter_match
358036;5;5;2020;15:10;0;RD BR 116;;;12000;KM-12;Atropelamento;Luz do Dia;;;Meio de Quadra;;;0;1;1;0;0;0;1;0;0;0;0;0;-3,85574000000;-38,49606600000;rod_match
358037;5;5;2020;15:37;0;AV SGT HERMINIO SAMPAIO;;;;;Atropelamento;Luz do Dia;;;Meio de Quadra;;;0;1;1;1;0;0;0;0;0;0;0;0;;;
358038;5;5;2020;15:55;0;RUA METON DE ALENCAR;;;161;;ColisÃ£o;Luz do Dia;;;Meio de Quadra;;;0;1;0;0;0;0;0;0;0;0;0;0;-3,73530192000;-38,52561430000;mq_qgis
358039;5;5;2020;17:19;0;RUA TEN BENEVOLO;;;593;;ColisÃ£o;Anoitecer;;;Meio de Quadra;;;0;1;0;0;0;0;0;0;0;0;0;0;-3,72579200000;-38,51582000000;mq_match
358040;5;5;2020;17:34;0;AV LINEU MACHADO;;;657;;Queda;Anoitecer;;;Meio de Quadra;;;0;1;0;0;0;1;0;0;0;0;0;0;-3,76623100000;-38,57707400000;mq_match
358041;5;5;2020;21:15;0;RUA POMPILIO GOMES;;;1750;;Queda;;;;Meio de Quadra;;;0;1;0;0;0;0;0;0;0;1;0;0;-3,82710915000;-38,52120780000;mq_qgis
358042;5;5;2020;21:32;10140;RUA CEL FABRICIANO;RUA VALDEMAR PAES;;;;ColisÃ£o;;;;;;;0;1;0;0;0;0;0;0;0;0;0;0;-3,78518600000;-38,59927500000;inter_match
358043;5;5;2020;22:52;0;RUA TUPI D35;;;1565;;Queda;;;;Meio de Quadra;;;0;1;0;0;0;0;0;0;0;1;0;0;-3,77044698000;-38,58426340000;mq_qgis
358044;5;5;2020;23:41;0;RUA CEL MATOS DOURADO;;;665;;Queda;;;;Meio de Quadra;;;0;1;0;0;0;0;0;0;0;1;0;0;-3,74479500000;-38,58487600000;mq_match
358045;5;5;2020;23:45;0;AV DIOGUINHO;;;;;ColisÃ£o;;;;Meio de Quadra;;;0;1;1;0;0;0;1;0;0;1;0;0;;;
358688;5;5;2020;20:00;5670;AV JOSE LEON;RUA VALTER DE CASTRO;;;;ColisÃ£o Lateral;Mal Iluminada;Bom;Seca;Cruz;Pare;Residencial;0;1;1;1;0;0;0;0;0;1;0;0;-3,78997700000;-38,49284800000;inter_match
359620;5;5;2020;09:00;0;AV DEP PAULINO ROCHA;;;;;ColisÃ£o;Luz do Dia;;;Meio de Quadra;;;1;0;0;1;0;0;0;0;0;1;0;0;-3,81003300000;-38,51997600000;fat_match
358770;6;5;2020;17:50;0;RUA VITORIA;;;934;;ColisÃ£o;Anoitecer;;;Meio de Quadra;;;0;0;2;1;0;0;0;0;0;0;0;0;-3,81717103000;-38,60068453000;mq_gpsv
358981;6;5;2020;12:47;0;AV SEN CARLOS JEREISSATI (AEROPORTO);;;;KM 02;ColisÃ£o;Luz do Dia;;;Meio de Quadra;;;0;0;2;1;0;0;0;0;0;0;0;0;-3,78219400000;-38,53542400000;rod_match
358046;6;5;2020;08:56;0;RUA 7 DE SETEMBRO;;;;;ColisÃ£o;Luz do Dia;;;Meio de Quadra;;;0;1;1;0;0;0;0;0;0;1;0;0;;;
358047;6;5;2020;10:12;0;AV WASHINGTON SOARES;;;1850;;ColisÃ£o;Luz do Dia;;;Meio de Quadra;;;0;1;1;1;0;0;0;0;0;1;0;0;-3,77484200000;-38,48173800000;mq_match
358048;6;5;2020;12:50;0;AV COSTA OESTE;;;547;;Queda;Luz do Dia;;;Meio de Quadra;;;0;1;0;0;0;0;0;0;0;1;0;0;-3,80585000000;-38,58714000000;mq_gpsv
358049;6;5;2020;13:27;9200;RUA JAIME BENEVOLO;RUA DEP JOAO PONTES;;;;ColisÃ£o;Luz do Dia;;;Cruz;Pare;Residencial;0;1;1;0;0;0;0;0;0;1;0;0;-3,74614000000;-38,53007600000;inter_match
358050;6;5;2020;15:28;0;RD BR 116;;;825;;ColisÃ£o;Luz do Dia;;;Meio de Quadra;;;0;2;0;0;0;0;0;0;0;0;0;0;-3,76255400000;-38,51870200000;rod_match
358052;6;5;2020;15:59;0;RUA BERNARDO MANUEL;;;9976;;Queda;Luz do Dia;;;Meio de Quadra;;;0;1;0;0;0;0;0;0;0;1;0;0;-3,80470200000;-38,55321000000;mq_match
358053;6;5;2020;19:16;0;AV 13 DE MAIO;;;299;;ColisÃ£o;;;;Meio de Quadra;;;0;1;1;1;0;0;0;0;0;1;0;0;-3,75369500000;-38,52423400000;mq_gpsv
358054;6;5;2020;20:07;0;AV GAL OSORIO DE PAIVA;;;4450;;ColisÃ£o;;;;Meio de Quadra;;;0;1;1;1;0;0;0;0;0;1;0;0;-3,79736814000;-38,59493210000;mq_qgis
358055;6;5;2020;20:29;0;AV SGT HERMINIO SAMPAIO;;;1511;;ColisÃ£o;;;;Meio de Quadra;;;0;1;1;0;0;0;0;0;0;1;0;0;-3,72519445900;-38,55406895000;mq_match
358056;6;5;2020;21:17;0;ET SIQUEIRA;;;1095;;ColisÃ£o;;;;Meio de Quadra;;;0;1;0;1;1;0;0;0;0;0;0;0;-3,80768000000;-38,59410000000;mq_match
358057;6;5;2020;22:23;24257;RUA MANUEL JESUINO;RUA TAVARES COUTINHO;;;;ColisÃ£o;;;;Cruz;SemÃ¡foro;Residencial;0;1;0;0;0;0;0;0;0;0;0;0;-3,73250000000;-38,48496500000;inter_match
358058;7;5;2020;09:08;0;AV PRS CASTELO BRANCO;;;;;Atropelamento;Luz do Dia;;;Meio de Quadra;;;0;1;1;0;1;0;0;0;0;0;0;0;;;
358059;7;5;2020;09:42;0;RUA JOAQUIM FELICIO;;;419;;ColisÃ£o;Luz do Dia;;;Meio de Quadra;;;0;1;1;1;0;1;0;0;0;0;0;0;-3,83016237000;-38,49128300000;mq_qgis
358060;7;5;2020;10:56;0;AV PRO GOMES DE MATOS;;;1544;;ColisÃ£o;Luz do Dia;;;Meio de Quadra;;;0;1;1;1;0;1;0;0;0;0;0;0;-3,76501378000;-38,54894800000;mq_qgis
358061;7;5;2020;11:04;6573;AV H CJ CEARA;AV C CJ CEARA;;;;ColisÃ£o;Luz do Dia;;;Outros;Pare;Residencial;0;1;1;1;0;1;0;0;0;0;0;0;-3,76271100000;-38,60954700000;inter_match
358062;7;5;2020;12:35;12674;AV CEL CARVALHO;RUA GUILHERME MENDES;;;;ColisÃ£o;Luz do Dia;;;Cruz;Pare;Comercial;0;1;1;1;0;0;0;0;0;1;0;0;-3,72065100000;-38,58709400000;inter_match
358063;7;5;2020;13:28;0;RUA MONTE LIBANO;;;280;;ColisÃ£o;Luz do Dia;;;Meio de Quadra;;;0;1;1;1;0;0;0;0;0;1;0;0;-3,82319300000;-38,56074900000;mq_qgis
358064;7;5;2020;14:28;0;AV JOSE TAVARES;;;1205;;ColisÃ£o;Luz do Dia;;;Meio de Quadra;;;0;1;0;0;0;0;0;0;0;0;0;0;;;
358065;7;5;2020;17:12;7383;RUA CURITIBA;RUA SAO LUIS D30;;;;Atropelamento de Animal;Anoitecer;;;;;;0;1;0;0;0;0;0;0;0;1;0;0;-3,75623000000;-38,59089000000;inter_gpsv
358066;7;5;2020;17:49;357;RUA ERICO MOTA;RUA XAVIER DE OLIVEIRA;;;;ColisÃ£o;Anoitecer;;;Cruz;Pare;Residencial;0;1;1;1;0;0;0;0;0;1;0;0;-3,74728800000;-38,56054700000;inter_match
358067;7;5;2020;18:42;0;RUA CATOLE;;;;;ColisÃ£o;;;;Meio de Quadra;;;0;1;1;1;0;0;0;0;0;1;0;0;;;
358068;7;5;2020;19:11;0;RUA JOAO CARVALHO;;;517;;ColisÃ£o;;;;Meio de Quadra;;;0;1;1;0;0;0;0;0;0;1;0;0;-3,73732332000;-38,50853350000;mq_qgis
358069;7;5;2020;19:00;0;RD BR 116;;;12000;KM-12;Atropelamento;;;;Meio de Quadra;;;0;1;1;1;0;0;0;0;0;0;0;0;-3,85574000000;-38,49606600000;rod_match
358070;7;5;2020;20:48;0;RUA MIN ALBUQUERQUE LIMA;;;711;;ColisÃ£o;;;;Meio de Quadra;;;0;1;1;0;0;0;0;0;0;1;0;0;-3,76982600000;-38,60636800000;mq_qgis
358071;7;5;2020;20:55;0;RUA PRIMEIRO DE JANEIRO;;;928;;Atropelamento;;;;Meio de Quadra;;;0;1;1;0;0;0;0;0;0;1;0;0;-3,78481000000;-38,56713000000;mq_gpsv
358072;7;5;2020;21:20;0;RUA CEL PERGENTINO FERREIRA;;;500;;ColisÃ£o;;;;Meio de Quadra;;;0;1;1;0;0;0;0;0;0;1;0;0;-3,74898000000;-38,52597000000;mq_gpsv
358073;7;5;2020;22:30;0;RD BR 116;;;8000;;ColisÃ£o;;;;Meio de Quadra;;;0;2;0;0;0;0;0;0;0;1;0;0;-3,82201800000;-38,50326900000;rod_match
358783;7;5;2020;11:55;13542;RUA BAR ARACATI;AV SORIANO ALBUQUERQUE;;;;ColisÃ£o;Luz do Dia;;;Duplo T;Pare;Residencial;0;0;2;1;0;0;0;0;0;1;0;0;-3,74845300000;-38,51703000000;inter_match
358747;7;5;2020;18:35;0;RD BR 020;;;;KM 426;ColisÃ£o Traseira;;;;Meio de Quadra;;;0;1;1;1;0;0;0;0;0;1;0;0;-3,86300000000;-38,52400000000;rod_match
358784;8;5;2020;09:00;1519;RUA PDE VALDEVINO;RUA CARLOS VASCONCELOS;;;;ColisÃ£o;Luz do Dia;;;Cruz;SemÃ¡foro;Comercial;0;0;2;0;0;0;0;1;0;1;0;0;-3,74027700000;-38,51319000000;inter_match
358689;8;5;2020;14:30;0;AV SEN VIRGILIO TAVORA;;;3344;;ColisÃ£o Frontal;Luz do Dia;Bom;Seca;Meio de Quadra;Outros;Residencial;0;2;0;1;0;0;0;0;0;1;0;0;;;
358987;8;5;2020;13:00;0;AV SEN CARLOS JEREISSATI (AEROPORTO);;;;;Outros;Luz do Dia;;;Meio de Quadra;;;0;0;2;1;0;0;0;0;0;1;0;0;;;
358076;8;5;2020;06:26;0;RD BR 116;;;12000;;ColisÃ£o;Luz do Dia;;;Meio de Quadra;;;0;2;0;0;0;0;0;0;0;1;0;0;-3,85574000000;-38,49606600000;rod_match
358077;8;5;2020;07:12;0;RUA JULIO SILVA;;;;;Queda;Luz do Dia;;;Meio de Quadra;;;0;1;0;0;0;0;0;0;0;1;0;0;;;
358078;8;5;2020;07:23;1519;RUA CARLOS VASCONCELOS;RUA PDE VALDEVINO;;;;ColisÃ£o;Luz do Dia;Bom;;Cruz;SemÃ¡foro;Comercial;0;1;1;0;0;0;0;0;0;1;0;0;-3,74027700000;-38,51319000000;inter_match
358079;8;5;2020;10:27;0;AV ABOLICAO;;;3986;;ColisÃ£o;Luz do Dia;;;Meio de Quadra;;;0;1;1;1;0;0;0;0;0;1;0;0;-3,72513500000;-38,48357700000;mq_match
358080;8;5;2020;11:24;5421;AV VIS RIO BRANCO;AV DUQ CAXIAS;;;;Queda;Luz do Dia;;;;;;0;1;0;0;0;0;0;0;0;1;0;0;-3,73348100000;-38,52460300000;inter_match
358081;8;5;2020;14:27;0;AV SEN FERNANDES TAVORA;;;3127;;ColisÃ£o;Luz do Dia;;;Meio de Quadra;;;0;1;1;1;0;0;0;0;0;1;0;0;-3,75470325000;-38,60059910000;mq_qgis
358083;8;5;2020;14:46;8946;RUA GAL CLARINDO DE QUEIROZ;RUA CARIRE;;;;ColisÃ£o;Luz do Dia;;;Cruz;Pare;Residencial;0;1;1;1;0;0;0;0;0;1;0;0;-3,72892000000;-38,54201000000;inter_gpsv
358084;8;5;2020;15:13;0;AV SEN FERNANDES TAVORA;;;2433;;Atropelamento;Luz do Dia;;;Meio de Quadra;;;0;1;0;0;0;0;0;0;0;0;0;0;-3,75595300000;-38,59388900000;mq_match
358085;8;5;2020;15:46;0;AV PERIMETRAL;;;;;ColisÃ£o;Luz do Dia;;;;;;0;1;1;1;0;0;0;0;0;1;0;0;;;
358086;8;5;2020;16:02;0;RUA WALDIR DIOGO;;;141;;ColisÃ£o;Luz do Dia;;;Meio de Quadra;;;0;1;1;1;0;0;0;0;0;1;0;0;-3,80769867000;-38,57955230000;mq_qgis
358087;8;5;2020;16:15;0;AV SGT HERMINIO SAMPAIO;;;1628;;ColisÃ£o;Luz do Dia;;;Meio de Quadra;;;0;1;0;0;0;0;0;0;0;0;0;0;-3,72539100000;-38,55530500000;mq_match
358090;8;5;2020;17:48;0;AV GAL OSORIO DE PAIVA;;;665;;ColisÃ£o;Anoitecer;;;Meio de Quadra;;;0;1;1;1;0;1;0;0;0;0;0;0;-3,77679536000;-38,56834970000;mq_qgis
358091;8;5;2020;20:09;0;AV SEN VIRGILIO TAVORA;;;2184;;ColisÃ£o;;;;Meio de Quadra;;;0;1;1;1;0;0;0;0;0;1;0;0;-3,74555600000;-38,49595450000;mq_qgis
358092;8;5;2020;20:23;0;AV JOSE LEON;;;672;;ColisÃ£o;;;;Meio de Quadra;;;0;1;0;0;0;0;0;0;0;0;0;0;-3,78679392000;-38,50553830000;mq_qgis
358093;8;5;2020;20:48;0;AV DES FAUSTINO ALBUQUERQUE;;;332;;Queda;;;;Meio de Quadra;;;0;1;1;0;0;0;0;0;0;1;0;0;-3,78257058000;-38,49851630000;mq_qgis
358094;8;5;2020;21:38;0;AV DR SILAS MUNGUBA;;;5700;;Atropelamento;;;;Meio de Quadra;;;0;1;1;1;0;0;0;0;0;0;0;0;-3,80426800000;-38,52749350000;mq_match
358074;8;5;2020;01:00;0;AV SANTOS DUMONT;;;;;Queda;;;;Meio de Quadra;;;0;1;0;0;0;0;0;0;0;1;0;0;;;
358075;8;5;2020;06:15;0;RUA STA JULIA;;;153;;ColisÃ£o;Luz do Dia;;;Meio de Quadra;;;0;1;1;1;0;0;0;0;0;1;0;0;-3,77477633000;-38,56863450000;mq_qgis
356603;8;5;2020;06:10;19297;RUA STA JULIA;RUA LEONEL CHAVES;;;;ColisÃ£o;Luz do Dia;Bom;Seca;Cruz;Pare;Residencial;0;1;1;1;0;0;0;0;0;1;0;0;-3,77453100000;-38,56828300000;inter_match
356604;9;5;2020;08:19;13304;AV I CJ JOSE WALTER;AV G CJ JOSE WALTER;;;;ColisÃ£o Transversal;Luz do Dia;Bom;Seca;Cruz;Pare;Residencial;0;0;2;1;0;0;0;0;0;1;0;0;-3,83906100000;-38,55495600000;inter_match
358507;9;5;2020;13:14;0;RUA DA LIBERDADE;;;160;;ColisÃ£o;Luz do Dia;;;Meio de Quadra;;;0;1;0;0;0;0;0;0;0;1;0;0;-3,74942000000;-38,59699000000;mq_gpsv
358508;9;5;2020;13:38;5127;RUA GAL SAMPAIO;RUA SEN ALENCAR;;;;ColisÃ£o;Luz do Dia;;;Cruz;SemÃ¡foro;Comercial;0;2;0;0;0;0;0;0;0;1;0;0;-3,72419200000;-38,52998400000;inter_match
358509;9;5;2020;13:57;25095;AV ENG LEAL LIMA VERDE (SAPIRANGA/COITE);AV MAE LISBOA;;;;Choque c/ ObstÃ¡culo Fixo;Luz do Dia;;;Cruz;Pare;Comercial;0;2;0;0;0;0;1;0;0;1;0;0;-3,80787100000;-38,47465700000;inter_match
358510;9;5;2020;15:16;21485;AV FRE CIRILO;AV MIN JOSE AMERICO;;;;ColisÃ£o;Luz do Dia;;;Cruz;SemÃ¡foro;Comercial;0;1;0;1;0;0;0;0;0;1;0;0;-3,81290500000;-38,49950000000;inter_match
358511;9;5;2020;15:47;10681;AV MIGUEL DIAS;RUA FIRMINO ROCHA AGUIAR;;;;ColisÃ£o;Luz do Dia;;;RotatÃ³ria;DÃª PreferÃªncia;Escola;0;1;0;0;0;0;0;0;0;1;0;0;-3,76351700000;-38,48770800000;inter_match
358512;9;5;2020;18:22;0;AV GAL OSORIO DE PAIVA;;;6132;;ColisÃ£o;Anoitecer;;;Meio de Quadra;;;0;1;0;1;0;0;0;0;0;1;0;0;-3,80998900000;-38,60713200000;mq_qgis
358513;9;5;2020;18:25;0;AV ROGACIANO LEITE;;;2850;;Atropelamento;Anoitecer;;;Meio de Quadra;;;0;1;0;1;0;0;0;0;0;0;0;0;-3,78360300000;-38,50250000000;mq_match
358514;9;5;2020;19:26;0;AV DR SILAS MUNGUBA;;;4997;;Queda;;;;Meio de Quadra;;;0;1;0;0;0;0;0;0;0;1;0;0;-3,79699200000;-38,53167800000;mq_match
358515;9;5;2020;19:37;0;RUA PERNAMBUCO;;;2211;;ColisÃ£o;;;;Meio de Quadra;;;0;1;0;1;0;0;0;0;0;1;0;0;-3,75415300000;-38,57555200000;mq_match
358516;9;5;2020;21:03;0;AV MAJ ASSIS;;;2135;;ColisÃ£o;;;;Meio de Quadra;;;0;1;0;1;0;0;0;0;0;1;0;0;-3,72100000000;-38,59903500000;mq_qgis
358517;9;5;2020;22:56;0;RUA DOM HENRIQUE;;;161;;ColisÃ£o;;;;Meio de Quadra;;;0;1;0;1;0;0;0;0;0;1;0;0;-3,78939700000;-38,57954300000;mq_match
358489;9;5;2020;09:04;0;AV PERIMETRAL;;;;;Queda;Luz do Dia;;;Meio de Quadra;;;0;1;0;0;0;0;0;0;0;1;0;0;;;
358490;9;5;2020;10:09;0;RUA CON DE CASTRO;;;7041;;Atropelamento;Luz do Dia;;;Meio de Quadra;;;1;0;1;0;0;0;0;0;0;1;0;0;-3,81717103000;-38,60068450000;mq_qgis
358491;9;5;2020;11:10;17373;AV PRO GOMES DE MATOS;RUA CEL ALEXANDRINO;;;;ColisÃ£o;Luz do Dia;;;Cruz;SemÃ¡foro Manual;Residencial;0;1;0;1;0;0;0;0;0;1;0;0;-3,76673200000;-38,55040300000;inter_match
358492;9;5;2020;11:58;3901;AV EDUARDO GIRAO;RUA JORGE DUMAR;;;;ColisÃ£o;Luz do Dia;;;Cruz;SemÃ¡foro;Residencial;0;1;0;1;0;0;0;0;0;1;0;0;-3,74969100000;-38,53869500000;inter_match
358493;9;5;2020;12:17;0;AV 13 DE MAIO;;;836;;Queda;Luz do Dia;;;Meio de Quadra;;;0;1;0;0;0;0;0;0;0;1;0;0;-3,75115000000;-38,52709000000;mq_gpsv
358284;9;5;2020;01:03;0;AV DR SILAS MUNGUBA;;;;;Atropelamento;;;;Meio de Quadra;;;0;1;0;1;0;0;0;0;0;0;0;0;;;
358285;9;5;2020;06:05;0;AV RECREIO D64;;;990;;Queda;Luz do Dia;;;Meio de Quadra;;;0;1;0;0;0;1;0;0;0;0;0;0;-3,81418967000;-38,44981010000;mq_qgis
358286;9;5;2020;07:06;13304;AV I CJ JOSE WALTER;AV G CJ JOSE WALTER;;;;ColisÃ£o;Luz do Dia;;;Cruz;Pare;Residencial;0;1;0;1;0;0;0;0;0;1;0;0;-3,83906100000;-38,55495600000;inter_match
358785;9;5;2020;15:15;0;AV MAJ ASSIS;;;1026;;ColisÃ£o;Luz do Dia;;;Meio de Quadra;;;0;0;2;1;0;0;0;0;0;0;0;0;-3,72356000000;-38,58827000000;mq_gpsv
358786;9;5;2020;20:35;21294;RUA STA INES D20;RUA STA ROSA D20/21 (JACARECANGA);;;;ColisÃ£o;;;;;;;0;0;2;0;0;0;0;0;0;1;0;0;-3,71248000000;-38,54654000000;inter_gpsv
358787;9;5;2020;22:00;5120;AV MON TABOSA;RUA JOAO CORDEIRO;;;;ColisÃ£o;;;;Cruz;SemÃ¡foro;Comercial;0;0;2;1;0;0;0;0;0;0;0;0;-3,72400900000;-38,51263500000;inter_match
358690;10;5;2020;;0;RUA BERNARDO MANUEL;;;10921;;ColisÃ£o Traseira;Luz do Dia;Bom;Seca;Meio de Quadra;Outros;Residencial;0;1;1;1;0;0;0;0;0;1;0;0;-3,81443010200;-38,55620086000;mq_match
358518;10;5;2020;00:39;17232;RUA JOAO FIRMINO;RUA VASCO DA GAMA;;;;ColisÃ£o;;;;Cruz;Pare;Residencial;0;1;0;1;0;0;0;0;0;1;0;0;-3,75990000000;-38,55175000000;inter_gpsv
358519;10;5;2020;07:24;0;AV GAL OSORIO DE PAIVA;;;;;Atropelamento;Luz do Dia;;;Meio de Quadra;;;0;2;0;0;0;0;0;0;0;1;0;0;;;
358520;10;5;2020;07:59;11761;AV PRS CASTELO BRANCO;RUA JACINTO MATOS;;;;ColisÃ£o;Luz do Dia;;;T;SemÃ¡foro;Comercial;0;1;0;1;0;0;0;0;0;1;0;0;-3,71463000000;-38,54633300000;inter_match
358521;10;5;2020;10:39;0;AV CASTELO DE CASTRO;;;440;;ColisÃ£o;Luz do Dia;;;Meio de Quadra;;;0;1;0;1;0;0;0;0;0;1;0;0;-3,83305400000;-38,52155900000;mq_match
358522;10;5;2020;10:54;0;AV DOS EXPEDICIONARIOS;;;10954;;ColisÃ£o;Luz do Dia;;;Meio de Quadra;;;0;1;0;1;0;0;0;0;0;1;0;0;;;
358523;10;5;2020;16:02;0;RUA PRO HERIBALDO COSTA;;;681;;ColisÃ£o;Luz do Dia;;;Meio de Quadra;;;0;2;0;1;0;0;0;0;0;1;0;0;-3,75872500000;-38,58318100000;mq_match
358524;10;5;2020;16:36;0;RUA ILDEFONSO ALBANO;;;755;;ColisÃ£o;Luz do Dia;;;Meio de Quadra;;;0;1;0;1;0;0;0;0;0;1;0;0;-3,72740547000;-38,51137400000;mq_qgis
358525;10;5;2020;20:38;0;RUA OSVALDO CRUZ (ALDEOTA);;;2095;;Queda;;;;Meio de Quadra;;;0;1;0;0;0;0;0;0;0;1;0;0;-3,74391112000;-38,50298020000;mq_qgis
358526;10;5;2020;20:57;0;RUA PRO VIRGILIO DE MORAIS;;;412;;Atropelamento;;;;Meio de Quadra;;;0;2;0;0;0;0;0;0;0;1;0;0;-3,75204055000;-38,59680480000;mq_qgis
358527;10;5;2020;22:13;0;RUA MON SALAZAR;;;700;;ColisÃ£o;;;;Meio de Quadra;;;0;1;0;1;0;0;0;0;0;1;0;0;-3,75606919000;-38,51357660000;mq_qgis
358528;10;5;2020;23:50;0;AV FRANCISCO SA;;;7885;;Queda;;;;Meio de Quadra;;;0;1;0;0;0;0;0;0;0;1;0;0;-3,70457662000;-38,58901630000;mq_qgis
356605;10;5;2020;08:38;0;RUA VINTE E QUATRO DE MAIO;;;321;;Choque c/ ObstÃ¡culo Fixo;Luz do Dia;Bom;Seca;Meio de Quadra;NÃ£o HÃ¡ Controle;Comercial;0;0;1;1;0;0;0;0;0;0;0;0;-3,72467684000;-38,53128280000;mq_qgis
356606;10;5;2020;18:42;0;RUA PRO HERIBALDO COSTA;;;680;;NÃ£o Informado;Via Iluminada;Bom;Seca;Cruz;NÃ£o HÃ¡ Controle;Residencial;0;0;1;1;0;0;0;0;0;1;0;0;-3,76052400000;-38,58415130000;mq_match
356615;10;5;2020;10:32;11761;AV PRS CASTELO BRANCO;RUA JACINTO MATOS;;0;;Choque c/ ObstÃ¡culo Fixo;Luz do Dia;Bom;Seca;T;SemÃ¡foro;Comercial;0;0;1;1;0;0;0;0;0;0;0;0;-3,71463000000;-38,54633300000;inter_match
356607;11;5;2020;01:09;0;RUA BAR CRATO;;;1072;;Choque c/ ObstÃ¡culo Fixo;Via Iluminada;Bom;Seca;Meio de Quadra;NÃ£o HÃ¡ Controle;Residencial;0;1;0;1;0;0;0;0;0;0;0;0;-3,72106900000;-38,55877647400;mq_match
356608;11;5;2020;07:40;0;RUA PDE PEDRO DE ALENCAR;RUA CHICO FRANCA;;868;;ColisÃ£o;Luz do Dia;Bom;Seca;Meio de Quadra;SemÃ¡foro;Comercial;0;0;2;1;0;0;0;1;0;0;0;0;-3,83501460000;-38,49422000000;inter_match
356609;11;5;2020;06:51;5352;AV DOM MANUEL;RUA PINTO MADEIRA;;;;ColisÃ£o Transversal;Luz do Dia;Chuva;Molhada;Cruz;SemÃ¡foro;Comercial;0;1;1;0;1;0;0;0;0;1;0;0;-3,73096400000;-38,52195700000;inter_match