COD_ACIDENTE;DIA;MES;ANO;HORA;INTERSECAO;LOG1;LOG2;LOG3;NUMERO;REFERENCIA;NATUREZA;ILUMINACAO;TEMPO;SUPERFICIEPISTA;TIPOCRUZAMENTO;CONTROLETRAFEGO;USOSOLO;MORTOS;FERIDOS;ILESOS;AUTOMOVEL;ONIBUS;BICICLETA;CAMINHAO;MICROONIBUS;CICLOMOTOR;MOTOCICLETA;TRACAOANIMAL;TREM;LATITUDE;LONGITUDE;METODO
358529;11;5;2020;01:30;0;RUA JOAO CORDEIRO;;;2151;;Atropelamento;;;;Meio de Quadra;;;0;1;0;1;0;0;0;0;0;0;0;0;-3,73906783000;-38,51760330000;mq_qgis
358530;11;5;2020;07:52;25307;AV JOSE LEON;AV DES GONZAGA;;;;ColisÃ£o;Luz do Dia;;;T;Pare;Comercial;0;1;0;1;0;0;0;0;0;1;0;0;-3,78708000000;-38,50451300000;inter_match
358531;11;5;2020;10:46;0;AV DOS EXPEDICIONARIOS;;;3656;;Queda;Luz do Dia;;;Meio de Quadra;;;0;1;0;0;0;0;0;0;0;1;0;0;-3,75080300000;-38,53688000000;mq_qgis
358532;11;5;2020;11:10;0;RUA DOIS;;;162;;Atropelamento;Luz do Dia;;;Meio de Quadra;;;0;1;0;0;0;0;0;0;0;1;0;0;-3,79398000000;-38,54167000000;mq_gpsv
358533;11;5;2020;14:13;5247;AV IMPERADOR;RUA PEDRO PEREIRA;;;;ColisÃ£o;Luz do Dia;;;Cruz;SemÃ¡foro;Comercial;0;1;0;0;0;0;0;0;0;1;0;0;-3,72771400000;-38,53460900000;inter_match
358534;11;5;2020;15:31;0;RUA SAO LAZARO;;;605;;Queda;Luz do Dia;;;Meio de Quadra;;;0;1;0;0;0;0;0;0;0;1;0;0;-3,80164091000;-38,58273520000;mq_qgis
358535;11;5;2020;16:25;1589;AV DES MOREIRA;RUA GAL TERTULIANO POTYGUARA;;;;ColisÃ£o;Luz do Dia;Bom;Seca;Cruz;SemÃ¡foro;Comercial;0;1;1;1;0;0;0;0;0;1;0;0;-3,74313000000;-38,50056800000;inter_match
358536;11;5;2020;17:07;0;AV SGT HERMINIO SAMPAIO;;;1508;;ColisÃ£o;Anoitecer;;;Meio de Quadra;;;0;1;0;0;0;0;0;0;0;0;0;0;-3,72520961000;-38,55415160000;mq_qgis
358537;11;5;2020;17:42;0;RUA FRE TEOBALDO;;;;;ColisÃ£o;Anoitecer;;;Meio de Quadra;;;0;1;0;1;0;0;0;0;0;1;0;0;;;
358553;11;5;2020;19:50;0;RUA PRO SILAS RIBEIRO;;;740;;Queda;;;;Meio de Quadra;;;0;1;0;0;0;0;0;0;0;1;0;0;-3,81664710000;-38,57709850000;mq_gpsv
358691;11;5;2020;06:15;0;RUA TRES (DIAS MACEDO);;;;;Capotamento;Luz do Dia;Nublado;Seca;Meio de Quadra;;;1;0;0;1;0;0;0;0;0;0;0;0;-3,78768000000;-38,52581400000;fat_match
358748;12;5;2020;20:45;0;RD BR 020;;;;KM 426;ColisÃ£o Traseira;;;;Meio de Quadra;;;0;2;0;0;0;0;0;0;0;1;0;0;-3,86300000000;-38,52400000000;rod_match
358554;12;5;2020;07:03;0;AV PERIMETRAL;;;2106;;ColisÃ£o;Luz do Dia;;;Meio de Quadra;;;0;1;0;1;0;0;0;0;0;1;0;0;;;
358555;12;5;2020;08:07;12807;RUA ALBERTO MAGNO;RUA ANA NERY;;;;;Luz do Dia;;;Cruz;SemÃ¡foro;Comercial;0;1;0;1;0;0;0;0;0;1;0;0;-3,75467010000;-38,54111500000;inter_match
358556;12;5;2020;08:15;0;AV DO PASSARE;;;118;;Queda;Luz do Dia;;;Meio de Quadra;;;0;1;0;0;0;0;0;0;0;1;0;0;-3,80304000000;-38,53220000000;mq_gpsv
358557;12;5;2020;16:42;0;AV ENG SANTANA JUNIOR;;;5225;;ColisÃ£o;Luz do Dia;;;Meio de Quadra;;;0;1;0;0;0;0;0;0;0;1;0;0;;;
358558;12;5;2020;17:31;0;AV WASHINGTON SOARES;;;11999;;ColisÃ£o;Anoitecer;;;Meio de Quadra;;;0;1;0;0;0;0;1;0;0;1;0;0;;;
358559;12;5;2020;17:46;0;RUA MARTINS CARVALHO;;;4559;;ColisÃ£o;Anoitecer;;;Meio de Quadra;;;0;1;0;1;0;0;0;0;0;1;0;0;-3,78741000000;-38,63166000000;mq_gpsv
358560;12;5;2020;17:50;0;AV BENJAMIM BRASIL;;;;;ColisÃ£o;Anoitecer;;;Meio de Quadra;;;0;1;0;0;0;0;0;0;0;1;0;0;;;
358561;12;5;2020;18:25;0;AV WASHINGTON SOARES;;;11999;;Queda;Anoitecer;;;Meio de Quadra;;;0;1;0;0;0;0;0;0;0;1;0;0;;;
358562;12;5;2020;19:37;0;AV SGT HERMINIO SAMPAIO;;;1213;;ColisÃ£o;;;;Meio de Quadra;;;0;1;0;0;0;0;0;0;0;1;0;0;-3,72473535000;-38,55139610000;mq_qgis
358563;12;5;2020;19:47;4612;AV OLIVEIRA PAIVA;AV WASHINGTON SOARES;;;;ColisÃ£o;;;;;;;0;1;0;0;0;0;0;0;0;0;0;0;-3,79569500000;-38,47990800000;inter_match
358564;12;5;2020;21:02;0;RUA EVARISTO REIS;;;194;;Queda;;;;Meio de Quadra;;;0;1;0;0;0;0;0;0;0;1;0;0;-3,76115946000;-38,50943240000;mq_qgis
358565;12;5;2020;22:01;0;AV PRS CASTELO BRANCO;;;2709;;ColisÃ£o;;;;Meio de Quadra;;;0;1;0;1;0;0;0;0;0;1;0;0;-3,71269500000;-38,55202700000;mq_match
358566;12;5;2020;22:45;0;RUA PORTO VELHO;;;1710;;Queda;;;;Meio de Quadra;;;0;1;0;0;0;0;0;0;0;1;0;0;-3,76234300000;-38,59392600000;mq_match
356610;12;5;2020;12:48;9020;RUA JAIME BENEVOLO;RUA SALDANHA MARINHO;;;;ColisÃ£o;Luz do Dia;Bom;Seca;Cruz;SemÃ¡foro;Comercial;0;0;2;1;0;0;0;0;0;1;0;0;-3,74304600000;-38,52899400000;inter_match
356611;12;5;2020;20:56;0;AV OLIVEIRA PAIVA;;;3034;;NÃ£o Informado;Via Iluminada;Bom;Seca;Meio de Quadra;SemÃ¡foro;Comercial;0;0;2;1;0;0;0;0;0;0;0;0;-3,79570749000;-38,48002300000;mq_qgis
356612;13;5;2020;08:16;0;RUA PINTO MADEIRA;;;1414;;ColisÃ£o Lateral;Luz do Dia;Bom;Seca;;;;0;1;1;1;0;0;0;0;0;1;0;0;-3,73395000000;-38,51231000000;mq_gpsv
356613;13;5;2020;09:33;0;RUA ALUISIO AZEVEDO;;;39;;Choque c/ ObstÃ¡culo Fixo;Luz do Dia;Bom;Seca;Meio de Quadra;SemÃ¡foro;Comercial;0;0;1;0;0;0;0;0;0;0;0;0;-3,77327212000;-38,57346472000;mq_match
356614;13;5;2020;19:07;0;RUA VITAL BRASIL;;;1783;;ColisÃ£o Traseira;Mal Iluminada;Bom;Seca;Meio de Quadra;NÃ£o HÃ¡ Controle;Comercial;0;0;2;0;0;0;0;0;0;1;0;0;-3,77835821000;-38,59677595300;mq_match
358567;13;5;2020;06:30;0;RUA WALDIR DIOGO;;;419;;ColisÃ£o;Luz do Dia;;;Meio de Quadra;;;0;1;0;0;0;0;0;0;0;1;0;0;-3,80673500000;-38,58168900000;mq_qgis
358568;13;5;2020;09:26;0;AV PERIMETRAL;;;456;;ColisÃ£o;Luz do Dia;;;Meio de Quadra;;;0;1;0;1;0;0;0;0;0;1;0;0;;;
358569;13;5;2020;10:20;13474;RUA DR JOSE LOURENCO;RUA TOMAS ACIOLI;;;;ColisÃ£o;Luz do Dia;;;Cruz;Pare;Comercial;0;1;0;1;0;0;0;0;0;1;0;0;-3,74444700000;-38,51093400000;inter_match
358570;13;5;2020;11:30;0;RUA RIO GRANDE DO SUL;;;1009;;ColisÃ£o;Luz do Dia;;;Meio de Quadra;;;0;1;0;1;0;0;0;0;0;1;0;0;-3,75777069000;-38,56701530000;mq_qgis
358571;13;5;2020;12:19;0;AV GAL OSORIO DE PAIVA;;;;;ColisÃ£o;Luz do Dia;;;Meio de Quadra;;;0;1;0;1;0;0;0;0;0;1;0;0;;;
358572;13;5;2020;14:01;0;RUA CARLOS VASCONCELOS;;;2281;;ColisÃ£o;Luz do Dia;;;Meio de Quadra;;;0;1;0;1;0;0;0;0;0;0;0;0;-3,74164600000;-38,51362800000;mq_qgis
358573;13;5;2020;14:29;0;AV LINEU MACHADO;;;1451;;ColisÃ£o;Luz do Dia;;;Meio de Quadra;;;0;1;0;1;0;0;0;0;0;1;0;0;-3,77238868100;-38,58027126000;mq_match
358574;13;5;2020;14:41;0;RUA CESAR FONTENELE;;;211;;ColisÃ£o;Luz do Dia;;;Meio de Quadra;;;0;1;0;0;0;0;0;0;0;0;0;0;-3,74609058000;-38,55837570000;mq_qgis
358575;13;5;2020;16:34;2573;AV FRANCISCO SA;RUA GRACA ARANHA;;;;ColisÃ£o;Luz do Dia;;;Cruz;Pare;Residencial;0;1;0;1;0;0;0;0;0;1;0;0;-3,71161100000;-38,57435900000;inter_match
358576;13;5;2020;16:37;0;RUA NUBIA BARROCAS;;;149;;ColisÃ£o;Luz do Dia;;;Meio de Quadra;;;0;1;0;1;0;0;0;0;0;1;0;0;-3,78949958000;-38,48220950000;mq_qgis
358577;13;5;2020;17:52;9287;AV DOS EXPEDICIONARIOS;AV BORGES DE MELO;;;;ColisÃ£o Transversal;Anoitecer;Bom;Seca;Cruz;SemÃ¡foro;Comercial;0;1;1;1;0;0;0;0;0;1;0;0;-3,75339100000;-38,53767400000;inter_match
358578;13;5;2020;19:18;0;RUA JOAO AREAS;;;200;;Choque c/ ObstÃ¡culo Fixo;Anoitecer;Bom;Seca;Meio de Quadra;NÃ£o HÃ¡ Controle;Residencial;0;1;1;1;0;0;0;0;0;0;0;0;-3,78944896000;-38,57586380000;mq_qgis
358579;13;5;2020;19:37;1605;AV DES MOREIRA;RUA PDE VALDEVINO;;;;ColisÃ£o;;;;;;;0;1;0;0;0;0;0;0;0;1;0;0;-3,74409800000;-38,50087700000;inter_match
358580;13;5;2020;19:50;0;AV BORGES DE MELO;;;;;ColisÃ£o;;;;Meio de Quadra;;;0;1;0;1;0;0;0;0;0;1;0;0;;;
358718;13;5;2020;15:00;344;RUA CESAR FONTENELE;RUA PEDRO DE QUEIROZ;;;;ColisÃ£o Transversal;Luz do Dia;Bom;Seca;Cruz;Pare;Misto;0;1;1;0;0;0;0;0;0;1;0;0;-3,74612000000;-38,55851600000;inter_match
358788;13;5;2020;22:00;577;AV FRANCISCO SA;AV DR THEBERGE;;;;ColisÃ£o;;;;Cruz;SemÃ¡foro;Comercial;0;0;2;1;0;0;0;0;0;0;0;0;-3,71482200000;-38,56501600000;inter_match
358581;14;5;2020;08:42;0;RUA TEN JOAO ALBANO;;;111;;Atropelamento;Luz do Dia;;;Meio de Quadra;;;0;1;0;0;0;0;0;0;0;1;0;0;-3,77243438000;-38,51544740000;mq_qgis
358582;14;5;2020;10:55;5187;RUA BAR RIO BRANCO;RUA SAO PAULO;;;;ColisÃ£o;Luz do Dia;;;Cruz;SemÃ¡foro;Comercial;0;1;0;1;0;0;0;0;0;1;0;0;-3,72585600000;-38,52807100000;inter_match
358583;14;5;2020;12:41;0;RUA DOM JOSE LOURENCO  D27;;;1672;;ColisÃ£o;Luz do Dia;;;Meio de Quadra;;;0;1;0;1;0;0;0;0;0;1;0;0;-3,74564400000;-38,55749100000;mq_gpsv
358584;14;5;2020;12:46;0;RUA GUSTAVO SAMPAIO;;;1672;;ColisÃ£o;Luz do Dia;;;Meio de Quadra;;;0;1;0;1;0;0;0;0;0;1;0;0;-3,73589060000;-38,55928000000;mq_match
358585;14;5;2020;14:12;0;RUA PDE VALDEVINO;;;2547;;ColisÃ£o;Luz do Dia;;;Meio de Quadra;;;0;1;0;0;0;0;0;0;0;0;0;0;-3,74374800000;-38,50195400000;mq_match
358587;14;5;2020;15:11;0;AV JOAO PESSOA;;;4047;;ColisÃ£o;Luz do Dia;;;Meio de Quadra;;;0;1;0;1;0;0;0;0;0;1;0;0;-3,74938643000;-38,54671520000;mq_qgis
358588;14;5;2020;15:29;348;RUA CESAR FONTENELE;RUA PRO LINO ENCARNACAO;;;;ColisÃ£o;Luz do Dia;;;Cruz;Pare;Residencial;0;1;0;1;0;0;0;0;0;1;0;0;-3,74635900000;-38,55959600000;inter_match
358589;14;5;2020;15:40;0;AV ENG SANTANA JUNIOR;;;332;;ColisÃ£o;Luz do Dia;;;Meio de Quadra;;;0;2;0;0;0;0;0;0;0;1;0;0;-3,73199900000;-38,47977800000;mq_qgis
358590;14;5;2020;16:11;0;RUA BENTO ALBUQUERQUE;;;333;;ColisÃ£o;Luz do Dia;;;Meio de Quadra;;;0;1;0;1;0;0;0;0;0;1;0;0;-3,74287270000;-38,48615300000;mq_match
358591;14;5;2020;16:38;0;AV DR THEBERGE;;;408;;ColisÃ£o;Luz do Dia;;;Meio de Quadra;;;0;1;0;1;0;0;0;0;0;1;0;0;-3,70789900000;-38,56272000000;mq_qgis
358592;14;5;2020;17:07;0;RUA 1145 CJ CEARA;;;117;;ColisÃ£o;Anoitecer;;;Meio de Quadra;;;0;1;0;0;0;0;0;0;0;1;0;0;-3,76010405000;-38,60935410000;mq_qgis
358593;14;5;2020;20:49;0;RD BR 116;;;14000;KM-14;ColisÃ£o;;;;Meio de Quadra;;;0;1;0;1;0;0;0;0;0;1;0;0;-3,87352300000;-38,49924200000;rod_match
358594;14;5;2020;21:33;0;RUA PRO COSTA MENDES;;;792;;ColisÃ£o;;;;Meio de Quadra;;;0;1;0;0;0;0;0;0;0;1;0;0;-3,75428200000;-38,54737700000;mq_qgis
358595;14;5;2020;22:17;0;RUA CEL RAIMUNDO GUANABARA;;;608;;ColisÃ£o;;;;Meio de Quadra;;;0;1;0;1;0;0;0;0;0;0;0;0;-3,75631860000;-38,56860570000;mq_match
356616;14;5;2020;08:17;17196;RUA MARIA GOMES DE SA;RUA CACHOEIRA ALEGRE;;;;ColisÃ£o Transversal;Luz do Dia;Bom;Seca;Cruz;Pare;Comercial;0;0;2;1;0;0;0;0;0;1;0;0;-3,82555100000;-38,58218000000;inter_match
356617;14;5;2020;13:18;24441;AV LUCIANO CARNEIRO;RUA RAUL CABRAL;;;;Choque c/ ObstÃ¡culo Fixo;Luz do Dia;Nublado;Seca;Cruz;NÃ£o HÃ¡ Controle;Residencial;0;0;1;0;0;0;0;0;0;1;0;0;-3,77084200000;-38,53849500000;inter_match
356618;14;5;2020;14:21;1696;RUA CAP ARAGAO;RUA ASP MENDES;;;;ColisÃ£o;Luz do Dia;Bom;Seca;Cruz;Pare;Residencial;0;1;1;1;0;0;0;0;0;1;0;0;-3,76517500000;-38,51484300000;inter_match
356619;15;5;2020;08:11;0;RUA JOSE MARTINS;;;95;;Queda;Luz do Dia;Chuva;Molhada;Meio de Quadra;NÃ£o HÃ¡ Controle;Residencial;0;0;1;0;0;0;0;0;0;0;0;0;-3,79191000000;-38,59232000000;mq_gpsv
356620;15;5;2020;14:26;5127;RUA GAL SAMPAIO;RUA SEN ALENCAR;;;;ColisÃ£o Transversal;Luz do Dia;Chuva;Molhada;Cruz;SemÃ¡foro;Comercial;0;2;0;0;0;0;0;0;0;1;0;0;-3,72419200000;-38,52998400000;inter_match
356621;15;5;2020;21:58;0;AV JOR THOMAZ COELHO;;;1661;;ColisÃ£o Traseira;Via Iluminada;Nublado;Seca;T;SemÃ¡foro;Residencial;0;0;2;1;0;0;0;0;0;0;0;0;-3,82963900000;-38,51032400000;mq_qgis
358596;15;5;2020;08:10;9158;AV LUCIANO CARNEIRO;RUA MARIO MAMEDE;;;;ColisÃ£o;Luz do Dia;;;T;SemÃ¡foro;Residencial;0;2;0;1;0;0;0;0;0;1;0;0;-3,74893700000;-38,53182800000;inter_match
358597;15;5;2020;09:09;0;AV SEN FERNANDES TAVORA;;;2223;;ColisÃ£o;Luz do Dia;;;Meio de Quadra;;;0;1;0;1;0;0;0;0;0;1;0;0;-3,75724400000;-38,59142800000;mq_match
358598;15;5;2020;11:30;0;RUA FRANCISCO VILELA;;;;;ColisÃ£o;Luz do Dia;;;Meio de Quadra;;;0;2;0;0;0;0;0;0;0;1;0;0;;;
358599;15;5;2020;11:54;0;AV 13 DE MAIO;;;1251;;ColisÃ£o;Luz do Dia;;;Meio de Quadra;;;0;1;0;0;0;0;0;0;0;0;0;0;-3,74876300000;-38,52998100000;mq_match
358719;15;5;2020;02:40;0;RUA PRO COSTA MENDES;;;;;Choque c/ ObstÃ¡culo Fixo;Via Iluminada;Nublado;Molhada;Meio de Quadra;SemÃ¡foro;Comercial;0;0;1;1;0;0;0;0;0;0;0;0;;;
358611;15;5;2020;16:14;0;RUA MONTE LIBANO;;;560;;ColisÃ£o;Luz do Dia;;;Meio de Quadra;;;0;1;0;1;0;0;0;0;0;1;0;0;-3,82510032400;-38,56223708000;mq_match
358612;15;5;2020;16:44;6798;RUA VILEBALDO AGUIAR;RUA JULIO AZEVEDO;;;;Queda;Luz do Dia;;;Cruz;Pare;Comercial;0;1;0;0;0;0;0;0;0;1;0;0;-3,74244000000;-38,48195700000;inter_match
358613;15;5;2020;17:47;0;RUA PRO HERIBALDO COSTA;;;1730;;ColisÃ£o;Anoitecer;;;Meio de Quadra;;;0;1;0;1;0;0;0;0;0;1;0;0;-3,76690500000;-38,58749500000;mq_match
358614;15;5;2020;18:38;0;RUA POMPILIO GOMES;;;132;;ColisÃ£o;;;;Meio de Quadra;;;0;1;0;1;0;0;0;0;0;1;0;0;-3,81146000000;-38,52001000000;mq_gpsv
358615;15;5;2020;18:55;0;RUA PERILIO TEIXEIRA;;;571;;ColisÃ£o;;;;Meio de Quadra;;;0;1;0;1;0;0;0;0;0;1;0;0;-3,75930604000;-38,60184640000;mq_qgis
358616;15;5;2020;21:24;0;RUA BARRA NOVA;;;370;;ColisÃ£o;;;;Meio de Quadra;;;0;1;0;1;0;0;0;0;0;1;0;0;-3,78346000000;-38,50531000000;mq_gpsv
358617;15;5;2020;21:49;0;AV JOR THOMAZ COELHO;;;1578;;ColisÃ£o;;;;Meio de Quadra;;;0;1;0;1;0;0;0;0;0;0;0;0;-3,82990427100;-38,50913561000;mq_match
358618;15;5;2020;22:25;0;RUA AMERICO ROCHA LIMA;;;644;;Queda;;;;Meio de Quadra;;;0;1;0;0;0;1;0;0;0;0;0;0;-3,79893000000;-38,58065000000;mq_gpsv
358619;15;5;2020;23:33;0;AV PONTES VIEIRA;;;;;Queda;;;;Meio de Quadra;;;0;1;0;0;0;0;0;0;0;1;0;0;;;
358620;16;5;2020;02:58;0;AV ANTONIO SALES;;;;;Queda;;;;Meio de Quadra;;;0;1;0;0;0;0;0;0;0;1;0;0;;;
358621;16;5;2020;06:47;0;AV DEP PAULINO ROCHA;;;1360;;ColisÃ£o;Luz do Dia;;;Meio de Quadra;;;0;1;0;1;0;0;0;0;0;1;0;0;-3,81063281000;-38,50965680000;mq_qgis
358622;16;5;2020;07:53;0;AV DOMINGOS OLIMPIO;;;123;;Queda;Luz do Dia;;;Meio de Quadra;;;0;1;0;0;0;0;0;0;0;1;0;0;-3,73852870000;-38,52495600000;mq_match
358623;16;5;2020;09:06;0;AV PRS COSTA E SILVA;;;510;;ColisÃ£o;Luz do Dia;;;Meio de Quadra;;;0;1;0;1;0;0;0;0;0;1;0;0;-3,81301000000;-38,57126000000;mq_gpsv
358624;16;5;2020;11:30;0;AV BENJAMIM BARROSO;;;158;;Atropelamento;Luz do Dia;;;Meio de Quadra;;;0;1;0;0;0;0;0;0;0;1;0;0;-3,72595427000;-38,54980010000;mq_qgis
358625;16;5;2020;15:10;0;RUA PERILIO TEIXEIRA;;;299;;ColisÃ£o;Luz do Dia;;;Meio de Quadra;;;0;1;0;1;0;0;0;0;0;1;0;0;-3,81680540000;-38,47916530000;mq_match
358626;16;5;2020;15:48;0;AV JOSE JATAHY;;;1393;;Queda;Luz do Dia;;;Meio de Quadra;;;0;1;0;0;0;0;0;0;0;1;0;0;-3,73381789000;-38,54425400000;mq_qgis
358627;16;5;2020;16:09;0;AV SEN FERNANDES TAVORA;;;;;Atropelamento;Luz do Dia;;;Meio de Quadra;;;0;1;0;1;0;0;0;0;0;0;0;0;;;
358628;16;5;2020;17:20;0;AV DOM MANUEL;;;1197;;Queda;Anoitecer;;;Meio de Quadra;;;0;1;0;0;0;0;0;0;0;1;0;0;-3,73452595000;-38,52311780000;mq_qgis
358629;16;5;2020;18:41;25116;AV ROGACIANO LEITE;RUA PDE FRANCISCO PITA;;;;Queda;;;;Cruz;SemÃ¡foro;Comercial;0;1;0;0;0;0;0;0;0;1;0;0;-3,78096000000;-38,50176600000;inter_match
358630;16;5;2020;18:45;0;AV DR SILAS MUNGUBA;;;4880;;ColisÃ£o;;;;Meio de Quadra;;;0;1;0;0;0;0;0;0;0;1;0;0;-3,79579400000;-38,53229400000;mq_match
358632;16;5;2020;18:53;0;AV PERIMETRAL;;;1048;;ColisÃ£o;;;;Meio de Quadra;;;0;2;1;0;0;0;0;0;0;1;0;0;-3,78531808000;-38,58994490000;mq_qgis
358633;16;5;2020;21:05;0;RUA SILVINHA TELES D69;;;350;;ColisÃ£o;;;;Meio de Quadra;;;0;1;0;0;0;0;0;0;0;0;0;0;-3,84913300000;-38,52575700000;mq_qgis
358634;16;5;2020;22:27;0;AV CASTELO DE CASTRO;;;;;Queda;;;;Meio de Quadra;;;0;1;0;0;0;0;0;0;0;1;0;0;;;
358635;16;5;2020;22:42;0;AV PRS CASTELO BRANCO;;;2031;;ColisÃ£o;;;;Meio de Quadra;;;0;1;1;1;0;1;0;0;0;0;0;0;-3,71475871400;-38,54595693000;mq_match
358749;16;5;2020;05:40;0;RD BR 116;;;13000;KM-13;Choque c/ ObstÃ¡culo Fixo;Amanhecer;;;Meio de Quadra;;;0;0;1;0;0;0;0;0;0;0;0;0;-3,86467000000;-38,49772700000;rod_match
358735;16;5;2020;16:00;0;RUA CORREIA LIMA D39;;;;;Choque c/ ObstÃ¡culo Fixo;Luz do Dia;Bom;Seca;Meio de Quadra;Outros;Outros;0;0;1;1;0;0;0;0;0;0;0;0;;;
358736;16;5;2020;;24941;RUA RAIMUNDO GOMES;AV CEL CARVALHO;;;;ColisÃ£o Traseira;Via Iluminada;Bom;Seca;Cruz;Pare;Residencial;0;0;2;1;0;0;0;0;0;0;0;0;-3,71475800000;-38,58861700000;inter_match
356622;16;5;2020;10:05;25153;RUA RAIMUNDO NERY;RUA ANTONIO COSTA MENDES;;0;;ColisÃ£o Lateral;Luz do Dia;Chuva;Molhada;Cruz;SemÃ¡foro;Comercial;0;1;1;0;0;0;0;0;0;1;0;0;-3,79324650000;-38,58678860000;inter_match
356623;16;5;2020;13:52;13386;RUA JOAO BRIGIDO;RUA ANTONIO AUGUSTO;;0;;ColisÃ£o Transversal;Luz do Dia;Chuva;Molhada;Cruz;Pare;Comercial;0;1;1;1;0;0;0;0;0;1;0;0;-3,74027900000;-38,51681300000;inter_match
356624;16;5;2020;15:45;0;RUA PRO GOMES BRASIL;;;129;;ColisÃ£o Lateral;Luz do Dia;Nublado;Molhada;Meio de Quadra;NÃ£o HÃ¡ Controle;Residencial;0;0;2;1;0;0;0;0;0;1;0;0;-3,77434020000;-38,56723000000;mq_match
356625;17;5;2020;13:30;0;RUA JOSE VILAR;RUA JOAO CARVALHO;;0;;NÃ£o Informado;Luz do Dia;Bom;Seca;Cruz;SemÃ¡foro;Residencial;0;0;3;0;0;0;0;0;0;1;0;0;-3,73831800000;-38,50547700000;inter_match
356626;17;5;2020;13:06;5451;AV DOM MANUEL;RUA BARBARA DE ALENCAR;;;;ColisÃ£o Transversal;Luz do Dia;Bom;Seca;Cruz;SemÃ¡foro;Comercial;0;1;1;1;0;0;0;0;0;1;0;0;-3,73497200000;-38,52326200000;inter_match
356637;17;5;2020;16:07;380;RUA FRANCISCA CLOTILDE;RUA DELMIRO FARIAS;;;;ColisÃ£o;Luz do Dia;Bom;Seca;Cruz;Pare;Residencial;0;1;1;1;0;0;0;0;0;0;0;0;-3,74421700000;-38,55423100000;inter_match
358737;17;5;2020;;0;AV HERACLITO GRACA;;;600;;ColisÃ£o Transversal;Via Iluminada;Bom;Seca;Meio de Quadra;;Residencial;0;2;0;1;0;0;0;0;0;1;0;0;-3,73537700000;-38,51869400000;mq_match
358805;17;5;2020;14:14;1450;RUA JOAO CARVALHO;RUA JOSE VILAR;;;;ColisÃ£o;Luz do Dia;;;Cruz;SemÃ¡foro;Comercial;0;0;2;0;0;0;0;0;0;0;0;0;-3,73831800000;-38,50547700000;inter_match
359032;17;5;2020;10:00;0;AV SEN CARLOS JEREISSATI (AEROPORTO);;;;KM 01;ColisÃ£o;Luz do Dia;;;Meio de Quadra;;;0;0;2;0;0;0;0;0;0;1;0;0;-3,78375300000;-38,52685000000;rod_match
358118;17;5;2020;17:12;9188;RUA PDE BARBOSA DE JESUS;RUA NAPOLEAO LAUREANO;;;;ColisÃ£o;Anoitecer;;;Cruz;Pare;Residencial;0;1;1;0;0;0;0;0;0;1;0;0;-3,74891700000;-38,52854000000;inter_match
358119;17;5;2020;17:00;0;AV WASHINGTON SOARES;;;2565;;ColisÃ£o;Anoitecer;;;Meio de Quadra;;;1;0;1;1;0;1;0;0;0;0;0;0;-3,82701580000;-38,48213650000;mq_match
358120;17;5;2020;18:51;0;AV ALBERTO CRAVEIRO;;;2420;;ColisÃ£o;Via Iluminada;Bom;Seca;Meio de Quadra;SemÃ¡foro;Residencial;1;0;1;0;0;0;0;0;0;1;0;0;-3,80118000000;-38,52007000000;mq_match
358121;17;5;2020;19:35;0;AV WASHINGTON SOARES;;;;;ColisÃ£o;;;;Meio de Quadra;;;0;1;1;1;0;0;0;0;0;0;0;0;;;
358122;17;5;2020;20:57;0;RUA JOSE AVELINO;;;640;;ColisÃ£o;;;;Meio de Quadra;;;0;1;1;1;0;0;0;0;0;1;0;0;-3,72248000000;-38,51787100000;mq_match
358123;17;5;2020;21:13;0;RUA PARANAI;;;1209;;ColisÃ£o;;;;Meio de Quadra;;;0;1;1;1;0;0;0;0;0;1;0;0;-3,76073000000;-38,57036000000;mq_gpsv
358124;17;5;2020;07:15;0;RUA VALPARAISO;;;;;ColisÃ£o;Luz do Dia;;;Meio de Quadra;;;0;1;1;1;0;0;0;0;0;0;0;0;;;
358125;18;5;2020;08:54;0;AV GAL OSORIO DE PAIVA;;;1448;;ColisÃ£o;Luz do Dia;;;Meio de Quadra;;;0;1;1;1;0;0;0;0;0;1;0;0;-3,78073309100;-38,57458264000;mq_match
358126;18;5;2020;09:39;0;RUA GUSTAVO SAMPAIO;;;433;;ColisÃ£o;Luz do Dia;;;;;;0;1;1;0;0;0;0;0;0;1;0;0;-3,73366000000;-38,54853000000;mq_gpsv
358127;18;5;2020;09:51;21830;RUA DNA LUCIA PINHEIRO (QUINTINO CUNHA);RUA XXIV CIDADE OESTE;;;;Queda;Luz do Dia;;;;;;0;1;0;0;0;0;0;0;0;1;0;0;-3,73138000000;-38,60015000000;inter_gpsv
358128;18;5;2020;10:49;0;RUA OSCAR ARARIPE;;;35;;Queda;Luz do Dia;;;Meio de Quadra;;;0;1;0;0;0;0;0;0;0;1;0;0;-3,79349000000;-38,59239000000;mq_gpsv
358130;18;5;2020;11:24;0;RUA RAIMUNDO NERY;;;298;;Atropelamento;Luz do Dia;;;Meio de Quadra;;;0;1;1;1;0;0;0;0;0;0;0;0;-3,79511372000;-38,58602300000;mq_qgis
358131;18;5;2020;11:49;1407;RUA TORRES CAMARA;RUA JOAQUIM NABUCO;;;;Queda;Luz do Dia;;;;SemÃ¡foro;Residencial;0;1;0;0;0;0;0;0;0;1;0;0;-3,73726000000;-38,50193000000;inter_gpsv