COD_ACIDENTE;DIA;MES;ANO;HORA;INTERSECAO;LOG1;LOG2;LOG3;NUMERO;REFERENCIA;NATUREZA;ILUMINACAO;TEMPO;SUPERFICIEPISTA;TIPOCRUZAMENTO;CONTROLETRAFEGO;USOSOLO;MORTOS;FERIDOS;ILESOS;AUTOMOVEL;ONIBUS;BICICLETA;CAMINHAO;MICROONIBUS;CICLOMOTOR;MOTOCICLETA;TRACAOANIMAL;TREM;LATITUDE;LONGITUDE;METODO
358132;18;5;2020;14:09;0;RUA BENTO ALBUQUERQUE;;;1450;;ColisÃ£o;Luz do Dia;;;Meio de Quadra;;;0;1;1;1;0;0;0;0;0;1;0;0;-3,74593850000;-38,47640300000;mq_match
358133;18;5;2020;14:36;0;RUA SAO LUIZ DO OESTE;;;518;;ColisÃ£o;Luz do Dia;;;Meio de Quadra;;;0;1;1;1;0;0;0;0;0;0;0;0;-3,78289000000;-38,61038000000;mq_gpsv
358134;18;5;2020;14:44;0;RD BR 116;;;3000;KM-03;Atropelamento;Luz do Dia;;;Meio de Quadra;;;0;1;1;1;0;0;0;0;0;0;0;0;-3,77983800000;-38,51437200000;rod_match
358135;18;5;2020;15:38;0;AV GODOFREDO MACIEL;;;5177;;ColisÃ£o;Luz do Dia;;;Meio de Quadra;;;0;1;1;1;0;0;0;0;0;1;0;0;-3,81978900000;-38,57719100000;mq_match
358136;18;5;2020;15:49;0;AV DIOGUINHO;;;521;;ColisÃ£o;Luz do Dia;;;Meio de Quadra;;;0;1;0;0;0;0;0;0;0;0;0;0;-3,77790550000;-38,43440250000;mq_match
358137;18;5;2020;19:59;0;RUA PAULO FIRMEZA;;;391;;Atropelamento;Via Iluminada;Bom;Seca;Meio de Quadra;NÃ£o HÃ¡ Controle;Residencial;0;1;1;0;0;0;0;0;0;1;0;0;-3,75742132000;-38,51604570000;mq_qgis
358167;18;5;2020;19:11;0;RUA RAD JOAO RAMOS (DUNAS);;;2095;;ColisÃ£o;;;;Meio de Quadra;;;0;1;1;0;0;0;1;0;0;1;0;0;-3,81064270000;-38,41088260000;mq_gpsv
358168;18;5;2020;20:19;0;RUA MARTINS NETO;;;588;;ColisÃ£o;;;;Meio de Quadra;;;0;1;0;0;0;0;0;0;0;0;0;0;-3,74063698000;-38,59079060000;mq_qgis
358169;18;5;2020;20:46;0;AV CASTELO DE CASTRO;;;486;;ColisÃ£o;;;;Meio de Quadra;;;0;1;0;0;0;0;0;0;0;0;0;0;-3,83369020000;-38,52150700000;mq_match
358806;18;5;2020;17:20;0;AV GODOFREDO MACIEL;;;5182;;Atropelamento;Anoitecer;;;Meio de Quadra;;;0;1;1;0;0;0;0;0;0;1;0;0;-3,81940005700;-38,57684360000;mq_match
358738;18;5;2020;15:17;0;RUA SAO LUIZ DO OESTE;;;524;;ColisÃ£o Traseira;Luz do Dia;Bom;Seca;Meio de Quadra;NÃ£o HÃ¡ Controle;Residencial;0;0;3;1;0;0;0;0;0;0;0;0;-3,78411000000;-38,61058000000;mq_gpsv
356627;18;5;2020;15:30;0;RUA RAIMUNDO NERY;;;298;;NÃ£o Informado;Luz do Dia;Bom;Seca;Cruz;Pare;Residencial;0;0;1;0;0;0;0;0;0;0;0;0;-3,79511372000;-38,58602300000;mq_qgis
356629;19;5;2020;16:06;3502;RUA MUCAMBINHO (MESSEJANA);RUA MANUEL ARRUDA;;;;ColisÃ£o Transversal;Luz do Dia;Bom;Seca;Cruz;NÃ£o HÃ¡ Controle;Comercial;0;0;3;1;0;0;0;0;0;0;0;0;-3,82827900000;-38,50673600000;inter_match
358807;19;5;2020;16:47;0;RUA TOBIAS CORREIA;;;;;ColisÃ£o;Luz do Dia;;;Meio de Quadra;;;0;0;2;1;0;0;0;0;0;0;0;0;;;
358170;19;5;2020;00:09;0;RUA 28 DE AGOSTO UI 503;;;1111;;Atropelamento;;;;Meio de Quadra;;;0;1;1;1;0;0;0;0;0;0;0;0;-3,81637000000;-38,53755000000;mq_gpsv
358171;19;5;2020;05:53;0;AV PERIMETRAL;;;4545;;ColisÃ£o;Amanhecer;;;Meio de Quadra;;;0;1;1;1;0;0;0;0;0;1;0;0;;;
358172;19;5;2020;06:28;24990;AV PRS COSTA E SILVA;AV PRS JUSCELINO KUBITSCHEK (PASSARÃ‰);;;;Queda;Luz do Dia;;;T;SemÃ¡foro;Residencial;0;1;0;0;0;0;0;0;0;1;0;0;-3,82564800000;-38,53951600000;inter_match
358173;19;5;2020;06:39;0;RUA SAO PAULO;;;1237;;ColisÃ£o;Luz do Dia;;;Meio de Quadra;;;0;1;0;0;0;0;0;0;0;0;0;0;-3,72304373000;-38,53660120000;mq_qgis
358174;19;5;2020;08:31;14967;AV GODOFREDO MACIEL;RUA JULIO ALCIDES;;;;Queda;Luz do Dia;;;T;Pare;Residencial;0;1;0;0;0;0;0;0;0;1;0;0;-3,78785600000;-38,56678500000;inter_match
358175;19;5;2020;09:17;0;AV HILDEBRANDO DE MELO;;;2066;;Queda;Luz do Dia;;;Meio de Quadra;;;0;1;0;0;0;0;0;0;0;1;0;0;-3,72657000000;-38,58941000000;mq_gpsv
358176;19;5;2020;10:18;1345;RUA LEONARDO MOTA;RUA MARIA TOMASIA;;;;Queda;Luz do Dia;;;Cruz;Pare;Comercial;0;1;0;0;0;0;0;0;0;1;0;0;-3,73585300000;-38,49607000000;inter_match
358177;19;5;2020;11:12;0;RUA ANTONIO PEREIRA;;;1491;;ColisÃ£o;Luz do Dia;;;Meio de Quadra;;;0;1;1;1;0;0;0;0;0;1;0;0;-3,83117000000;-38,57016000000;mq_gpsv
358178;19;5;2020;14:44;0;AV FRANCISCO SA;;;5036;;ColisÃ£o;Luz do Dia;;;Meio de Quadra;;;0;1;1;0;0;0;0;0;0;1;0;0;-3,71319250000;-38,56970500000;mq_match
358179;19;5;2020;14:49;0;RUA TULIPA;;;150;;ColisÃ£o;Luz do Dia;;;Meio de Quadra;;;0;1;1;0;0;0;0;0;0;1;0;0;-3,82420460000;-38,59066080000;mq_match
358180;19;5;2020;15:36;0;RUA OSCAR ROMERO;;;200;;ColisÃ£o;Luz do Dia;;;Meio de Quadra;;;0;1;1;1;0;0;0;0;0;1;0;0;-3,83274000000;-38,57044000000;mq_gpsv
358181;19;5;2020;17:01;0;AV AUGUSTO DOS ANJOS;;;698;;Atropelamento;Anoitecer;;;Meio de Quadra;;;0;1;1;0;0;0;0;0;0;1;0;0;-3,77461500000;-38,57423900000;mq_match
358182;19;5;2020;17:23;0;AV CASTELO DE CASTRO;;;1320;;ColisÃ£o;Anoitecer;;;Meio de Quadra;;;0;2;0;0;0;0;0;0;0;1;0;0;-3,84097200000;-38,52175900000;mq_match
358183;19;5;2020;17:10;12520;AV AUGUSTO DOS ANJOS;RUA ALUISIO AZEVEDO;;;;ColisÃ£o;Anoitecer;;;Duplo T;SemÃ¡foro;Comercial;0;1;1;0;0;0;0;0;0;1;0;0;-3,77339000000;-38,57316140000;inter_match
358184;19;5;2020;17:18;0;AV GAL OSORIO DE PAIVA;;;5421;;ColisÃ£o;Anoitecer;;;Meio de Quadra;;;0;1;1;0;0;0;0;0;0;1;0;0;-3,80442100000;-38,60177200000;mq_match
358185;19;5;2020;17:51;0;AV MR HULL;;;2914;;ColisÃ£o;Anoitecer;;;Meio de Quadra;;;0;1;0;0;0;0;0;0;0;0;0;0;-3,73680000000;-38,57051590000;mq_qgis
359623;19;5;2020;16:16;0;RUA PAULO FIRMEZA;;;391;;Atropelamento;Luz do Dia;;;Meio de Quadra;;;1;0;1;0;0;0;0;0;0;0;0;0;-3,75742132000;-38,51604570000;mq_qgis
359626;20;5;2020;14:00;0;RD QUARTO ANEL VIARIO;;;;;Choque c/ ObstÃ¡culo Fixo;Luz do Dia;;;Meio de Quadra;;;1;0;0;1;0;0;0;0;0;0;0;0;-3,85812400000;-38,54647400000;fat_match
358186;20;5;2020;00:11;0;RUA EDUARDO ARAUJO;;;2146;;ColisÃ£o;;;;Meio de Quadra;;;0;1;1;1;0;0;0;0;0;1;0;0;-3,81718000000;-38,59816000000;mq_gpsv
358187;20;5;2020;00:22;0;RUA GONCALVES LEDO;;;73;;Atropelamento;;;;Meio de Quadra;;;0;1;1;1;0;0;0;0;0;0;0;0;-3,72438025000;-38,51397990000;mq_qgis
358188;20;5;2020;06:53;0;AV ENG HUMBERTO MONTE;;;1143;;Queda;Luz do Dia;;;Meio de Quadra;;;0;1;0;0;0;0;0;0;0;1;0;0;-3,74905644000;-38,56049630000;mq_qgis
358189;20;5;2020;07:45;0;RUA PRO GOMES BRASIL;;;555;;Queda;Luz do Dia;;;Meio de Quadra;;;0;1;0;0;0;0;0;0;0;1;0;0;-3,77052450000;-38,57032800000;mq_match
358190;20;5;2020;11:50;0;RUA COS LAFAYETE;;;626;;ColisÃ£o;Luz do Dia;;;Meio de Quadra;;;0;1;1;1;0;0;0;0;0;1;0;0;-3,71788450000;-38,58383900000;mq_qgis
358191;20;5;2020;12:14;0;RUA RUI MONTE;;;365;;ColisÃ£o;Luz do Dia;;;Meio de Quadra;;;0;1;1;1;0;0;0;0;0;1;0;0;-3,74232600000;-38,58733000000;mq_qgis
358192;20;5;2020;12:17;0;RUA MIGUEL ARAGAO;;;1160;;Atropelamento;Luz do Dia;;;Meio de Quadra;;;0;1;1;1;0;0;0;0;0;0;0;0;-3,83127440000;-38,58987190000;mq_match
358193;20;5;2020;12:41;0;RUA RUI MONTE;;;365;;ColisÃ£o;Luz do Dia;;;Meio de Quadra;;;0;1;1;1;0;0;0;0;0;1;0;0;-3,74232600000;-38,58733000000;mq_qgis
358194;20;5;2020;13:38;0;RUA AFONSO LOPES;;;814;;ColisÃ£o;Luz do Dia;;;Meio de Quadra;;;0;1;1;1;0;0;0;0;0;1;0;0;-3,79502036000;-38,54880500000;mq_qgis
358195;20;5;2020;14:59;0;AV SGT HERMINIO SAMPAIO;;;330;;ColisÃ£o;Luz do Dia;;;Meio de Quadra;;;0;1;1;1;0;0;0;0;0;1;0;0;-3,72459000000;-38,54669000000;mq_gpsv
358196;20;5;2020;19:01;0;RUA TULIPA NEGRA;;;2111;;ColisÃ£o;;;;Meio de Quadra;;;0;1;1;1;0;0;0;0;0;1;0;0;-3,81860300000;-38,59884000000;mq_qgis
358197;20;5;2020;19:07;0;RUA FABIANO DE CRISTO;;;120;;Queda;;;;Meio de Quadra;;;0;1;0;0;0;0;0;0;0;1;0;0;-3,80423586000;-38,56618210000;mq_qgis
358198;20;5;2020;19:15;0;AV JOAO PESSOA;;;3835;;ColisÃ£o;;;;Meio de Quadra;;;0;1;0;0;0;0;0;0;0;0;0;0;-3,74790200000;-38,54538900000;mq_match
358199;20;5;2020;19:35;0;RUA VALPARAISO;;;;;ColisÃ£o;;;;Meio de Quadra;;;0;1;1;1;0;0;0;0;0;1;0;0;;;
358200;20;5;2020;19:38;0;AV MR HULL;;;;;Atropelamento;;;;Meio de Quadra;;;0;1;1;0;0;0;0;0;0;1;0;0;;;
358810;20;5;2020;16:10;0;AV DIOGUINHO;;;;;ColisÃ£o;Luz do Dia;;;Meio de Quadra;;;0;0;1;0;1;0;0;0;0;0;0;0;;;
358750;20;5;2020;16:30;0;RD BR 020;;;;KM 424;Outros;Luz do Dia;;;Meio de Quadra;;;0;1;2;0;0;0;1;0;0;1;0;0;;;
356630;20;5;2020;19:39;1289;AV SANTOS DUMONT;RUA SILVA PAULET;;0;;ColisÃ£o Transversal;Anoitecer;Bom;Seca;Cruz;Pare;Comercial;0;0;2;1;0;0;0;0;0;0;0;0;-3,73398500000;-38,50525800000;inter_match
356631;21;5;2020;08:53;0;RUA MONICA;;;65;;Choque c/ ObstÃ¡culo Fixo;Luz do Dia;Nublado;Molhada;Meio de Quadra;NÃ£o HÃ¡ Controle;Residencial;0;0;1;1;0;0;0;0;0;0;0;0;-3,73579000000;-38,48308000000;mq_gpsv
356632;21;5;2020;09:05;3819;AV CARAPINIMA;RUA JUVENAL GALENO;;0;;ColisÃ£o Traseira;Luz do Dia;Chuva;Molhada;Cruz;Gesto;Escola;0;0;2;1;0;0;0;0;0;1;0;0;-3,73899800000;-38,53917600000;inter_match
356633;21;5;2020;07:45;5381;AV IMPERADOR;RUA METON DE ALENCAR;;0;;ColisÃ£o Transversal;Luz do Dia;Chuva;Molhada;Cruz;SemÃ¡foro;Comercial;0;0;3;1;0;0;0;0;0;0;0;0;-3,73196600000;-38,53586900000;inter_match
356634;21;5;2020;16:45;0;AV PRS COSTA E SILVA;;;4201;PIRÃ‚MIDE MOTEL;ColisÃ£o Transversal;Luz do Dia;Bom;Molhada;Meio de Quadra;NÃ£o HÃ¡ Controle;Comercial;0;1;1;1;0;0;0;0;0;1;0;0;-3,82488879800;-38,54273999000;mq_match
356635;21;5;2020;19:55;0;RUA SILVA PAULET;;;1412;;Choque c/ ObstÃ¡culo Fixo;Via Iluminada;Nublado;Seca;Meio de Quadra;NÃ£o HÃ¡ Controle;Residencial;0;0;1;1;0;0;0;0;0;0;0;0;-3,73653700000;-38,50609300000;mq_qgis
358811;21;5;2020;18:00;0;AV PRS CASTELO BRANCO;;;4201;;ColisÃ£o;Anoitecer;;;Meio de Quadra;;;0;0;2;1;0;0;0;0;1;0;0;0;-3,70775815000;-38,57018290000;mq_qgis
358812;21;5;2020;23:15;0;AV ALM HENRIQUE SABOIA;;;164;;ColisÃ£o;;;;Meio de Quadra;;;0;0;1;0;0;0;0;0;0;0;0;0;-3,72312580600;-38,47999366000;mq_match
358201;21;5;2020;05:32;1253;AV SANTOS DUMONT;RUA CARLOS VASCONCELOS;;;;ColisÃ£o;Amanhecer;;;Cruz;SemÃ¡foro;Comercial;0;1;1;1;0;1;0;0;0;0;0;0;-3,73225200000;-38,51055800000;inter_match
358202;21;5;2020;10:53;1550;RUA PDE VALDEVINO;RUA DR JOSE LOURENCO;;;;ColisÃ£o;Luz do Dia;;;Cruz;SemÃ¡foro;Comercial;0;2;1;1;0;0;0;0;0;1;0;0;-3,74127840000;-38,51004800000;inter_match
358203;21;5;2020;11:22;0;RUA JOSE MOACIR BEZERRA;;;60;;ColisÃ£o;Luz do Dia;;;Meio de Quadra;;;0;1;1;1;0;0;0;0;0;1;0;0;-3,78830000000;-38,46100000000;mq_gpsv
358204;21;5;2020;12:05;0;AV PRO GOMES DE MATOS;;;1065;;ColisÃ£o;Luz do Dia;;;Meio de Quadra;;;0;1;1;1;0;0;0;0;0;1;0;0;-3,76191700000;-38,54626700000;mq_match
358205;21;5;2020;14:36;0;AV ALM HENRIQUE SABOIA;;;264;;Atropelamento;Luz do Dia;;;Meio de Quadra;;;0;1;1;1;0;0;0;0;0;0;0;0;-3,72454300000;-38,48049850000;mq_qgis
358206;21;5;2020;15:00;0;RUA JOAO EVANGELISTA;;;7;;Atropelamento;Luz do Dia;;;Meio de Quadra;;;0;1;1;1;0;0;0;0;0;0;0;0;-3,72801000000;-38,47886000000;mq_gpsv
358207;21;5;2020;16:25;0;AV DR SILAS MUNGUBA;;;4956;;ColisÃ£o;Luz do Dia;;;Meio de Quadra;;;0;1;1;1;0;0;0;0;0;1;0;0;-3,79717180000;-38,53155500000;mq_match
358208;21;5;2020;18:31;0;AV MAJ ASSIS;;;482;;Atropelamento;Anoitecer;;;Meio de Quadra;;;0;1;1;1;0;0;0;0;0;0;0;0;-3,72411804000;-38,58280490000;mq_qgis
358209;21;5;2020;22:08;0;AV ALM HENRIQUE SABOIA;;;172;;Atropelamento;;;;Meio de Quadra;;;0;2;1;0;0;0;0;0;0;1;0;0;-3,72341770000;-38,48010540000;mq_qgis
358210;22;5;2020;00:04;0;RUA RECANTO VERDE;;;530;;Queda;;;;Meio de Quadra;;;0;1;0;0;0;0;0;0;0;1;0;0;-3,83619950000;-38,51114850000;mq_qgis
358269;22;5;2020;18:16;0;RUA ELIEZER F GUIMARAES;;;499;;Atropelamento;Anoitecer;;;Meio de Quadra;;;0;1;1;0;0;0;0;0;0;1;0;0;-3,73194470000;-38,57518230000;mq_gpsv
358270;22;5;2020;18:16;0;RUA VALPARAISO;;;;;Atropelamento;Anoitecer;;;Meio de Quadra;;;0;2;1;1;0;0;0;0;0;0;0;0;;;
358287;22;5;2020;18:24;7209;RUA IRINEU DE SOUZA;RUA DNA MENDINHA;;;;Atropelamento;Anoitecer;;;Cruz;Pare;Residencial;0;1;1;0;0;0;0;0;0;1;0;0;-3,71004800000;-38,57029400000;inter_match
358288;22;5;2020;18:30;0;RUA TULIPA;;;188;;ColisÃ£o;Anoitecer;;;Meio de Quadra;;;0;1;0;0;0;0;0;0;0;0;0;0;-3,71254000000;-38,57877000000;mq_gpsv
358290;22;5;2020;19:21;0;AV JOR THOMAZ COELHO;;;44;;ColisÃ£o;;;;Meio de Quadra;;;0;0;2;0;0;0;0;0;0;1;0;0;-3,83245000000;-38,49893000000;mq_gpsv
358291;22;5;2020;19:28;0;RUA VALPARAISO;;;169;;ColisÃ£o;;;;Meio de Quadra;;;0;1;1;1;0;0;0;0;0;1;0;0;-3,84622700000;-38,52193600000;mq_qgis
358292;22;5;2020;21:16;0;AV AGUANAMBI;;;332;;Atropelamento;;;;Meio de Quadra;;;0;1;1;0;0;0;0;0;0;1;0;0;-3,74002600000;-38,52492950000;mq_match
358293;22;5;2020;23:26;0;AV PERIMETRAL;;;;;Choque c/ ObstÃ¡culo Fixo;;;;Meio de Quadra;;;0;1;0;1;0;0;0;0;0;0;0;0;;;
358245;22;5;2020;17:59;0;RUA ANDRE CHAVES;;;546;;ColisÃ£o;Anoitecer;;;Meio de Quadra;;;0;1;0;0;0;0;0;0;0;0;0;0;-3,75493388000;-38,54433180000;mq_qgis
358267;22;5;2020;18:09;0;RUA JULIO VERNE;;;418;;ColisÃ£o;Anoitecer;;;Meio de Quadra;;;0;1;1;0;0;0;0;0;0;1;0;0;-3,77531103000;-38,55319410000;mq_qgis
358265;22;5;2020;18:05;6958;ET SIQUEIRA;RUA ALFREDO MAMEDE;;;;Queda;Anoitecer;;;;;;0;1;0;0;0;0;0;0;0;1;0;0;-3,81400000000;-38,58476200000;inter_match
358241;22;5;2020;16:06;0;AV ANTONIO SALES;;;1777;;Atropelamento;Luz do Dia;;;Meio de Quadra;;;0;1;1;1;0;0;0;0;0;0;0;0;-3,74359500000;-38,50838300000;mq_qgis
358242;22;5;2020;16:41;0;RUA FRANCISCO TEIXEIRA DE ALCANTARA;;;537;;Atropelamento;Luz do Dia;;;Meio de Quadra;;;0;1;1;1;0;0;0;0;0;0;0;0;-3,73881000000;-38,45883000000;mq_gpsv
358243;22;5;2020;17:35;0;AV C CJ CEARA;;;1115;;ColisÃ£o;Anoitecer;;;Meio de Quadra;;;0;1;1;0;0;0;0;0;0;1;0;0;-3,76839067000;-38,61278200000;mq_qgis
358263;22;5;2020;18:00;23003;RUA EST JUCA D45;RUA MONTEVIDEU;;;;ColisÃ£o;Anoitecer;;;;;;0;1;0;0;0;0;0;0;0;0;0;0;-3,78761700000;-38,54338500000;inter_match
358235;22;5;2020;11:01;0;AV MIGUEL DIAS;;;1444;;Queda;Luz do Dia;;;Meio de Quadra;;;0;1;0;0;0;0;0;0;0;1;0;0;-3,76909100000;-38,48728200000;mq_match
358236;22;5;2020;12:01;0;AV AGUANAMBI;;;837;;ColisÃ£o;Luz do Dia;;;Meio de Quadra;;;0;1;1;1;0;0;0;0;0;1;0;0;-3,74403900000;-38,52562700000;mq_qgis
358237;22;5;2020;12:37;0;RUA PDE PERDIGAO SAMPAIO;;;435;;ColisÃ£o;Luz do Dia;;;Meio de Quadra;;;0;1;0;0;0;0;0;0;0;0;0;0;-3,73539929000;-38,59550520000;mq_qgis
358239;22;5;2020;15:52;0;RUA JULIO BRAGA;;;1820;;ColisÃ£o;Luz do Dia;;;Meio de Quadra;;;0;1;1;0;0;0;0;0;0;1;0;0;-3,77383090700;-38,58648769800;mq_match
358739;22;5;2020;19:20;17298;RUA ALBERTO MAGNO;RUA ALFREDO DE CASTRO;;;;ColisÃ£o Transversal;Via Iluminada;Bom;Seca;Cruz;Pare;Comercial;0;0;2;1;0;0;0;0;0;0;0;0;-3,76383470000;-38,54885500000;inter_match
358740;22;5;2020;16:15;7760;AV ANTONIO SALES;RUA SILVA PAULET;;;;Atropelamento;Luz do Dia;Nublado;Seca;Cruz;SemÃ¡foro;Comercial;0;1;1;0;0;0;0;0;0;0;0;0;-3,74359500000;-38,50838300000;inter_match
356636;22;5;2020;14:06;64;RUA PDE PERDIGAO SAMPAIO;RUA MARTINS NETO;;0;;ColisÃ£o Lateral;Luz do Dia;Bom;Seca;Cruz;Pare;Residencial;0;1;1;1;0;0;0;0;0;1;0;0;-3,74109240000;-38,59442000000;inter_match
356638;22;5;2020;19:22;24376;RUA JORGE ACURCIO;RUA DOMINGOS JAGUARIBE;;;;ColisÃ£o Transversal;Via Iluminada;Bom;Seca;Cruz;Pare;Residencial;0;0;1;1;0;0;0;0;0;0;0;0;-3,76684050000;-38,53240200000;inter_match
356639;22;5;2020;21:22;0;RUA OLIMPIO LEITE;;;649;;ColisÃ£o Transversal;Via Iluminada;Nublado;Molhada;Meio de Quadra;Pare;Residencial;0;2;1;0;0;0;0;0;0;1;0;0;-3,79064000000;-38,47571200000;mq_match
356646;22;5;2020;08:20;0;AV GOV RAUL BARBOSA;;;5444;;ColisÃ£o Traseira;Luz do Dia;Bom;Molhada;Meio de Quadra;NÃ£o HÃ¡ Controle;Comercial;0;1;1;0;1;0;0;0;0;1;0;0;-3,76719200000;-38,50919000000;mq_match
356640;23;5;2020;20:34;19328;RUA CON DE CASTRO;RUA EDUARDO PERDIGAO;;;;ColisÃ£o Transversal;Via Iluminada;Bom;Seca;Cruz;Pare;Comercial;0;1;1;1;0;0;0;0;0;1;0;0;-3,77557900000;-38,56476900000;inter_match
356641;23;5;2020;21:42;0;RUA PRO HERIBALDO COSTA;;;1835;;ColisÃ£o Traseira;Via Iluminada;Bom;Seca;Meio de Quadra;NÃ£o HÃ¡ Controle;Residencial;0;0;3;1;0;0;0;0;0;0;0;0;-3,76788556000;-38,58799020000;mq_qgis
358294;23;5;2020;01:15;0;RUA DR PIO SARAIVA;;;236;;ColisÃ£o;;;;Meio de Quadra;;;0;2;1;1;0;0;0;0;0;1;0;0;-3,73611750000;-38,59974150000;mq_qgis
358295;23;5;2020;01:40;0;AV SEN FERNANDES TAVORA;;;;;Atropelamento;;;;Meio de Quadra;;;0;1;1;0;0;0;0;0;0;1;0;0;;;
358296;23;5;2020;07:11;7790;AV PONTES VIEIRA;AV DES MOREIRA;;;;Queda;Luz do Dia;;;Cruz;SemÃ¡foro;Comercial;0;1;0;0;0;0;0;0;0;1;0;0;-3,75152600000;-38,50325400000;inter_match
358297;23;5;2020;07:46;0;RUA CECILIA MEIRELES;;;366;;ColisÃ£o;Luz do Dia;;;Meio de Quadra;;;0;1;1;0;0;0;0;0;0;1;0;0;-3,81980000000;-38,49014000000;mq_gpsv
358298;23;5;2020;08:04;3990;AV PRO GOMES DE MATOS;RUA PRO COSTA MENDES;;;;Queda;Luz do Dia;;;Cruz;SemÃ¡foro;Comercial;0;1;0;0;0;0;0;0;0;1;0;0;-3,75803500000;-38,54293600000;inter_match
358299;23;5;2020;09:03;25006;RUA LEONARDO MOTA;RUA BENI DE CARVALHO;;;;ColisÃ£o;Luz do Dia;;;Cruz;SemÃ¡foro;Residencial;0;1;1;1;0;0;0;0;0;1;0;0;-3,74473900000;-38,49893100000;inter_match
358300;23;5;2020;11:21;0;RUA PORTO VELHO;;;424;;ColisÃ£o;Luz do Dia;;;Meio de Quadra;;;0;1;1;1;0;0;0;0;0;1;0;0;-3,76727697000;-38,58458630000;mq_qgis
358301;23;5;2020;13:29;0;AV PRS JUSCELINO KUBITSCHEK (PASSARÃ‰);;;;;ColisÃ£o;Luz do Dia;;;Meio de Quadra;;;0;1;1;1;0;0;0;0;0;1;0;0;;;
358302;23;5;2020;13:40;0;AV PRO GOMES DE MATOS;;;1727;;ColisÃ£o;Luz do Dia;;;Meio de Quadra;;;0;1;1;0;0;0;0;0;0;1;0;0;-3,76661750000;-38,55030410000;mq_qgis
358303;23;5;2020;14:49;0;RUA BARBARA DE ALENCAR;;;1260;;ColisÃ£o;Luz do Dia;;;Meio de Quadra;;;0;1;0;0;0;0;0;0;0;0;0;0;-3,73841858000;-38,51279950000;mq_qgis
358304;23;5;2020;16:34;17298;RUA ALFREDO DE CASTRO;RUA ALBERTO MAGNO;;;;ColisÃ£o;Luz do Dia;;;Cruz;Pare;Comercial;0;1;0;0;0;0;0;0;0;0;0;0;-3,76372900000;-38,54895200000;inter_match
358305;23;5;2020;17:57;4682;AV MIN JOSE AMERICO;RUA CRISANTO M DA ROCHA;;;;ColisÃ£o;Anoitecer;;;T;SemÃ¡foro;Comercial;0;1;0;0;0;0;0;0;0;0;0;0;-3,81042500000;-38,48356400000;inter_match
358306;23;5;2020;18:36;0;AV FRANCISCO SA;;;;;ColisÃ£o;;;;Meio de Quadra;;;0;1;0;0;0;0;0;0;0;0;0;0;;;
358307;23;5;2020;18:42;13378;RUA NOGUEIRA ACIOLI;AV ANTONIO SALES;;;;ColisÃ£o;;;;Cruz;SemÃ¡foro;Comercial;0;1;1;1;0;0;0;0;0;1;0;0;-3,73986600000;-38,52031600000;inter_match
358308;23;5;2020;18:44;0;AV ANTONIO SALES;;;222;;ColisÃ£o;;;;Meio de Quadra;;;0;1;1;1;0;0;0;0;0;1;0;0;-3,73986600000;-38,52031600000;mq_qgis
358309;23;5;2020;20:10;0;RUA LAURO NOGUEIRA;;;975;;ColisÃ£o;;;;Meio de Quadra;;;0;1;0;0;0;0;0;0;0;0;0;0;-3,74034000000;-38,47734000000;mq_gpsv
358310;23;5;2020;22:38;0;AV GOV RAUL BARBOSA;;;;;ColisÃ£o;;;;Meio de Quadra;;;0;1;1;1;0;0;0;0;0;1;0;0;;;
358311;23;5;2020;22:43;0;RUA BRI TORRES;;;1585;;ColisÃ£o;;;;Meio de Quadra;;;1;0;1;0;0;0;0;0;0;1;0;0;-3,77159000000;-38,58275000000;mq_gpsv
358312;23;5;2020;23:36;0;RUA 1123 CJ CEARA;;;16;;ColisÃ£o;;;;Meio de Quadra;;;0;1;1;1;0;0;0;0;0;1;0;0;-3,76144094000;-38,61329740000;mq_qgis
358600;24;5;2020;02:59;0;AV ENG HUMBERTO MONTE;;;1230;;Queda;;;;Meio de Quadra;;;0;1;0;0;0;0;0;0;0;1;0;0;-3,74860337000;-38,56087490000;mq_qgis
358602;24;5;2020;02:59;0;RUA GONCALVES LEDO;;;1013;;ColisÃ£o;;;;Meio de Quadra;;;0;1;1;1;0;0;0;0;0;1;0;0;-3,73294268000;-38,51659330000;mq_qgis
358603;24;5;2020;07:16;0;RUA CARNAUBAL;;;;;Queda;Luz do Dia;;;Meio de Quadra;;;0;1;0;0;0;0;0;0;0;1;0;0;;;
358604;24;5;2020;07:54;25452;AV DES FAUSTINO ALBUQUERQUE;RUA ANTONIO ROCHA;;;;ColisÃ£o;Luz do Dia;;;T;;Residencial;0;1;1;1;0;0;0;0;0;1;0;0;-3,77980000000;-38,49767000000;inter_gpsv
358605;24;5;2020;12:06;0;RUA GAL SAMPAIO;;;159;;ColisÃ£o;Luz do Dia;;;Meio de Quadra;;;0;1;1;1;0;0;0;0;0;1;0;0;-3,72044945000;-38,52972630000;mq_qgis
358606;24;5;2020;12:20;0;AV MR HULL;;;5390;;Queda;Luz do Dia;;;Meio de Quadra;;;0;1;0;0;0;0;0;0;0;1;0;0;-3,73986900000;-38,59296000000;mq_qgis
358607;24;5;2020;12:34;0;RUA ALBERTO MAGNO;;;1001;;ColisÃ£o;Luz do Dia;;;Meio de Quadra;;;0;1;1;1;0;0;0;0;0;1;0;0;-3,76319400000;-38,54849100000;mq_match