COD_ACIDENTE;DIA;MES;ANO;HORA;INTERSECAO;LOG1;LOG2;LOG3;NUMERO;REFERENCIA;NATUREZA;ILUMINACAO;TEMPO;SUPERFICIEPISTA;TIPOCRUZAMENTO;CONTROLETRAFEGO;USOSOLO;MORTOS;FERIDOS;ILESOS;AUTOMOVEL;ONIBUS;BICICLETA;CAMINHAO;MICROONIBUS;CICLOMOTOR;MOTOCICLETA;TRACAOANIMAL;TREM;LATITUDE;LONGITUDE;METODO
358608;24;5;2020;14:19;0;AV LUCIANO CARNEIRO;;;;;ColisÃ£o;Luz do Dia;;;Meio de Quadra;;;0;1;1;1;0;0;0;0;0;0;0;0;;;
358609;24;5;2020;14:41;0;RUA VASCO DE ATAIDE;;;1126;;ColisÃ£o;Luz do Dia;;;Meio de Quadra;;;0;1;1;0;0;0;0;0;0;1;0;0;-3,82440117000;-38,48396920000;mq_qgis
358610;24;5;2020;15:12;0;AV CEL CARVALHO;;;;;ColisÃ£o;Luz do Dia;;;Meio de Quadra;;;0;1;1;1;0;0;0;0;0;1;0;0;;;
358637;24;5;2020;15:50;0;RD BR 116;;;;;Atropelamento;Luz do Dia;;;Meio de Quadra;;;0;1;1;1;0;0;0;0;0;0;0;0;;;
358638;24;5;2020;15:40;0;RD BR 116;;;4000;KM-04;ColisÃ£o Lateral;Luz do Dia;;;Meio de Quadra;;;0;2;2;1;0;0;0;0;0;1;0;0;-3,80235400000;-38,50386900000;rod_match
358639;24;5;2020;17:33;0;AV PRS CASTELO BRANCO;;;;;Queda;Anoitecer;;;Meio de Quadra;;;0;1;0;0;0;1;0;0;0;0;0;0;;;
358640;24;5;2020;18:29;0;RUA BERNARDO MANUEL;;;10496;;ColisÃ£o;Anoitecer;;;Meio de Quadra;;;0;1;1;1;0;0;0;0;0;1;0;0;-3,81113650000;-38,55525200000;mq_match
358642;24;5;2020;19:03;0;RUA SEN ROBERT KENNEDY;;;201;;ColisÃ£o;;;;Meio de Quadra;;;0;1;0;0;0;0;0;0;0;0;0;0;-3,70158200000;-38,57784600000;mq_match
358643;24;5;2020;20:33;0;AV GODOFREDO MACIEL;;;2300;;ColisÃ£o;;;;Meio de Quadra;;;0;1;1;0;0;0;0;0;0;1;0;0;-3,79554082000;-38,56962480000;mq_qgis
358644;24;5;2020;21:45;0;RUA DIOGO CORREIA;;;462;;Queda;;;;Meio de Quadra;;;0;1;0;0;0;0;0;0;0;1;0;0;-3,77019375000;-38,59047900000;mq_qgis
358813;24;5;2020;12:45;5281;RUA GAL SAMPAIO;RUA PEDRO PEREIRA;;;;ColisÃ£o;Luz do Dia;;;Cruz;SemÃ¡foro;Comercial;0;0;2;0;0;0;0;0;0;1;0;0;-3,72877900000;-38,53133500000;inter_match
359627;24;5;2020;07:24;0;RUA SAO PAULO;;;122;;ColisÃ£o;Luz do Dia;;;Meio de Quadra;;;1;0;0;0;0;0;0;0;0;1;0;0;-3,72631000000;-38,52658000000;mq_gpsv
356642;24;5;2020;09:23;0;RUA ANTONIO ROCHA;;;847;;Choque c/ ObstÃ¡culo Fixo;Luz do Dia;Bom;Seca;Meio de Quadra;NÃ£o HÃ¡ Controle;Residencial;0;0;1;1;0;0;0;0;0;0;0;0;-3,77980000000;-38,49760000000;mq_gpsv
356643;24;5;2020;08:45;0;RUA BOM JESUS (GRANJA LISBOA);;;0;;Choque c/ ObstÃ¡culo Fixo;Luz do Dia;Bom;Seca;Meio de Quadra;NÃ£o HÃ¡ Controle;Residencial;0;0;1;1;0;0;0;0;0;0;0;0;-3,78909500000;-38,61775950000;mq_boat
356644;24;5;2020;15:26;24452;AV LUCIANO CARNEIRO;AV LAURO VIEIRA CHAVES;;0;;ColisÃ£o Transversal;Luz do Dia;Bom;Seca;T;Pare;Residencial;0;0;2;1;0;0;0;0;0;0;0;0;-3,77206800000;-38,53879500000;inter_match
356645;25;5;2020;06:38;0;RUA 15 DE NOVEMBRO;;;930;;Queda;Luz do Dia;Bom;Seca;Meio de Quadra;SemÃ¡foro;Residencial;0;1;0;0;0;0;0;0;0;1;0;0;-3,77029734900;-38,55210047000;mq_match
356647;25;5;2020;11:12;10406;RUA PERILIO TEIXEIRA;AV GENIBAU;;;;ColisÃ£o Transversal;Luz do Dia;Bom;Seca;Cruz;Pare;Comercial;0;1;1;0;0;0;0;0;0;1;0;0;-3,76037300000;-38,60205000000;inter_match
356648;25;5;2020;10:44;0;AV DEP PAULINO ROCHA;;;2307;;Atropelamento;Luz do Dia;Bom;Seca;Meio de Quadra;NÃ£o HÃ¡ Controle;Comercial;0;1;1;1;0;0;0;0;0;0;0;0;-3,80644860000;-38,50848720000;mq_match
356649;25;5;2020;14:10;0;RUA OSVALDO CRUZ;;;2095;;ColisÃ£o Traseira;Luz do Dia;Bom;Seca;Meio de Quadra;NÃ£o HÃ¡ Controle;Comercial;0;1;1;0;0;0;0;0;0;1;0;0;-3,74182000000;-38,50227000000;mq_gpsv
356650;25;5;2020;14:55;0;AV PERIMETRAL;;;81;;ColisÃ£o Traseira;Luz do Dia;Bom;Seca;Meio de Quadra;NÃ£o HÃ¡ Controle;Residencial;0;0;2;0;1;0;0;0;0;1;0;0;;;
359630;25;5;2020;00:30;0;RUA PDE PERDIGAO SAMPAIO;;;100;;Choque c/ ObstÃ¡culo Fixo;;;;Meio de Quadra;;;1;0;0;0;0;0;0;0;0;1;0;0;-3,73238000000;-38,59696000000;mq_gpsv
359341;25;5;2020;17:58;5283;AV DOM MANUEL;AV SANTOS DUMONT;;;;Atropelamento;Anoitecer;;;Cruz;SemÃ¡foro;Escola;0;1;1;0;0;0;0;0;0;0;0;0;-3,72877400000;-38,52125000000;inter_match
359342;25;5;2020;18:08;0;AV MIN JOSE AMERICO;;;395;;ColisÃ£o;Anoitecer;;;Meio de Quadra;;;0;1;1;1;0;0;0;0;0;1;0;0;-3,81131220000;-38,49626380000;mq_match
358815;25;5;2020;17:45;0;RUA PEREIRA DE MIRANDA;;;;TERMINAL PAPICU;ColisÃ£o;Anoitecer;;;Meio de Quadra;;;0;0;2;0;1;0;0;0;0;0;0;0;-3,73873700000;-38,48518600000;ref_gpsv
358817;25;5;2020;10:50;0;AV SEN FERNANDES TAVORA;;;921;;ColisÃ£o;Luz do Dia;;;Meio de Quadra;;;0;0;3;1;0;0;0;0;0;0;0;0;-3,76284700000;-38,58092600000;mq_match
358645;25;5;2020;00:08;0;RUA DNA LUCIA PINHEIRO (QUINTINO CUNHA);;;42;;ColisÃ£o;;;;Meio de Quadra;;;0;1;0;0;0;0;0;0;0;0;0;0;-3,73212750000;-38,59751450000;mq_match
358646;25;5;2020;00:28;0;RUA PRO HERIBALDO COSTA;;;645;;Queda;;;;Meio de Quadra;;;0;1;0;0;0;0;0;0;0;1;0;0;-3,75836243000;-38,58298500000;mq_qgis
358647;25;5;2020;02:43;0;RUA OLAVO DE ANDRADE;;;63;;Queda;;;;Meio de Quadra;;;0;1;0;0;0;0;0;0;0;1;0;0;-3,71317215000;-38,55659100000;mq_qgis
358649;25;5;2020;07:07;0;RUA MON SALAZAR;;;722;;ColisÃ£o;Luz do Dia;;;Meio de Quadra;;;0;1;1;1;0;0;0;0;0;1;0;0;-3,75601900000;-38,51318000000;mq_qgis
358650;25;5;2020;07:32;0;AV FRANCISCO SA;;;;;Queda;Luz do Dia;;;Meio de Quadra;;;0;1;0;0;0;0;0;0;0;1;0;0;;;
358651;25;5;2020;09:48;0;RUA VALPARAISO;;;1926;;ColisÃ£o;Luz do Dia;;;Meio de Quadra;;;0;1;1;1;0;0;0;0;0;1;0;0;-3,84640700000;-38,51911200000;mq_match
358653;25;5;2020;11:42;0;RUA DOM PEDRO II;;;1717;;ColisÃ£o;Luz do Dia;;;Meio de Quadra;;;0;2;1;0;0;0;0;0;0;1;0;0;-3,77432000000;-38,56216000000;mq_gpsv
358654;25;5;2020;12:35;0;AV JOR THOMAZ COELHO;;;1921;;ColisÃ£o;Luz do Dia;;;Meio de Quadra;;;0;1;1;1;0;0;0;0;0;0;0;0;-3,82883500000;-38,51247400000;mq_qgis
358655;25;5;2020;12:43;0;RUA BERNARDO MANUEL;;;9976;;ColisÃ£o;Luz do Dia;;;Meio de Quadra;;;0;1;1;1;0;1;0;0;0;0;0;0;-3,80470200000;-38,55321000000;mq_match
358656;25;5;2020;14:16;0;AV ALM HENRIQUE SABOIA;;;;;Queda;Luz do Dia;;;Meio de Quadra;;;0;1;0;0;0;0;0;0;0;1;0;0;;;
358657;25;5;2020;14:00;0;AV DR ALDY MENTOR;;;;;Queda;Luz do Dia;;;Meio de Quadra;;;1;0;0;0;0;0;0;0;0;1;0;0;-3,75595600000;-38,44591700000;fat_match
358659;25;5;2020;16:51;0;RUA VALDEMAR HOLANDA;;;743;;ColisÃ£o;Luz do Dia;;;Meio de Quadra;;;0;1;1;1;0;0;0;0;0;1;0;0;-3,77055710000;-38,59346550000;mq_gpsv
358660;25;5;2020;17:03;0;RUA CON DE CASTRO;;;3505;;Queda;Anoitecer;;;Meio de Quadra;;;0;1;0;0;0;0;0;0;0;1;0;0;-3,79830975000;-38,58574970000;mq_qgis
358667;25;5;2020;19:07;0;RUA LONDRINA;;;518;;ColisÃ£o;;;;Meio de Quadra;;;0;1;1;1;0;0;0;0;0;1;0;0;-3,78307297000;-38,59596230000;mq_qgis
358668;25;5;2020;19:48;0;AV SEN FERNANDES TAVORA;;;2433;;Queda;;;;Meio de Quadra;;;0;1;0;0;0;0;0;0;0;1;0;0;-3,75595300000;-38,59388900000;mq_match
358669;25;5;2020;20:39;24913;AV DA INDEPENDENCIA;AV MOZART PINHEIRO DE LUCENA;;;;ColisÃ£o;;;;Cruz;SemÃ¡foro;Comercial;0;1;1;0;0;0;0;0;0;1;0;0;-3,72495700000;-38,59761500000;inter_match
358670;25;5;2020;21:36;12470;RUA SILVEIRA FILHO;RUA DES GOMES PARENTE;;;;ColisÃ£o;;;;;;;0;1;1;0;0;0;0;0;0;1;0;0;-3,77379000000;-38,57785000000;inter_gpsv
358664;25;5;2020;17:07;5292;RUA COSTA BARROS;RUA GONCALVES LEDO;;;;ColisÃ£o;Anoitecer;;;Cruz;Pare;Comercial;0;1;1;0;0;0;0;0;0;1;0;0;-3,72908800000;-38,51542600000;inter_match
358665;25;5;2020;18:06;10998;RUA ALBERTO MAGNO;RUA DOM CARLOTO TAVORA;;;;ColisÃ£o;Anoitecer;;;Cruz;Pare;Residencial;0;1;0;0;0;0;0;0;0;0;0;0;-3,77083200000;-38,55349500000;inter_match
358671;26;5;2020;00:06;0;RUA GUILHERME PESSOA;;;683;;ColisÃ£o;;;;Meio de Quadra;;;0;1;1;1;0;0;0;0;0;1;0;0;-3,82694925000;-38,48918360000;mq_qgis
358672;26;5;2020;06:50;0;RD QUARTO ANEL VIARIO;;;;;ColisÃ£o;Luz do Dia;;;Meio de Quadra;;;0;1;1;0;0;0;0;0;0;1;0;0;;;
358673;26;5;2020;08:05;5372;RUA DNA LEOPOLDINA;RUA PINTO MADEIRA;;;;ColisÃ£o;Luz do Dia;;;Cruz;SemÃ¡foro;Comercial;0;1;1;1;0;0;0;0;0;1;0;0;-3,73165000000;-38,51966400000;inter_match
358674;26;5;2020;09:12;0;AV WASHINGTON SOARES;;;;;ColisÃ£o;Luz do Dia;;;Meio de Quadra;;;0;1;2;0;0;0;0;0;0;1;0;0;;;
358675;26;5;2020;12:58;0;RUA PORTO VELHO;;;1424;;ColisÃ£o;Luz do Dia;;;Meio de Quadra;;;0;1;1;1;0;0;0;0;0;1;0;0;-3,76357000000;-38,59149000000;mq_qgis
358676;26;5;2020;13:35;0;RUA TAQUATIARA;;;;;ColisÃ£o;Luz do Dia;;;Meio de Quadra;;;0;1;1;1;0;0;0;0;0;1;0;0;;;
358677;26;5;2020;15:00;334;RUA NESTOR BARBOSA;RUA AMADEU FURTADO;;;;ColisÃ£o;Luz do Dia;;;Cruz;Pare;Residencial;0;1;1;1;0;0;0;0;0;1;0;0;-3,74540800000;-38,56204700000;inter_match
358678;26;5;2020;17:44;5177;RUA SAO PAULO;RUA SEN POMPEU;;;;ColisÃ£o;Anoitecer;;;Cruz;SemÃ¡foro;Comercial;0;1;1;1;0;0;0;0;0;1;0;0;-3,72548600000;-38,52919600000;inter_match
358679;26;5;2020;17:49;0;AV GAL OSORIO DE PAIVA;;;5629;;Atropelamento;Anoitecer;;;Meio de Quadra;;;0;1;1;1;0;0;0;0;0;0;0;0;-3,80612979000;-38,60345490000;mq_qgis
358680;26;5;2020;17:56;0;RUA MONTEIRO LOBATO;;;1179;;Queda;Anoitecer;;;Meio de Quadra;;;0;1;0;0;0;1;0;0;0;0;0;0;-3,81598000000;-38,62590000000;mq_gpsv
358681;26;5;2020;18:15;0;AV PERIMETRAL;;;;;ColisÃ£o;Anoitecer;;;Meio de Quadra;;;0;1;1;1;0;1;0;0;0;0;0;0;;;
358682;26;5;2020;19:20;0;RUA ARTUR DE CARVALHO;;;1331;;ColisÃ£o;;;;Meio de Quadra;;;0;1;0;0;0;0;0;0;0;0;0;0;-3,79468000000;-38,60633010000;mq_gpsv
358683;26;5;2020;19:35;0;RUA NORUEGA;;;241;;Queda;;;;Meio de Quadra;;;0;1;0;0;0;0;0;0;0;1;0;0;-3,79005000000;-38,56490000000;mq_gpsv
358819;26;5;2020;09:00;0;RUA HIS GUARINO ALVES;;;;;ColisÃ£o;Luz do Dia;;;Meio de Quadra;;;0;0;2;1;0;0;0;0;0;0;0;0;;;
356651;26;5;2020;12:40;0;RUA MAL BITENCOURT;RUA VITORIA;RUA PORTO VELHO;315;10Âª REGIAO DO EXERCITO;ColisÃ£o Lateral;Luz do Dia;Bom;Seca;Meio de Quadra;SemÃ¡foro;Comercial;0;2;1;1;0;0;0;0;0;1;0;0;-3,76515000000;-38,58852000000;inter_gpsv
356652;26;5;2020;15:33;23406;RUA CAP GUSTAVO;RUA CAP TIBURCIO DA FROTA;;;;ColisÃ£o Transversal;Luz do Dia;Bom;Seca;Cruz;Pare;Residencial;0;1;1;0;0;0;0;0;0;1;0;0;-3,75524300000;-38,51673800000;inter_match
356653;27;5;2020;12:30;5265;RUA PEDRO PEREIRA;RUA VINTE E QUATRO DE MAIO;;;;ColisÃ£o Transversal;Luz do Dia;Bom;Seca;Cruz;Pare;Comercial;0;1;1;1;0;0;0;0;0;1;0;0;-3,72840000000;-38,53248600000;inter_match
356654;27;5;2020;16:41;0;AV H CJ CEARA;;;1926;;ColisÃ£o Transversal;Luz do Dia;Bom;Seca;Meio de Quadra;NÃ£o HÃ¡ Controle;Residencial;0;1;1;1;0;0;0;0;0;1;0;0;-3,77639907100;-38,61537443000;mq_match
358820;27;5;2020;15:50;0;RUA NESTOR BARBOSA;;;35;;ColisÃ£o;Luz do Dia;;;Meio de Quadra;;;0;0;2;0;0;0;0;1;0;0;0;0;-3,74421513000;-38,55631290000;mq_qgis
358822;27;5;2020;16:05;0;RUA PERGENTINO MAIA;;;1558;;ColisÃ£o;Luz do Dia;;;Meio de Quadra;;;0;0;1;0;0;0;0;0;0;0;0;0;-3,83260700000;-38,48047450000;mq_match
358825;27;5;2020;19:54;0;AV OLIVEIRA PAIVA;;;;;ColisÃ£o;;;;Meio de Quadra;;;0;0;2;1;0;0;0;0;0;0;0;0;;;
358684;27;5;2020;07:41;0;RUA MARIA LUIZA;;;27;;ColisÃ£o;Luz do Dia;;;Meio de Quadra;;;0;1;0;0;0;0;0;0;0;0;0;0;-3,71898000000;-38,54554000000;mq_gpsv
358685;27;5;2020;12:09;0;AV PRO GOMES DE MATOS;;;1285;;ColisÃ£o;Luz do Dia;;;Meio de Quadra;;;0;1;1;0;0;0;0;0;0;1;0;0;-3,76371900000;-38,54780900000;mq_qgis
358686;27;5;2020;13:50;0;AV ENG HUMBERTO MONTE;;;1721;;ColisÃ£o;Luz do Dia;;;Meio de Quadra;;;0;1;1;1;0;0;0;0;0;1;0;0;-3,74590500000;-38,56317700000;mq_match
358687;27;5;2020;14:51;0;RUA PERGENTINO MAIA;;;;;ColisÃ£o;Luz do Dia;;;Meio de Quadra;;;0;1;1;1;0;0;0;0;0;0;0;0;;;
358692;27;5;2020;15:38;0;AV SEN CARLOS JEREISSATI (AEROPORTO);;;;;Queda;Luz do Dia;;;Meio de Quadra;;;0;1;0;0;0;0;0;0;0;1;0;0;;;
358693;27;5;2020;16:02;0;RUA WALDIR DIOGO;;;621;;ColisÃ£o;Luz do Dia;;;Meio de Quadra;;;0;2;1;0;0;0;1;0;0;1;0;0;-3,80563500000;-38,58340000000;mq_qgis
358694;27;5;2020;16:33;343;RUA AMADEU FURTADO;RUA CON PENAFORT;;;;ColisÃ£o;Luz do Dia;;;;;;0;1;1;1;0;0;0;0;0;1;0;0;-3,74564000000;-38,55975000000;inter_gpsv
358695;27;5;2020;16:45;0;RUA JOAO VITOR;;;;;ColisÃ£o;Luz do Dia;;;Meio de Quadra;;;0;1;1;1;0;0;0;0;0;1;0;0;;;
358696;27;5;2020;17:02;0;RUA MIRTES CORDEIRO;;;;;ColisÃ£o;Anoitecer;;;Meio de Quadra;;;0;1;1;1;0;0;0;0;0;1;0;0;;;
358697;27;5;2020;18:09;13177;AV D CJ JOSE WALTER;AV I CJ JOSE WALTER;;;;ColisÃ£o;Anoitecer;;;Cruz;SemÃ¡foro;Residencial;0;1;1;0;0;0;0;0;0;1;0;0;-3,83244000000;-38,55295700000;inter_match
358698;27;5;2020;18:11;0;AV JOSE BASTOS;;;5682;;Atropelamento;Anoitecer;;;Meio de Quadra;;;0;1;1;1;0;0;0;0;0;0;0;0;-3,76136300000;-38,56499900000;mq_match
358699;27;5;2020;21:21;0;RUA VICENTE NOBRE MACEDO;;;415;;Queda;;;;Meio de Quadra;;;0;1;0;0;0;0;0;0;0;1;0;0;-3,82618888000;-38,48447980000;mq_qgis
358700;28;5;2020;02:37;0;RUA POMPILIO GOMES;;;1210;;Atropelamento;Via Iluminada;Bom;Seca;Meio de Quadra;NÃ£o HÃ¡ Controle;Residencial;1;1;0;0;0;0;0;0;0;1;0;0;-3,82503014000;-38,52112420000;mq_qgis
358701;28;5;2020;07:54;5394;RUA METON DE ALENCAR;AV TRISTAO GONCALVES;;;;ColisÃ£o;Luz do Dia;;;Cruz;SemÃ¡foro;Comercial;0;1;1;1;0;0;0;0;0;1;0;0;-3,73232700000;-38,53477700000;inter_match
358702;28;5;2020;08:12;0;RUA POMPILIO GOMES;;;1966;;Atropelamento de Animal;Luz do Dia;;;Meio de Quadra;;;0;1;0;0;0;0;0;0;0;1;0;0;-3,81169000000;-38,52008000000;mq_gpsv
358703;28;5;2020;10:18;12864;RUA ASSUNCAO;AV DOMINGOS OLIMPIO;;;;ColisÃ£o;Luz do Dia;;;Cruz;SemÃ¡foro;Comercial;0;1;1;1;0;0;0;0;0;1;0;0;-3,73719200000;-38,52954800000;inter_match
358704;28;5;2020;11:17;0;RUA PAPI JUNIOR;;;2270;;Atropelamento;Luz do Dia;;;Meio de Quadra;;;0;1;1;1;0;0;0;0;0;0;0;0;-3,75451686000;-38,55967050000;mq_qgis
358705;28;5;2020;11:20;0;RUA COLETORA A (MONDUBIM);;;303;;ColisÃ£o;Luz do Dia;;;Meio de Quadra;;;0;1;1;1;0;0;0;0;0;1;0;0;-3,81665000000;-38,58028000000;mq_gpsv
358706;28;5;2020;17:14;0;AV I CJ JOSE WALTER;;;570;;Queda;Anoitecer;;;Meio de Quadra;;;0;1;0;0;0;0;0;0;0;1;0;0;-3,82932150000;-38,55200800000;mq_qgis
358707;28;5;2020;18:25;0;AV FRANCISCO SA;;;6055;;ColisÃ£o;Anoitecer;;;Meio de Quadra;;;0;1;1;1;0;0;0;0;0;1;0;0;-3,70998000000;-38,57900400000;mq_match
358708;28;5;2020;18:30;0;RUA DES PRAXEDES;;;246;;ColisÃ£o;Anoitecer;;;Meio de Quadra;;;0;1;1;1;0;0;0;0;0;1;0;0;-3,75790433000;-38,55208830000;mq_qgis
358709;28;5;2020;19:15;0;AV DOM LUIS;;;1400;;ColisÃ£o;;;;Meio de Quadra;;;0;1;1;1;0;0;0;0;0;1;0;0;-3,73587550000;-38,48888100000;mq_qgis
358710;28;5;2020;19:18;0;RUA BARRA VERMELHA;;;370;;ColisÃ£o;;;;Meio de Quadra;;;0;1;1;0;0;0;0;0;0;1;0;0;-3,77898000000;-38,61227000000;mq_gpsv
358711;28;5;2020;21:21;25116;AV ROGACIANO LEITE;RUA PDE FRANCISCO PITA;;;;Atropelamento;;;;Cruz;SemÃ¡foro;Comercial;0;1;1;0;0;0;0;0;0;0;0;0;-3,78096000000;-38,50176600000;inter_match
358712;28;5;2020;21:29;0;RUA DES PRAXEDES;;;710;;Queda;;;;Meio de Quadra;;;0;1;0;0;0;1;0;0;0;0;0;0;-3,76009100000;-38,54808400000;mq_match
358741;28;5;2020;20:46;0;AV DOM LUIS;;;1400;;ColisÃ£o Traseira;Via Iluminada;Bom;Seca;Meio de Quadra;SemÃ¡foro;Comercial;0;1;2;0;0;0;0;0;0;1;0;0;-3,73587550000;-38,48888100000;mq_qgis
358826;28;5;2020;16:14;0;RUA BAR AQUIRAZ;;;1300;;ColisÃ£o;Luz do Dia;;;Meio de Quadra;;;0;0;1;0;0;0;0;0;0;0;0;0;-3,83971200000;-38,48617900000;mq_qgis
359629;28;5;2020;05:00;0;RUA NARA LEAO;;;;;NÃ£o Informado;Amanhecer;;;Meio de Quadra;;;1;0;0;0;0;0;0;0;0;1;0;0;-3,85806000000;-38,51724900000;fat_match
356655;28;5;2020;15:23;20384;RUA BAR AQUIRAZ;RUA LUIZ FCO XAVIER;;;;ColisÃ£o Frontal;Luz do Dia;Bom;Seca;Duplo T;Pare;Comercial;0;2;1;1;0;0;0;0;0;1;0;0;-3,83989200000;-38,48595300000;inter_match
356656;28;5;2020;16:38;0;RUA PAJE;;;280;;ColisÃ£o Frontal;Luz do Dia;Bom;Seca;Meio de Quadra;Pare;Residencial;0;0;2;0;0;0;0;0;0;1;0;0;-3,70320000000;-38,58333000000;mq_gpsv
356657;28;5;2020;19:38;15331;RUA PEREIRA FILGUEIRAS;RUA SILVA PAULET;;;;ColisÃ£o Lateral;Via Iluminada;Bom;Seca;Cruz;Pare;Comercial;0;2;0;1;0;0;0;0;0;0;0;0;-3,73114400000;-38,50433800000;inter_match
358828;29;5;2020;20:40;0;RD CE-040;;;;KM-06;Atropelamento;;;;Meio de Quadra;;;0;1;1;0;0;0;0;0;0;0;0;0;-3,80959680400;-38,47873348000;rod_match
358751;29;5;2020;10:10;0;RD BR 116;;;1000;KM-01;Engavetamento;Luz do Dia;;;Meio de Quadra;;;0;1;4;1;0;0;0;0;1;0;0;0;-3,76255400000;-38,51870200000;rod_match
358713;29;5;2020;06:47;0;RD BR 116;;;10000;KM-10;Queda;Luz do Dia;;;Meio de Quadra;;;0;1;0;0;0;0;0;0;0;1;0;0;-3,83443500000;-38,50337300000;rod_match
358714;29;5;2020;07:22;0;AV DR SILAS MUNGUBA;;;3394;;ColisÃ£o;Luz do Dia;;;Meio de Quadra;;;0;1;1;1;0;1;0;0;0;0;0;0;-3,78921792000;-38,54371430000;mq_qgis
358715;29;5;2020;11:11;0;AV LINEU MACHADO;;;246;;ColisÃ£o;Luz do Dia;;;Meio de Quadra;;;0;1;1;1;0;0;0;0;0;1;0;0;-3,76270650000;-38,57521850000;mq_match
358716;29;5;2020;12:46;0;RUA FRANCISCANO;;;951;;ColisÃ£o;Luz do Dia;Bom;Seca;Meio de Quadra;NÃ£o HÃ¡ Controle;Residencial;0;1;0;1;0;0;0;0;0;0;0;0;-3,80000000000;-38,60590000000;mq_gpsv
358717;29;5;2020;15:37;19611;AV GODOFREDO MACIEL;RUA NEREU RAMOS;;;;Queda;Luz do Dia;;;T;SemÃ¡foro;Comercial;0;1;0;0;0;0;0;0;0;1;0;0;-3,78725000000;-38,56680200000;inter_match
358313;29;5;2020;15:39;0;RUA JOSE FACANHA;;;708;;Queda;Luz do Dia;;;Meio de Quadra;;;0;1;0;0;0;0;0;0;0;1;0;0;-3,75190200000;-38,55752675000;mq_match
358314;29;5;2020;16:53;8954;AV DOMINGOS OLIMPIO;RUA DOM JERONIMO D06;;;;ColisÃ£o;Luz do Dia;;;Cruz;Pare;Comercial;0;1;1;1;0;0;0;0;0;1;0;0;-3,73320100000;-38,54345700000;inter_match
358316;29;5;2020;17:11;0;AV LUCIANO CARNEIRO;;;2500;;ColisÃ£o;Anoitecer;;;Meio de Quadra;;;0;1;1;1;0;0;0;0;0;1;0;0;-3,77012400000;-38,53827833000;mq_match
358317;29;5;2020;17:43;0;ET ANTIGA PARA AQUIRAZ;;;1062;;ColisÃ£o;Anoitecer;;;Meio de Quadra;;;0;1;1;0;0;0;0;0;0;1;0;0;-3,83805000000;-38,48764000000;mq_gpsv
358318;29;5;2020;17:50;0;RUA VERBENA;;;300;;Atropelamento;Anoitecer;;;Meio de Quadra;;;0;1;1;0;0;0;0;0;0;0;0;0;-3,77850137000;-38,58805977800;mq_match
358319;29;5;2020;18:24;0;RUA VIA LACTEA;;;187;;Atropelamento;Anoitecer;;;Meio de Quadra;;;0;1;1;1;0;0;0;0;0;0;0;0;-3,76270000000;-38,52934000000;mq_gpsv
358320;29;5;2020;18:29;0;AV WASHINGTON SOARES;;;;;Atropelamento;Anoitecer;;;Meio de Quadra;;;0;1;1;1;0;0;0;0;0;0;0;0;;;
358321;29;5;2020;18:29;0;RUA TULIPA;;;773;;ColisÃ£o;Anoitecer;;;Meio de Quadra;;;0;1;1;1;0;0;0;0;0;1;0;0;-3,71730316000;-38,58059610000;mq_qgis
358322;29;5;2020;18:43;0;RUA CATOLE;;;2480;;Queda;;;;Meio de Quadra;;;0;1;0;0;0;0;0;0;0;1;0;0;-3,85157500000;-38,52163700000;mq_qgis
358323;29;5;2020;19:06;0;RUA JOCKEY CLUBE;;;901;;Queda;;;;Meio de Quadra;;;0;1;0;0;0;0;0;0;0;1;0;0;-3,76043500000;-38,58302800000;mq_qgis
358324;29;5;2020;19:58;0;RUA GAL CLARINDO DE QUEIROZ;;;589;;Atropelamento;;;;Meio de Quadra;;;0;1;1;1;0;0;0;0;0;0;0;0;-3,73294363200;-38,52941016000;mq_match
358325;29;5;2020;20:29;0;AV SANTOS DUMONT;;;5071;;Queda;;;;Meio de Quadra;;;0;1;0;0;0;0;0;0;0;1;0;0;-3,74007594000;-38,48646127700;mq_match
358326;29;5;2020;20:42;0;RUA TEBAS;;;591;;ColisÃ£o;;;;Meio de Quadra;;;0;1;1;0;0;0;0;0;0;1;0;0;-3,81336000000;-38,62020000000;mq_gpsv
358327;29;5;2020;21:05;0;AV WENEFRIDO MELO;;;;;Atropelamento;;;;Meio de Quadra;;;0;1;1;0;0;0;1;0;0;0;0;0;;;
358328;29;5;2020;21:38;0;RUA BELO HORIZONTE;;;;;ColisÃ£o;;;;Meio de Quadra;;;0;1;1;0;0;0;0;0;0;1;0;0;;;
358329;29;5;2020;21:38;12437;RUA BELO HORIZONTE;RUA BENTO LOUSADO;;;;ColisÃ£o;;;;Cruz;Pare;Residencial;0;1;1;0;0;0;0;0;0;1;0;0;-3,76573800000;-38,56868600000;inter_match
358330;30;5;2020;00:57;4113;RUA LUCAS PINTO;RUA GOMES PASSOS;;;;Queda;Via Iluminada;Bom;Seca;Cruz;Pare;Comercial;1;0;0;0;0;0;0;0;0;1;0;0;-3,71226600000;-38,55819000000;inter_match
358331;30;5;2020;02:00;0;AV C CJ CEARA;;;1859;;Queda;;;;Meio de Quadra;;;0;1;0;0;0;0;0;0;0;1;0;0;-3,77484000000;-38,61586000000;mq_match
358332;30;5;2020;07:10;0;RUA PRIMEIRO DE JANEIRO;;;938;;ColisÃ£o;Luz do Dia;;;Meio de Quadra;;;0;1;1;1;0;0;0;0;0;1;0;0;-3,78424000000;-38,56892000000;mq_gpsv