COD_ACIDENTE;DIA;MES;ANO;HORA;INTERSECAO;LOG1;LOG2;LOG3;NUMERO;REFERENCIA;NATUREZA;ILUMINACAO;TEMPO;SUPERFICIEPISTA;TIPOCRUZAMENTO;CONTROLETRAFEGO;USOSOLO;MORTOS;FERIDOS;ILESOS;AUTOMOVEL;ONIBUS;BICICLETA;CAMINHAO;MICROONIBUS;CICLOMOTOR;MOTOCICLETA;TRACAOANIMAL;TREM;LATITUDE;LONGITUDE;METODO
358333;30;5;2020;09:36;0;AV DOS EXPEDICIONARIOS;;;3190;;Atropelamento;Luz do Dia;;;Meio de Quadra;;;0;1;1;1;0;0;0;0;0;0;0;0;-3,74685800000;-38,53567950000;mq_qgis
358334;30;5;2020;10:05;0;AV MAJ ASSIS;;;1265;;Queda;Luz do Dia;;;Meio de Quadra;;;0;1;0;0;0;0;0;0;0;1;0;0;-3,72328000000;-38,59063000000;mq_gpsv
358335;30;5;2020;11:21;0;AV PERIMETRAL;;;2714;;ColisÃ£o;Luz do Dia;;;Meio de Quadra;;;0;1;1;1;0;0;0;0;0;1;0;0;;;
358542;30;5;2020;21:00;17320;RUA ALM RUFINO;RUA CONEGUNDES RODRIGUES;;;;ColisÃ£o;;;;Cruz;Pare;Misto;0;1;1;0;0;0;0;0;0;1;0;0;-3,76465000000;-38,54340000000;inter_gpsv
358543;30;5;2020;21:45;0;RUA PESSOA ANTA;;;129;;Atropelamento;;;;Meio de Quadra;;;0;1;1;1;0;0;0;0;0;0;0;0;-3,72102380000;-38,52178200000;mq_match
358544;30;5;2020;21:47;0;RUA BENU MARCONDES;;;70;;Queda;;;;Meio de Quadra;;;0;1;0;0;0;1;0;0;0;0;0;0;-3,79594590000;-38,45952500000;mq_gpsv
358545;30;5;2020;21:50;0;AV ALBERTO CRAVEIRO;;;;;Queda;;;;Meio de Quadra;;;0;1;0;0;0;0;0;0;0;1;0;0;;;
358546;30;5;2020;22:44;0;RUA MATOS VASCONCELOS;;;1386;;Atropelamento;;;;Meio de Quadra;;;0;2;0;0;0;0;0;0;0;1;0;0;-3,75616165000;-38,55494560000;mq_qgis
358547;30;5;2020;23:15;0;RUA BERNARDO MANUEL;;;8142;;ColisÃ£o;;;;Meio de Quadra;;;0;1;0;0;0;0;0;0;0;0;0;0;-3,79070121000;-38,54897410000;mq_qgis
358494;30;5;2020;12:06;0;RUA PAURILO BARROSO;;;1024;;ColisÃ£o;Luz do Dia;;;Meio de Quadra;;;0;1;1;1;0;0;0;0;0;1;0;0;-3,80753000000;-38,57173000000;mq_gpsv
358495;30;5;2020;14:12;6724;AV ENG SANTANA JUNIOR;AV SANTOS DUMONT;;;;Queda;Luz do Dia;;;Cruz;NÃ£o HÃ¡ Controle;Comercial;0;1;0;0;0;0;0;0;0;1;0;0;-3,74050600000;-38,48513200000;inter_match
358496;30;5;2020;15:09;0;RUA CAP CLOVIS MAIA;;;2230;;Queda;Luz do Dia;;;Meio de Quadra;;;0;1;0;0;0;0;0;0;0;1;0;0;-3,73007450000;-38,45802030000;mq_gpsv
358497;30;5;2020;16:18;0;RUA PDE PERDIGAO SAMPAIO;;;221;;ColisÃ£o;Luz do Dia;;;Meio de Quadra;;;0;1;1;1;0;0;0;0;0;1;0;0;-3,73641700000;-38,59516300000;mq_match
358498;30;5;2020;16:42;25435;AV ALBERTO CRAVEIRO;RUA PAULA FRANCINETE;;;;ColisÃ£o;Luz do Dia;;;T;Pare;Comercial;0;1;1;0;0;0;1;0;0;1;0;0;-3,79523800000;-38,51804400000;inter_match
358499;30;5;2020;16:53;0;RUA PRO HERIBALDO COSTA;;;569;;ColisÃ£o;Luz do Dia;;;Meio de Quadra;;;0;1;1;0;0;0;0;0;0;1;0;0;-3,75755609800;-38,58254390000;mq_match
358500;30;5;2020;18:27;25149;RUA MON CATAO;AV DOM LUIS;;;;ColisÃ£o;Anoitecer;;;T;Pare;Comercial;0;1;1;1;0;1;0;0;0;0;0;0;-3,73576780000;-38,48964000000;inter_match
358501;30;5;2020;18:29;0;AV BEIRA MAR;;;34010;;Queda;Anoitecer;;;Meio de Quadra;;;0;1;0;0;0;1;0;0;0;0;0;0;;;
358502;30;5;2020;20:06;0;RUA VIRGILIO BRANDAO;;;73;;ColisÃ£o;;;;Meio de Quadra;;;0;1;1;1;0;0;0;0;0;1;0;0;-3,74855995000;-38,59565410000;mq_qgis
358503;30;5;2020;20:15;15112;RUA PDE JUSTINO;RUA JOAO CORDEIRO;;;;Atropelamento;;;;Cruz;NÃ£o HÃ¡ Controle;Rural;0;1;1;1;0;0;0;0;0;0;0;0;-3,72276000000;-38,51223000000;inter_gpsv
358504;30;5;2020;20:26;0;AV A CJ JOSE WALTER;;;401;;Queda;;;;Meio de Quadra;;;0;1;0;0;0;0;0;0;0;1;0;0;-3,82485475000;-38,55417450000;mq_qgis
358505;30;5;2020;20:28;0;TR PERDIGAO DE OLIVEIRA;;;297;;ColisÃ£o;;;;Meio de Quadra;;;0;1;1;1;0;0;0;0;0;0;0;0;-3,77672000000;-38,57239000000;mq_gpsv
358506;30;5;2020;20:31;0;RUA COSME JERONIMO;;;1322;;ColisÃ£o;;;;Meio de Quadra;;;0;2;1;1;0;0;0;0;0;1;0;0;-3,82389000000;-38,58789000000;mq_gpsv
358752;30;5;2020;22:00;0;RD BR 222;;;;KM-02;Choque c/ ObstÃ¡culo Fixo;;;;Meio de Quadra;;;0;1;1;1;0;0;0;0;0;0;0;0;-3,74036240000;-38,59699610000;rod_match
358829;30;5;2020;23:50;9410;RUA CARNAUBAL;RUA RIO TOCANTINS;;;;ColisÃ£o;;;;Cruz;Pare;Residencial;0;0;2;0;0;0;0;0;0;1;0;0;-3,72272000000;-38,58113200000;inter_match
358832;30;5;2020;17:50;0;AV JOR THOMAZ COELHO;;;;;ColisÃ£o;Anoitecer;;;Meio de Quadra;;;0;0;2;0;0;0;0;0;0;1;0;0;;;
356658;30;5;2020;09:30;0;AV DOS EXPEDICIONARIOS;;;3214;;Atropelamento;Luz do Dia;Bom;Seca;Meio de Quadra;NÃ£o HÃ¡ Controle;Comercial;0;1;1;1;0;0;0;0;0;0;0;0;-3,74685800000;-38,53567950000;mq_qgis
356661;30;5;2020;21:47;0;RUA PERDIGAO DE OLIVEIRA;;;343;;NÃ£o Informado;Via Iluminada;NÃ£o Informado;Seca;Meio de Quadra;NÃ£o HÃ¡ Controle;Residencial;0;0;3;1;0;1;0;0;0;0;0;0;-3,77623474000;-38,57290960000;mq_qgis
356659;31;5;2020;13:24;1581;AV PDE ANTONIO TOMAS;RUA MON CATAO;;;;ColisÃ£o Transversal;Luz do Dia;Bom;Seca;Cruz;SemÃ¡foro;Comercial;0;1;1;0;0;0;0;0;0;0;0;0;-3,74270800000;-38,49184300000;inter_match
356660;31;5;2020;21:26;0;RUA ALBERTO MAGNO;RUA ANTONIO COSTA MENDES;;123;;ColisÃ£o Lateral;Via Iluminada;Bom;Seca;Meio de Quadra;SemÃ¡foro;Comercial;0;1;1;1;0;0;0;0;0;0;0;0;-3,76206000000;-38,54754000000;inter_gpsv
358833;31;5;2020;16:54;99;RUA TOMAS RODRIGUES;RUA MARTINS NETO;;;;ColisÃ£o;Luz do Dia;;;Cruz;Pare;Residencial;0;0;1;0;0;0;0;0;0;0;0;0;-3,74106300000;-38,59377100000;inter_match
358834;31;5;2020;23:10;3975;RUA ALBERTO MAGNO;RUA PRO COSTA MENDES;;;;ColisÃ£o;;;;Cruz;SemÃ¡foro;Residencial;0;0;1;0;0;0;0;0;0;0;0;0;-3,75752800000;-38,54354800000;inter_match
358720;31;5;2020;12:19;0;AV PASTEUR;;;1061;;ColisÃ£o;Luz do Dia;;;Meio de Quadra;;;0;1;1;1;0;0;0;0;0;1;0;0;-3,71539100000;-38,56025500000;mq_match
358721;31;5;2020;12:22;0;AV PRS CASTELO BRANCO;;;;;ColisÃ£o;Luz do Dia;;;Meio de Quadra;;;0;1;0;0;0;0;0;0;0;0;0;0;;;
358722;31;5;2020;13:00;0;RUA 15 DE NOVEMBRO;;;315;;ColisÃ£o;Luz do Dia;;;Meio de Quadra;;;0;1;1;1;0;0;0;0;0;1;0;0;-3,76848571000;-38,55711730000;mq_qgis
358723;31;5;2020;14:37;0;RUA TULIPA;;;;;ColisÃ£o;Luz do Dia;;;Meio de Quadra;;;0;1;0;0;0;0;0;0;0;0;0;0;;;
358724;31;5;2020;16:43;0;AV BORGES DE MELO;;;;;ColisÃ£o;Luz do Dia;;;Meio de Quadra;;;0;1;0;0;0;0;0;0;0;0;0;0;;;
358725;31;5;2020;16:46;0;RUA DES GOMES PARENTE;;;1289;;ColisÃ£o;Luz do Dia;;;Meio de Quadra;;;0;1;1;1;0;0;0;0;0;1;0;0;-3,77196075000;-38,58138020000;mq_qgis
358726;31;5;2020;17:10;1510;AV JULIO VENTURA;RUA JOSE VILAR;;;;ColisÃ£o;Anoitecer;;;Cruz;SemÃ¡foro;Comercial;0;1;1;1;0;0;0;0;0;1;0;0;-3,73998500000;-38,50601400000;inter_match
358727;31;5;2020;17:36;0;AV PERIMETRAL;;;;;ColisÃ£o;Anoitecer;;;Meio de Quadra;;;0;1;1;1;0;0;0;0;0;1;0;0;;;
358728;31;5;2020;18:27;0;AV N CJ JOSE WALTER;;;;;ColisÃ£o;Anoitecer;;;Meio de Quadra;;;0;1;1;0;0;0;0;0;0;1;0;0;;;
358729;31;5;2020;18:56;46;RUA MARTINS NETO;RUA SALGADO FILHO;;;;ColisÃ£o;;;;Cruz;Pare;Residencial;0;1;1;1;0;0;0;0;0;1;0;0;-3,74127200000;-38,59518600000;inter_match
358730;31;5;2020;20:13;0;AV COS GOMES DE FREITAS (SAPIRANGA/COITE);;;3300;;ColisÃ£o;;;;Meio de Quadra;;;0;1;1;1;0;0;0;0;0;1;0;0;-3,79561784600;-38,47760847800;mq_match
358731;31;5;2020;20:27;25476;AV JOSE LEON;RUA CHICO LEMOS;;;;ColisÃ£o;;;;Cruz;Pare;Residencial;0;1;1;1;0;0;0;0;0;1;0;0;-3,78813300000;-38,50054000000;inter_match
358732;31;5;2020;21:36;0;ET DO JATOBA;;;2263;;ColisÃ£o;;;;Meio de Quadra;;;0;1;1;1;0;0;0;0;0;1;0;0;-3,79254105000;-38,62629790000;mq_qgis
358733;31;5;2020;21:57;0;RUA DNA MENDINHA;;;1407;;Queda;;;;Meio de Quadra;;;0;1;0;0;0;0;0;0;0;1;0;0;-3,71638718000;-38,57268370000;mq_qgis
358734;31;5;2020;23:03;0;RUA COM LUIS RIBEIRO;;;291;;ColisÃ£o;;;;Meio de Quadra;;;0;1;1;1;0;0;0;0;0;1;0;0;-3,72188000000;-38,54916000000;mq_gpsv
358548;31;5;2020;00:54;0;AV FRANCISCO SA;;;4180;;ColisÃ£o;;;;Meio de Quadra;;;0;1;1;1;0;0;0;0;0;1;0;0;-3,71567600000;-38,56228000000;mq_match
358549;31;5;2020;01:43;0;RUA ELISA DE OLIVEIRA (CANINDEZINHO);;;226;;Queda;;;;Meio de Quadra;;;0;1;0;0;0;0;0;0;0;1;0;0;-3,82181000000;-38,60629000000;mq_gpsv
358550;31;5;2020;06:26;0;AV PRO JOSE ARTHUR CARVALHO;;;1513;;ColisÃ£o;Luz do Dia;;;Meio de Quadra;;;0;1;1;1;0;0;0;0;0;1;0;0;-3,82656560000;-38,46588650000;mq_qgis
358551;31;5;2020;11:10;0;RUA TULIPA NEGRA;;;2253;;Queda;Luz do Dia;;;Meio de Quadra;;;0;1;0;0;0;1;0;0;0;0;0;0;-3,81821422000;-38,59940520000;mq_qgis
358552;31;5;2020;12:06;0;RUA HOLANDA;;;1717;;ColisÃ£o;Luz do Dia;;;Meio de Quadra;;;0;1;1;1;0;0;0;0;0;1;0;0;-3,80337000000;-38,55964000000;mq_gpsv
358808;1;6;2020;08:35;0;AV JOVITA FEITOSA;;;280;;Choque c/ ObstÃ¡culo Fixo;Luz do Dia;;;Meio de Quadra;;;0;1;0;0;0;0;0;0;0;1;0;0;-3,73761490000;-38,54604300000;mq_match
358969;1;6;2020;11:15;0;RUA CASTRO E SILVA;;;316;;ColisÃ£o;Luz do Dia;;;Meio de Quadra;;;0;1;0;0;0;0;0;0;0;1;0;0;-3,72355308000;-38,52833480000;mq_qgis
358970;1;6;2020;12:15;0;RUA PORTO ALEGRE;;;449;;ColisÃ£o;Luz do Dia;;;Meio de Quadra;;;0;1;0;0;0;0;0;0;0;1;0;0;-3,76444188000;-38,58274560000;mq_qgis
358966;1;6;2020;10:03;25153;RUA RAIMUNDO NERY;RUA ANTONIO COSTA MENDES;;;;ColisÃ£o;Luz do Dia;;;Cruz;SemÃ¡foro;Comercial;0;1;0;1;0;0;0;0;0;1;0;0;-3,79324650000;-38,58678860000;inter_match
358967;1;6;2020;10:03;0;AV SEN FERNANDES TAVORA;;;97;;ColisÃ£o;Luz do Dia;;;Meio de Quadra;;;0;1;0;0;0;0;0;0;0;0;0;0;-3,76802000000;-38,57239900000;mq_match
358963;1;6;2020;07:17;0;RUA ROMULO BEZERRA;;;203;;Queda;Luz do Dia;;;Meio de Quadra;;;0;1;0;0;0;0;0;0;0;1;0;0;-3,77062269000;-38,59255950000;mq_qgis
358964;1;6;2020;08:18;21829;RUA DEP MATOSO FILHO;RUA GAL JOAO COUTO;;;;Queda;Luz do Dia;;;Cruz;Pare;Residencial;0;1;0;0;0;0;0;0;0;1;0;0;-3,73134000000;-38,58792000000;inter_gpsv
358959;1;6;2020;01:01;0;RUA ROMEU MARTINS;;;318;;ColisÃ£o;;;;Meio de Quadra;;;0;1;0;1;0;0;0;0;0;1;0;0;-3,76438950000;-38,55541550000;mq_match
358960;1;6;2020;06:20;1250;AV BAR STUDART;RUA COSTA BARROS;;;;ColisÃ£o;Luz do Dia;;;Cruz;SemÃ¡foro;Comercial;0;1;0;0;0;0;0;0;0;0;0;0;-3,73223100000;-38,50583700000;inter_match
359014;1;6;2020;19:55;0;RUA URUCUTUBA;;;634;;Queda;;;;Meio de Quadra;;;0;1;0;0;0;0;0;0;0;1;0;0;-3,79714332000;-38,60088060000;mq_qgis
359015;1;6;2020;20:34;0;RUA ALM RUBIM;;;1161;;Queda;;;;Meio de Quadra;;;0;1;0;0;0;1;0;0;0;0;0;0;-3,76762200000;-38,55546450000;mq_match
359016;1;6;2020;22:14;0;AV GAL OSORIO DE PAIVA;;;;;Atropelamento;;;;Meio de Quadra;;;0;1;0;1;0;0;0;0;0;0;0;0;;;
359017;1;6;2020;23:03;0;AV GAL OSORIO DE PAIVA;;;1220;;Atropelamento;;;;Meio de Quadra;;;0;1;0;0;0;0;0;0;0;1;0;0;-3,77973010000;-38,57299810000;mq_qgis
359012;1;6;2020;19:41;0;RUA CARLOS CHAGAS;;;89;;Queda;;;;Meio de Quadra;;;0;1;0;0;0;0;0;0;0;1;0;0;-3,78133526000;-38,58097600000;mq_qgis
359009;1;6;2020;19:17;0;RUA EDUARDO PERDIGAO;;;120;;Atropelamento;;;;Meio de Quadra;;;0;1;0;1;0;0;0;0;0;0;0;0;-3,77557900000;-38,56476900000;mq_match
359006;1;6;2020;18:48;0;RUA FRANCISCO VILELA;;;540;;Queda;;;;Meio de Quadra;;;0;1;0;0;0;1;0;0;0;0;0;0;-3,79750000000;-38,51801000000;mq_gpsv
359004;1;6;2020;18:10;0;RUA NEREU RAMOS;;;611;;Queda;Anoitecer;;;Meio de Quadra;;;0;1;0;0;0;0;0;0;0;1;0;0;-3,78528900000;-38,57217400000;mq_qgis
359001;1;6;2020;17:07;0;AV PERIMETRAL;;;;;ColisÃ£o;Anoitecer;;;Meio de Quadra;;;0;1;0;0;0;0;0;0;0;0;0;0;;;
359002;1;6;2020;17:32;0;AV PASTEUR;;;700;;ColisÃ£o;Anoitecer;;;Meio de Quadra;;;0;1;0;0;0;0;0;0;0;0;0;0;-3,71194100000;-38,55909600000;mq_match
358999;1;6;2020;;10726;RUA CURITIBA;RUA PRO HERIBALDO COSTA;;;;ColisÃ£o;;;;Cruz;Pare;Residencial;0;1;0;1;0;0;0;0;0;1;0;0;-3,75999200000;-38,58385300000;inter_match
358985;1;6;2020;15:00;0;AV ABOLICAO;;;;;ColisÃ£o;Luz do Dia;;;Meio de Quadra;;;0;1;0;1;0;0;0;0;0;1;0;0;;;
358986;1;6;2020;15:16;0;AV PRS CASTELO BRANCO;;;;;ColisÃ£o;Luz do Dia;;;Meio de Quadra;;;0;1;0;1;0;0;0;0;0;1;0;0;;;
358982;1;6;2020;14:57;15582;RUA FRANCISCO LEANDRO;AV WASHINGTON SOARES;;;;ColisÃ£o;Luz do Dia;;;T;Pare;Residencial;0;1;0;1;0;0;0;0;0;1;0;0;-3,82252000000;-38,48120000000;inter_gpsv
358976;1;6;2020;15:58;0;RUA MON DANTAS;;;2552;;ColisÃ£o;Luz do Dia;;;Meio de Quadra;;;0;2;0;0;0;0;0;0;0;1;0;0;-3,71908250000;-38,54885300000;mq_qgis
358993;1;6;2020;15:32;0;AV PRS CASTELO BRANCO;;;901;;ColisÃ£o;Luz do Dia;;;Meio de Quadra;;;0;1;0;0;0;0;0;0;0;1;0;0;-3,71976091900;-38,53134654000;mq_match
358994;1;6;2020;15:36;23522;RUA FLORO BARTOLOMEU;RUA ESV PINHEIRO;;;;ColisÃ£o;Luz do Dia;;;;;;0;1;0;0;0;0;0;0;0;1;0;0;-3,76004000000;-38,50951000000;inter_gpsv
358995;1;6;2020;15:46;0;AV GAL OSORIO DE PAIVA;;;2000;;Queda;Luz do Dia;;;Meio de Quadra;;;0;1;0;0;0;0;0;0;0;1;0;0;-3,78419900000;-38,58003000000;mq_match
358996;1;6;2020;15:47;0;AV FRANCISCO SA;;;7221;;ColisÃ£o;Luz do Dia;;;Meio de Quadra;;;0;1;0;1;0;0;0;0;0;1;0;0;-3,70707000000;-38,58489400000;mq_match
359633;1;6;2020;13:35;0;RUA B CJ SANTA LUZIA;;;;;NÃ£o Informado;Luz do Dia;;;Meio de Quadra;;;1;0;0;0;0;0;0;0;0;0;0;0;;;
357359;1;6;2020;16:00;10726;RUA PRO HERIBALDO COSTA;RUA CURITIBA;;;;ColisÃ£o Transversal;Luz do Dia;Bom;Seca;Cruz;Pare;Residencial;0;0;2;1;0;0;0;0;0;1;0;0;-3,75999200000;-38,58385300000;inter_match
357360;2;6;2020;13:50;0;AV AGUANAMBI;;;0;;ColisÃ£o Traseira;Luz do Dia;Bom;Seca;Meio de Quadra;SemÃ¡foro;Comercial;0;1;1;1;0;0;0;0;0;1;0;0;-3,75551960000;-38,52305600000;mq_match
357361;2;6;2020;19:54;0;AL MANDACARU;;;0;;Atropelamento;Via Iluminada;Bom;Seca;Meio de Quadra;NÃ£o HÃ¡ Controle;Residencial;0;1;1;1;0;0;0;0;0;0;0;0;;;
359624;2;6;2020;17:59;1566;RUA SILVA PAULET;RUA PDE VALDEVINO;;;;ColisÃ£o;Anoitecer;;;Cruz;NÃ£o HÃ¡ Controle;Comercial;0;1;0;1;0;0;0;0;0;1;0;0;-3,74195700000;-38,50785100000;inter_match
359625;2;6;2020;18:16;0;RUA BELO HORIZONTE;;;5953;;ColisÃ£o;Anoitecer;;;Meio de Quadra;;;0;1;0;1;0;0;0;0;0;1;0;0;;;
359621;2;6;2020;17:08;22310;AL MANDACARU;RUA DEP MANUEL MATOSO FILHO;;;;Atropelamento;Anoitecer;;;;;;0;1;0;1;0;0;0;0;0;0;0;0;-3,72980000000;-38,55428000000;inter_gpsv
359608;2;6;2020;15:59;0;AV ZEZE DIOGO;;;913;;ColisÃ£o;Luz do Dia;;;Meio de Quadra;;;0;1;0;0;0;0;0;0;0;0;0;0;-3,71479983000;-38,46571580000;mq_qgis
359609;2;6;2020;16:22;0;RUA PRO HERIBALDO COSTA;;;3710;;ColisÃ£o;Luz do Dia;;;Meio de Quadra;;;0;1;0;0;0;0;0;0;0;1;0;0;-3,73998070000;-38,58860280000;mq_gpsv
359610;2;6;2020;16:44;0;RUA DES PRAXEDES;;;297;;ColisÃ£o;Luz do Dia;;;Meio de Quadra;;;0;1;0;1;0;0;0;0;0;1;0;0;-3,75873600000;-38,55086100000;mq_match
359643;2;6;2020;19:06;0;AV BENJAMIM BRASIL;;;;;Queda;;;;Meio de Quadra;;;0;1;0;0;0;0;0;0;0;1;0;0;;;
359644;2;6;2020;20:18;0;RUA DR RIBAMAR LOBO;;;190;;Atropelamento;;;;Meio de Quadra;;;0;1;0;1;0;0;0;0;0;0;0;0;-3,74767927000;-38,46836670000;mq_qgis
359645;2;6;2020;20:27;0;RUA ANDRADE FURTADO;;;1962;CASA BLANCA;ColisÃ£o;;;;Meio de Quadra;;;0;1;0;1;0;0;0;0;0;1;0;0;-3,74818660000;-38,47224270000;mq_qgis
359021;2;6;2020;07:37;0;RUA CON DE CASTRO;;;4138;;ColisÃ£o;Luz do Dia;;;Meio de Quadra;;;0;1;0;1;0;0;0;0;0;1;0;0;-3,80210849100;-38,58939929000;mq_match
359022;2;6;2020;07:38;0;AV JOVITA FEITOSA;;;2863;;ColisÃ£o;Luz do Dia;;;Meio de Quadra;;;0;1;0;1;0;0;0;0;0;1;0;0;-3,74125744000;-38,56332240000;mq_qgis
359029;2;6;2020;09:30;0;RD BR 116;;;;;ColisÃ£o;Luz do Dia;;;Meio de Quadra;;;0;1;0;0;0;0;1;0;0;1;0;0;;;
359030;2;6;2020;09:38;0;RUA JOAO CORDEIRO;;;899;;ColisÃ£o;Luz do Dia;;;Meio de Quadra;;;0;1;0;0;0;0;0;0;0;0;0;0;-3,72808000000;-38,51387000000;mq_gpsv
359024;2;6;2020;08:59;0;RUA ELCIAS LOPES;;;25;;ColisÃ£o;Luz do Dia;;;Meio de Quadra;;;0;1;0;0;0;0;0;0;0;1;0;0;-3,76957800000;-38,55997000000;mq_qgis
359034;2;6;2020;10:40;0;RD CE-025;;;;KM-04;Choque c/ ObstÃ¡culo Fixo;Luz do Dia;;Seca;Meio de Quadra;;;0;0;1;1;0;0;0;0;0;0;0;0;-3,80511167900;-38,44333873000;rod_match
359046;2;6;2020;10:33;0;RUA CANDIDO MAIA;;;218;;Queda;Luz do Dia;;;Meio de Quadra;;;0;1;0;0;0;0;0;0;0;1;0;0;-3,73674000000;-38,59020000000;mq_gpsv
359047;2;6;2020;11:14;0;RUA GUILHERME ROCHA;;;48;;Queda;Luz do Dia;;;Meio de Quadra;;;0;1;0;0;0;0;0;0;0;1;0;0;-3,72743000000;-38,52683000000;mq_gpsv
359048;2;6;2020;11:36;0;RUA OTHON DE NOROES;;;462;;Queda;Luz do Dia;;;Meio de Quadra;;;0;1;0;0;0;0;0;0;0;1;0;0;;;
359049;2;6;2020;12:28;15190;AV ABOLICAO;RUA JOAQUIM NABUCO;;;;ColisÃ£o;Luz do Dia;;;Cruz;SemÃ¡foro;Residencial;0;1;0;0;0;0;0;0;0;0;0;0;-3,72637300000;-38,49843600000;inter_match
359050;2;6;2020;13:11;743;AV PASTEUR;AV PRS CASTELO BRANCO;;;;ColisÃ£o;Luz do Dia;;;Cruz;SemÃ¡foro;Comercial;0;1;0;1;0;0;0;0;0;1;0;0;-3,71118100000;-38,55885600000;inter_match
359061;2;6;2020;13:21;0;AV PRS CASTELO BRANCO;;;3162;;ColisÃ£o;Luz do Dia;;;Meio de Quadra;;;0;1;0;1;0;0;0;0;0;1;0;0;-3,71113018000;-38,55900670000;mq_qgis
359063;2;6;2020;13:56;0;RD BR 116;;;;;ColisÃ£o;Luz do Dia;;;Meio de Quadra;;;0;1;0;1;0;0;0;0;0;1;0;0;;;
359064;2;6;2020;15:16;0;RUA CON DE CASTRO;;;5237;;ColisÃ£o;Luz do Dia;;;Meio de Quadra;;;0;1;0;1;0;0;0;0;0;1;0;0;-3,80904300000;-38,59549160000;mq_match
358860;2;6;2020;08:40;0;RUA PORTO VELHO;;;659;;ColisÃ£o Lateral;Luz do Dia;Bom;Seca;Meio de Quadra;SemÃ¡foro;Residencial;0;1;2;1;0;0;0;0;0;1;0;0;-3,71908940000;-38,55756670000;mq_match
358753;2;6;2020;09:30;0;RD BR 116;;;3000;KM-03;ColisÃ£o Traseira;Luz do Dia;;;Meio de Quadra;;;0;1;1;0;0;0;1;0;0;1;0;0;-3,77983800000;-38,51437200000;rod_match
358754;3;6;2020;15:30;0;RD BR 116;;;3000;KM-03;Queda;Luz do Dia;;;Meio de Quadra;;;0;1;0;0;0;0;0;0;0;1;0;0;-3,77983800000;-38,51437200000;rod_match
358755;3;6;2020;18:50;0;RD BR 116;;;4000;KM-04;ColisÃ£o Lateral;;;;Meio de Quadra;;;0;2;0;0;0;0;0;0;0;1;0;0;-3,80235400000;-38,50386900000;rod_match
358809;3;6;2020;23:50;10999;RUA 15 DE NOVEMBRO;RUA ALBERTO MAGNO;;;;ColisÃ£o;;;;Cruz;Pare;Comercial;0;2;0;0;0;0;0;0;0;1;0;0;-3,76990900000;-38,55316900000;inter_match
359531;3;6;2020;03:59;0;RUA REINO UNIDO;;;350;;Queda;;;;Meio de Quadra;;;0;1;0;0;0;0;0;0;0;1;0;0;-3,78509882000;-38,50437230000;mq_qgis
359545;3;6;2020;13:37;0;AV GODOFREDO MACIEL;;;660;;Queda;Luz do Dia;;;Meio de Quadra;;;0;1;0;0;0;0;0;0;0;1;0;0;-3,78213282000;-38,56549580000;mq_qgis
359546;3;6;2020;16:23;0;RUA DIOGO CORREIA;;;330;;ColisÃ£o;Luz do Dia;;;Meio de Quadra;;;0;1;0;1;0;0;0;0;0;1;0;0;-3,77104992200;-38,59007588000;mq_match
359547;3;6;2020;18:29;0;AV DEP PAULINO ROCHA;;;;;ColisÃ£o;Anoitecer;;;Meio de Quadra;;;0;1;0;0;0;0;0;0;0;0;0;0;;;
359550;3;6;2020;18:41;0;RD BR 116;;;7200;;ColisÃ£o;;;;Meio de Quadra;;;0;1;0;0;0;0;0;0;0;1;0;0;-3,78627635900;-38,51156140000;rod_match
359496;3;6;2020;01:42;0;AV ALBERTO CRAVEIRO;;;;;Queda;;;;Meio de Quadra;;;0;1;0;0;0;0;0;0;0;1;0;0;;;
359505;3;6;2020;01:50;0;AV AREIA BRANCA;;;85;;ColisÃ£o;;;;Meio de Quadra;;;0;1;0;1;0;0;0;0;0;1;0;0;-3,72848000000;-38,47432000000;mq_gpsv
359540;3;6;2020;10:27;0;RUA CARLOS AMORA;;;215;;ColisÃ£o;Luz do Dia;;;Meio de Quadra;;;0;1;0;1;0;0;0;0;0;1;0;0;-3,77392300000;-38,56465820000;mq_gpsv
359541;3;6;2020;10:29;0;RUA EMILIO DE MENESES;;;612;;ColisÃ£o;Luz do Dia;;;Meio de Quadra;;;0;1;0;1;0;0;0;0;0;1;0;0;-3,78187400000;-38,58696900000;mq_match
359542;3;6;2020;11:39;0;RUA COS GOUVEIA;;;241;;ColisÃ£o;Luz do Dia;;;Meio de Quadra;;;0;1;0;0;0;0;0;0;0;1;0;0;-3,71681100000;-38,56313100000;mq_qgis
359543;3;6;2020;12:14;0;RUA DR WALTER PORTO;;;123;;Atropelamento;Luz do Dia;;;Meio de Quadra;;;0;1;0;1;0;0;0;0;0;0;0;0;-3,80255867000;-38,49341670000;mq_qgis
359562;3;6;2020;19:07;0;AV BEZERRA DE MENEZES;;;970;;ColisÃ£o;;;;Meio de Quadra;;;0;1;0;1;0;0;0;0;0;1;0;0;-3,73342400000;-38,55361600000;mq_match
359563;3;6;2020;19:58;0;RUA LONDRINA;;;1070;;Atropelamento de Animal;;;;Meio de Quadra;;;0;1;0;0;0;0;0;0;0;1;0;0;-3,78166600000;-38,60096530000;mq_qgis
359564;3;6;2020;22:05;0;RUA 15 DE NOVEMBRO;;;808;;ColisÃ£o;;;;Meio de Quadra;;;0;1;0;1;0;0;0;0;0;1;0;0;-3,76991717000;-38,55314660000;mq_qgis
359565;3;6;2020;22:35;0;RUA TEN JOSE NEWTON;;;327;;ColisÃ£o;;;;Meio de Quadra;;;0;1;0;1;0;0;0;0;0;1;0;0;-3,82540221000;-38,49173950000;mq_qgis