COD_ACIDENTE;DIA;MES;ANO;HORA;INTERSECAO;LOG1;LOG2;LOG3;NUMERO;REFERENCIA;NATUREZA;ILUMINACAO;TEMPO;SUPERFICIEPISTA;TIPOCRUZAMENTO;CONTROLETRAFEGO;USOSOLO;MORTOS;FERIDOS;ILESOS;AUTOMOVEL;ONIBUS;BICICLETA;CAMINHAO;MICROONIBUS;CICLOMOTOR;MOTOCICLETA;TRACAOANIMAL;TREM;LATITUDE;LONGITUDE;METODO
359698;8;6;2020;10:53;0;RUA MARIA JULIA;;;816;;Atropelamento;Luz do Dia;;;Meio de Quadra;;;0;1;1;0;0;0;0;0;0;1;0;0;-3,79276971000;-38,60000570000;mq_qgis
359699;8;6;2020;11:10;0;RUA JOAO BRIGIDO;;;2191;;ColisÃ£o;Luz do Dia;;;Meio de Quadra;;;0;1;1;1;0;0;0;0;0;1;0;0;-3,73894007000;-38,52106850000;mq_qgis
359700;8;6;2020;11:12;15921;RUA MIRACEMA;RUA JOAO IVO;;;;ColisÃ£o;Luz do Dia;;;;;;0;1;1;1;0;0;0;0;0;1;0;0;-3,83702000000;-38,49756000000;inter_gpsv
359701;8;6;2020;11:15;0;AV JOR THOMAZ COELHO;;;3309;;ColisÃ£o;Luz do Dia;;;Meio de Quadra;;;0;1;1;1;0;0;0;0;0;1;0;0;-3,82934900000;-38,52562600000;mq_match
359702;8;6;2020;12:31;0;AV GODOFREDO MACIEL;;;;;ColisÃ£o;Luz do Dia;;;Meio de Quadra;;;0;1;1;0;0;0;0;0;0;1;0;0;;;
359703;8;6;2020;15:00;12871;RUA BAR ARATANHA;RUA JOAQUIM MAGALHAES;;;;ColisÃ£o;Luz do Dia;;;Cruz;NÃ£o HÃ¡ Controle;Residencial;0;1;1;1;0;0;0;0;0;0;0;0;-3,73971600000;-38,52866600000;inter_match
359704;8;6;2020;15:39;0;RUA BAR CANINDE;;;712;;ColisÃ£o;Luz do Dia;;;Meio de Quadra;;;0;1;1;1;0;0;0;0;0;1;0;0;-3,76879602000;-38,55683620000;mq_qgis
359705;8;6;2020;16:59;0;RUA JOSE DANTAS VIEIRA;;;447;;Queda;Luz do Dia;;;Meio de Quadra;;;0;1;0;0;0;0;0;0;0;1;0;0;-3,76491700000;-38,56415570000;mq_match
359706;8;6;2020;18:47;0;RUA RIO GRANDE DO NORTE;;;644;;ColisÃ£o;;;;Meio de Quadra;;;0;1;1;1;0;0;0;0;0;1;0;0;-3,76034000000;-38,56479000000;mq_gpsv
359707;8;6;2020;20:27;0;RUA 15 DE NOVEMBRO;;;806;;ColisÃ£o;;;;Meio de Quadra;;;0;1;1;1;0;0;0;0;0;1;0;0;-3,76990900000;-38,55316900000;mq_qgis
358897;8;6;2020;14:20;0;RUA JOAO AREAS;;;450;;ColisÃ£o Lateral Sentido Oposto;Luz do Dia;Bom;Seca;Meio de Quadra;NÃ£o HÃ¡ Controle;Residencial;0;1;1;1;0;0;0;0;0;1;0;0;-3,79092531000;-38,57593050000;mq_qgis
358903;8;6;2020;08:00;0;RUA ANSELMO NOGUEIRA;;;;;ColisÃ£o Lateral;Luz do Dia;Bom;Seca;;;;0;1;1;1;0;0;0;0;0;1;0;0;;;
358923;9;6;2020;11:30;7840;AV BAR STUDART;AV SORIANO ALBUQUERQUE;;;;ColisÃ£o Transversal;Luz do Dia;Bom;Seca;Cruz;SemÃ¡foro;Comercial;0;1;1;0;0;0;0;0;0;1;0;0;-3,75018300000;-38,51157300000;inter_match
358824;9;6;2020;22:43;0;AV DOLOR BARREIRA;;;531;;ColisÃ£o;;;;Meio de Quadra;;;0;2;0;0;0;0;0;0;0;1;0;0;-3,72966100000;-38,47242900000;mq_qgis
359052;9;6;2020;10:30;0;RD CE-040;;;;;ColisÃ£o;Luz do Dia;;Seca;Meio de Quadra;;;0;0;3;1;0;0;0;0;0;1;0;0;;;
359071;9;6;2020;00:45;0;RUA LUIS VIEIRA;;;735;;Atropelamento;;;;Meio de Quadra;;;0;1;0;1;0;0;0;0;0;0;0;0;-3,79216768000;-38,58812920000;mq_qgis
359072;9;6;2020;07:16;0;RUA PDE PEDRO DE ALENCAR;;;115;;Queda;Luz do Dia;;;Meio de Quadra;;;0;1;0;0;0;0;0;0;0;1;0;0;-3,82878000000;-38,49358000000;mq_gpsv
359073;9;6;2020;09:34;0;ET DO JATOBA;;;2265;;Queda;Luz do Dia;;;Meio de Quadra;;;0;1;0;0;0;0;0;0;0;1;0;0;-3,79258111000;-38,62630280000;mq_qgis
359074;9;6;2020;09:44;0;AV D CJ JOSE WALTER;;;110;;ColisÃ£o;Luz do Dia;;;Meio de Quadra;;;0;1;0;1;0;1;0;0;0;0;0;0;-3,84143000000;-38,56203000000;mq_gpsv
359075;9;6;2020;10:06;0;AV PRS COSTA E SILVA;;;898;;ColisÃ£o;Luz do Dia;;;Meio de Quadra;;;0;2;0;1;0;0;0;0;0;1;0;0;-3,81295445800;-38,57125737000;mq_match
359076;9;6;2020;12:56;0;AV CEL CARVALHO;;;;;Queda;Luz do Dia;;;Meio de Quadra;;;0;1;0;0;0;0;0;0;0;1;0;0;;;
359077;9;6;2020;16:00;0;RUA DA SAUDADE;;;3330;;ColisÃ£o;Luz do Dia;;;Meio de Quadra;;;0;1;0;0;0;0;0;0;0;0;0;0;;;
359078;9;6;2020;16:19;0;RUA PRO HERIBALDO COSTA;;;2043;;Atropelamento;Luz do Dia;;;Meio de Quadra;;;0;1;0;0;0;0;0;0;0;1;0;0;-3,76934160000;-38,58874980000;mq_qgis
359079;9;6;2020;16:56;0;RUA PORTO ALEGRE;;;1270;;ColisÃ£o;Luz do Dia;;;Meio de Quadra;;;0;1;0;1;0;1;0;0;0;0;0;0;-3,76064722000;-38,58985600000;mq_qgis
359080;9;6;2020;17:43;0;RUA PRO ARAUJO;;;45833;;Atropelamento;Anoitecer;;;Meio de Quadra;;;0;1;0;1;0;0;0;0;0;0;0;0;;;
359081;9;6;2020;18:00;0;AV JOR THOMAZ COELHO;;;2116;;Atropelamento;Anoitecer;;;Meio de Quadra;;;0;1;0;0;0;0;0;0;0;1;0;0;-3,82792000000;-38,51522000000;mq_gpsv
359082;9;6;2020;19:00;0;RUA MARIA JULIA;;;956;;ColisÃ£o;;;;Meio de Quadra;;;0;3;0;0;0;0;0;0;0;1;0;0;-3,79390000000;-38,60043000000;mq_gpsv
357378;9;6;2020;11:33;0;AV PRO GOMES DE MATOS;;;476;;NÃ£o Informado;Luz do Dia;Nublado;Seca;Meio de Quadra;NÃ£o HÃ¡ Controle;Comercial;0;0;3;1;0;0;0;0;0;0;0;0;-3,75764600000;-38,54260600000;mq_match
357379;10;6;2020;09:41;5269;AV DUQ CAXIAS;RUA PDE IBIAPINA;;;;NÃ£o Informado;Luz do Dia;Bom;Seca;Cruz;SemÃ¡foro;Comercial;0;0;2;0;1;0;0;0;0;0;0;0;-3,72844600000;-38,54022600000;inter_match
357380;10;6;2020;13:44;0;AV BORGES DE MELO;;;0;;ColisÃ£o Transversal;Luz do Dia;Nublado;Seca;Meio de Quadra;SemÃ¡foro;Comercial;0;1;1;0;0;0;1;0;0;1;0;0;-3,75606500000;-38,53470600000;mq_match
357381;10;6;2020;10:30;5614;AV ADENANTERAS;AV FLAMBOYANTS;;;;ColisÃ£o Frontal;Luz do Dia;Nublado;Seca;T;NÃ£o HÃ¡ Controle;Residencial;0;1;1;1;0;0;0;0;0;0;0;0;-3,75258800000;-38,47624900000;inter_match
357382;10;6;2020;16:22;15622;RUA MEM DE SA;RUA VASCO DE ATAIDE;;;;ColisÃ£o Transversal;Luz do Dia;Bom;Seca;Cruz;Pare;Residencial;0;4;1;1;0;0;0;0;0;0;0;0;-3,82427700000;-38,48492300000;inter_match
357383;10;6;2020;21:06;9142;RUA GUILHERME MOREIRA;RUA MON OTAVIO CASTRO;;0;;ColisÃ£o Transversal;Via Iluminada;Bom;Seca;Cruz;Pare;Residencial;0;0;2;1;0;0;0;0;0;1;0;0;-3,75018200000;-38,52650400000;inter_match
357384;10;6;2020;21:10;0;RUA EMILIO DE MENESES;;;2870;;ColisÃ£o;Via Iluminada;Bom;Seca;Meio de Quadra;SemÃ¡foro;Comercial;0;1;1;1;0;0;0;0;0;1;0;0;-3,77642500000;-38,60628300000;mq_qgis
357385;10;6;2020;12:15;17196;RUA MARIA GOMES DE SA;RUA CACHOEIRA ALEGRE;;;;ColisÃ£o Transversal;Luz do Dia;Bom;Seca;T;NÃ£o HÃ¡ Controle;Residencial;0;1;0;1;0;0;0;0;0;1;0;0;-3,82555100000;-38,58218000000;inter_match
359087;10;6;2020;06:05;0;AV PONTES VIEIRA;;;832;;Atropelamento;Luz do Dia;;;Meio de Quadra;;;0;2;0;0;0;0;0;0;0;1;0;0;-3,75272400000;-38,51346000000;mq_match
359088;10;6;2020;06:47;0;RUA CEL JOAO CORREIA;;;45;;Queda;Luz do Dia;;;Meio de Quadra;;;0;1;0;0;0;0;0;0;0;1;0;0;-3,79548577000;-38,59337130000;mq_qgis
359089;10;6;2020;06:55;0;AV GAL OSORIO DE PAIVA;;;8030;;Queda;Luz do Dia;;;Meio de Quadra;;;0;1;0;0;0;0;0;0;0;1;0;0;-3,82135200000;-38,61819400000;mq_match
359092;10;6;2020;07:07;0;RUA GOMES PASSOS;;;664;;ColisÃ£o;Luz do Dia;;;Meio de Quadra;;;0;2;0;0;0;0;0;0;0;1;0;0;-3,71079400000;-38,56235500000;mq_match
359095;10;6;2020;07:11;0;RUA DIOGO CORREIA;;;45;;Queda;Luz do Dia;;;Meio de Quadra;;;0;1;0;0;0;0;0;0;0;1;0;0;-3,77438933000;-38,58844460000;mq_qgis
359107;10;6;2020;09:02;0;AV GAL OSORIO DE PAIVA;;;;;Queda;Luz do Dia;;;Meio de Quadra;;;0;1;0;0;0;0;0;0;0;1;0;0;;;
359108;10;6;2020;11:16;26083;AV JOSE JATAHY;AV BEZERRA DE MENEZES;;;;ColisÃ£o;Luz do Dia;;;Cruz;SemÃ¡foro;Comercial;0;2;0;0;0;0;0;0;0;0;0;0;-3,73151830000;-38,54502060000;inter_match
359109;10;6;2020;14:40;5250;RUA AGAPITO DOS SANTOS;RUA PEDRO I;;;;ColisÃ£o;Luz do Dia;;;Cruz;Pare;Residencial;0;1;0;1;0;0;0;0;0;1;0;0;-3,72778900000;-38,53933700000;inter_match
359110;10;6;2020;18:02;0;RUA SEN ROBERT KENNEDY;;;685;;Atropelamento;Anoitecer;;;Meio de Quadra;;;0;1;0;1;0;0;0;0;0;0;0;0;-3,70615000000;-38,57996000000;mq_gpsv
359111;10;6;2020;18:41;0;AV N CJ JOSE WALTER;;;1003;;ColisÃ£o;;;;Meio de Quadra;;;0;2;0;0;0;0;0;0;0;0;0;0;-3,75870430000;-38,56613180000;mq_gpsv
359112;10;6;2020;21:16;0;RUA DIOGO CORREIA;;;456;;Queda;;;;Meio de Quadra;;;0;1;0;0;0;0;0;0;0;1;0;0;-3,77029100000;-38,59043100000;mq_qgis
359101;10;6;2020;07:57;3768;AV DOMINGOS OLIMPIO;AV TRISTAO GONCALVES;;;;ColisÃ£o;Luz do Dia;;;Cruz;SemÃ¡foro;Comercial;0;1;0;1;0;0;0;0;0;1;0;0;-3,73513300000;-38,53561300000;inter_match
359099;10;6;2020;07:46;5366;AV DUQ CAXIAS;RUA SEN POMPEU;;;;ColisÃ£o;Luz do Dia;;;Cruz;SemÃ¡foro;Comercial;0;1;0;1;0;0;0;0;0;1;0;0;-3,73143000000;-38,53099400000;inter_match
358827;10;6;2020;02:30;0;AV PRS CASTELO BRANCO;;;;;ColisÃ£o;;;;Meio de Quadra;;;0;1;1;1;1;0;0;0;0;0;0;0;;;
358835;10;6;2020;08:30;17327;RUA ALM RUFINO;RUA ANTONIO CORREIA LIMA;;;;ColisÃ£o;Luz do Dia;Nublado;Molhada;Cruz;Pare;Residencial;0;1;1;1;0;0;0;0;0;1;0;0;-3,76485600000;-38,54268000000;inter_match
358830;10;6;2020;17:00;0;AV ALBERTO CRAVEIRO;;;507;MAKRO;ColisÃ£o;Anoitecer;;;Meio de Quadra;;;0;1;1;1;0;0;1;0;0;0;0;0;-3,78259100000;-38,51647600000;mq_match
358924;10;6;2020;03:15;0;AV PRS CASTELO BRANCO;;;6396;;ColisÃ£o Traseira;Via Iluminada;Chuva;Molhada;Meio de Quadra;Outros;Residencial;0;0;2;1;1;0;0;0;0;0;0;0;-3,70001050000;-38,58775350000;mq_qgis
358757;10;6;2020;17:55;0;RD BR 020;;;;KM 426;ColisÃ£o Lateral;Anoitecer;;;Meio de Quadra;;;0;1;2;0;0;0;1;0;0;0;0;0;-3,86300000000;-38,52400000000;rod_match
359632;10;6;2020;11:00;0;RUA ANTONIO POMPEU;;;;;Atropelamento;Luz do Dia;;;Meio de Quadra;;;1;0;1;0;0;0;0;0;0;0;0;0;-3,73381600000;-38,53372200000;fat_match
358956;11;6;2020;09:30;12866;RUA SOLON PINHEIRO;RUA JOAQUIM MAGALHAES;;;;ColisÃ£o Transversal;Luz do Dia;Chuva;Molhada;Cruz;Gesto;Residencial;0;1;0;0;0;0;0;0;0;1;0;0;-3,73949000000;-38,52935200000;inter_match
358957;11;6;2020;19:00;23343;AV PONTES VIEIRA;RUA TIBURCIO CAVALCANTE;;;;ColisÃ£o Transversal;Via Iluminada;Nublado;Seca;Cruz;SemÃ¡foro;Comercial;0;1;1;0;0;0;0;0;0;1;0;0;-3,75205300000;-38,50774900000;inter_match
358836;11;6;2020;15:20;12866;RUA SOLON PINHEIRO;RUA JOAQUIM MAGALHAES;;;;ColisÃ£o;Luz do Dia;;;Cruz;Gesto;Residencial;0;1;1;0;0;0;0;0;1;0;0;0;-3,73949000000;-38,52935200000;inter_match
358837;11;6;2020;10:00;0;RUA ANTERO QUENTAL;;;100;;ColisÃ£o;Luz do Dia;Nublado;Seca;Meio de Quadra;Pare;Residencial;0;3;0;0;0;0;0;0;0;1;0;0;-3,85183550000;-38,49279490000;mq_match
359158;11;6;2020;12:30;0;AV JOSE BASTOS;;;;;ColisÃ£o;Luz do Dia;;;Meio de Quadra;;;0;1;0;1;0;0;0;0;0;1;0;0;;;
359159;11;6;2020;14:04;19611;RUA NEREU RAMOS;AV GODOFREDO MACIEL;;;;ColisÃ£o;Luz do Dia;;;T;SemÃ¡foro;Comercial;0;1;0;1;0;0;0;0;0;1;0;0;-3,78725000000;-38,56680200000;inter_match
359160;11;6;2020;15:52;0;AV CARNEIRO DE MENDONCA;;;415;;Queda;Luz do Dia;;;Meio de Quadra;;;0;1;0;0;0;0;0;0;0;1;0;0;-3,76585800000;-38,56308500000;mq_match
359161;11;6;2020;17:31;7840;AV BAR STUDART;AV SORIANO ALBUQUERQUE;;;;Choque c/ ObstÃ¡culo Fixo;Anoitecer;;;Cruz;SemÃ¡foro;Comercial;0;1;0;1;0;0;0;0;0;0;0;0;-3,75018300000;-38,51157300000;inter_match
359162;11;6;2020;17:32;0;AV ROGACIANO LEITE;;;2440;;ColisÃ£o;Anoitecer;;;Meio de Quadra;;;0;1;0;0;0;0;0;0;0;0;0;0;-3,77668620000;-38,50061800000;mq_match
359163;11;6;2020;18:00;0;RUA HENRIQUE DE CASTRO;;;225;;ColisÃ£o;Anoitecer;;;Meio de Quadra;;;0;1;0;0;0;0;0;0;0;0;0;0;-3,77704957000;-38,50031750000;mq_qgis
359164;11;6;2020;18:37;0;AV PRS COSTA E SILVA;;;;;ColisÃ£o;;;;Meio de Quadra;;;0;2;0;0;0;0;0;0;0;1;0;0;;;
359165;11;6;2020;18:38;0;RUA ROSA CRUZ;;;110;;ColisÃ£o;;;;Meio de Quadra;;;0;1;0;0;0;0;0;0;0;1;0;0;-3,79977162000;-38,56511080000;mq_qgis
359166;11;6;2020;20:33;0;AV GAL OSORIO DE PAIVA;;;6654;;ColisÃ£o;;;;Meio de Quadra;;;0;1;0;0;0;0;0;0;0;1;0;0;-3,81171800000;-38,60882400000;mq_match
359128;11;6;2020;07:23;0;AV FRE CIRILO;;;3657;;Atropelamento;Luz do Dia;;;Meio de Quadra;;;0;1;0;0;1;0;0;0;0;0;0;0;-3,81645040000;-38,49778800000;mq_qgis
359150;11;6;2020;09:21;0;AV AUGUSTO DOS ANJOS;;;902;;ColisÃ£o;Luz do Dia;;;Meio de Quadra;;;0;1;0;1;0;0;0;0;0;1;0;0;-3,77577400000;-38,57528900000;mq_qgis
359154;11;6;2020;11:58;0;RUA VITORIA (AV. PERIMETRAL);;;1422;;ColisÃ£o;Luz do Dia;;;Meio de Quadra;;;0;1;0;1;0;0;0;0;0;1;0;0;-3,76507343000;-38,58847580000;mq_qgis
359113;11;6;2020;02:47;0;RUA JOSE MONTEIRO DOS SANTOS;;;1199;;Choque c/ ObstÃ¡culo Fixo;;;;Meio de Quadra;;;0;1;0;1;0;0;0;0;0;0;0;0;-3,75157000000;-38,54924000000;mq_gpsv
359114;11;6;2020;06:37;0;RUA MARANHAO;;;1805;;Queda;Luz do Dia;;;Meio de Quadra;;;0;1;0;0;0;0;0;0;0;1;0;0;-3,74952900000;-38,57276300000;mq_qgis
359115;11;6;2020;06:39;0;AV GAL OSORIO DE PAIVA;;;;;Queda;Luz do Dia;;;Meio de Quadra;;;0;1;0;0;0;0;0;0;0;1;0;0;;;
359116;11;6;2020;06:59;0;AV ENG HUMBERTO MONTE;;;;;Queda;Luz do Dia;;;Meio de Quadra;;;0;1;0;0;0;0;0;0;0;1;0;0;;;
359134;11;6;2020;07:32;0;RUA ANSELMO NOGUEIRA;;;992;;ColisÃ£o;Luz do Dia;;;Meio de Quadra;;;0;1;0;1;0;0;0;0;0;1;0;0;-3,78190000000;-38,58738000000;mq_gpsv
359135;11;6;2020;07:36;0;AV DOMINGOS OLIMPIO;;;990;;ColisÃ£o;Luz do Dia;;;Meio de Quadra;;;0;2;0;1;0;0;0;0;0;1;0;0;-3,73567770000;-38,53407700000;mq_gpsv
359053;11;6;2020;12:30;0;ROD CE 010;;;2;;Choque c/ ObstÃ¡culo Fixo;Luz do Dia;;Molhada;Meio de Quadra;;;0;0;1;0;0;0;0;0;0;0;0;0;;;
359054;11;6;2020;17:00;0;RD CE-040;;;;KM-07;ColisÃ£o;Anoitecer;;Seca;Meio de Quadra;;;0;0;2;1;0;0;0;0;0;0;0;0;-3,81715944500;-38,48303286000;rod_match
357386;11;6;2020;15:01;0;AV ABOLICAO;RUA OSVALDO CRUZ;;0;;ColisÃ£o Transversal;Luz do Dia;Nublado;Molhada;Meio de Quadra;SemÃ¡foro;Comercial;0;0;2;1;0;0;0;0;0;0;0;0;-3,72664870000;-38,49745100000;inter_match
357387;11;6;2020;14:23;5672;RUA PINHEIRO MAIA;RUA ALICE;;;;ColisÃ£o Transversal;Luz do Dia;Chuva;Molhada;Cruz;Pare;Residencial;0;1;1;1;0;0;0;0;0;0;0;0;-3,78939000000;-38,49836000000;inter_gpsv
357388;11;6;2020;16:26;0;AV DR SILAS MUNGUBA;RUA DES OTACILIO PEIXOTO;;6453;IGREJA CANAÃƒ;ColisÃ£o Traseira;Luz do Dia;Nublado;Molhada;Meio de Quadra;;;0;1;2;1;0;0;0;0;0;1;0;0;-3,80041900000;-38,53032900000;inter_match
357389;11;6;2020;15:40;9139;RUA CEL PERGENTINO FERREIRA;RUA MON OTAVIO CASTRO;;;;ColisÃ£o Lateral;Luz do Dia;Nublado;Molhada;Cruz;Pare;Residencial;0;1;1;0;1;0;0;0;0;1;0;0;-3,76027750000;-38,60283300000;inter_match
357390;11;6;2020;19:45;0;AV ALM HENRIQUE SABOIA;RUA MAJ VIRGILIO BORBA D56;;0;;ColisÃ£o Traseira;Via Iluminada;Bom;Seca;Meio de Quadra;NÃ£o HÃ¡ Controle;Residencial;0;0;2;1;0;0;0;0;0;0;0;0;-3,74242000000;-38,48897000000;inter_gpsv
357391;11;6;2020;20:25;0;AV BEZERRA DE MENEZES;AV ALM HENRIQUE SABOIA;;0;;ColisÃ£o Transversal;Via Iluminada;Nublado;Seca;Meio de Quadra;SemÃ¡foro;Comercial;0;2;1;0;1;0;1;0;0;0;0;0;-3,73349000000;-38,55433000000;inter_gpsv
357392;12;6;2020;04:14;0;AV GAL OSORIO DE PAIVA;;;4225;;Choque c/ ObstÃ¡culo Fixo;Via Iluminada;Bom;Seca;Meio de Quadra;NÃ£o HÃ¡ Controle;Comercial;0;0;1;1;0;0;0;0;0;0;0;0;-3,79560800000;-38,59323300000;mq_match
357393;12;6;2020;20:28;0;AV GAL OSORIO DE PAIVA;;;5899;;NÃ£o Informado;Via Iluminada;Bom;Seca;T;SemÃ¡foro;Residencial;0;0;3;1;0;0;0;0;0;0;0;0;-3,80801300000;-38,60524900000;mq_match
357394;12;6;2020;23:23;25778;RUA RIO GRANDE DO SUL;RUA MIN SERGIO MOTA;;;;ColisÃ£o Transversal;Via Iluminada;Bom;Seca;Cruz;Pare;Residencial;0;1;1;1;0;0;0;0;0;1;0;0;-3,75147000000;-38,56272000000;inter_gpsv
359167;12;6;2020;00:00;0;AV VIS RIO BRANCO;;;3675;;Atropelamento;;;;Meio de Quadra;;;0;1;0;0;0;0;0;0;0;1;0;0;-3,75350000000;-38,52046000000;mq_gpsv
359197;12;6;2020;06:50;2326;AV PRS CASTELO BRANCO;RUA SEN ROBERT KENNEDY;;;;ColisÃ£o;Luz do Dia;;;Cruz;SemÃ¡foro;Comercial;0;1;0;0;0;0;0;0;0;1;0;0;-3,70411700000;-38,57904200000;inter_match
359198;12;6;2020;07:02;0;AV PRS CASTELO BRANCO;;;2856;;ColisÃ£o;Luz do Dia;;;Meio de Quadra;;;0;1;0;1;0;0;0;0;0;1;0;0;-3,71233600000;-38,55326000000;mq_qgis
359199;12;6;2020;08:26;0;AV GAL OSORIO DE PAIVA;;;1396;;ColisÃ£o;Luz do Dia;;;Meio de Quadra;;;0;1;0;1;0;0;0;0;0;1;0;0;-3,78026745500;-38,57389068200;mq_match
359200;12;6;2020;09:33;0;AV BENJAMIM BRASIL;;;439;;ColisÃ£o;Luz do Dia;;;Meio de Quadra;;;0;1;0;1;0;0;0;0;0;1;0;0;-3,80406966700;-38,56945100000;mq_match
359201;12;6;2020;09:44;0;AV F CJ ESPERANCA;;;102;;ColisÃ£o;Luz do Dia;;;Meio de Quadra;;;0;1;0;1;0;0;0;0;0;1;0;0;-3,81575524000;-38,58683600000;mq_qgis
359202;12;6;2020;12:24;15365;AV SEN VIRGILIO TAVORA;RUA PEREIRA VALENTE;;;;ColisÃ£o;Luz do Dia;;;Cruz;SemÃ¡foro;Comercial;0;1;0;1;0;0;0;0;0;1;0;0;-3,73383400000;-38,49219300000;inter_match
359203;12;6;2020;12:32;0;RUA HELVECIO MONTE;;;170;;ColisÃ£o;Luz do Dia;;;Meio de Quadra;;;0;1;0;1;0;0;0;0;0;1;0;0;-3,76808907000;-38,53130620000;mq_qgis
359204;12;6;2020;14:05;0;RUA STA MARIA GORETE;;;100;;ColisÃ£o;Luz do Dia;;;Meio de Quadra;;;0;1;0;1;0;0;0;0;0;1;0;0;-3,72466585000;-38,60211610000;mq_qgis
359205;12;6;2020;14:11;0;RUA WALDIR DIOGO;;;1030;;ColisÃ£o;Luz do Dia;;;Meio de Quadra;;;0;1;0;1;0;0;0;0;0;1;0;0;-3,80305600000;-38,58740900000;mq_match
359206;12;6;2020;15:01;0;AV AGUANAMBI;;;;;ColisÃ£o;Luz do Dia;;;Meio de Quadra;;;0;1;0;0;0;0;0;0;0;1;0;0;;;
359207;12;6;2020;15:48;0;AV GAL OSORIO DE PAIVA;;;4390;;ColisÃ£o;Luz do Dia;;;Meio de Quadra;;;0;1;0;0;0;0;1;0;0;1;0;0;-3,79677100000;-38,59437400000;mq_match
359208;12;6;2020;16:46;0;RUA CESAR FONSECA;;;147;;Queda;Luz do Dia;;;Meio de Quadra;;;0;1;0;0;0;1;0;0;0;0;0;0;-3,74730000000;-38,47424000000;mq_gpsv
359209;12;6;2020;17:14;0;RUA DES WALDETARIO P MOTA;;;570;;ColisÃ£o;Anoitecer;;;Meio de Quadra;;;0;1;0;0;0;0;0;0;0;1;0;0;-3,73461641000;-38,47924560000;mq_qgis
359210;12;6;2020;17:24;0;RUA TEREZA CRISTINA;;;;;ColisÃ£o;Anoitecer;;;Meio de Quadra;;;0;1;0;0;0;0;0;0;0;0;0;0;;;
359211;12;6;2020;17:52;0;AV ODILON GUIMARAES;;;1405;;ColisÃ£o;Anoitecer;;;Meio de Quadra;;;0;1;0;1;0;0;0;0;0;1;0;0;-3,82546800000;-38,47936000000;mq_qgis
359212;12;6;2020;18:56;0;AV SGT HERMINIO SAMPAIO;;;2761;;ColisÃ£o;;;;Meio de Quadra;;;0;1;0;1;0;1;0;0;0;0;0;0;-3,72712757000;-38,56477480000;mq_qgis
359213;12;6;2020;18:57;0;RUA REPUBLICA ARMENIA;;;1300;;ColisÃ£o;;;;Meio de Quadra;;;0;1;0;1;0;0;0;0;0;1;0;0;-3,79204100000;-38,48114900000;mq_qgis
359214;12;6;2020;19:03;0;AV GODOFREDO MACIEL;;;1155;;ColisÃ£o;;;;Meio de Quadra;;;0;1;0;1;0;0;0;0;0;1;0;0;-3,78578400000;-38,56659100000;mq_match
359215;12;6;2020;19:17;0;RUA PAULO SETUBAL;;;630;;Atropelamento;;;;Meio de Quadra;;;0;1;0;1;0;0;0;0;0;0;0;0;-3,82185548000;-38,50140200000;mq_qgis
359216;12;6;2020;19:28;0;AV OLAVO BILAC;;;1173;;ColisÃ£o;;;;Meio de Quadra;;;0;1;0;1;0;0;0;0;0;1;0;0;-3,73111500000;-38,56466300000;mq_match
359217;12;6;2020;20:45;0;AV SANTOS DUMONT;;;3850;;ColisÃ£o;;;;Meio de Quadra;;;0;1;0;1;0;0;0;0;0;1;0;0;-3,73874500000;-38,49056400000;mq_match
359218;12;6;2020;20:55;0;RUA FRANCISCA RANGEL;;;669;;Atropelamento;;;;Meio de Quadra;;;0;1;0;0;0;0;0;0;0;0;0;0;-3,73977202000;-38,55909990000;mq_qgis
359219;12;6;2020;21:16;0;RUA MARIA GOMES DE SA;;;1685;;ColisÃ£o;;;;Meio de Quadra;;;0;1;0;0;0;0;0;0;0;1;0;0;-3,82322906000;-38,58414510000;mq_qgis
359220;12;6;2020;21:35;9393;RUA LUIS GUIMARAES;RUA SILVIO ROMERO;;;;ColisÃ£o;;;;;;;0;1;0;0;0;0;0;0;0;1;0;0;-3,72060000000;-38,57137000000;inter_gpsv
359221;12;6;2020;22:11;0;RUA CON DE CASTRO;;;1452;;ColisÃ£o;;;;Meio de Quadra;;;0;1;0;0;0;0;0;0;0;0;0;0;-3,78401900000;-38,57253450000;mq_qgis
359222;12;6;2020;23:15;1246;AV SANTOS DUMONT;RUA BAR ARACATI;;;;ColisÃ£o;;;;Cruz;Pare;Comercial;0;1;0;0;0;0;0;0;0;1;0;0;-3,73190900000;-38,51161800000;inter_match
359189;12;6;2020;00:41;0;AV JOR THOMAZ COELHO;;;;;Queda;;;;Meio de Quadra;;;0;1;0;0;0;0;0;0;0;1;0;0;;;
359185;12;6;2020;00:17;0;RUA POMPILIO GOMES;;;1829;;ColisÃ£o;;;;Meio de Quadra;;;0;1;0;1;0;0;0;0;0;1;0;0;-3,82783600000;-38,52123200000;mq_match
358958;12;6;2020;16:15;0;AV 13 DE MAIO;;;2374;;ColisÃ£o Traseira;Luz do Dia;Chuva;Molhada;Meio de Quadra;;Comercial;0;1;1;1;0;0;0;0;0;1;0;0;-3,74234017000;-38,53749510000;mq_qgis
358965;12;6;2020;14:50;7754;AV ANTONIO SALES;RUA JOSE VILAR;;;;ColisÃ£o Lateral;Luz do Dia;Nublado;Seca;Cruz;SemÃ¡foro;Residencial;0;1;1;0;0;0;0;0;0;1;0;0;-3,74393790000;-38,50731670000;inter_match