COD_ACIDENTE;DIA;MES;ANO;HORA;INTERSECAO;LOG1;LOG2;LOG3;NUMERO;REFERENCIA;NATUREZA;ILUMINACAO;TEMPO;SUPERFICIEPISTA;TIPOCRUZAMENTO;CONTROLETRAFEGO;USOSOLO;MORTOS;FERIDOS;ILESOS;AUTOMOVEL;ONIBUS;BICICLETA;CAMINHAO;MICROONIBUS;CICLOMOTOR;MOTOCICLETA;TRACAOANIMAL;TREM;LATITUDE;LONGITUDE;METODO
359070;22;6;2020;01:30;0;AV SANTOS DUMONT;;;782;;Choque c/ ObstÃ¡culo Fixo;Via Iluminada;Bom;Seca;Meio de Quadra;NÃ£o HÃ¡ Controle;Comercial;0;0;1;1;0;0;0;0;0;0;0;0;-3,73020100000;-38,51692400000;mq_qgis
359136;22;6;2020;20:02;0;AV WASHINGTON SOARES;;;;;ColisÃ£o;;;;Meio de Quadra;;;0;1;1;0;0;0;0;0;0;1;0;0;;;
359137;22;6;2020;17:58;10998;RUA ALBERTO MAGNO;RUA DOM CARLOTO TAVORA;;;;ColisÃ£o;Anoitecer;;;Cruz;Pare;Residencial;0;1;1;1;0;0;0;0;0;1;0;0;-3,77083200000;-38,55349500000;inter_match
359138;22;6;2020;19:08;0;AV SEN CARLOS JEREISSATI (AEROPORTO);;;;;ColisÃ£o;;;;Meio de Quadra;;;0;1;1;1;0;0;0;0;0;1;0;0;;;
358238;22;6;2020;13:18;0;AV VIS RIO BRANCO;;;4317;;Atropelamento;Luz do Dia;;;Meio de Quadra;;;0;1;1;1;0;0;0;0;0;0;0;0;-3,75801350000;-38,51964600000;mq_match
359118;23;6;2020;21:52;21607;RUA LUIS VIEIRA;RUA CON DE CASTRO;;;;ColisÃ£o;;;;Y;Pare;Comercial;0;2;1;1;0;1;0;0;0;0;0;0;-3,79840500000;-38,58584500000;inter_match
359119;23;6;2020;18:17;0;RUA VALPARAISO;;;300;;ColisÃ£o;Anoitecer;;;Meio de Quadra;;;0;1;1;1;0;0;0;0;0;1;0;0;-3,84594000000;-38,52316210000;mq_match
359120;23;6;2020;17:53;0;AV GAL OSORIO DE PAIVA;;;3440;;ColisÃ£o;Anoitecer;;;Meio de Quadra;;;0;1;1;0;0;0;0;0;0;0;0;0;-3,79130376900;-38,58901820500;mq_match
359121;23;6;2020;16:24;0;AV DEP PAULINO ROCHA;;;1001;;ColisÃ£o;Luz do Dia;;;Meio de Quadra;;;0;1;1;1;0;0;0;0;0;1;0;0;-3,80762000000;-38,50840000000;mq_match
359122;23;6;2020;15:17;0;RUA MARIA GOMES DE SA;;;1545;;ColisÃ£o;Luz do Dia;;;Meio de Quadra;;;0;1;1;1;0;0;0;0;0;1;0;0;-3,82417000000;-38,58352000000;mq_gpsv
359124;23;6;2020;14:52;21082;RUA PERNAMBUCO;TR SAO JOAO;;;;ColisÃ£o;Luz do Dia;;;;;;0;1;1;1;0;0;0;0;0;1;0;0;-3,75291000000;-38,57672000000;inter_gpsv
359125;23;6;2020;14:17;0;RUA BERNARDO MANUEL;;;7142;VIADUTO DO AEROPORTO;Queda;Luz do Dia;;;Meio de Quadra;;;0;1;0;0;0;0;0;0;0;1;0;0;-3,77987400000;-38,54565600000;mq_match
359097;23;6;2020;00:30;0;RD CE-040;;;;KM-03;Choque c/ ObstÃ¡culo Fixo;;;Seca;Meio de Quadra;;;0;0;1;1;0;0;0;0;0;0;0;0;-3,78261432500;-38,48108390000;rod_match
359018;23;6;2020;21:00;9154;AV 13 DE MAIO;RUA MARTINHO RODRIGUES;;;;ColisÃ£o Transversal;Via Iluminada;Bom;Seca;Cruz;SemÃ¡foro;Lazer;0;0;2;1;0;0;0;0;0;0;0;0;-3,75283200000;-38,52522100000;inter_match
359129;23;6;2020;10:58;5402;RUA METON DE ALENCAR;RUA VINTE E QUATRO DE MAIO;;;;ColisÃ£o;Luz do Dia;;;Cruz;Pare;Comercial;0;1;1;1;0;0;0;0;0;1;0;0;-3,73262600000;-38,53384800000;inter_match
359130;23;6;2020;10:27;0;RUA PDE PEDRO DE ALENCAR;;;632;;ColisÃ£o;Luz do Dia;;;Meio de Quadra;;;0;1;1;1;0;0;0;0;0;1;0;0;-3,83348770000;-38,49414400000;mq_match
359131;23;6;2020;10:25;0;AV MR HULL;;;;;ColisÃ£o;Luz do Dia;;;Meio de Quadra;;;0;1;1;0;0;0;0;0;0;1;0;0;;;
359132;23;6;2020;09:08;0;AV WASHINGTON SOARES;;;2891;;ColisÃ£o;Luz do Dia;;;Meio de Quadra;;;0;1;1;1;0;1;0;0;0;0;0;0;-3,78310300000;-38,48102200000;mq_match
359133;23;6;2020;09:09;0;RUA PONTA MAR;;;246;;Queda;Luz do Dia;;;Meio de Quadra;;;0;1;0;0;0;1;0;0;0;0;0;0;-3,70941890000;-38,46526670000;mq_gpsv
358935;23;6;2020;07:50;0;AV GAL OSORIO DE PAIVA;;;6091;;ColisÃ£o;Luz do Dia;Bom;Seca;Meio de Quadra;NÃ£o HÃ¡ Controle;Comercial;0;1;2;0;1;0;1;0;0;0;0;0;-3,81065000000;-38,60762000000;mq_gpsv
359127;23;6;2020;12:33;1550;RUA DR JOSE LOURENCO;RUA PDE VALDEVINO;;;;ColisÃ£o;Luz do Dia;;;Cruz;SemÃ¡foro;Comercial;0;1;1;1;0;0;0;0;0;1;0;0;-3,74130700000;-38,50992800000;inter_match
357423;23;6;2020;09:50;0;AV FRANCISCO SA;;;4798;;ColisÃ£o Traseira;Luz do Dia;Bom;Seca;Meio de Quadra;NÃ£o HÃ¡ Controle;Comercial;0;1;2;1;0;0;0;0;0;1;0;0;-3,71388600000;-38,56770800000;mq_qgis
357424;23;6;2020;14:56;0;AV AGUANAMBI;;;1686;;Engavetamento;Luz do Dia;Bom;Seca;Meio de Quadra;SemÃ¡foro;Comercial;0;0;3;1;0;0;0;0;0;0;0;0;-3,75140300000;-38,52349000000;mq_match
357425;23;6;2020;15:35;0;RUA MIGUEL GURGEL;;;0;;ColisÃ£o Traseira;Luz do Dia;Bom;Seca;Meio de Quadra;NÃ£o HÃ¡ Controle;Comercial;0;0;2;1;0;0;0;0;0;0;0;0;-3,84201050000;-38,48335550000;mq_boat
357431;23;6;2020;08:30;0;AV HERACLITO GRACA;;;0;HOSPITAL LUIS DE FRANCA;ColisÃ£o;Luz do Dia;Bom;Seca;;;;0;0;2;0;0;0;0;0;0;0;0;0;-3,73574250000;-38,51755350000;mq_boat
357430;24;6;2020;19:16;0;AV FRANCISCO SA;;;3667;;ColisÃ£o Lateral;Via Iluminada;Bom;Seca;Meio de Quadra;SemÃ¡foro;Comercial;0;1;1;1;0;0;0;0;0;1;0;0;-3,71710600000;-38,55823700000;mq_match
357426;24;6;2020;02:32;0;AV PRS COSTA E SILVA;;;132;;Choque c/ ObstÃ¡culo Fixo;Via Iluminada;Bom;Seca;Meio de Quadra;NÃ£o HÃ¡ Controle;Residencial;0;1;0;1;0;0;0;0;0;0;0;0;-3,81218000000;-38,57385000000;mq_gpsv
357427;24;6;2020;09:11;26083;AV BEZERRA DE MENEZES;AV JOSE JATAHY;;;;ColisÃ£o;Luz do Dia;Bom;Seca;Cruz;SemÃ¡foro;Comercial;0;1;1;0;1;0;0;0;0;1;0;0;-3,73151830000;-38,54502060000;inter_match
357428;24;6;2020;09:36;0;AV SGT HERMINIO SAMPAIO;;;3985;;ColisÃ£o Transversal;Luz do Dia;Bom;Seca;Meio de Quadra;NÃ£o HÃ¡ Controle;Comercial;0;1;1;1;0;0;0;0;0;1;0;0;-3,73032500000;-38,57621000000;mq_qgis
358938;24;6;2020;09:28;0;AV WASHINGTON SOARES;;;;;Atropelamento;Luz do Dia;;;Meio de Quadra;;;0;1;1;1;0;0;0;0;0;0;0;0;;;
358939;24;6;2020;11:30;25268;AV BORGES DE MELO;RUA JORGE ACURCIO;;;;ColisÃ£o;Luz do Dia;Bom;Seca;T;NÃ£o HÃ¡ Controle;Comercial;0;1;1;0;0;0;0;0;1;0;0;0;-3,76045600000;-38,53000600000;inter_match
359102;24;6;2020;13:00;0;AV GAL OSORIO DE PAIVA;;;7815;;Queda;Luz do Dia;;;Meio de Quadra;;;0;1;0;0;0;0;0;0;0;1;0;0;-3,82051924000;-38,61737668000;mq_match
359103;24;6;2020;13:07;1282;AV SANTOS DUMONT;AV BAR STUDART;;;;Queda;Luz do Dia;;;Cruz;SemÃ¡foro;Residencial;0;1;0;0;0;0;0;0;0;1;0;0;-3,73364200000;-38,50630400000;inter_match
359104;24;6;2020;14:12;0;RUA ISMAEL PORDEUS;;;513;;Queda;Luz do Dia;;;Meio de Quadra;;;0;1;0;0;0;0;0;0;0;1;0;0;-3,72213000000;-38,46748000000;mq_gpsv
359105;24;6;2020;15:12;25115;RUA AMAZONAS;RUA ESTADO DO RIO;;;;ColisÃ£o;Luz do Dia;;;Cruz;Pare;Residencial;0;1;1;1;0;0;0;0;0;1;0;0;-3,75177800000;-38,56656500000;inter_match
359106;24;6;2020;15:29;22867;RUA GOV JOAO CARLOS;RUA GUERRA JUNQUEIRO;;;;ColisÃ£o;Luz do Dia;;;Cruz;Pare;Residencial;0;1;1;1;0;0;0;0;0;1;0;0;-3,78001000000;-38,55237000000;inter_gpsv
359174;24;6;2020;20:15;1322;AV DOM LUIS;RUA VICENTE LEITE;;;;ColisÃ£o;;;;Cruz;SemÃ¡foro;Comercial;0;1;1;1;0;0;0;0;0;1;0;0;-3,73419700000;-38,49446700000;inter_match
359100;24;6;2020;11:31;6564;AV H CJ CEARA;AV G CJ CEARA;;;;ColisÃ£o;Luz do Dia;;;T;Pare;Misto;0;1;1;1;0;0;0;0;0;1;0;0;-3,77573900000;-38,61016700000;inter_match
359172;24;6;2020;19:50;0;RUA BERNARDO MANUEL;;;7200;;ColisÃ£o;;;;Meio de Quadra;;;0;1;1;1;0;0;0;0;0;1;0;0;-3,78126800000;-38,54607400000;mq_match
359027;24;6;2020;00:24;0;RUA DOIS;;;139;;Choque c/ ObstÃ¡culo Fixo;Via Iluminada;Bom;Seca;Meio de Quadra;Pare;Residencial;0;0;1;1;0;0;0;0;0;0;0;0;-3,79312000000;-38,53037000000;mq_gpsv
359098;24;6;2020;11:23;0;AV AUGUSTO DOS ANJOS;;;940;;ColisÃ£o;Luz do Dia;;;Meio de Quadra;;;0;1;1;1;0;0;0;0;0;0;0;0;-3,77608431000;-38,57556670000;mq_qgis
359086;24;6;2020;09:16;0;AV WASHINGTON SOARES;;;;;Atropelamento;Luz do Dia;;Seca;Meio de Quadra;;;0;1;1;1;0;0;0;0;0;0;0;0;;;
359083;24;6;2020;06:53;0;AV PRS JUSCELINO KUBITSCHEK (PASSARÃ‰);;;5800;;ColisÃ£o;Luz do Dia;;;Meio de Quadra;;;0;1;0;0;0;0;0;0;0;0;0;0;-3,82435840000;-38,53777620000;mq_match
359084;24;6;2020;07:42;5356;AV DUQ CAXIAS;RUA GAL SAMPAIO;;;;ColisÃ£o;Luz do Dia;;;Cruz;SemÃ¡foro;Comercial;0;1;1;1;0;0;0;0;0;1;0;0;-3,73109600000;-38,53202900000;inter_match
359117;24;6;2020;18:28;0;RD CE-040;;;;KM-02;ColisÃ£o;Anoitecer;;Seca;Meio de Quadra;;;0;0;2;1;0;0;0;1;0;0;0;0;-3,77361614800;-38,48179940000;rod_match
359139;24;6;2020;16:07;0;AV DES GONZAGA;;;322;;Queda;Luz do Dia;;;Meio de Quadra;;;0;1;0;0;0;0;0;0;0;1;0;0;-3,79005600000;-38,50318850000;mq_qgis
359140;24;6;2020;16:09;0;RUA PERGENTINO MAIA;;;1052;;Queda;Luz do Dia;;;Meio de Quadra;;;0;1;0;0;0;0;0;0;0;1;0;0;-3,83198000000;-38,48619000000;mq_gpsv
359141;24;6;2020;17:19;0;AV GOV RAUL BARBOSA;;;;;ColisÃ£o;Anoitecer;;;Meio de Quadra;;;0;1;1;0;0;0;0;0;0;1;0;0;;;
359142;24;6;2020;18:00;0;AV GODOFREDO MACIEL;;;6239;;Queda;Anoitecer;;;Meio de Quadra;;;0;1;0;0;0;0;0;0;0;1;0;0;-3,83015352000;-38,58068560000;mq_qgis
359143;24;6;2020;18:02;0;RUA JOSE ARAGAO;;;20;;ColisÃ£o;Anoitecer;;;Meio de Quadra;;;0;1;1;1;0;0;0;0;0;1;0;0;-3,80918000000;-38,51593000000;mq_gpsv
359144;24;6;2020;18:11;0;AV MR HULL;;;5557;;ColisÃ£o;Anoitecer;;;Meio de Quadra;;;0;1;0;0;0;0;0;0;0;0;0;0;-3,74001421900;-38,59398250000;mq_match
359145;24;6;2020;18:11;0;RUA EDUARDO PERDIGAO;;;;;Queda;Anoitecer;;;Meio de Quadra;;;0;1;0;0;0;1;0;0;0;0;0;0;;;
359146;24;6;2020;19:06;7220;RUA DOM QUINTINO;AV PASTEUR;;;;ColisÃ£o;;;;Cruz;Pare;Residencial;0;1;1;1;0;0;0;0;0;1;0;0;-3,71022200000;-38,55857000000;inter_match
359147;24;6;2020;19:10;0;AV GAL OSORIO DE PAIVA;;;6807;;Queda;;;;Meio de Quadra;;;0;1;0;0;0;0;0;0;0;1;0;0;-3,81360700000;-38,61066700000;mq_match
359148;24;6;2020;19:24;0;AV GAL OSORIO DE PAIVA;;;6805;;Queda;;;;Meio de Quadra;;;0;1;0;0;0;0;0;0;0;1;0;0;-3,81422000000;-38,61111000000;mq_gpsv
359149;24;6;2020;19:50;0;RUA BERNARDO MANUEL;;;7200;;ColisÃ£o;;;;;;;0;0;1;1;0;0;0;0;0;1;0;0;-3,78126800000;-38,54607400000;mq_match
359028;25;6;2020;08:22;25223;RUA L CJ VILA VELHA;RUA G CJ VILA VELHA;;;;Atropelamento;Luz do Dia;Bom;Seca;Cruz;Pare;Residencial;0;2;0;0;0;0;0;0;0;1;0;0;-3,71648900000;-38,60150000000;inter_match
359175;25;6;2020;05:57;0;AV GODOFREDO MACIEL;;;;;ColisÃ£o;Amanhecer;;;Meio de Quadra;;;0;1;1;1;0;0;0;0;0;1;0;0;;;
359180;25;6;2020;09:33;0;AV AUGUSTO DOS ANJOS;;;1170;;ColisÃ£o;Luz do Dia;;;Meio de Quadra;;;0;1;1;0;0;0;0;0;0;1;0;0;-3,77735900000;-38,57669700000;mq_match
359312;25;6;2020;10:20;0;AV JOSE BASTOS;;;5300;;ColisÃ£o;Luz do Dia;;;Meio de Quadra;;;0;1;1;0;0;0;0;0;0;1;0;0;-3,75879600000;-38,56335100000;mq_match
359313;25;6;2020;10:44;0;RUA TAUBATE;;;;;ColisÃ£o;Luz do Dia;;;Meio de Quadra;;;0;1;1;1;0;0;0;0;0;1;0;0;;;
359314;25;6;2020;10:44;0;RUA MOURA MATOS;;;1570;;ColisÃ£o;Luz do Dia;;;Meio de Quadra;;;0;1;1;0;0;0;0;0;0;1;0;0;-3,81213513000;-38,54396020000;mq_qgis
358941;25;6;2020;01:40;0;RUA BERNARDO MANUEL;;;10953;;ColisÃ£o;;;;Meio de Quadra;;;0;1;1;1;0;0;1;0;0;0;0;0;-3,81479851000;-38,55631230000;mq_qgis
359636;25;6;2020;17:09;0;AV MR HULL;;;;;Atropelamento;Anoitecer;;;Meio de Quadra;;;1;0;1;0;0;0;0;0;0;0;0;0;-3,74083800000;-38,59993800000;fat_match
359340;25;6;2020;15:58;0;AV EDILSON B SOARES;;;2902;;ColisÃ£o;Luz do Dia;;;Meio de Quadra;;;0;1;1;1;0;0;0;0;0;1;0;0;-3,78773000000;-38,45983000000;mq_gpsv
359343;25;6;2020;18:44;0;TR STA TEREZINHA;;;;;Queda;;;;Meio de Quadra;;;0;1;0;0;0;0;0;0;0;1;0;0;;;
359344;25;6;2020;18:57;0;RUA MIRTYL MEYER;;;157;;Queda;;;;Meio de Quadra;;;0;1;0;0;0;0;0;0;0;1;0;0;-3,80956000000;-38,57297000000;mq_gpsv
359345;25;6;2020;20:14;13592;AV PONTES VIEIRA;RUA PRO CARVALHO;;;;ColisÃ£o;;;;Cruz;SemÃ¡foro;Comercial;0;1;1;1;0;0;0;0;0;1;0;0;-3,75289000000;-38,51494900000;inter_match
359346;25;6;2020;21:12;15748;RUA MANUEL ARRUDA;RUA NOVA QUIETUDE;;;;ColisÃ£o;;;;Cruz;Pare;Comercial;0;1;1;1;0;0;0;0;0;1;0;0;-3,82915500000;-38,50313700000;inter_match
359326;25;6;2020;12:00;0;AV OLIVEIRA PAIVA;;;1650;;ColisÃ£o;Luz do Dia;;;Meio de Quadra;;;0;1;1;0;0;0;0;0;0;1;0;0;-3,79578900000;-38,49163180000;mq_qgis
359327;25;6;2020;12:04;0;AV ENG ALBERTO SA;;;620;;ColisÃ£o;Luz do Dia;;;Meio de Quadra;;;0;1;1;1;0;0;0;0;0;1;0;0;-3,73480000000;-38,47501200000;mq_qgis
359333;25;6;2020;12:59;0;RUA PEDRO DANTAS;;;586;;ColisÃ£o;Luz do Dia;;;Meio de Quadra;;;0;1;1;1;0;0;0;0;0;1;0;0;-3,78572000000;-38,52298000000;mq_match
359334;25;6;2020;13:57;0;AV BEZERRA DE MENEZES;;;2661;;ColisÃ£o;Luz do Dia;;;Meio de Quadra;;;0;1;1;1;0;0;0;0;0;1;0;0;-3,73646300000;-38,56832400000;mq_match
359335;25;6;2020;15:07;0;RUA TAVARES COUTINHO;;;782;;ColisÃ£o;Luz do Dia;;;Meio de Quadra;;;0;1;1;1;0;0;0;0;0;1;0;0;-3,73251000000;-38,48504000000;mq_gpsv
359336;25;6;2020;15:30;0;RUA JULIO SILVA;;;440;;ColisÃ£o;Luz do Dia;;;Meio de Quadra;;;0;1;0;0;0;0;0;0;0;1;0;0;-3,74537000000;-38,45462000000;mq_match
359329;25;6;2020;12:34;1393;AV RUI BARBOSA;RUA JOAO CARVALHO;;;;ColisÃ£o;Luz do Dia;;;Cruz;SemÃ¡foro;Residencial;0;1;1;1;0;0;0;0;0;1;0;0;-3,73692800000;-38,50973100000;inter_match
359330;25;6;2020;12:41;0;RUA ANTERO QUENTAL;;;58;;Atropelamento;Luz do Dia;;;Meio de Quadra;;;0;1;1;0;0;0;0;0;0;1;0;0;-3,86037000000;-38,49107000000;mq_gpsv
357432;25;6;2020;08:49;0;RUA DOS TREVOS;;;657;;Atropelamento;Luz do Dia;Bom;Seca;Meio de Quadra;NÃ£o HÃ¡ Controle;Residencial;0;2;0;0;0;0;0;0;0;1;0;0;-3,80170000000;-38,59615000000;mq_gpsv
357433;25;6;2020;10:33;17311;RUA ROMEU MARTINS;RUA JOAO FIRMINO;;;;ColisÃ£o Transversal;Luz do Dia;Bom;Seca;Cruz;Pare;Residencial;0;1;1;1;0;0;0;0;0;1;0;0;-3,76427400000;-38,55558200000;inter_match
357434;25;6;2020;13:05;7871;RUA LEONARDO MOTA;RUA PRO FRANCISCO GONCALVES;;;;ColisÃ£o Traseira;Luz do Dia;Bom;Seca;Cruz;Pare;Residencial;0;1;1;1;0;0;0;0;0;0;0;0;-3,74730800000;-38,49974800000;inter_match
357437;25;6;2020;00:55;0;AV BERNARDO MANUEL;;;10954;;NÃ£o Informado;Via Iluminada;Nublado;Seca;Meio de Quadra;DÃª PreferÃªncia;Comercial;0;1;1;1;0;0;0;0;0;1;0;0;-3,82992000000;-38,56067000000;mq_gpsv
357435;26;6;2020;09:23;239;AV JOVITA FEITOSA;RUA CRUZ SALDANHA;;;;ColisÃ£o Traseira;Luz do Dia;Bom;Seca;Cruz;NÃ£o HÃ¡ Controle;Comercial;0;0;2;1;0;0;0;0;0;0;0;0;-3,73920500000;-38,55317400000;inter_match
357436;26;6;2020;13:19;0;AV BORGES DE MELO;;;1711;;Choque c/ ObstÃ¡culo Fixo;Luz do Dia;Bom;Seca;Meio de Quadra;SemÃ¡foro;Comercial;0;1;0;1;0;0;0;0;0;0;0;0;-3,75646500000;-38,53409700000;mq_match
359347;26;6;2020;01:12;0;AV GAL OSORIO DE PAIVA;;;;;ColisÃ£o;;;;Meio de Quadra;;;0;1;1;1;0;0;0;0;0;1;0;0;;;
359349;26;6;2020;07:16;0;AV PRS CASTELO BRANCO;;;1000;;Queda;Luz do Dia;;;Meio de Quadra;;;0;1;0;0;0;0;0;0;0;1;0;0;-3,71801000000;-38,53548000000;mq_match
359350;26;6;2020;08:39;0;AV DEP PAULINO ROCHA;;;2460;;Queda;Luz do Dia;;;Meio de Quadra;;;0;1;0;0;0;0;0;0;0;1;0;0;-3,81048700000;-38,51798900000;mq_match
359351;26;6;2020;08:49;0;AV TRISTAO GONCALVES;;;1367;;ColisÃ£o;Luz do Dia;;;Meio de Quadra;;;0;1;1;1;0;0;0;0;0;1;0;0;-3,73359221800;-38,53514903600;mq_match
359352;26;6;2020;11:34;10003;RUA VITAL BRASIL;RUA AIRES DA CUNHA;;;;ColisÃ£o;Luz do Dia;;;Cruz;Pare;Residencial;0;1;1;1;0;0;0;0;0;1;0;0;-3,77630000000;-38,60406000000;inter_gpsv
359353;26;6;2020;12:24;0;RUA OSCAR ARARIPE;;;1699;;Atropelamento;Luz do Dia;;;Meio de Quadra;;;0;1;1;0;0;0;0;0;0;0;0;0;-3,78880900000;-38,60676600000;mq_match
359354;26;6;2020;12:24;0;AV AUGUSTO DOS ANJOS;;;902;;ColisÃ£o;Luz do Dia;;;Meio de Quadra;;;0;1;1;1;0;0;0;0;0;1;0;0;-3,77577400000;-38,57528900000;mq_qgis
359355;26;6;2020;12:41;0;RUA TEN BENEVOLO;;;569;;Queda;Luz do Dia;;;Meio de Quadra;;;0;1;0;0;0;0;0;0;0;1;0;0;-3,72571042000;-38,51606770000;mq_qgis
359376;26;6;2020;18:24;0;AV OLIVEIRA PAIVA;;;;;ColisÃ£o;Anoitecer;;;Meio de Quadra;;;0;1;1;1;0;0;0;0;0;1;0;0;;;
359377;26;6;2020;18:31;13590;AV PONTES VIEIRA;RUA DR JOSE LOURENCO;;;;ColisÃ£o;;;;T;NÃ£o HÃ¡ Controle;Comercial;0;1;1;1;0;0;0;0;0;1;0;0;-3,75266000000;-38,51351000000;inter_gpsv
359378;26;6;2020;18:37;0;AV BENJAMIM BRASIL;;;1080;;ColisÃ£o;;;;Meio de Quadra;;;0;1;1;1;0;0;0;0;0;1;0;0;-3,80540000000;-38,56522000000;mq_match
359379;26;6;2020;19:02;5673;RUA PINHEIRO MAIA;AV JOSE LEON;;;;ColisÃ£o;;;;Cruz;Pare;Residencial;0;1;1;1;0;0;0;0;0;1;0;0;-3,78859700000;-38,49872600000;inter_match
359380;26;6;2020;19:20;0;AV JOR THOMAZ COELHO;;;2706;;ColisÃ£o;;;;Meio de Quadra;;;0;1;0;0;0;0;0;0;0;0;0;0;-3,82838483100;-38,51880879000;mq_match
359381;26;6;2020;21:04;0;RUA GONCALVES DIAS;;;312;;Atropelamento;;;;Meio de Quadra;;;0;2;0;0;0;0;0;0;0;1;0;0;-3,74214400000;-38,55402600000;mq_qgis
359382;26;6;2020;22:09;0;AV CENTRAL CJ CEARA;;;;;ColisÃ£o;;;;Meio de Quadra;;;0;1;1;1;0;0;0;0;0;1;0;0;;;
359383;26;6;2020;22:21;0;RUA MIN ALBUQUERQUE LIMA;;;880;;ColisÃ£o;;;;Meio de Quadra;;;0;1;1;1;0;0;0;0;0;1;0;0;-3,77061500000;-38,60487200000;mq_qgis
359368;26;6;2020;16:17;9243;AV EDUARDO GIRAO;AV DOS EXPEDICIONARIOS;;;;ColisÃ£o;Luz do Dia;;;Cruz;SemÃ¡foro;Comercial;0;0;1;0;0;0;0;0;0;0;0;0;-3,75071200000;-38,53684900000;inter_match
359370;26;6;2020;16:31;0;AV BEZERRA DE MENEZES;;;750;;Atropelamento;Luz do Dia;;;Meio de Quadra;;;0;1;1;0;0;0;0;0;0;0;0;0;-3,73285000000;-38,55138000000;mq_gpsv
359371;26;6;2020;16:38;23653;AV OLAVO BILAC;RUA BAR CRATO;;;;Queda;Luz do Dia;;;Cruz;SemÃ¡foro;Comercial;0;1;0;0;0;0;0;0;0;1;0;0;-3,72303600000;-38,56637000000;inter_match
359372;26;6;2020;17:19;0;AV ENG HUMBERTO MONTE;;;;;Queda;Anoitecer;;;Meio de Quadra;;;0;1;0;0;0;0;0;0;0;1;0;0;;;
359363;26;6;2020;15:02;0;RUA BERNARDO MANUEL;;;8550;;ColisÃ£o;Luz do Dia;;;Meio de Quadra;;;0;1;0;0;0;0;0;0;0;0;0;0;-3,79480666700;-38,55022767000;mq_match
359364;26;6;2020;15:25;502;AV SEN FERNANDES TAVORA;RUA PRO VIRGILIO DE MORAIS;;;;ColisÃ£o;Luz do Dia;;;Cruz;SemÃ¡foro;Residencial;0;1;1;1;0;0;0;0;0;1;0;0;-3,75523260000;-38,59735000000;inter_match
359365;26;6;2020;15:58;0;AV FRANCISCO SA;;;5174;;ColisÃ£o;Luz do Dia;;;Meio de Quadra;;;0;1;1;1;0;0;0;0;0;1;0;0;-3,71290800000;-38,57053460000;mq_qgis
359366;26;6;2020;16:10;0;RUA RUI MONTE;;;348;;ColisÃ£o;Luz do Dia;;;Meio de Quadra;;;0;1;1;1;0;0;0;0;0;1;0;0;-3,74232600000;-38,58733000000;mq_qgis
359360;26;6;2020;13:02;0;RUA OSCAR ARARIPE;;;1544;;ColisÃ£o;Luz do Dia;;;Meio de Quadra;;;0;1;1;0;0;0;0;0;0;1;0;0;-3,78933660000;-38,60514030000;mq_qgis
359361;26;6;2020;14:44;0;AV SGT HERMINIO SAMPAIO;;;;;ColisÃ£o;Luz do Dia;;;Meio de Quadra;;;0;1;1;1;0;0;0;0;0;1;0;0;;;
359357;26;6;2020;13:00;0;AV TRISTAO GONCALVES;;;358;;ColisÃ£o;Luz do Dia;;;Meio de Quadra;;;0;1;1;1;0;0;0;0;0;1;0;0;-3,72500593000;-38,53257220000;mq_qgis
358945;26;6;2020;17:30;0;RUA TOBIAS CORREIA;;;;;ColisÃ£o;Anoitecer;;;Meio de Quadra;;;0;1;1;1;0;0;0;0;0;0;0;0;;;
358949;26;6;2020;13:45;2021;RUA DA ZAMBAIA;RUA DAS CARAVELAS;;;;ColisÃ£o;Luz do Dia;Nublado;Seca;Cruz;Pare;Residencial;0;1;1;1;0;0;0;0;0;1;0;0;-3,69688000000;-38,57971000000;inter_gpsv
358947;26;6;2020;18:10;0;RUA RUI MONTE;;;331;;ColisÃ£o;Anoitecer;;;Meio de Quadra;;;0;1;1;1;0;0;0;0;1;0;0;0;-3,74232600000;-38,58733000000;mq_qgis
359031;26;6;2020;10:40;15362;RUA CEL LINHARES;RUA PEREIRA VALENTE;;;;ColisÃ£o Lateral;Luz do Dia;Bom;Seca;Cruz;Pare;Residencial;0;2;0;0;0;0;0;0;0;1;0;0;-3,73351700000;-38,49318300000;inter_match
359033;26;6;2020;19:30;0;AV JOR THOMAZ COELHO;;;2706;;ColisÃ£o Lateral;Via Iluminada;Bom;Seca;Meio de Quadra;SemÃ¡foro;Residencial;1;0;1;0;0;0;1;0;0;1;0;0;-3,82838483100;-38,51880879000;mq_match
359036;26;6;2020;01:10;23804;AV GAL OSORIO DE PAIVA;RUA RAIMUNDO NERY;;;;ColisÃ£o Transversal;Via Iluminada;Bom;Seca;Cruz;SemÃ¡foro;Residencial;0;0;2;1;0;0;0;0;0;1;0;0;-3,79030600000;-38,58806500000;inter_match
359126;26;6;2020;19:30;0;RD CE-040;;;;KM-09;ColisÃ£o;;;Seca;Meio de Quadra;;;0;0;2;1;0;0;0;0;0;0;0;0;-3,83445089700;-38,48246582000;rod_match
359037;27;6;2020;04:00;600;RUA MANACA;RUA PRO JOSE BONIFACIO;;;;Choque c/ ObstÃ¡culo Fixo;Via Iluminada;Chuva;Molhada;Cruz;Pare;Comercial;0;0;2;0;1;0;0;0;0;0;0;0;-3,71154000000;-38,56270000000;inter_gpsv