COD_ACIDENTE;DIA;MES;ANO;HORA;INTERSECAO;LOG1;LOG2;LOG3;NUMERO;REFERENCIA;NATUREZA;ILUMINACAO;TEMPO;SUPERFICIEPISTA;TIPOCRUZAMENTO;CONTROLETRAFEGO;USOSOLO;MORTOS;FERIDOS;ILESOS;AUTOMOVEL;ONIBUS;BICICLETA;CAMINHAO;MICROONIBUS;CICLOMOTOR;MOTOCICLETA;TRACAOANIMAL;TREM;LATITUDE;LONGITUDE;METODO
358337;1;7;2020;11:07;10406;AV GENIBAU;RUA PERILIO TEIXEIRA;;0;;ColisÃ£o Transversal;Luz do Dia;Bom;Seca;Cruz;Pare;Comercial;0;0;2;1;0;0;0;0;0;0;0;0;-3,76037300000;-38,60205000000;inter_match
358338;1;7;2020;17:16;0;AV JOAO PESSOA;;;6943;;Choque c/ ObstÃ¡culo Fixo;Luz do Dia;Bom;Seca;Outros;NÃ£o HÃ¡ Controle;Residencial;0;0;1;0;0;0;0;0;0;0;0;0;-3,77104400000;-38,56137900000;mq_match
358339;1;7;2020;20:10;0;AV PRUDENTE BRASIL;;;633;;ColisÃ£o Lateral;Via Iluminada;Bom;Seca;Outros;NÃ£o HÃ¡ Controle;Residencial;0;0;2;1;0;0;0;0;0;1;0;0;-3,80870900000;-38,53410200000;mq_match
358340;1;7;2020;22:01;0;AV ROGACIANO LEITE;;;0;;ColisÃ£o Lateral;Via Iluminada;Bom;Seca;Meio de Quadra;NÃ£o HÃ¡ Controle;Residencial;0;0;2;1;0;0;0;0;0;0;0;0;-3,77254870000;-38,49875000000;mq_match
360725;1;7;2020;13:07;7717;AV JOAO PESSOA;RUA PACAEMBU;;;;ColisÃ£o;Luz do Dia;;;T;Outros;Comercial;0;1;0;1;0;0;0;0;0;1;0;0;-3,76530800000;-38,55901400000;inter_match
360727;1;7;2020;15:11;0;RUA PORTO VELHO;;;534;;ColisÃ£o;Luz do Dia;;;Meio de Quadra;;;0;1;0;1;0;0;0;0;0;1;0;0;-3,76675100000;-38,58554800000;mq_match
360730;1;7;2020;16:44;0;AV WASHINGTON SOARES;;;;;Atropelamento;Luz do Dia;;;Meio de Quadra;;;0;1;0;0;0;0;0;0;0;1;0;0;;;
360731;1;7;2020;16:20;0;RUA DAS PALMEIRAS;;;1011;;ColisÃ£o;Luz do Dia;;;Meio de Quadra;;;0;1;0;0;0;0;0;0;0;0;0;0;;;
360733;1;7;2020;17:53;0;AV FRANCISCO SA;;;6059;;ColisÃ£o;Anoitecer;;;Meio de Quadra;;;0;1;0;0;0;0;0;0;0;0;0;0;-3,70992920000;-38,57915440000;mq_qgis
360734;1;7;2020;10:53;0;RUA CEL FRANCISCO ALVES RIBEIRO;;;723;;ColisÃ£o;Luz do Dia;;;Meio de Quadra;;;0;1;0;0;0;0;0;0;0;0;0;0;-3,82291000000;-38,50157000000;mq_gpsv
360748;1;7;2020;;0;RUA TEA SILVANO SERRA;;;555;;ColisÃ£o;;;;Meio de Quadra;;;0;1;0;1;0;0;0;0;0;1;0;0;-3,74109000000;-38,46362000000;mq_gpsv
360996;1;7;2020;20:08;10681;AV MIGUEL DIAS;RUA FIRMINO ROCHA AGUIAR;;;;ColisÃ£o;;;;RotatÃ³ria;DÃª PreferÃªncia;Escola;0;1;0;1;0;0;0;0;0;1;0;0;-3,76351700000;-38,48770800000;inter_match
361298;1;7;2020;20:36;0;RUA EMILIA GONCALVES;;;590;;Atropelamento;;;;Meio de Quadra;;;0;1;0;0;0;0;0;0;0;1;0;0;-3,72839607000;-38,59480828000;mq_match
361300;1;7;2020;20:44;0;AV PASTEUR;;;1099;;ColisÃ£o;;;;Meio de Quadra;;;0;1;0;1;0;0;0;0;0;1;0;0;-3,71642000000;-38,56059000000;mq_gpsv
361301;1;7;2020;21:49;10994;RUA CESAR ROSSAS;RUA ALM RUBIM;;;;ColisÃ£o;;;;Y;NÃ£o HÃ¡ Controle;Comercial;0;1;0;0;0;0;0;0;0;0;0;0;-3,76956700000;-38,55619000000;inter_match
361302;1;7;2020;23:50;0;RUA ANGELICA GURGEL;;;;;Queda;;;;Meio de Quadra;;;0;1;0;0;0;1;0;0;0;0;0;0;;;
361303;2;7;2020;06:36;0;RUA DNA LEOPOLDINA;;;340;;ColisÃ£o;Luz do Dia;;;Meio de Quadra;;;0;1;0;1;0;0;0;0;0;1;0;0;-3,72834300000;-38,51867550000;mq_qgis
361316;2;7;2020;07:39;0;AV D CJ JOSE WALTER;;;;;ColisÃ£o;Luz do Dia;;;Meio de Quadra;;;0;1;0;1;0;0;0;0;0;1;0;0;;;
361318;2;7;2020;08:28;0;AV ALM HENRIQUE SABOIA;;;;;ColisÃ£o;Luz do Dia;;;Meio de Quadra;;;0;1;0;1;0;0;0;0;0;1;0;0;;;
361320;2;7;2020;08:58;0;RUA CEL MANUEL ALBANO;;;674;;ColisÃ£o;Luz do Dia;;;Meio de Quadra;;;0;1;0;1;0;0;0;0;0;1;0;0;;;
361321;2;7;2020;11:29;0;RUA STO ANTONIO D12;;;103;;Queda;Luz do Dia;;;Meio de Quadra;;;0;1;0;0;0;0;0;0;0;1;0;0;-3,69651200000;-38,58176800000;mq_gpsv
361325;2;7;2020;11:44;1656;RUA PRO DIAS DA ROCHA;RUA BENI DE CARVALHO;;;;ColisÃ£o;Luz do Dia;;;Cruz;Pare;Residencial;0;1;0;1;0;0;0;0;0;1;0;0;-3,74599400000;-38,49502400000;inter_match
361327;2;7;2020;12:40;0;AV 13 DE MAIO;;;1363;;ColisÃ£o;Luz do Dia;;;Meio de Quadra;;;0;1;0;1;0;0;0;0;0;1;0;0;-3,74800000000;-38,53089800000;mq_gpsv
361374;2;7;2020;14:10;0;RUA CARLOS CHAGAS;;;1450;;Queda;Luz do Dia;;;Meio de Quadra;;;0;1;0;0;0;1;0;0;0;0;0;0;-3,77797074000;-38,59283740000;mq_qgis
361375;2;7;2020;14:45;0;RUA SGT JOAO PINHEIRO;;;;;Queda;Luz do Dia;;;Meio de Quadra;;;0;1;0;0;0;0;0;0;0;1;0;0;;;
361376;2;7;2020;16:42;25047;RUA CIDADE PALHANO;RUA ANTONIO ARRUDA;;;;ColisÃ£o;Luz do Dia;;;Cruz;Pare;Comercial;0;1;0;1;0;0;0;0;0;1;0;0;-3,71790300000;-38,59335900000;inter_match
361378;2;7;2020;17:42;0;RUA ALBERTO MAGNO;;;;;ColisÃ£o;Anoitecer;;;Meio de Quadra;;;0;1;0;1;0;0;0;0;0;1;0;0;;;
361379;2;7;2020;18:30;0;RUA AQUIRAZ;;;2005;;ColisÃ£o;Anoitecer;;;Meio de Quadra;;;0;1;0;1;0;0;0;0;0;1;0;0;;;
361380;2;7;2020;18:51;0;RUA TULIPA;;;800;;ColisÃ£o;;;;Meio de Quadra;;;0;1;0;1;0;0;0;0;0;1;0;0;-3,71736700000;-38,58061900000;mq_match
361381;2;7;2020;18:52;0;RUA TULIPA;;;800;;ColisÃ£o;;;;Meio de Quadra;;;0;0;1;1;0;0;0;0;0;1;0;0;-3,71736700000;-38,58061900000;mq_match
361382;2;7;2020;19:05;0;RUA JOSE DANTAS PEREIRA;;;2;;Atropelamento;;;;Meio de Quadra;;;0;1;0;0;0;0;0;0;0;1;0;0;-3,82330000000;-38,60582000000;mq_gpsv
361383;2;7;2020;19:08;0;RUA JABORANDI;;;1108;;Queda;;;;Meio de Quadra;;;0;1;0;0;0;0;0;0;0;1;0;0;-3,83959050000;-38,51605550000;mq_qgis
361384;2;7;2020;19:08;0;AV GAL OSORIO DE PAIVA;;;1607;;Queda;;;;Meio de Quadra;;;0;2;0;0;0;0;0;0;0;1;0;0;-3,78165189000;-38,57601860000;mq_qgis
361385;2;7;2020;20:40;0;AV AGUANAMBI;;;282;;Queda;;;;Meio de Quadra;;;0;1;0;0;0;1;0;0;0;0;0;0;-3,73937460000;-38,52447000000;mq_match
361329;2;7;2020;13:37;0;RD BR 116;;;6310;;ColisÃ£o;Luz do Dia;;;Meio de Quadra;;;0;1;0;1;0;0;0;0;0;1;0;0;-3,80469100000;-38,50305300000;rod_match
358341;2;7;2020;06:40;25125;RUA ROCHA LIMA;RUA DNA LEOPOLDINA;;;;ColisÃ£o Transversal;Luz do Dia;Bom;Seca;Cruz;SemÃ¡foro;Residencial;0;2;1;1;0;0;0;0;0;1;0;0;-3,73666500000;-38,52142700000;inter_match
358342;2;7;2020;17:01;0;RUA MIN JOAQUIM BASTOS D14;;;196;;ColisÃ£o Frontal;Anoitecer;Bom;Seca;Meio de Quadra;NÃ£o HÃ¡ Controle;Residencial;0;2;1;1;0;0;0;0;0;1;0;0;-3,75485000000;-38,52695100000;mq_qgis
360328;2;7;2020;08:26;0;RUA CEL QUEIROZ;;;439;;Atropelamento;Luz do Dia;;;Meio de Quadra;;;0;1;0;0;0;0;0;0;0;0;0;0;;;
359712;2;7;2020;18:10;9152;RUA MARTINHO RODRIGUES;RUA MIN JOAQUIM BASTOS D14;;;;ColisÃ£o;Anoitecer;;;Cruz;Pare;Residencial;0;0;1;0;0;0;0;0;0;0;0;0;-3,75485000000;-38,52695100000;inter_match
359358;2;7;2020;13:10;25343;AV AUGUSTO DOS ANJOS;RUA NEREU RAMOS;;;;ColisÃ£o Transversal;Luz do Dia;Bom;Seca;T;Pare;Comercial;0;1;1;1;0;0;0;0;1;0;0;0;-3,78044500000;-38,57940700000;inter_match
359374;2;7;2020;20:00;10998;RUA DOM CARLOTO TAVORA;RUA ALBERTO MAGNO;;;;ColisÃ£o Transversal;Anoitecer;Bom;Seca;Cruz;Pare;Residencial;0;0;2;1;0;0;0;0;0;1;0;0;-3,77083200000;-38,55349500000;inter_match
359394;3;7;2020;10:50;0;RD CE-040;;;;KM-12;ColisÃ£o;Luz do Dia;;Seca;Meio de Quadra;;;0;0;2;1;0;0;1;0;0;0;0;0;-3,85769094900;-38,47204254000;rod_match
359456;3;7;2020;21:37;10999;RUA 15 DE NOVEMBRO;RUA ALBERTO MAGNO;;;;ColisÃ£o Transversal;Via Iluminada;Bom;Seca;Cruz;Pare;Comercial;1;0;1;0;0;0;1;0;1;0;0;0;-3,76990900000;-38,55316900000;inter_match
359398;3;7;2020;17:21;0;RD CE-060;;;5182;KM-01;Atropelamento;Anoitecer;;Seca;Meio de Quadra;;;0;3;0;0;0;0;0;0;0;1;0;0;-3,82613600000;-38,57950000000;rod_match
359718;3;7;2020;13:05;0;AV ENG SANTANA JUNIOR;;;;;ColisÃ£o;Luz do Dia;;;Meio de Quadra;;;0;0;2;1;0;0;0;0;0;0;0;0;;;
359726;3;7;2020;15:25;0;AV GODOFREDO MACIEL;;;2957;;ColisÃ£o;Luz do Dia;;;Meio de Quadra;;;0;0;1;0;0;0;0;0;0;0;0;0;-3,80166300000;-38,57154100000;mq_match
358343;3;7;2020;10:52;0;RUA JOSE VILAR;;;1707;;Queda;Luz do Dia;Chuva;Molhada;Meio de Quadra;NÃ£o HÃ¡ Controle;Residencial;0;1;0;0;0;0;0;0;0;1;0;0;-3,73926000000;-38,50578100000;mq_qgis
358344;3;7;2020;10:39;7674;AV JOSE BASTOS;RUA RIO GRANDE DO NORTE;;0;;ColisÃ£o Transversal;Luz do Dia;Nublado;Seca;Cruz;SemÃ¡foro;Comercial;0;1;1;1;0;0;0;0;0;1;0;0;-3,76056200000;-38,56447700000;inter_match
358345;3;7;2020;14:57;10406;RUA PERILIO TEIXEIRA;AV GENIBAU;;;;ColisÃ£o Transversal;Luz do Dia;Bom;Seca;Cruz;Pare;Comercial;0;1;1;0;0;0;0;0;0;1;0;0;-3,76037300000;-38,60205000000;inter_match
358346;3;7;2020;15:07;5246;RUA PEREIRA FILGUEIRAS;RUA GONCALVES LEDO;;;;ColisÃ£o Transversal;Luz do Dia;Bom;Seca;Cruz;Pare;Residencial;0;0;2;1;0;0;0;0;0;1;0;0;-3,72766700000;-38,51500400000;inter_match
358347;3;7;2020;16:39;0;RUA ERICO MOTA;;;56;;Queda;Luz do Dia;Bom;Material Derrapante;Meio de Quadra;Gesto;Residencial;0;1;1;1;0;0;0;0;0;1;0;0;-3,73608900000;-38,56284000000;mq_match
358348;3;7;2020;17:40;0;RUA BERNARDO PORTO;;;467;;ColisÃ£o Transversal;Mal Iluminada;Bom;Seca;;;;0;1;0;0;0;0;0;0;0;1;0;0;-3,72125000000;-38,55747000000;mq_gpsv
358779;3;7;2020;00:05;0;RD BR 116;;;11000;KM-11;Atropelamento;;;;Meio de Quadra;;;0;1;1;1;0;0;0;0;0;0;0;0;-3,84716000000;-38,49717600000;rod_match
358780;3;7;2020;08:00;0;RD BR 222;;;;KM-02;ColisÃ£o Traseira;Luz do Dia;;;Meio de Quadra;;;0;1;2;1;0;0;0;0;0;0;0;0;-3,74036240000;-38,59699610000;rod_match
361402;3;7;2020;13:16;0;AV FRANCISCO SA;;;3783;;Atropelamento;Luz do Dia;;;Meio de Quadra;;;0;1;0;0;0;0;0;0;0;0;0;0;-3,71703930000;-38,55853700000;mq_match
361403;3;7;2020;13:25;0;AV GODOFREDO MACIEL;;;5768;;ColisÃ£o;Luz do Dia;;;Meio de Quadra;;;0;1;0;0;0;0;1;0;0;1;0;0;-3,82499970000;-38,57901420000;mq_match
361400;3;7;2020;12:01;0;AV GODOFREDO MACIEL;;;3993;;ColisÃ£o;Luz do Dia;;;Meio de Quadra;;;0;1;0;0;0;0;1;0;0;1;0;0;-3,80979500000;-38,57408360000;mq_qgis
361406;3;7;2020;13:47;10053;RUA OLIVEIRA SOBRINHO;RUA TAUBATE;;;;ColisÃ£o;Luz do Dia;;;Cruz;NÃ£o HÃ¡ Controle;Residencial;0;1;0;1;0;0;0;0;0;1;0;0;-3,77940400000;-38,59838100000;inter_match
361407;3;7;2020;13:55;0;RUA PERILIO TEIXEIRA;;;299;COLEGIO FUTURO MESTRE;ColisÃ£o;Luz do Dia;;;Meio de Quadra;;;0;1;0;1;0;0;0;0;0;1;0;0;-3,81680540000;-38,47916530000;mq_match
361409;3;7;2020;14:55;0;AV FRANCISCO SA;;;3945;;ColisÃ£o;Luz do Dia;;;Meio de Quadra;;;0;1;0;1;0;0;0;0;0;1;0;0;-3,71649600000;-38,56004700000;mq_match
361410;3;7;2020;16:10;0;AV 13 DE MAIO;;;2955;;Outros;Luz do Dia;;;Meio de Quadra;;;0;1;0;0;0;0;0;0;0;0;0;0;-3,73886940000;-38,54190570000;mq_match
361411;3;7;2020;16:19;0;RD BR 116;;;;;ColisÃ£o;Luz do Dia;;;Meio de Quadra;;;0;1;0;1;0;0;0;0;0;0;0;0;;;
361415;3;7;2020;16:30;0;AV ALBERTO CRAVEIRO;;;1515;;ColisÃ£o;Luz do Dia;;;Meio de Quadra;;;0;0;1;1;0;0;0;0;0;1;0;0;-3,79380300000;-38,51775100000;mq_match
361416;3;7;2020;16:47;0;RUA JOAO RAMALHO;;;343;;ColisÃ£o;Luz do Dia;;;Meio de Quadra;;;0;1;0;0;0;0;0;0;0;0;0;0;-3,79870000000;-38,59003000000;mq_gpsv
361417;3;7;2020;16:47;0;AV BEZERRA DE MENEZES;;;765;;ColisÃ£o;Luz do Dia;;;Meio de Quadra;;;0;1;0;0;0;0;0;0;0;0;0;0;-3,73290180000;-38,55190300000;mq_match
361418;3;7;2020;16:59;0;RUA PESC CHICO BINDA;;;47;;Queda;Luz do Dia;;;Meio de Quadra;;;0;1;0;0;0;0;0;0;0;1;0;0;-3,72559000000;-38,47650000000;mq_gpsv
361413;3;7;2020;16:25;0;RUA PEREIRA DE MIRANDA;;;1054;;Outros;Luz do Dia;;;Meio de Quadra;;;0;1;0;0;0;0;0;0;0;0;0;0;-3,74138900000;-38,47690400000;mq_qgis
361420;3;7;2020;17:16;0;AV DUQ CAXIAS;;;404;;ColisÃ£o;Anoitecer;;;Meio de Quadra;;;0;1;0;1;0;0;0;0;0;1;0;0;-3,73229000000;-38,52811000000;mq_gpsv
361424;3;7;2020;17:27;0;AV PERIMETRAL;;;1921;;ColisÃ£o;Anoitecer;;;Meio de Quadra;;;0;1;0;1;0;0;0;0;0;1;0;0;;;
361427;3;7;2020;17:30;0;RUA VALPARAISO;;;1362;;ColisÃ£o;Anoitecer;;;Meio de Quadra;;;0;1;0;1;0;0;0;0;0;1;0;0;-3,84034711300;-38,53048612000;mq_match
361430;3;7;2020;17:33;0;RUA RUI MONTE;;;348;;ColisÃ£o;Anoitecer;;;Meio de Quadra;;;0;1;0;1;0;0;0;0;0;1;0;0;-3,74232600000;-38,58733000000;mq_qgis
361432;3;7;2020;17:41;0;RUA FARIAS LEMOS;;;1065;;ColisÃ£o;Anoitecer;;;Meio de Quadra;;;0;1;0;1;0;0;0;0;0;1;0;0;-3,81643000000;-38,49279000000;mq_gpsv
361437;3;7;2020;19:20;0;AV PDE ANTONIO TOMAS;;;2056;;;;;;Meio de Quadra;;;0;1;0;0;0;0;0;0;0;0;0;0;-3,74207600000;-38,49377100000;mq_match
361439;3;7;2020;19:20;18985;RUA EDILSON CANDEIAS;RUA VALPARAISO;;;;ColisÃ£o;;;;Cruz;Pare;Misto;0;1;0;0;0;0;0;0;0;1;0;0;-3,84431100000;-38,52565500000;inter_match
361442;3;7;2020;19:20;0;AV SEN FERNANDES TAVORA;;;;;ColisÃ£o;;;;Meio de Quadra;;;0;1;0;1;0;0;0;0;0;0;0;0;;;
361449;3;7;2020;22:42;0;AV SGT HERMINIO SAMPAIO;;;2311;;ColisÃ£o;;;;Meio de Quadra;;;0;1;0;1;0;0;0;0;0;1;0;0;-3,72647733400;-38,56110353300;mq_match
361452;3;7;2020;23:39;0;RUA PAULINO ROCHA D32;;;;;Queda;;;;Meio de Quadra;;;0;1;0;0;0;0;0;0;0;1;0;0;;;
361386;3;7;2020;06:50;0;AV ALM HENRIQUE SABOIA;;;;;Outros;Luz do Dia;;;Meio de Quadra;;;0;1;0;0;0;0;0;0;0;1;0;0;;;
361387;3;7;2020;06:54;0;RUA ANTONIO GOMES GUIMARAES;;;169;;Queda;Luz do Dia;;;Meio de Quadra;;;0;1;0;0;0;0;0;0;0;1;0;0;;;
361388;3;7;2020;09:17;5385;RUA GAL SAMPAIO;RUA GAL CLARINDO DE QUEIROZ;;;;Atropelamento;Luz do Dia;;;Cruz;SemÃ¡foro;Comercial;0;1;0;0;0;0;0;0;0;1;0;0;-3,73202800000;-38,53230800000;inter_match
361389;3;7;2020;09:27;0;RUA GAL PIRAGIBE;;;153;;ColisÃ£o;Luz do Dia;;;Meio de Quadra;;;0;1;0;1;0;0;0;0;0;1;0;0;-3,73566100000;-38,55839800000;mq_qgis
361390;3;7;2020;09:30;0;AV PERIMETRAL;;;32;;ColisÃ£o;Luz do Dia;;;Meio de Quadra;;;0;1;1;1;0;0;0;0;0;1;0;0;;;
361391;3;7;2020;09:47;0;RUA GAL CLARINDO DE QUEIROZ;;;1646;;ColisÃ£o;Luz do Dia;;;Meio de Quadra;;;0;1;1;1;0;1;0;0;0;0;0;0;-3,72998250000;-38,53866150000;mq_qgis
361392;3;7;2020;09:59;0;AV IMPERADOR;;;1330;;Queda;Luz do Dia;;;Meio de Quadra;;;0;1;0;0;0;0;0;0;0;1;0;0;-3,73304500000;-38,53617900000;mq_match
361393;3;7;2020;10:31;0;AV PRO GOMES DE MATOS;;;1385;;ColisÃ£o;Luz do Dia;;;Meio de Quadra;;;0;1;0;1;0;0;0;0;0;1;0;0;-3,76429000000;-38,54828000000;mq_gpsv
361394;3;7;2020;10:25;0;AV JOVITA FEITOSA;;;150;;Queda;Luz do Dia;;;Meio de Quadra;;;0;1;0;0;0;0;0;0;0;1;0;0;-3,73752625000;-38,54518430000;mq_qgis
361395;3;7;2020;11:19;7899;AV ANTONIO SALES;RUA MON CATAO;;;;Queda;Luz do Dia;;;Cruz;Pare;Comercial;0;1;0;0;0;0;0;0;0;1;0;0;-3,74817400000;-38,49364200000;inter_match
361396;3;7;2020;11:26;0;AV JOVITA FEITOSA;;;;;Queda;Luz do Dia;;;Meio de Quadra;;;0;1;0;0;0;0;0;0;0;1;0;0;;;
361454;4;7;2020;00:48;0;AV BAR STUDART;;;2765;;Engavetamento;;;;Meio de Quadra;;;0;1;0;1;0;0;0;0;0;0;0;0;-3,74800000000;-38,51079000000;mq_gpsv
361455;4;7;2020;03:17;0;RUA JORGE DUMAR;;;395;;ColisÃ£o;;;;Meio de Quadra;;;0;1;0;0;0;0;0;0;0;0;0;0;-3,74836000000;-38,53839000000;mq_gpsv
361456;4;7;2020;04:34;0;AV 13 DE MAIO;;;;;Queda;;;;Meio de Quadra;;;0;1;0;0;0;0;0;0;0;1;0;0;;;
361457;4;7;2020;06:47;0;RUA RIO GRANDE DO NORTE;;;1035;;ColisÃ£o;Luz do Dia;;;Meio de Quadra;;;0;1;0;0;0;0;0;0;0;1;0;0;-3,75661614000;-38,57067040000;mq_qgis
361459;4;7;2020;08:33;0;AV JOSE BASTOS;;;;;ColisÃ£o;Luz do Dia;;;Meio de Quadra;;;0;1;0;0;0;0;0;0;0;0;0;0;;;
361460;4;7;2020;10:09;0;RUA VALVERDE;;;751;;ColisÃ£o;Luz do Dia;;;Meio de Quadra;;;0;1;0;1;0;0;0;0;0;1;0;0;-3,79062000000;-38,60411000000;mq_gpsv
361463;4;7;2020;12:21;0;AV ENG AGRONOMO JOSE GUIMARAES DUQUE;;;960;;Queda;Luz do Dia;;;Meio de Quadra;;;0;1;0;0;0;0;0;0;0;1;0;0;-3,80524000000;-38,48773000000;mq_gpsv
361464;4;7;2020;14:17;0;RUA TORRES CAMARA;;;974;;ColisÃ£o;Luz do Dia;;;Meio de Quadra;;;0;1;0;1;0;0;0;0;0;1;0;0;-3,73709550000;-38,50241900000;mq_qgis
361473;4;7;2020;15:26;0;AV MAE LISBOA;;;;;ColisÃ£o;Luz do Dia;;;Meio de Quadra;;;0;1;0;0;0;0;0;0;0;1;0;0;;;
361482;4;7;2020;20:24;0;RUA EMILIO SA;;;205;;Atropelamento;;;;Meio de Quadra;;;0;1;0;0;0;0;0;0;0;0;0;0;-3,80217789000;-38,56986970000;mq_qgis
361483;4;7;2020;21:11;0;AV JOAO PESSOA;;;5425;;;;;;Meio de Quadra;;;0;2;0;0;0;0;0;0;0;1;0;0;-3,75860879000;-38,55498950000;mq_qgis
361484;4;7;2020;21:23;0;AV ABOLICAO;;;3235;;ColisÃ£o;;;;Meio de Quadra;;;0;1;0;1;0;0;0;0;0;1;0;0;-3,72652300000;-38,49030200000;mq_match
361485;4;7;2020;21:28;0;AV ROGACIANO LEITE;;;2280;;Queda;;;;Meio de Quadra;;;0;1;0;0;0;0;0;0;0;1;0;0;-3,77514197000;-38,49985500000;mq_qgis
361469;4;7;2020;15:20;0;AV CEL CARVALHO;;;1276;;ColisÃ£o;Luz do Dia;;;Meio de Quadra;;;0;1;0;0;0;0;0;0;0;1;0;0;-3,71365822200;-38,58887770400;mq_match
361471;4;7;2020;15:23;0;RUA ANTONIO NERY;;;767;;Queda;Luz do Dia;;;Meio de Quadra;;;0;1;0;0;0;1;0;0;0;0;0;0;-3,77973010000;-38,60063780000;mq_match
361475;4;7;2020;17:16;0;RUA DNA MENDINHA;;;1396;;Queda;Anoitecer;;;Meio de Quadra;;;0;1;0;0;0;0;0;0;0;1;0;0;-3,71655516000;-38,57274540000;mq_qgis
361477;4;7;2020;18:33;0;RUA JOAO MARIANO;;;475;;Queda;;;;Meio de Quadra;;;0;1;0;0;0;1;0;0;0;0;0;0;-3,79110551000;-38,47642060000;mq_qgis
361478;4;7;2020;19:40;0;RUA MOURA MATOS;;;1558;;ColisÃ£o;;;;Meio de Quadra;;;0;1;0;0;0;0;0;0;0;0;0;0;-3,81228338000;-38,54378470000;mq_qgis
361479;4;7;2020;19:54;0;RUA ESPIRITO SANTO;;;155;;ColisÃ£o;;;;Meio de Quadra;;;0;1;0;0;0;0;0;0;0;0;0;0;-3,75038451000;-38,56653800000;mq_qgis
361480;4;7;2020;20:17;7911;AV ANTONIO SALES;RUA OSVALDO CRUZ (ALDEOTA);;;;ColisÃ£o;;;;Cruz;SemÃ¡foro;Comercial;0;1;0;1;0;0;0;0;0;1;0;0;-3,74515650000;-38,50328870000;inter_match
361487;4;7;2020;22:18;26077;AV JOSE JATAHY;AV DUQ CAXIAS;;;;ColisÃ£o;;;;T;SemÃ¡foro;Comercial;0;1;0;0;0;0;0;0;0;0;0;0;-3,72669800000;-38,54556600000;inter_match
361488;4;7;2020;23:50;0;RUA JOSE LINHARES;;;598;;Queda;;;;Meio de Quadra;;;0;1;0;0;0;0;0;0;0;1;0;0;-3,84123008000;-38,52480960000;mq_qgis
361489;4;7;2020;23:54;0;AV PRS CASTELO BRANCO;;;;;ColisÃ£o;;;;Meio de Quadra;;;0;1;0;0;0;0;0;0;0;1;0;0;;;
361490;4;7;2020;00:52;9591;RUA JOSE TORRES;RUA PRIMEIRO DE MAIO D34;;;;Queda;;;;;;;0;1;0;0;0;0;0;0;0;1;0;0;-3,77782000000;-38,60665000000;inter_gpsv
358349;4;7;2020;10:01;0;AV JOSE BASTOS;;;3770;;Choque c/ ObstÃ¡culo Fixo;Luz do Dia;Bom;Seca;Meio de Quadra;NÃ£o HÃ¡ Controle;Comercial;0;1;1;1;0;0;0;0;0;1;0;0;-3,75115950000;-38,55161800000;mq_match
358350;4;7;2020;15:48;6749;RUA DR GILBERTO STUDART;RUA BATISTA DE OLIVEIRA;;;;ColisÃ£o Transversal;Luz do Dia;Bom;Seca;Cruz;NÃ£o HÃ¡ Controle;Residencial;0;0;2;1;0;0;0;0;0;1;0;0;-3,74373400000;-38,48058100000;inter_match
358351;4;7;2020;15:25;1394;RUA TORRES CAMARA;RUA TIBURCIO CAVALCANTE;;;;ColisÃ£o Transversal;Luz do Dia;Bom;Seca;Cruz;SemÃ¡foro;Comercial;0;0;2;1;0;0;0;0;0;1;0;0;-3,73693300000;-38,50290600000;inter_match
358352;4;7;2020;18:02;25455;RUA PEDRO LAZAR;AV ENG JOSÃ‰ GUIMARÃƒES;;;;ColisÃ£o Lateral;Via Iluminada;Bom;Seca;Cruz;Pare;Residencial;0;0;2;1;0;0;0;0;0;1;0;0;-3,80488000000;-38,48838000000;inter_gpsv
358353;4;7;2020;17:10;0;RUA PDE RODOLFO;RUA SILVINO;;653;;ColisÃ£o;Luz do Dia;Bom;Seca;Meio de Quadra;Pare;Residencial;0;2;1;1;0;0;0;0;0;1;0;0;-3,80456700000;-38,58640740000;inter_match
359730;4;7;2020;00:40;18739;RUA MAISA;RUA CODO;;;;ColisÃ£o;;;;;;;0;0;2;1;0;0;0;0;0;1;0;0;-3,85182700000;-38,52283000000;inter_match
359731;4;7;2020;18:10;0;RUA CEL MATOS DOURADO;;;828;;ColisÃ£o;Anoitecer;;;Meio de Quadra;;;0;0;1;1;0;0;0;0;0;0;0;0;-3,74665930000;-38,58482460000;mq_qgis
359732;4;7;2020;09:45;0;AV JOSE BASTOS;;;3767;;Choque c/ ObstÃ¡culo Fixo;Luz do Dia;;;Meio de Quadra;;;0;0;1;0;0;0;0;0;0;0;0;0;-3,75277000000;-38,55308000000;mq_gpsv
359403;4;7;2020;20:10;0;RD CE-040;;;;KM-02;ColisÃ£o;;;Seca;Meio de Quadra;;;0;0;2;1;0;0;0;0;0;0;0;0;-3,77361614800;-38,48179940000;rod_match
359461;4;7;2020;20:00;0;AV ANTONIO SALES;;;1357;;ColisÃ£o Traseira;Via Iluminada;Bom;Seca;Meio de Quadra;NÃ£o HÃ¡ Controle;Comercial;0;0;2;1;0;0;0;0;0;0;0;0;-3,74278830000;-38,51166500000;mq_match
359413;5;7;2020;12:50;0;RD CE-025;;;;KM-04;ColisÃ£o;Luz do Dia;;Seca;Meio de Quadra;;;0;0;2;0;1;0;0;0;0;0;0;0;-3,80511167900;-38,44333873000;rod_match
358354;5;7;2020;10:27;0;AV BERNARDO MANUEL;;;10800;;ColisÃ£o Traseira;Luz do Dia;Bom;Seca;Meio de Quadra;SemÃ¡foro;Residencial;0;2;0;0;0;0;0;0;0;1;0;0;-3,82988000000;-38,56065000000;mq_gpsv
358355;5;7;2020;10:09;0;AV JOVITA FEITOSA;;;3184;;ColisÃ£o Traseira;Luz do Dia;Bom;Seca;;;;0;1;1;1;0;0;0;0;0;0;0;0;-3,74186180000;-38,56627300000;mq_match