COD_ACIDENTE;DIA;MES;ANO;HORA;INTERSECAO;LOG1;LOG2;LOG3;NUMERO;REFERENCIA;NATUREZA;ILUMINACAO;TEMPO;SUPERFICIEPISTA;TIPOCRUZAMENTO;CONTROLETRAFEGO;USOSOLO;MORTOS;FERIDOS;ILESOS;AUTOMOVEL;ONIBUS;BICICLETA;CAMINHAO;MICROONIBUS;CICLOMOTOR;MOTOCICLETA;TRACAOANIMAL;TREM;LATITUDE;LONGITUDE;METODO
360379;18;7;2020;17:55;0;AV VICENTE DE CASTRO;;;;;Queda;Anoitecer;;;Meio de Quadra;;;0;1;0;0;0;1;0;0;0;0;0;0;;;
360413;18;7;2020;21:46;0;AV GAL OSORIO DE PAIVA;;;;;ColisÃ£o;;;;Meio de Quadra;;;0;1;1;1;1;0;0;0;0;0;0;0;;;
360402;18;7;2020;21:29;0;RUA CESAR FONTENELE;;;18;;Queda;;;;Meio de Quadra;;;0;1;0;0;0;0;0;0;0;1;0;0;-3,74591468000;-38,55673096000;mq_match
360399;18;7;2020;18:27;0;RUA EUCLIDES DA CUNHA;;;285;;Queda;Anoitecer;;;Meio de Quadra;;;0;1;0;0;0;0;0;0;0;1;0;0;-3,73532000000;-38,58091000000;mq_gpsv
360400;18;7;2020;21:27;0;AV DUQ CAXIAS;;;403;;Queda;;;;Meio de Quadra;;;0;1;0;0;0;1;0;0;0;0;0;0;-3,73240500000;-38,52795200000;mq_match
360406;18;7;2020;21:45;3376;AV ENG HUMBERTO MONTE;RUA CEL NUNES DE MELO;;;;ColisÃ£o;;;;Cruz;Pare;Residencial;0;1;0;0;0;0;0;0;0;0;0;0;-3,75338400000;-38,55694000000;inter_match
359457;18;7;2020;13:00;0;RD CE-040;;;8223;KM-03;Atropelamento;Luz do Dia;;Seca;Meio de Quadra;;;0;1;1;0;0;0;0;0;0;0;0;0;-3,78261432500;-38,48108390000;rod_match
359493;18;7;2020;13:00;0;AV JOSE JATAHY;;;;;ColisÃ£o Lateral;Luz do Dia;Bom;Seca;Meio de Quadra;Outros;Residencial;0;0;2;0;0;0;0;0;0;1;0;0;;;
359494;18;7;2020;14:20;18453;AV OLAVO BILAC;RUA SAO JUDAS TADEU D08;;;;ColisÃ£o Lateral;Luz do Dia;Bom;Seca;Cruz;Pare;Comercial;0;0;2;1;0;0;0;0;0;1;0;0;-3,72994800000;-38,56475900000;inter_match
359495;18;7;2020;21:23;0;AV GAL OSORIO DE PAIVA;;;;;ColisÃ£o Lateral;Via Iluminada;Bom;Seca;Meio de Quadra;SemÃ¡foro;Comercial;0;0;2;1;1;0;0;0;0;0;0;0;;;
359757;18;7;2020;01:10;0;AV WASHINGTON SOARES;;;;;ColisÃ£o;;;;Meio de Quadra;;;0;0;1;0;0;0;0;0;0;0;0;0;;;
360845;18;7;2020;17:34;0;AV PLACIDO CASTELO;;;295;;ColisÃ£o;Anoitecer;;;Meio de Quadra;;;0;1;1;0;0;0;0;0;0;1;0;0;-3,78411100000;-38,50926870000;mq_qgis
360846;19;7;2020;18:56;0;RUA HONORINO MAIA;;;636;;ColisÃ£o;;;;Meio de Quadra;;;0;1;1;1;0;0;0;0;0;1;0;0;-3,85537000000;-38,50236000000;mq_gpsv
359761;19;7;2020;22:00;6722;AV ENG SANTANA JUNIOR;RUA DR GILBERTO STUDART;;;;ColisÃ£o;;;;Outros;Pare;Comercial;0;2;0;0;0;0;0;0;0;1;0;0;-3,74197200000;-38,48604800000;inter_match
359762;19;7;2020;22:36;0;RUA BENTO ALBUQUERQUE;;;;;ColisÃ£o;;;;Meio de Quadra;;;0;0;2;0;1;0;0;0;0;1;0;0;;;
359499;19;7;2020;22:00;6745;RUA BENTO ALBUQUERQUE;RUA PRO OTAVIO LOBO;;;;ColisÃ£o Lateral;Via Iluminada;Bom;Seca;Cruz;SemÃ¡foro;Residencial;0;1;1;0;1;0;0;0;0;1;0;0;-3,74503500000;-38,47919600000;inter_match
360437;19;7;2020;01:28;0;AV OLIVEIRA PAIVA;;;1901;;ColisÃ£o;;;;Meio de Quadra;;;0;1;1;1;0;0;0;0;0;1;0;0;-3,79600900000;-38,48972700000;mq_match
360433;19;7;2020;00:59;0;AV GAL OSORIO DE PAIVA;;;297;;NÃ£o Informado;;;;Meio de Quadra;;;0;1;0;0;0;0;0;0;0;1;0;0;-3,77476442000;-38,56547390000;mq_qgis
360450;19;7;2020;03:18;14870;RUA ALFREDO MAMEDE;RUA WALDIR DIOGO;;;;Queda;;;;Cruz;SemÃ¡foro;Comercial;0;1;0;0;0;0;0;0;0;1;0;0;-3,80736700000;-38,58008400000;inter_match
360483;19;7;2020;11:29;5051;RUA SEN JAGUARIBE;RUA SEN POMPEU;;;;ColisÃ£o;Luz do Dia;;;Cruz;Pare;Comercial;0;1;0;1;0;0;0;0;0;1;0;0;-3,72166700000;-38,52805500000;inter_match
360484;19;7;2020;12:17;0;AV AUGUSTO DOS ANJOS;;;;;ColisÃ£o;Luz do Dia;;;Meio de Quadra;;;0;1;1;1;0;0;0;0;0;1;0;0;;;
360480;19;7;2020;09:09;0;RUA JACINTO MATOS;;;730;;Queda;Luz do Dia;;;Meio de Quadra;;;0;1;0;0;0;0;0;0;0;1;0;0;-3,71749280000;-38,54650000000;mq_match
360481;19;7;2020;09:22;0;RUA PEDRO MARTINS;;;1025;;ColisÃ£o;Luz do Dia;;;Meio de Quadra;;;0;1;0;0;0;0;0;0;0;0;0;0;-3,79741200000;-38,60607100000;mq_qgis
360474;19;7;2020;08:28;0;AV JOAO PESSOA;;;3570;;Atropelamento;Luz do Dia;;;Meio de Quadra;;;0;1;0;0;1;0;0;0;0;0;0;0;-3,74620700000;-38,54397200000;mq_match
360487;19;7;2020;12:53;0;AV JOVITA FEITOSA;;;;;ColisÃ£o;Luz do Dia;;;Meio de Quadra;;;0;1;1;1;0;0;0;0;0;1;0;0;;;
360489;19;7;2020;15:04;0;AV GODOFREDO MACIEL;;;88;;ColisÃ£o;Luz do Dia;;;Meio de Quadra;;;0;1;1;1;0;0;0;0;0;1;0;0;-3,77737160000;-38,56422950000;mq_match
360491;19;7;2020;15:33;0;AV BEIRA MAR;;;;;Queda;Luz do Dia;;;Meio de Quadra;;;0;1;0;0;0;0;0;0;0;1;0;0;;;
360477;19;7;2020;08:39;0;AV DOLOR BARREIRA;;;;;Queda;Luz do Dia;;;Meio de Quadra;;;0;1;0;0;0;0;0;0;0;1;0;0;;;
360470;19;7;2020;16:07;0;AV SALUSTIO DE PINHO;;;260;;Queda;Luz do Dia;;;Meio de Quadra;;;0;1;0;0;0;0;0;0;0;1;0;0;;;
360458;19;7;2020;05:28;0;RUA AUDISIO PINHEIRO;;;1302;;ColisÃ£o;Amanhecer;;;Meio de Quadra;;;0;1;1;1;0;0;0;0;0;1;0;0;-3,76258736000;-38,59097420000;mq_qgis
360459;19;7;2020;05:49;0;RD BR 116;;;;KM-07;Atropelamento de Animal;Amanhecer;;;Meio de Quadra;;;0;1;0;0;0;0;0;0;0;1;0;0;-3,78627635900;-38,51156140000;rod_match
360553;19;7;2020;20:42;0;RUA JACINTO MATOS;;;730;;ColisÃ£o;;;;Meio de Quadra;;;0;1;1;1;0;0;0;0;0;1;0;0;-3,71749280000;-38,54650000000;mq_match
360554;19;7;2020;21:43;6745;RUA BENTO ALBUQUERQUE;RUA PRO OTAVIO LOBO;;;;ColisÃ£o;;;;Cruz;SemÃ¡foro;Residencial;0;1;0;0;0;0;0;0;0;0;0;0;-3,74503500000;-38,47919600000;inter_match
360555;19;7;2020;22:00;0;RUA AUDISIO PINHEIRO;;;49;;Queda;;;;Meio de Quadra;;;0;1;0;0;0;1;0;0;0;0;0;0;-3,75276675000;-38,58578830000;mq_qgis
360556;19;7;2020;23:42;0;AV CAP WALDEMAR PAULA LIMA;;;997;;Queda;;;;Meio de Quadra;;;0;1;0;0;0;0;0;0;0;1;0;0;-3,82174000000;-38,50882200000;mq_qgis
360520;19;7;2020;20:04;0;AV CASTELO DE CASTRO;;;1601;;ColisÃ£o;;;;Meio de Quadra;;;0;1;0;1;0;0;0;0;0;1;0;0;-3,84250000000;-38,52146000000;mq_gpsv
360509;19;7;2020;18:51;12457;RUA PRO GOMES BRASIL;AV AUGUSTO DOS ANJOS;;;;Atropelamento;;;;Cruz;SemÃ¡foro;Comercial;0;1;0;1;0;0;0;0;0;0;0;0;-3,77430500000;-38,56743300000;inter_match
360515;19;7;2020;19:49;0;AV GOV RAUL BARBOSA;;;1604;;Queda;;;;Meio de Quadra;;;0;1;0;0;0;0;0;0;0;1;0;0;-3,75605000000;-38,50462000000;mq_gpsv
360516;19;7;2020;19:55;0;RUA PDE PEDRO DE ALENCAR;;;;;ColisÃ£o;;;;Meio de Quadra;;;0;1;1;1;0;0;0;0;0;1;0;0;;;
360517;19;7;2020;19:56;0;RUA BERNARDO MANUEL;;;9270;;ColisÃ£o;;;;Meio de Quadra;;;0;1;1;1;0;0;0;0;0;1;0;0;-3,80077385000;-38,55204500000;mq_qgis
360518;19;7;2020;19:58;0;RUA TOPAZIO;;;1255;;Queda;;;;Meio de Quadra;;;0;1;0;0;0;0;0;0;0;1;0;0;;;
360504;19;7;2020;16:03;0;AV MAJ ASSIS;;;2987;;Queda;Luz do Dia;;;Meio de Quadra;;;0;1;0;0;0;0;0;0;0;1;0;0;-3,71854841000;-38,60596890000;mq_qgis
360505;19;7;2020;16:04;0;AV JOR THOMAZ COELHO;;;2920;;ColisÃ£o;Luz do Dia;;;Meio de Quadra;;;0;1;1;1;0;0;0;0;0;1;0;0;-3,82870300000;-38,52126300000;mq_qgis
360506;19;7;2020;17:37;0;RUA MANOEL AGUIAR PONTES;;;1490;;ColisÃ£o;Anoitecer;;;Meio de Quadra;;;0;1;1;1;0;0;0;0;0;1;0;0;-3,80932000000;-38,51638000000;mq_gpsv
360414;19;7;2020;00:19;0;RUA COSTA FREIRE;;;2334;;ColisÃ£o;;;;Meio de Quadra;;;1;0;1;1;0;0;0;0;0;1;0;0;-3,79854300000;-38,58994700000;mq_qgis
360415;19;7;2020;00:49;0;RUA PDE ANTONINO;;;304;;ColisÃ£o;;;;Meio de Quadra;;;0;1;1;0;0;0;0;0;0;1;0;0;-3,74313000000;-38,52020000000;mq_gpsv
358429;19;7;2020;22:18;0;AV BERNARDO MANUEL;;;8815;;Choque c/ ObstÃ¡culo Fixo;Via Iluminada;Bom;Seca;Meio de Quadra;NÃ£o HÃ¡ Controle;Residencial;0;0;1;1;0;0;0;0;0;0;0;0;-3,82932000000;-38,56039000000;mq_gpsv
358417;19;7;2020;09:08;19693;RUA GAL PIRAGIBE;RUA GUSTAVO SAMPAIO;;;;ColisÃ£o Traseira;Amanhecer;Bom;Seca;Cruz;Pare;Residencial;0;1;0;0;0;0;0;0;0;1;0;0;-3,73566100000;-38,55839800000;inter_match
358418;19;7;2020;15:39;2523;AV FRANCISCO SA;RUA TULIPA;;;;ColisÃ£o Transversal;Luz do Dia;Bom;Seca;T;SemÃ¡foro;Residencial;0;0;2;1;0;0;0;0;0;0;0;0;-3,71035900000;-38,57795400000;inter_match
358419;19;7;2020;22:21;0;AV ANTONIO SALES;;;3510;;ColisÃ£o Traseira;Via Iluminada;Bom;Seca;Meio de Quadra;NÃ£o HÃ¡ Controle;Residencial;0;0;2;0;0;0;0;0;0;1;0;0;-3,74846200000;-38,49255200000;mq_match
358420;20;7;2020;07:00;15141;AV MON TABOSA;RUA CARLOS VASCONCELOS;;;;ColisÃ£o Transversal;Luz do Dia;Nublado;Seca;Cruz;SemÃ¡foro;Comercial;0;0;2;1;0;0;0;0;0;1;0;0;-3,72428900000;-38,50798500000;inter_match
358421;20;7;2020;08:58;25307;AV JOSE LEON;AV DES GONZAGA;;;;ColisÃ£o Lateral;Luz do Dia;Bom;Seca;T;Pare;Comercial;0;1;1;0;0;0;0;0;0;1;0;0;-3,78708000000;-38,50451300000;inter_match
358422;20;7;2020;10:04;22084;RUA CAP FRANCISCO PEDRO;RUA ANA NERY;;;;ColisÃ£o Transversal;Luz do Dia;Bom;Seca;Cruz;Pare;Residencial;0;1;1;0;0;0;0;0;0;1;0;0;-3,74739900000;-38,54908500000;inter_match
358423;20;7;2020;13:03;1706;RUA CAP VASCONCELOS D46;RUA CAP CLOVIS MAIA;;;;ColisÃ£o Transversal;Luz do Dia;Nublado;Seca;Cruz;Pare;Residencial;0;1;1;1;0;0;0;0;0;1;0;0;-3,76907500000;-38,51643200000;inter_match
358424;20;7;2020;13:44;17370;RUA BAR SOBRAL;RUA ALM RUBIM;;;;ColisÃ£o Transversal;Luz do Dia;Bom;Seca;Cruz;SemÃ¡foro;Residencial;0;1;1;1;0;0;0;0;0;1;0;0;-3,76657200000;-38,55497200000;inter_match
358425;20;7;2020;18:48;24982;AV ALM HENRIQUE SABOIA;RUA CAROLINA SUCUPIRA;;;;Queda;Mal Iluminada;Chuva;Molhada;T;Pare;Residencial;0;0;1;0;0;0;0;0;0;1;0;0;-3,74438700000;-38,49000300000;inter_match
360557;20;7;2020;06:44;0;AV SANTOS DUMONT;;;;;ColisÃ£o;Luz do Dia;;;Meio de Quadra;;;0;1;1;1;0;1;0;0;0;0;0;0;;;
360565;20;7;2020;06:56;0;AV MON TABOSA;;;1281;;ColisÃ£o;Luz do Dia;;;Meio de Quadra;;;0;1;1;1;0;0;0;0;0;1;0;0;-3,72430500000;-38,50775460000;mq_qgis
360566;20;7;2020;07:07;0;RUA MARIA GOMES DE SA;;;991;;ColisÃ£o;Luz do Dia;;;Meio de Quadra;;;0;1;1;1;0;1;0;0;0;0;0;0;-3,82654600000;-38,58060900000;mq_match
360567;20;7;2020;07:17;0;AV AUGUSTO DOS ANJOS;;;898;;ColisÃ£o;Luz do Dia;;;Meio de Quadra;;;0;1;1;1;0;0;0;0;0;1;0;0;-3,77568100000;-38,57520200000;mq_match
360569;20;7;2020;07:39;0;AV JOSE LEON;;;777;;ColisÃ£o;Luz do Dia;;;Meio de Quadra;;;0;2;0;0;0;0;1;0;0;1;0;0;-3,78704464800;-38,50463970000;mq_match
359458;20;7;2020;06:40;0;RD CE-040;;;;KM-12;ColisÃ£o;Luz do Dia;;Seca;Meio de Quadra;;;0;0;2;1;0;0;0;0;0;0;0;0;-3,85769094900;-38,47204254000;rod_match
360625;20;7;2020;12:38;4113;RUA GOMES PASSOS;RUA LUCAS PINTO;;;;ColisÃ£o;Luz do Dia;;;Cruz;Pare;Comercial;0;1;1;0;0;0;0;0;0;1;0;0;-3,71226600000;-38,55819000000;inter_match
360626;20;7;2020;14:35;0;RUA COS LAFAYETE;;;707;;ColisÃ£o;Luz do Dia;;;Meio de Quadra;;;0;1;0;0;0;0;0;0;0;0;0;0;-3,71782027000;-38,58457370000;mq_qgis
360627;20;7;2020;15:07;13177;AV I CJ JOSE WALTER;AV D CJ JOSE WALTER;;;;ColisÃ£o;Luz do Dia;;;Cruz;SemÃ¡foro;Residencial;0;2;0;0;0;0;0;0;0;0;0;0;-3,83244000000;-38,55295700000;inter_match
360628;20;7;2020;15:19;0;RUA MOZART FIRMEZA;;;643;;ColisÃ£o;Luz do Dia;;;Meio de Quadra;;;0;1;1;1;0;0;0;0;0;1;0;0;-3,76755000000;-38,57830000000;mq_gpsv
360629;20;7;2020;15:53;659;RUA ANA FACO;RUA CRUZEIRO DO SUL;;;;ColisÃ£o;Luz do Dia;;;Cruz;Pare;Comercial;0;1;1;1;0;0;0;0;0;1;0;0;-3,71436800000;-38,56231400000;inter_match
360630;20;7;2020;16:05;0;RUA IRINEU DE SOUZA;;;1158;;ColisÃ£o;Luz do Dia;;;Meio de Quadra;;;0;1;1;1;0;0;0;0;0;1;0;0;;;
360631;20;7;2020;17:28;0;AV DOM MANUEL;;;1394;;Queda;Anoitecer;;;Meio de Quadra;;;0;1;0;0;0;0;0;0;0;1;0;0;-3,73596779000;-38,52359060000;mq_qgis
360632;20;7;2020;17:41;0;AV DEP PAULINO ROCHA;;;2175;;Queda;Anoitecer;;;Meio de Quadra;;;0;1;0;0;0;0;0;0;0;1;0;0;-3,81083100000;-38,51660200000;mq_match
360633;20;7;2020;17:48;0;RUA ANDRE CHAVES;;;;;Queda;Anoitecer;;;Meio de Quadra;;;0;1;0;0;0;0;0;0;0;1;0;0;;;
360634;20;7;2020;17:51;0;AV GODOFREDO MACIEL;;;3511;;ColisÃ£o;Anoitecer;;;Meio de Quadra;;;0;1;1;1;0;0;0;0;0;1;0;0;-3,80628300000;-38,57297800000;mq_match
360635;20;7;2020;18:01;5403;RUA PINTO MADEIRA;RUA GONCALVES LEDO;;;;ColisÃ£o;Anoitecer;;;Cruz;Pare;Residencial;0;1;1;1;0;0;0;0;0;1;0;0;-3,73262600000;-38,51649700000;inter_match
360636;20;7;2020;18:17;0;RUA CON DE CASTRO;;;5230;;Queda;Anoitecer;;;Meio de Quadra;;;0;1;0;0;0;0;0;0;0;1;0;0;-3,80900879000;-38,59546510000;mq_qgis
360637;20;7;2020;19:24;0;RD BR 116;;;5587;KM-02;ColisÃ£o;;;;Meio de Quadra;;;0;1;1;1;0;0;0;0;0;1;0;0;-3,77139100000;-38,51678000000;rod_match
360638;20;7;2020;19:46;0;RUA ANTONIO NERY;;;670;;ColisÃ£o;;;;Meio de Quadra;;;0;1;1;1;0;0;0;0;0;1;0;0;-3,77816200000;-38,60020400000;mq_qgis
360639;20;7;2020;20:27;0;AV HIS RAIMUNDO GIRAO;;;1338;;ColisÃ£o;;;;Meio de Quadra;;;0;2;0;1;0;0;0;0;0;1;0;0;-3,72419600000;-38,50402300000;mq_match
360640;20;7;2020;22:18;0;RUA CEL VIRGILIO NOGUEIRA (BOM JARDIM);;;749;;Queda;;;;Meio de Quadra;;;0;1;0;0;0;0;0;0;0;1;0;0;-3,78922000000;-38,60883000000;mq_gpsv
360573;20;7;2020;08:25;6545;AV A CJ CEARA;AV H CJ CEARA;;;;ColisÃ£o;Luz do Dia;;;Cruz;SemÃ¡foro;Comercial;0;1;1;1;0;0;0;0;0;1;0;0;-3,77514600000;-38,60592400000;inter_match
360575;20;7;2020;09:29;0;RUA ANA NERY;;;977;;ColisÃ£o;Luz do Dia;;;Meio de Quadra;;;0;1;1;1;0;0;0;0;0;1;0;0;-3,74957554000;-38,54665430000;mq_qgis
360576;20;7;2020;10:19;0;RUA PDE PEDRO DE ALENCAR;;;1171;;ColisÃ£o;Luz do Dia;;;Meio de Quadra;;;0;1;1;1;0;0;0;0;0;1;0;0;-3,83818165000;-38,49420230000;mq_qgis
360577;20;7;2020;12:33;0;RUA GOMES PASSOS;;;210;;ColisÃ£o;Luz do Dia;;;Meio de Quadra;;;0;2;0;0;0;0;0;0;0;1;0;0;-3,71226600000;-38,55819000000;mq_qgis
360570;20;7;2020;07:42;25307;AV JOSE LEON;AV DES GONZAGA;;;;ColisÃ£o;Luz do Dia;;;T;Pare;Comercial;0;2;0;1;0;0;0;0;0;1;0;0;-3,78708000000;-38,50451300000;inter_match
360641;21;7;2020;07:51;0;RUA 15 DE NOVEMBRO;;;484;;ColisÃ£o;Luz do Dia;;;Meio de Quadra;;;0;1;1;0;0;0;0;0;0;1;0;0;-3,76890700000;-38,55593900000;mq_match
360642;21;7;2020;09:00;0;AV DR SILAS MUNGUBA;;;1200;;ColisÃ£o;Luz do Dia;;;Meio de Quadra;;;0;1;0;0;0;0;0;0;0;0;0;0;-3,78240728000;-38,55538800000;mq_qgis
360643;21;7;2020;09:04;0;RUA PEDRO DANTAS;;;586;;ColisÃ£o;Luz do Dia;;;Meio de Quadra;;;0;1;1;1;0;0;0;0;0;1;0;0;-3,78572000000;-38,52298000000;mq_match
360644;21;7;2020;09:14;0;RUA NAPOLEAO QUEZADO;;;;;Atropelamento;Luz do Dia;;;Meio de Quadra;;;0;2;0;1;0;0;0;0;0;0;0;0;;;
360645;21;7;2020;10:20;0;RUA MONTE LIBANO;;;;;ColisÃ£o;Luz do Dia;;;Meio de Quadra;;;0;1;1;1;0;0;0;0;0;1;0;0;;;
360647;21;7;2020;12:09;0;AV DUQ CAXIAS;;;;;Atropelamento;Luz do Dia;;;Meio de Quadra;;;0;1;0;0;0;0;0;0;0;1;0;0;;;
360648;21;7;2020;13:37;0;AV GAL OSORIO DE PAIVA;;;4390;;Queda;Luz do Dia;;;Meio de Quadra;;;0;1;0;0;0;0;0;0;0;1;0;0;-3,79677100000;-38,59437400000;mq_match
360649;21;7;2020;15:18;5418;RUA GAL CLARINDO DE QUEIROZ;RUA ASSUNCAO;;;;ColisÃ£o;Luz do Dia;;;Cruz;SemÃ¡foro;Comercial;0;1;0;0;0;0;0;0;0;0;0;0;-3,73332900000;-38,52826200000;inter_match
360660;21;7;2020;19:00;0;AV PAROARAS;;;905;;ColisÃ£o;;;;Meio de Quadra;;;0;2;0;0;0;0;0;0;0;1;0;0;-3,80919200000;-38,54159000000;mq_qgis
360669;21;7;2020;20:24;12826;AV DOS EXPEDICIONARIOS;RUA ANDRE CHAVES;;;;ColisÃ£o;;;;Cruz;SemÃ¡foro;Residencial;0;2;0;1;0;1;0;0;0;0;0;0;-3,75734500000;-38,53890300000;inter_match
360655;21;7;2020;16:26;0;AV ROGACIANO LEITE;;;2450;;ColisÃ£o;Luz do Dia;;;Meio de Quadra;;;0;1;0;0;0;0;0;0;0;0;0;0;-3,77745600000;-38,50077600000;mq_match
360656;21;7;2020;16:41;0;RUA SILVA PAULET;;;1325;;Atropelamento;Luz do Dia;;;Meio de Quadra;;;0;1;0;0;1;0;0;0;0;0;0;0;-3,73666567000;-38,50613450000;mq_qgis
360657;21;7;2020;17:15;0;AV JOSE JATAHY;;;;;Queda;Anoitecer;;;Meio de Quadra;;;0;1;0;0;0;0;0;0;0;1;0;0;;;
360658;21;7;2020;17:33;0;RUA BAR RIO BRANCO;;;;;Queda;Anoitecer;;;Meio de Quadra;;;0;2;0;0;0;0;0;0;0;1;0;0;;;
359459;21;7;2020;11:20;0;RD CE-040;;;;KM-11;ColisÃ£o;Luz do Dia;;Seca;Meio de Quadra;;;0;0;2;1;0;0;0;0;0;0;0;0;-3,84962623000;-38,47606989000;rod_match
359460;21;7;2020;10:15;0;AV GODOFREDO MACIEL;;;2740;;ColisÃ£o;Luz do Dia;;Seca;Meio de Quadra;;;1;0;2;1;0;1;1;0;0;0;0;0;-3,79943060000;-38,57090800000;mq_match
359502;21;7;2020;21:30;0;AV ODILON GUIMARAES;;;3651;;ColisÃ£o;Via Iluminada;Bom;Seca;Meio de Quadra;NÃ£o HÃ¡ Controle;Residencial;0;1;1;0;0;0;0;0;0;1;0;0;-3,81564593000;-38,46930290000;mq_qgis
359515;21;7;2020;17:20;12550;AV HILDEBRANDO DE MELO;AV MAJ ASSIS;;;;ColisÃ£o Transversal;Anoitecer;Bom;Seca;Cruz;Pare;Residencial;0;0;2;0;0;0;0;0;0;1;0;0;-3,72352930000;-38,58902400000;inter_match
359765;21;7;2020;15:50;0;AV GAL OSORIO DE PAIVA;;;;;ColisÃ£o;Luz do Dia;;;Meio de Quadra;;;0;0;1;0;0;0;0;0;0;0;0;0;;;
358426;21;7;2020;08:15;10995;RUA 15 DE NOVEMBRO;RUA ALM RUBIM;;;;ColisÃ£o Transversal;Luz do Dia;Bom;Seca;Cruz;Pare;Comercial;0;2;0;0;0;0;0;0;0;1;0;0;-3,76890700000;-38,55593900000;inter_match
358427;21;7;2020;09:05;0;AV GOV RAUL BARBOSA;;;6636;;Queda;Luz do Dia;Bom;Seca;Meio de Quadra;NÃ£o HÃ¡ Controle;Comercial;0;1;0;0;0;0;0;0;0;1;0;0;-3,77288150000;-38,51251200000;mq_match
358428;21;7;2020;17:02;0;RUA JOAQUIM FELICIO;;;1827;;ColisÃ£o Transversal;Luz do Dia;Bom;Seca;Meio de Quadra;NÃ£o HÃ¡ Controle;Residencial;0;0;2;0;0;0;0;0;0;1;0;0;-3,83177000000;-38,47848000000;mq_gpsv
358430;21;7;2020;19:33;245;RUA DOM LINO;RUA GAL BERNARDO FIGUEIREDO;;0;;NÃ£o Informado;Via Iluminada;Bom;Seca;Cruz;Pare;Residencial;0;1;1;1;0;0;0;0;0;1;0;0;-3,74058200000;-38,55626700000;inter_match
358431;21;7;2020;19:43;0;AV PRS CASTELO BRANCO;;;;;ColisÃ£o Lateral;Via Iluminada;Bom;Seca;Meio de Quadra;NÃ£o HÃ¡ Controle;Comercial;0;1;1;1;0;0;0;0;0;1;0;0;;;
358432;21;7;2020;21:22;12826;AV DOS EXPEDICIONARIOS;RUA ANDRE CHAVES;;;;Atropelamento;Via Iluminada;Bom;Seca;Cruz;SemÃ¡foro;Residencial;0;1;1;1;0;0;0;0;0;0;0;0;-3,75734500000;-38,53890300000;inter_match
358435;21;7;2020;16:49;5418;RUA ASSUNCAO;RUA GAL CLARINDO DE QUEIROZ;;;;ColisÃ£o Transversal;Luz do Dia;Bom;Seca;Cruz;SemÃ¡foro;Comercial;0;0;2;1;0;0;0;0;0;0;0;0;-3,73332900000;-38,52826200000;inter_match
358436;22;7;2020;16:03;0;AV BEIRA MAR;;;1140;;ColisÃ£o Transversal;Luz do Dia;Bom;Seca;Meio de Quadra;NÃ£o HÃ¡ Controle;Residencial;0;1;1;0;0;0;0;0;0;1;0;0;-3,72065350000;-38,51040050000;mq_qgis
358437;22;7;2020;16:45;659;RUA ANA FACO;RUA CRUZEIRO DO SUL;;;;ColisÃ£o Transversal;Luz do Dia;Bom;Seca;Cruz;Pare;Residencial;0;0;2;1;0;0;0;0;0;0;0;0;-3,71436800000;-38,56231400000;inter_match
358433;22;7;2020;11:30;0;RUA MON CARNEIRO DA CUNHA;;;1990;;Choque c/ ObstÃ¡culo Fixo;Luz do Dia;Bom;Seca;Meio de Quadra;NÃ£o HÃ¡ Controle;Residencial;0;0;1;1;0;0;0;0;0;0;0;0;-3,77611926000;-38,49087850000;mq_qgis
358434;22;7;2020;11:19;25027;AV DR SILAS MUNGUBA;RUA PRA STELLA COCHRANE;;;;ColisÃ£o Transversal;Luz do Dia;Bom;Seca;T;SemÃ¡foro;Comercial;0;1;1;1;1;0;0;0;0;0;0;0;-3,79309000000;-38,53504300000;inter_match
359773;22;7;2020;09:10;0;AV H CJ CEARA;;;901;;ColisÃ£o;Luz do Dia;;;Meio de Quadra;;;0;0;2;1;0;0;0;0;0;0;0;0;;;
359774;22;7;2020;16:00;0;AV JOVITA FEITOSA;;;2545;;ColisÃ£o;Luz do Dia;;;Meio de Quadra;;;0;0;2;1;0;0;0;0;0;1;0;0;-3,74053120000;-38,55987880000;mq_qgis
359519;22;7;2020;05:40;0;RUA ALBERTO MAGNO;;;283;;ColisÃ£o Lateral;Amanhecer;Bom;Seca;Meio de Quadra;Outros;Comercial;0;0;2;0;1;0;0;0;0;1;0;0;-3,75874679000;-38,54461840000;mq_qgis
359524;22;7;2020;23:50;22845;RUA GOV JOAO CARLOS;RUA CON LIMA SUCUPIRA;;;;ColisÃ£o Transversal;Via Iluminada;Bom;Seca;Cruz;Pare;Residencial;1;0;1;0;1;0;0;0;0;1;0;0;-3,77795100000;-38,55151800000;inter_match
360670;22;7;2020;07:12;0;RUA SGT JOAO PINHEIRO;;;194;;ColisÃ£o;Luz do Dia;;;Meio de Quadra;;;0;2;0;1;0;0;0;0;0;1;0;0;-3,77860750000;-38,62162300000;mq_match
360671;22;7;2020;10:05;5328;AV TRISTAO GONCALVES;AV DUQ CAXIAS;;;;ColisÃ£o;Luz do Dia;;;Cruz;SemÃ¡foro;Comercial;0;1;1;1;0;0;0;0;0;1;0;0;-3,73040000000;-38,53419600000;inter_match
360686;22;7;2020;11:40;0;AV CARNEIRO DE MENDONCA;;;875;;ColisÃ£o;Luz do Dia;;;Meio de Quadra;;;0;1;1;1;0;0;0;0;0;1;0;0;-3,76419000000;-38,56670000000;mq_gpsv