COD_ACIDENTE;DIA;MES;ANO;HORA;INTERSECAO;LOG1;LOG2;LOG3;NUMERO;REFERENCIA;NATUREZA;ILUMINACAO;TEMPO;SUPERFICIEPISTA;TIPOCRUZAMENTO;CONTROLETRAFEGO;USOSOLO;MORTOS;FERIDOS;ILESOS;AUTOMOVEL;ONIBUS;BICICLETA;CAMINHAO;MICROONIBUS;CICLOMOTOR;MOTOCICLETA;TRACAOANIMAL;TREM;LATITUDE;LONGITUDE;METODO
360683;22;7;2020;10:51;15835;RUA MANUEL CASTELO BRANCO;RUA CEL DIONISIO ALENCAR;;;;Queda;Luz do Dia;;;Cruz;Pare;Residencial;0;1;0;0;0;0;0;0;0;1;0;0;-3,83297300000;-38,48828100000;inter_match
360847;22;7;2020;10:53;0;RUA COM ESTACIO BRIGIDO;;;1990;;ColisÃ£o;Luz do Dia;;;Meio de Quadra;;;0;1;0;0;0;0;0;0;0;0;0;0;-3,79967000000;-38,58913000000;mq_gpsv
360744;22;7;2020;21:06;0;AV FRANCISCO SA;;;2743;;ColisÃ£o;;;;Meio de Quadra;;;0;1;1;1;0;0;0;0;0;1;0;0;-3,71985453300;-38,54995530000;mq_match
360747;22;7;2020;21:37;12545;AV CEL CARVALHO;RUA CARNAUBAL;;;;Queda;;;;Cruz;SemÃ¡foro;Residencial;0;1;0;0;0;1;0;0;0;0;0;0;-3,72221000000;-38,58665000000;inter_gpsv
360749;22;7;2020;22:44;0;RD BR 116;;;;KM-15;Queda;;;;Meio de Quadra;;;0;1;0;0;0;0;0;0;0;1;0;0;-3,88232900000;-38,50111300000;rod_match
360750;22;7;2020;23:14;0;RUA MACHADO DE ASSIS;;;800;;ColisÃ£o;;;;Meio de Quadra;;;0;1;1;1;0;1;0;0;0;0;0;0;-3,75274540000;-38,55137600000;mq_match
360751;22;7;2020;23:43;0;RUA GOV JOAO CARLOS;;;801;;ColisÃ£o;;;;Meio de Quadra;;;0;0;1;0;0;0;0;0;0;0;0;0;-3,78215969000;-38,55319980000;mq_qgis
360715;22;7;2020;13:02;0;AV ROGACIANO LEITE;;;;;ColisÃ£o;Luz do Dia;;;Meio de Quadra;;;0;1;1;1;0;0;0;0;0;1;0;0;;;
360721;22;7;2020;14:33;0;RUA OSCAR ARARIPE;;;877;;ColisÃ£o;Luz do Dia;;;Meio de Quadra;;;0;1;1;1;0;0;0;0;0;1;0;0;-3,79119900000;-38,59927000000;mq_match
360737;22;7;2020;17:34;0;AV 13 DE MAIO;;;;;ColisÃ£o;Anoitecer;;;Meio de Quadra;;;0;1;1;0;0;0;0;0;0;1;0;0;;;
360738;22;7;2020;17:41;4016;RUA JULIO CESAR D12;RUA PRO COSTA MENDES;;;;ColisÃ£o;Anoitecer;;;Cruz;Pare;Residencial;0;1;1;1;0;1;0;0;0;0;0;0;-3,75460030000;-38,54700500000;inter_match
360740;22;7;2020;17:49;0;RUA POMPILIO GOMES;;;644;;ColisÃ£o;Anoitecer;;;Meio de Quadra;;;0;1;0;0;0;0;0;0;0;0;0;0;;;
360741;22;7;2020;19:53;0;AV I CJ JOSE WALTER;;;911;;ColisÃ£o;;;;Meio de Quadra;;;0;1;1;1;0;0;0;0;0;1;0;0;-3,83213000000;-38,55279000000;mq_gpsv
360742;22;7;2020;20:20;0;AV LUCIANO CARNEIRO;;;1991;;Atropelamento;;;;Meio de Quadra;;;0;1;0;1;0;0;0;0;0;0;0;0;-3,76546720000;-38,53695300000;mq_match
360728;22;7;2020;15:57;13386;RUA JOAO BRIGIDO;RUA ANTONIO AUGUSTO;;;;ColisÃ£o;Luz do Dia;;;Cruz;Pare;Comercial;0;1;1;1;0;0;0;0;0;1;0;0;-3,74027900000;-38,51681300000;inter_match
360726;22;7;2020;15:51;659;RUA ANA FACO;RUA CRUZEIRO DO SUL;;;;ColisÃ£o;Luz do Dia;;;Cruz;Pare;Comercial;0;1;0;0;0;0;0;0;0;0;0;0;-3,71436800000;-38,56231400000;inter_match
360724;22;7;2020;15:34;0;RUA NAT FEIJO;;;869;;Queda;Luz do Dia;;;Meio de Quadra;;;0;1;0;0;0;0;0;0;0;1;0;0;-3,72159000000;-38,55673000000;mq_gpsv
360752;23;7;2020;01:26;0;AV EDUARDO GIRAO;;;;;ColisÃ£o;;;;Meio de Quadra;;;0;1;0;0;0;0;0;0;0;0;0;0;;;
360753;23;7;2020;06:32;0;AV H CJ CEARA;;;1955;;ColisÃ£o;Luz do Dia;;;Meio de Quadra;;;0;2;0;0;0;0;0;0;0;0;0;0;-3,77638155900;-38,61521370000;mq_match
360754;23;7;2020;06:57;0;AV GODOFREDO MACIEL;;;841;;ColisÃ£o;Luz do Dia;;;Meio de Quadra;;;0;1;0;0;0;0;0;0;0;0;0;0;-3,78327800000;-38,56583800000;mq_qgis
360755;23;7;2020;07:24;0;AV FRANCISCO SA;;;;;ColisÃ£o;Luz do Dia;;;Meio de Quadra;;;0;1;1;1;0;0;0;0;0;1;0;0;;;
360756;23;7;2020;07:39;16797;RUA QUIXADA D06;RUA APOCALIPSE (MONDUBIM);;;;Atropelamento;Luz do Dia;;;Cruz;NÃ£o HÃ¡ Controle;Residencial;0;1;0;0;1;0;0;0;0;0;0;0;-3,83307300000;-38,57236300000;inter_match
360757;23;7;2020;07:42;0;AV DEP PAULINO ROCHA;;;;;ColisÃ£o;Luz do Dia;;;Meio de Quadra;;;0;1;1;1;0;0;0;0;0;1;0;0;;;
360761;23;7;2020;07:54;0;AV SEN CARLOS JEREISSATI (AEROPORTO);;;;;ColisÃ£o;Luz do Dia;;;Meio de Quadra;;;0;2;0;0;0;0;0;0;0;1;0;0;;;
360762;23;7;2020;10:20;0;RUA CHICO FRANCA;;;;;Queda;Luz do Dia;;;Meio de Quadra;;;0;1;0;0;0;0;0;0;0;1;0;0;;;
360766;23;7;2020;11:21;0;RUA CLEMENTE SILVA D44;;;280;;Queda;Luz do Dia;;;Meio de Quadra;;;0;1;0;0;0;0;0;0;0;1;0;0;;;
360848;23;7;2020;07:04;0;RUA FRANCISCO JOSE A PEREIRA;;;980;;ColisÃ£o;Luz do Dia;;;Meio de Quadra;;;0;1;1;1;0;0;0;0;0;1;0;0;-3,81139000000;-38,50799000000;mq_gpsv
360849;23;7;2020;16:31;0;RUA CINCO (CJ TAMANDARE);;;1600;;Choque c/ ObstÃ¡culo Fixo;Luz do Dia;;;Meio de Quadra;;;0;1;1;0;0;0;0;0;0;1;0;0;;;
360850;23;7;2020;22:38;0;RUA RIO BONITO;;;72;;ColisÃ£o;;;;Meio de Quadra;;;0;1;1;1;0;1;0;0;0;0;0;0;;;
360831;23;7;2020;19:28;0;RUA DR JOAO GUILHERME;;;306;;Queda;;;;Meio de Quadra;;;0;1;0;0;0;0;0;0;0;1;0;0;-3,73706000000;-38,58852000000;mq_gpsv
360832;23;7;2020;19:38;14755;RUA STA LIDUINA D42;RUA ALBANO AMARAL;;;;ColisÃ£o;;;;Cruz;Pare;Residencial;0;1;1;1;0;0;0;0;0;1;0;0;-3,79781600000;-38,58498300000;inter_match
360829;23;7;2020;18:21;0;AV DEP PAULINO ROCHA;;;39;;ColisÃ£o;Anoitecer;;;Meio de Quadra;;;0;1;1;0;0;0;0;0;0;0;0;0;-3,80132770000;-38,50747300000;mq_match
360835;23;7;2020;20:18;0;RUA PRO EDGAR DE ARRUDA;;;987;;ColisÃ£o;;;;Meio de Quadra;;;0;2;0;0;0;0;0;0;0;1;0;0;-3,75864894000;-38,58401880000;mq_qgis
360836;23;7;2020;22:12;0;RUA NATAL;;;139;;Queda;;;;Meio de Quadra;;;0;1;0;0;0;1;0;0;0;0;0;0;-3,75595000000;-38,58906000000;mq_gpsv
360807;23;7;2020;15:36;24939;AV BEZERRA DE MENEZES;RUA CEL MOZART GONDIM;;;;Atropelamento;Luz do Dia;;;Cruz;SemÃ¡foro;Comercial;0;2;0;0;0;0;0;0;0;1;0;0;-3,73444900000;-38,55865100000;inter_match
360801;23;7;2020;11:31;0;AV LINEU MACHADO;;;725;;ColisÃ£o;Luz do Dia;;;Meio de Quadra;;;0;1;1;1;0;0;0;0;0;1;0;0;-3,76630400000;-38,57711200000;mq_match
360802;23;7;2020;11:38;0;AV AUGUSTO DOS ANJOS;;;475;;ColisÃ£o;Luz do Dia;;;Meio de Quadra;;;0;1;1;1;0;0;0;0;0;1;0;0;-3,77271800000;-38,57248480000;mq_match
360816;23;7;2020;17:02;0;AV D CJ CEARA;;;1240;;ColisÃ£o;Anoitecer;;;Meio de Quadra;;;0;2;0;1;0;0;0;0;0;1;0;0;-3,76308817000;-38,60253570000;mq_qgis
360818;23;7;2020;17:23;0;RUA ITALIA D43;;;299;;ColisÃ£o;Anoitecer;;;Meio de Quadra;;;0;1;1;1;0;0;0;0;0;1;0;0;;;
360819;23;7;2020;17:33;0;RD BR 116;;;;KM-12;Queda;Anoitecer;;;Meio de Quadra;;;0;1;0;0;0;0;0;0;0;1;0;0;-3,85574000000;-38,49606600000;rod_match
360824;23;7;2020;17:39;5445;RUA DNA LEOPOLDINA;AV HERACLITO GRACA;;;;ColisÃ£o;Anoitecer;;;Cruz;SemÃ¡foro;Comercial;0;1;1;0;0;0;0;0;0;1;0;0;-3,73472540000;-38,52079590000;inter_match
360825;23;7;2020;17:42;0;AV CASTELO DE CASTRO;;;;;Queda;Anoitecer;;;Meio de Quadra;;;0;1;0;0;0;0;0;0;0;1;0;0;;;
359530;23;7;2020;15:00;0;AV PRS CASTELO BRANCO;;;3522;;ColisÃ£o Traseira;Luz do Dia;Bom;Seca;Meio de Quadra;Outros;Residencial;0;1;1;1;0;0;0;0;0;1;0;0;-3,71012669000;-38,56294930000;mq_qgis
359527;23;7;2020;20:50;7674;RUA RIO GRANDE DO NORTE;AV JOSE BASTOS;;;;ColisÃ£o Lateral;Via Iluminada;Bom;Seca;T;SemÃ¡foro;Residencial;0;1;1;1;0;0;0;0;0;1;0;0;-3,76056200000;-38,56447700000;inter_match
359532;23;7;2020;19:00;0;RUA VITAL BRASIL;;;;;ColisÃ£o Lateral;Via Iluminada;Bom;Seca;Meio de Quadra;Outros;Residencial;0;0;2;1;0;0;0;0;0;1;0;0;;;
359466;23;7;2020;23:45;0;RD CE-040;;;;KM-09;ColisÃ£o;;;Seca;Meio de Quadra;;;0;0;2;1;1;0;0;0;0;0;0;0;-3,83445089700;-38,48246582000;rod_match
359776;23;7;2020;17:35;0;RUA BERNARDO MANUEL;;;10191;;ColisÃ£o;Anoitecer;;;Meio de Quadra;;;0;1;0;0;0;0;0;0;0;0;0;0;-3,80804801400;-38,55426349900;mq_match
359772;23;7;2020;21:00;0;RUA VALPARAISO;;;;;ColisÃ£o;;;;Meio de Quadra;;;0;1;1;0;0;0;0;0;0;0;0;0;;;
358438;23;7;2020;10:00;0;AV SGT HERMINIO SAMPAIO;RUA CARNEIRO DA CUNHA (JACARECANGA);;0;;Choque c/ ObstÃ¡culo Fixo;Luz do Dia;Bom;Seca;Meio de Quadra;Pare;Comercial;0;0;2;0;0;0;0;0;0;0;0;0;-3,72472000000;-38,54591000000;inter_gpsv
358440;23;7;2020;20:35;0;RUA TEREZA BERNARDO;;;;;ColisÃ£o;Via Iluminada;Bom;Seca;;;;0;1;1;1;0;0;0;0;0;1;0;0;;;
358441;23;7;2020;16:11;0;AV BERNARDO MANUEL;;;10191;;ColisÃ£o Transversal;Luz do Dia;Bom;Seca;Meio de Quadra;NÃ£o HÃ¡ Controle;Comercial;0;1;1;1;0;0;0;0;0;1;0;0;-3,82972000000;-38,56052000000;mq_gpsv
358793;23;7;2020;09:30;0;RD BR 116;;;409;KM-05;Tombamento;Luz do Dia;;;Meio de Quadra;;;0;1;1;1;0;0;0;0;0;1;0;0;-3,79650200000;-38,50678700000;rod_match
358794;23;7;2020;11:20;0;RD BR 116;;;;KM-06;ColisÃ£o Traseira;Luz do Dia;;;Meio de Quadra;;;0;1;1;1;0;0;0;0;0;1;0;0;-3,80469100000;-38,50305300000;rod_match
358795;23;7;2020;19:50;0;RD BR 020;;;;KM 429;ColisÃ£o Traseira;;;;Meio de Quadra;;;0;0;2;1;0;0;0;0;0;0;0;0;-3,86900000000;-38,50700000000;rod_match
358796;24;7;2020;08:15;0;RD BR 020;;;;KM 426;Tombamento;Luz do Dia;;;Meio de Quadra;;;0;1;1;1;0;0;0;0;0;1;0;0;-3,86300000000;-38,52400000000;rod_match
358442;24;7;2020;09:26;0;AV DUQ CAXIAS;;;641;;ColisÃ£o Traseira;Luz do Dia;Bom;Seca;Meio de Quadra;NÃ£o HÃ¡ Controle;Comercial;0;0;2;0;0;0;0;0;0;1;0;0;-3,73171000000;-38,53029300000;mq_match
358443;24;7;2020;06:10;0;RUA H CJ MONTENEGRO I;AV C CJ JOSE WALTER;;0;;ColisÃ£o Lateral;Luz do Dia;Bom;Seca;Cruz;Pare;Residencial;0;1;1;1;0;0;0;0;0;1;0;0;-3,83374800000;-38,54875900000;inter_gpsv
358444;24;7;2020;10:45;22069;AV ENG HUMBERTO MONTE;RUA PAPI JUNIOR;;;;ColisÃ£o Lateral;Luz do Dia;Bom;Seca;Cruz;Pare;Comercial;0;2;0;1;0;0;0;0;0;1;0;0;-3,75255200000;-38,55769700000;inter_match
358446;24;7;2020;16:10;9099;AV EDUARDO GIRAO;RUA MIN JOAQUIM BASTOS D14;;0;;ColisÃ£o Lateral;Via Iluminada;Bom;Seca;Cruz;SemÃ¡foro;Residencial;0;0;2;0;0;0;0;0;1;0;0;0;-3,75570000000;-38,52597300000;inter_match
358447;24;7;2020;20:00;5709;AV OLIVEIRA PAIVA;AV DES GONZAGA;;0;;ColisÃ£o Transversal;Via Iluminada;Bom;Seca;Cruz;SemÃ¡foro;Comercial;0;0;1;1;0;0;0;0;1;0;0;0;-3,79716500000;-38,49995300000;inter_match
358455;24;7;2020;14:37;0;AV PRS CASTELO BRANCO;;;1274;;Capotamento;Luz do Dia;Bom;Seca;Meio de Quadra;NÃ£o HÃ¡ Controle;Comercial;0;1;0;0;0;0;0;0;0;0;0;0;-3,71808000000;-38,53664000000;mq_gpsv
359770;24;7;2020;10:20;0;RUA JOSE CANDIDO D08;;;;;ColisÃ£o;Luz do Dia;;;Meio de Quadra;;;0;1;1;1;0;0;0;0;0;0;0;0;;;
359600;24;7;2020;06:50;0;AV PRS COSTA E SILVA;;;4443;;ColisÃ£o Traseira;Luz do Dia;Bom;Seca;Meio de Quadra;Outros;Residencial;0;1;1;0;0;0;0;0;0;1;0;0;-3,82549328000;-38,54017322000;mq_match
360851;24;7;2020;00:41;0;AV JOAO PESSOA;;;7015;;Queda;;;;Meio de Quadra;;;0;1;0;0;0;0;0;0;0;1;0;0;-3,77119800000;-38,56143900000;mq_match
360852;24;7;2020;06:30;0;AV JOAO PESSOA;;;4171;;Queda;Luz do Dia;;;Meio de Quadra;;;0;1;0;0;0;0;0;0;0;1;0;0;-3,75019010000;-38,54745910000;mq_qgis
360860;24;7;2020;09:00;0;RUA DR JOAO DE DEUS D11;;;475;;ColisÃ£o;Luz do Dia;;;Meio de Quadra;;;0;1;1;1;0;0;0;0;0;1;0;0;;;
360861;24;7;2020;09:21;0;AV FRE CIRILO;;;4201;;ColisÃ£o;Luz do Dia;;;Meio de Quadra;;;0;1;0;0;0;0;0;0;0;0;0;0;-3,82081900000;-38,49588800000;mq_qgis
360862;24;7;2020;10:34;0;AV EDUARDO GIRAO;;;;;ColisÃ£o;Luz do Dia;;;Meio de Quadra;;;0;1;1;1;0;0;0;0;0;1;0;0;;;
360863;24;7;2020;11:59;0;AV JOSE JATAHY;;;1363;;ColisÃ£o;Luz do Dia;;;Meio de Quadra;;;0;1;1;1;0;0;0;0;0;1;0;0;-3,73357114800;-38,54429219000;mq_match
360864;24;7;2020;12:07;0;AV CORA CORALINA;;;567;;ColisÃ£o;Luz do Dia;;;Meio de Quadra;;;0;1;1;1;0;0;0;0;0;1;0;0;;;
360865;24;7;2020;12:31;0;RUA VALPARAISO;;;567;;ColisÃ£o;Luz do Dia;;;Meio de Quadra;;;0;1;1;1;0;0;0;0;0;1;0;0;-3,84440477000;-38,52553580000;mq_qgis
360866;24;7;2020;13:33;0;AV FRANCISCO SA;;;3700;;Queda;Luz do Dia;;;Meio de Quadra;;;0;1;0;0;0;0;0;0;0;1;0;0;-3,71711530800;-38,55820916900;mq_match
360867;24;7;2020;14:16;0;AV OLIVEIRA PAIVA;;;;;ColisÃ£o;Luz do Dia;;;Meio de Quadra;;;0;1;1;1;0;0;0;0;0;1;0;0;;;
360856;24;7;2020;08:47;0;RUA CARLOS AMORA;;;150;;ColisÃ£o;Luz do Dia;;;Meio de Quadra;;;0;1;0;1;0;0;0;0;0;1;0;0;-3,77503450000;-38,56376900000;mq_match
360858;24;7;2020;08:58;0;AV AGUANAMBI;;;1715;;ColisÃ£o;Luz do Dia;;;Meio de Quadra;;;0;1;1;1;0;0;0;0;0;1;0;0;-3,75199300000;-38,52340200000;mq_match
360880;24;7;2020;15:07;0;AV SEN CARLOS JEREISSATI (AEROPORTO);;;;;ColisÃ£o;Luz do Dia;;;Meio de Quadra;;;0;1;1;1;0;0;0;0;0;1;0;0;;;
360881;24;7;2020;16:13;0;AV ABOLICAO;;;;;ColisÃ£o;Luz do Dia;;;Meio de Quadra;;;0;1;0;0;0;0;0;0;0;0;0;0;;;
360886;24;7;2020;17:57;0;RUA PORTO ALEGRE;;;1305;;ColisÃ£o;Anoitecer;;;Meio de Quadra;;;0;1;1;1;0;0;0;0;0;1;0;0;-3,76060000000;-38,59004000000;mq_gpsv
360887;24;7;2020;18:18;0;AV ENG HUMBERTO MONTE;;;1673;;Atropelamento;Anoitecer;;;Meio de Quadra;;;0;1;0;0;0;0;0;0;0;1;0;0;-3,74602494700;-38,56307521100;mq_match
360888;24;7;2020;18:57;0;RUA MON VICENTE MARTINS;;;1083;;Atropelamento;;;;Meio de Quadra;;;0;1;0;1;0;0;0;0;0;0;0;0;-3,76886525000;-38,57954960000;mq_qgis
360889;24;7;2020;19:49;0;RUA DOM HENRIQUE;;;321;;ColisÃ£o;;;;Meio de Quadra;;;0;1;0;0;0;0;0;0;0;1;0;0;-3,78845969000;-38,58054330000;mq_qgis
360890;24;7;2020;19:58;5709;AV OLIVEIRA PAIVA;AV DES GONZAGA;;;;ColisÃ£o;;;;Cruz;SemÃ¡foro;Comercial;0;2;1;1;0;0;0;0;0;1;0;0;-3,79716500000;-38,49995300000;inter_match
360892;24;7;2020;21:24;0;AV HERACLITO GRACA;;;760;;ColisÃ£o;;;;Meio de Quadra;;;0;1;1;0;0;0;0;0;0;1;0;0;-3,73571100000;-38,51765100000;mq_qgis
360894;24;7;2020;21:41;0;RD DR MENDEL STEINBRUCH;;;62;;Queda;;;;Meio de Quadra;;;0;2;0;0;0;0;0;0;0;1;0;0;-3,84146900000;-38,58439500000;rod_match
360895;24;7;2020;23:53;0;RUA PEDESTRE II;;;156;;ColisÃ£o;;;;Meio de Quadra;;;0;2;0;0;0;0;0;0;0;0;0;0;;;
360884;24;7;2020;16:44;0;RUA DO CONTORNO UI 302;;;;;Atropelamento de Animal;Luz do Dia;;;Meio de Quadra;;;0;1;0;0;0;0;0;0;0;1;0;0;;;
359476;25;7;2020;11:20;0;RD CE-040;;;;KM-10;ColisÃ£o;Luz do Dia;;Seca;Meio de Quadra;;;0;2;1;1;0;0;0;0;0;1;0;0;-3,84257666000;-38,48088284000;rod_match
359477;25;7;2020;12:20;0;RD CE-025;;;;KM-06;Tombamento;Luz do Dia;;Seca;Meio de Quadra;;;0;0;1;1;0;0;0;0;0;0;0;0;-3,81098308400;-38,42708101000;rod_match
359871;25;7;2020;17:55;25101;RUA ARARIPE PRATA;AV GAL OSORIO DE PAIVA;;;;ColisÃ£o;Anoitecer;;;;;;0;1;0;1;0;0;0;0;0;1;0;0;-3,77659300000;-38,56802900000;inter_match
359855;25;7;2020;06:47;7497;RUA BOA VENTURA;RUA PEDRO DANTAS;;;;ColisÃ£o;Luz do Dia;;;Cruz;Pare;Residencial;0;1;0;1;0;0;0;0;0;1;0;0;-3,78556200000;-38,52388500000;inter_match
359856;25;7;2020;08:11;0;AV ROGACIANO LEITE;;;1701;;ColisÃ£o;Luz do Dia;;;Meio de Quadra;;;0;1;0;1;0;0;0;0;0;1;0;0;-3,76932900000;-38,49764100000;mq_match
359873;25;7;2020;17:58;0;AV PERIMETRAL;;;5300;;ColisÃ£o;Anoitecer;;;Meio de Quadra;;;0;1;0;1;0;0;0;0;0;1;0;0;;;
359874;25;7;2020;18:33;1269;RUA PINTO MADEIRA;RUA ANTONIO AUGUSTO;;;;Atropelamento;;;;Cruz;Pare;Residencial;0;2;0;0;0;0;0;0;0;1;0;0;-3,73328500000;-38,51439000000;inter_match
359875;25;7;2020;19:25;0;AV AREIA BRANCA;;;510;;ColisÃ£o;;;;Meio de Quadra;;;0;1;0;1;0;0;0;0;0;1;0;0;-3,72823320000;-38,47452330000;mq_match
359876;25;7;2020;19:47;0;RUA JOSE DANTAS PEREIRA;;;;;Atropelamento;;;;Meio de Quadra;;;0;1;1;0;0;0;0;0;0;0;0;0;;;
359877;25;7;2020;19:53;0;AV SGT HERMINIO SAMPAIO;;;1823;;ColisÃ£o;;;;Meio de Quadra;;;0;1;0;1;0;0;0;0;0;1;0;0;-3,72572700000;-38,55701600000;mq_match
359878;25;7;2020;20:00;0;RUA MANUEL MOURA;;;119;;Queda;;;;Meio de Quadra;;;0;1;0;0;0;0;0;0;0;1;0;0;;;
359879;25;7;2020;20:25;0;RD BR 116;;;;;Atropelamento;;;;Meio de Quadra;;;0;1;0;1;0;0;0;0;0;0;0;0;;;
359880;25;7;2020;20:27;0;AV FRANCISCO SA;;;6059;;Atropelamento;;;;Meio de Quadra;;;0;1;1;0;0;0;0;0;0;0;0;0;-3,70992920000;-38,57915440000;mq_qgis
359881;25;7;2020;20:34;0;AV BEIRA MAR;;;;;Queda;;;;Meio de Quadra;;;0;1;0;0;0;1;0;0;0;0;0;0;;;
359882;25;7;2020;21:02;0;AV DIOGUINHO;;;4940;;ColisÃ£o;;;;Meio de Quadra;;;0;1;0;0;0;0;0;0;0;0;0;0;-3,75763000000;-38,44518000000;mq_gpsv
359883;25;7;2020;21:58;11155;RUA CAMBARA;RUA ANTONIO BANDEIRA D41;;;;Queda;;;;Cruz;Pare;Residencial;0;1;0;0;0;0;0;0;0;1;0;0;-3,78382800000;-38,56411400000;inter_match
359884;25;7;2020;22:24;0;AV CONTORNO SUL;;;;;Atropelamento;;;;Meio de Quadra;;;0;1;1;0;0;0;0;0;0;0;0;0;;;
359885;25;7;2020;22:29;6738;RUA VILEBALDO AGUIAR;RUA DES WALDETARIO P MOTA;;;;ColisÃ£o;;;;Cruz;NÃ£o HÃ¡ Controle;Comercial;0;2;1;0;0;1;0;0;0;0;0;0;-3,74185300000;-38,48378700000;inter_match
359886;25;7;2020;23:08;0;RUA ANA FACO;;;199;;ColisÃ£o;;;;Meio de Quadra;;;0;1;0;1;0;0;0;0;0;1;0;0;-3,71426667000;-38,56240490000;mq_qgis
359858;25;7;2020;08:25;0;RUA DR JUSTA ARAUJO D45;;;101;;ColisÃ£o;Luz do Dia;;;Meio de Quadra;;;0;4;0;1;0;0;0;0;0;0;0;0;-3,77722155000;-38,55046100000;mq_qgis
359859;25;7;2020;11:30;15823;RUA CEL ERNESTO MATOS;RUA MANUEL CASTELO BRANCO;;;;ColisÃ£o;Luz do Dia;;;Cruz;SemÃ¡foro;Comercial;0;1;0;1;0;0;0;0;0;1;0;0;-3,83244900000;-38,49008300000;inter_match
359860;25;7;2020;11:53;0;AV PERIMETRAL;;;1291;;ColisÃ£o;Luz do Dia;;;Meio de Quadra;;;0;1;0;1;0;0;0;0;0;1;0;0;;;
359861;25;7;2020;12:04;15979;RUA GAL ONOFRE;RUA PAURILO BARROSO;;;;ColisÃ£o;Luz do Dia;;;Cruz;Pare;Comercial;0;1;0;0;0;0;0;0;0;0;0;0;-3,80767900000;-38,57173300000;inter_match
359862;25;7;2020;12:42;0;RUA ENTRADA DA LUA;;;260;;Queda;Luz do Dia;;;Meio de Quadra;;;0;1;0;0;0;0;0;0;0;1;0;0;-3,75086000000;-38,58344000000;mq_gpsv
359863;25;7;2020;12:44;0;RUA ANDRE CHAVES;;;386;;ColisÃ£o;Luz do Dia;;;Meio de Quadra;;;0;1;0;1;0;0;0;0;0;1;0;0;-3,75597648000;-38,54234170000;mq_qgis
359864;25;7;2020;13:18;16790;RUA PARAISO;RUA OSCAR ROMERO;;;;ColisÃ£o;Luz do Dia;;;Cruz;NÃ£o HÃ¡ Controle;Residencial;0;1;0;1;0;0;0;0;0;1;0;0;-3,83277300000;-38,57043300000;inter_match
359865;25;7;2020;13:57;0;AV JOAO DE ARAUJO LIMA;;;1580;;ColisÃ£o;Luz do Dia;;;Meio de Quadra;;;0;1;0;1;0;0;0;0;0;1;0;0;-3,83556000000;-38,56131000000;mq_gpsv
359866;25;7;2020;14:05;0;RUA BERNARDO MANUEL;;;;;ColisÃ£o;Luz do Dia;;;Meio de Quadra;;;0;1;0;1;0;0;0;0;0;1;0;0;;;
359867;25;7;2020;14:59;0;RUA MARTINS NETO;;;81;;Queda;Luz do Dia;;;Meio de Quadra;;;0;1;0;0;0;0;0;0;0;1;0;0;-3,74013776000;-38,58449590000;mq_qgis
359868;25;7;2020;16:38;5454;RUA JAIME BENEVOLO;RUA METON DE ALENCAR;;;;ColisÃ£o;Luz do Dia;;;Cruz;SemÃ¡foro;Comercial;0;3;0;1;0;0;0;0;0;1;0;0;-3,73506500000;-38,52634900000;inter_match
359853;25;7;2020;06:36;0;RUA COSTA BARROS;;;2000;;ColisÃ£o;Luz do Dia;;;Meio de Quadra;;;0;1;0;0;0;0;0;0;0;0;0;0;-3,73202370000;-38,50647700000;mq_match
358448;25;7;2020;04:06;0;AV HIS RAIMUNDO GIRAO;;;297;;Choque c/ ObstÃ¡culo Fixo;Via Iluminada;Bom;Seca;Meio de Quadra;NÃ£o HÃ¡ Controle;Residencial;0;1;0;1;0;0;0;0;0;0;0;0;-3,72057494000;-38,51289270000;mq_qgis
358449;25;7;2020;07:45;23052;RUA JULIO VERNE;RUA DR JUSTA ARAUJO D45;;;;ColisÃ£o Frontal;Luz do Dia;Bom;Seca;;;;0;0;2;1;0;0;0;0;0;0;0;0;-3,77652900000;-38,55033500000;inter_match
358450;25;7;2020;16:26;0;AV PRS COSTA E SILVA;;;4007;;ColisÃ£o Traseira;Luz do Dia;Bom;Seca;Meio de Quadra;NÃ£o HÃ¡ Controle;Comercial;0;0;1;1;0;0;0;0;0;1;0;0;-3,82447000000;-38,54419000000;mq_match
358451;25;7;2020;16:57;16790;RUA OSCAR ROMERO;RUA PARAISO;;;;ColisÃ£o Transversal;Luz do Dia;Bom;Seca;Cruz;NÃ£o HÃ¡ Controle;Residencial;0;1;1;1;0;0;0;0;0;1;0;0;-3,83277300000;-38,57043300000;inter_match
358452;25;7;2020;20:20;0;RUA PDE MATOS SERRA;;;123;;NÃ£o Informado;Via Iluminada;Bom;Seca;Meio de Quadra;NÃ£o HÃ¡ Controle;Residencial;0;0;1;1;0;0;0;0;0;0;0;0;-3,74391936000;-38,52468710000;mq_qgis
358453;26;7;2020;03:00;0;RUA HENRIQUE RABELO;;;1456;;ColisÃ£o Traseira;Luz do Dia;Bom;Seca;Meio de Quadra;NÃ£o HÃ¡ Controle;Residencial;0;0;2;1;0;0;0;0;0;0;0;0;-3,74372000000;-38,52144000000;mq_gpsv
358454;26;7;2020;10:21;1273;AV SANTOS DUMONT;RUA DR JOSE LOURENCO;;;;ColisÃ£o Transversal;Luz do Dia;Bom;Seca;Cruz;Pare;Comercial;0;1;1;1;0;0;0;0;0;1;0;0;-3,73329900000;-38,50738000000;inter_match
358456;26;7;2020;14:21;14653;RUA LIDIA BRIGIDO;RUA LOURIVAL C PINHO;;;;ColisÃ£o Lateral;Luz do Dia;Bom;Seca;Cruz;Pare;Residencial;0;2;0;1;0;0;0;0;0;1;0;0;-3,79355400000;-38,48436800000;inter_match