COD_ACIDENTE;DIA;MES;ANO;HORA;INTERSECAO;LOG1;LOG2;LOG3;NUMERO;REFERENCIA;NATUREZA;ILUMINACAO;TEMPO;SUPERFICIEPISTA;TIPOCRUZAMENTO;CONTROLETRAFEGO;USOSOLO;MORTOS;FERIDOS;ILESOS;AUTOMOVEL;ONIBUS;BICICLETA;CAMINHAO;MICROONIBUS;CICLOMOTOR;MOTOCICLETA;TRACAOANIMAL;TREM;LATITUDE;LONGITUDE;METODO
360732;8;9;2020;08:10;0;AV SEN CARLOS JEREISSATI (AEROPORTO);;;;KM 04;ColisÃ£o;Luz do Dia;;;Meio de Quadra;;;0;0;2;1;0;0;0;0;0;0;0;0;-3,77402000000;-38,55090700000;rod_match
360719;8;9;2020;15:50;0;RD CE-040;;;;KM-05;ColisÃ£o;Luz do Dia;;;Meio de Quadra;;;0;1;2;1;0;0;0;0;0;0;0;0;-3,80059582300;-38,47953463000;rod_match
362828;8;9;2020;20:35;8660;AV WASHINGTON SOARES;AV EDILSON B SOARES;;;;ColisÃ£o;;;;Outros;SemÃ¡foro;Comercial;0;1;1;1;0;0;0;0;0;0;0;0;-3,78944400000;-38,48048900000;inter_match
362135;8;9;2020;17:13;0;AV PERIMETRAL;;;3157;;Queda;Anoitecer;;;Meio de Quadra;;;0;1;0;0;0;0;0;0;0;1;0;0;;;
362136;8;9;2020;17:49;0;AV WASHINGTON SOARES;;;;;ColisÃ£o;Anoitecer;;;Meio de Quadra;;;0;1;1;1;0;0;0;0;0;1;0;0;;;
362137;8;9;2020;18:56;0;AV PONTES VIEIRA;;;84;;Atropelamento;;;;Meio de Quadra;;;0;1;0;1;0;0;0;0;0;0;0;0;-3,75334700000;-38,51975300000;mq_match
362138;8;9;2020;20:03;0;RUA ALM JACEGUAI;;;;;Queda;;;;Meio de Quadra;;;0;1;0;0;0;1;0;0;0;0;0;0;;;
362184;9;9;2020;21:40;0;RD BR 116;;;;KM-09;ColisÃ£o Traseira;;;Seca;Meio de Quadra;;;0;0;2;1;0;0;0;0;0;0;0;0;-3,83083700000;-38,50486500000;rod_match
362829;9;9;2020;18:00;0;RUA CARLOS RIBEIRO;;;;;Atropelamento;Anoitecer;;;Meio de Quadra;;;0;1;1;0;1;0;0;0;0;0;0;0;;;
360729;9;9;2020;17:20;0;RD CE-040;;;;KM-11;ColisÃ£o;Anoitecer;;;Meio de Quadra;;;0;0;2;1;0;0;0;0;0;0;0;0;-3,84962623000;-38,47606989000;rod_match
361872;9;9;2020;17:26;0;AV ENG HUMBERTO MONTE;;;;;ColisÃ£o;Anoitecer;;;Meio de Quadra;;;0;1;1;1;0;0;0;0;0;1;0;0;;;
361873;9;9;2020;17:49;0;RUA PDE PEDRO DE ALENCAR;;;868;;Atropelamento;Anoitecer;;;Meio de Quadra;;;0;1;1;1;0;0;0;0;0;0;0;0;-3,83496700000;-38,49412000000;mq_match
361820;9;9;2020;08:57;0;RUA CEL VIRGILIO NOGUEIRA (BOM JARDIM);;;1002;;ColisÃ£o;Luz do Dia;;;Meio de Quadra;;;0;1;1;0;0;0;0;0;0;0;0;0;-3,79114250000;-38,60970170000;mq_match
361821;9;9;2020;10:34;0;RUA CON DE CASTRO;;;1740;;Queda;Luz do Dia;;;Meio de Quadra;;;0;1;0;0;0;0;0;0;0;1;0;0;-3,78604200000;-38,57438500000;mq_qgis
361823;9;9;2020;10:52;0;RUA EMILIO DE MENESES;;;1517;;ColisÃ£o;Luz do Dia;;;Meio de Quadra;;;0;2;0;1;0;0;0;0;0;1;0;0;-3,77971100000;-38,59465600000;mq_qgis
361824;9;9;2020;11:46;0;AV SEN FERNANDES TAVORA;;;;;ColisÃ£o;Luz do Dia;;;Meio de Quadra;;;0;2;0;0;0;0;0;0;0;0;0;0;;;
361825;9;9;2020;12:02;0;AV GODOFREDO MACIEL;;;440;;Queda;Luz do Dia;;;Meio de Quadra;;;0;1;0;0;0;1;0;0;0;0;0;0;-3,78002139000;-38,56485930000;mq_qgis
361832;9;9;2020;12:49;0;RUA BETSAIDA D45;;;664;;Atropelamento;Luz do Dia;;;Meio de Quadra;;;0;1;1;1;0;0;0;0;0;0;0;0;;;
361833;9;9;2020;14:31;3882;RUA COSTA SOUZA;RUA MAL DEODORO;;;;ColisÃ£o;Luz do Dia;;;T;;Residencial;0;1;1;1;0;0;0;0;0;1;0;0;-3,74614500000;-38,53796700000;inter_match
361834;9;9;2020;15:57;0;AV JOSE BASTOS;;;4699;;Queda;Luz do Dia;;;Meio de Quadra;;;0;1;0;0;0;0;0;0;0;1;0;0;-3,75718300000;-38,55907100000;mq_qgis
361835;9;9;2020;16:56;0;AV GAL OSORIO DE PAIVA;;;;;ColisÃ£o;Luz do Dia;;;Meio de Quadra;;;0;1;1;0;0;0;0;0;0;1;0;0;;;
361836;9;9;2020;17:10;0;RD BR 116;;;6685;MAKRO;Queda;Anoitecer;;;Meio de Quadra;;;0;1;0;0;0;0;0;0;0;1;0;0;-3,78213700000;-38,51363300000;ref_gpsv
361829;9;9;2020;12:14;0;RUA ANTONIO CORREIA LIMA;;;1344;;ColisÃ£o;Luz do Dia;;;Meio de Quadra;;;0;1;1;1;0;0;0;0;0;1;0;0;-3,76358000000;-38,54230000000;mq_match
361830;9;9;2020;12:22;0;RUA DES PRAXEDES;;;1344;;ColisÃ£o;Luz do Dia;;;Meio de Quadra;;;0;1;1;1;0;0;0;0;0;1;0;0;-3,76318000000;-38,54264000000;mq_gpsv
361804;9;9;2020;07:07;0;AV ALBERTO CRAVEIRO;;;2604;;ColisÃ£o;Luz do Dia;;;Meio de Quadra;;;0;2;0;0;0;0;0;0;0;1;0;0;-3,80284468000;-38,52125430000;mq_qgis
361817;9;9;2020;08:02;0;RD BR 116;;;;;ColisÃ£o;Luz do Dia;;;Meio de Quadra;;;0;1;1;0;0;0;0;0;0;1;0;0;;;
361818;9;9;2020;08:06;0;AV PRS CASTELO BRANCO;;;;;ColisÃ£o;Luz do Dia;;;Meio de Quadra;;;0;1;1;1;0;0;0;0;0;1;0;0;;;
361811;9;9;2020;07:16;0;AV PRS COSTA E SILVA;;;;;ColisÃ£o;Luz do Dia;;;Meio de Quadra;;;0;2;1;1;0;0;0;0;0;1;0;0;;;
361800;9;9;2020;06:16;5258;RUA PDE MORORO;RUA PEDRO I;;;;Queda;Luz do Dia;;;Cruz;Pare;Comercial;0;1;0;0;0;0;0;0;0;1;0;0;-3,72812300000;-38,53829000000;inter_match
361790;9;9;2020;06:04;0;RUA FRANCO ROCHA;;;397;;Queda;Luz do Dia;;;Meio de Quadra;;;0;2;0;0;0;0;0;0;0;1;0;0;-3,75507000000;-38,58007000000;mq_match
361788;9;9;2020;06:02;0;AV JOR JOAO RAMOS;;;1060;;Queda;Luz do Dia;;;Meio de Quadra;;;0;1;0;0;0;0;0;0;0;1;0;0;-3,84347936000;-38,56730800000;mq_qgis
361884;9;9;2020;18:57;0;AV PRS COSTA E SILVA;;;;JOSE WALTER;ColisÃ£o;;;;Meio de Quadra;;;0;1;1;0;0;0;0;0;0;1;0;0;;;
361890;9;9;2020;19:28;13416;RUA JOAO BRIGIDO;AV RUI BARBOSA;;;;ColisÃ£o;;;;Cruz;SemÃ¡foro;Comercial;0;1;1;1;0;0;0;0;0;1;0;0;-3,74199500000;-38,51136900000;inter_match
361891;9;9;2020;20:13;0;RUA ESV AZEVEDO;;;;;Queda;;;;Meio de Quadra;;;0;1;0;0;0;0;0;0;0;1;0;0;;;
361892;9;9;2020;20:14;0;RUA TUPA;;;60;;Atropelamento;;;;Meio de Quadra;;;0;1;1;1;0;0;0;0;0;0;0;0;-3,70172000000;-38,58501000000;mq_gpsv
361893;9;9;2020;21:33;0;RUA SAO PAULO;;;1441;;Queda;;;;Meio de Quadra;;;0;1;0;0;0;0;0;0;0;1;0;0;-3,72259000000;-38,53857000000;mq_gpsv
360365;9;9;2020;19:00;0;AV PDE ANTONIO TOMAS;;;256;;ColisÃ£o Lateral;Via Iluminada;Bom;Seca;Meio de Quadra;SemÃ¡foro;Comercial;0;0;2;1;1;0;0;0;0;0;0;0;-3,73962850000;-38,50130400000;mq_qgis
360367;9;9;2020;08:30;0;AV JOSE BASTOS;;;2576;;ColisÃ£o Traseira;Luz do Dia;Bom;Seca;Meio de Quadra;SemÃ¡foro;Comercial;0;1;1;1;0;0;0;0;0;1;0;0;-3,74295000000;-38,54370000000;mq_gpsv
360377;9;9;2020;18:20;0;AV EDILSON B SOARES;;;1410;;ColisÃ£o Transversal;Via Iluminada;Bom;;Meio de Quadra;Pare;Residencial;0;2;2;1;0;0;0;0;1;0;0;0;-3,78882800000;-38,47335200000;mq_match
360391;9;9;2020;15:40;0;RUA DR CARLOS R PAMPLONA;;;;;Atropelamento;Luz do Dia;Bom;Seca;;;;0;1;1;0;1;0;0;0;0;0;0;0;;;
360380;9;9;2020;22:50;15207;AV RUI BARBOSA;RUA DEP MOREIRA DA ROCHA;;;;ColisÃ£o Lateral;Via Iluminada;Bom;;Cruz;SemÃ¡foro;Residencial;0;0;2;1;0;0;0;0;0;0;0;0;-3,72674800000;-38,50645400000;inter_match
360382;9;9;2020;06:00;12905;AV AGUANAMBI;RUA MES ROSA;;;;Queda;Luz do Dia;Bom;Material Derrapante;T;Outros;Comercial;0;2;0;0;0;0;0;0;0;1;0;0;-3,74162860000;-38,52586000000;inter_match
360128;9;9;2020;07:32;0;AV FRANCISCO SA;;;3190;;ColisÃ£o;Luz do Dia;Bom;Seca;Meio de Quadra;NÃ£o HÃ¡ Controle;Comercial;0;1;1;1;0;0;0;0;0;1;0;0;-3,71808100000;-38,55534200000;mq_match
360129;9;9;2020;11:08;0;RUA NAT FEIJO;;;712;;NÃ£o Informado;Luz do Dia;Bom;Seca;Meio de Quadra;NÃ£o HÃ¡ Controle;Residencial;0;0;5;1;0;0;0;0;0;0;0;0;-3,72170600000;-38,55536400000;mq_match
360130;9;9;2020;23:26;0;AV WENEFRIDO MELO;RUA DNA LIBANIA R. MELO NUNES;;381;;ColisÃ£o Lateral;Via Iluminada;Bom;Seca;Meio de Quadra;SemÃ¡foro;Residencial;0;1;1;0;0;0;0;0;0;1;0;0;-3,81084730000;-38,57605000000;inter_match
360442;9;9;2020;10:00;5451;AV DOM MANUEL;RUA BARBARA DE ALENCAR;;;;ColisÃ£o;Luz do Dia;Bom;Material Derrapante;Cruz;SemÃ¡foro;Comercial;1;0;1;0;0;0;1;0;0;1;0;0;-3,73497200000;-38,52326200000;inter_match
360443;10;9;2020;13:45;0;AV LUCIANO CARNEIRO;;;721;;ColisÃ£o Traseira;Luz do Dia;Bom;Seca;Meio de Quadra;NÃ£o HÃ¡ Controle;Residencial;0;1;1;1;0;0;0;0;0;1;0;0;-3,75443000000;-38,53346000000;mq_match
360490;10;9;2020;17:01;0;RUA STA MARIA GORETE;;;398;;ColisÃ£o Frontal;Anoitecer;Bom;Seca;;;;0;1;1;1;0;0;0;0;0;1;0;0;-3,72613335000;-38,60253040000;mq_qgis
360485;10;9;2020;07:20;0;RUA EMILIO DE MENESES;;;600;;ColisÃ£o Lateral;Luz do Dia;Bom;Seca;Meio de Quadra;Outros;Comercial;0;1;1;1;0;0;0;0;0;1;0;0;-3,78189339000;-38,58690990000;mq_qgis
360539;10;9;2020;15:40;12641;RUA RIO PARAGUAI;RUA MARIA CLARA;;;;ColisÃ£o Transversal;Luz do Dia;Bom;Seca;Cruz;Pare;Comercial;0;0;3;1;0;0;0;0;0;1;0;0;-3,72552600000;-38,58424500000;inter_match
360131;10;9;2020;09:22;0;AV PRS COSTA E SILVA;;;4305;UPA (JOSE WALTER);ColisÃ£o Lateral;Luz do Dia;Bom;Seca;Meio de Quadra;NÃ£o HÃ¡ Controle;Comercial;0;0;2;1;0;0;0;0;0;0;0;0;-3,82514857500;-38,54163692000;mq_match
360132;10;9;2020;09:44;0;AV PRS COSTA E SILVA;;;4101;;ColisÃ£o Lateral;Luz do Dia;Bom;Seca;Meio de Quadra;NÃ£o HÃ¡ Controle;Comercial;0;0;2;1;0;0;0;0;0;0;0;0;-3,82467800000;-38,54357500000;mq_match
360147;10;9;2020;12:20;25072;AV DOS EXPEDICIONARIOS;RUA VICENTE SPINDOLA;;;;ColisÃ£o Transversal;Luz do Dia;Bom;Seca;Cruz;Pare;Residencial;0;1;1;1;0;0;0;0;0;1;0;0;-3,76792200000;-38,54208400000;inter_match
360153;10;9;2020;14:21;3778;AV DA UNIVERSIDADE;RUA ANTONIO POMPEU;;;;NÃ£o Informado;Luz do Dia;Bom;Seca;Cruz;SemÃ¡foro;Comercial;0;0;1;0;0;0;0;0;0;0;0;0;-3,73408300000;-38,53290800000;inter_match
360144;10;9;2020;14:12;0;RUA UBIRAJARA MINDELLO;;;1469;;ColisÃ£o Frontal;Luz do Dia;Bom;Seca;Meio de Quadra;NÃ£o HÃ¡ Controle;Residencial;0;1;1;1;0;0;0;0;0;1;0;0;-3,80270000000;-38,49228000000;mq_gpsv
361900;10;9;2020;04:12;0;RUA JULIO ABREU;;;450;;ColisÃ£o;;;;Meio de Quadra;;;0;1;1;0;0;0;0;0;0;1;0;0;;;
361903;10;9;2020;06:42;0;AV DUQ CAXIAS;;;1741;;Queda;Luz do Dia;;;Meio de Quadra;;;0;1;0;0;0;0;0;0;0;1;0;0;-3,72864900000;-38,53959400000;mq_qgis
361907;10;9;2020;07:02;0;RUA BERNARDO MANUEL;;;9970;;ColisÃ£o;Luz do Dia;;;Meio de Quadra;;;0;1;1;1;0;0;0;0;0;1;0;0;-3,80460432000;-38,55318024000;mq_match
361923;10;9;2020;14:57;0;RUA OSCAR ARARIPE;;;3018;;ColisÃ£o;Luz do Dia;;;Meio de Quadra;;;0;1;1;1;0;0;0;0;0;1;0;0;-3,78532155000;-38,61780790000;mq_qgis
361919;10;9;2020;13:23;0;RUA TAUBATE;;;830;;ColisÃ£o;Luz do Dia;;;Meio de Quadra;;;0;1;1;0;0;0;0;0;0;1;0;0;-3,78027062000;-38,59861820000;mq_qgis
361920;10;9;2020;14:00;0;RUA DR GILBERTO CAMARA;;;564;;ColisÃ£o;Luz do Dia;;;Meio de Quadra;;;0;1;1;1;0;0;0;0;0;1;0;0;-3,72490777000;-38,56257130000;mq_qgis
361910;10;9;2020;08:07;0;RUA SGT JOAO PINHEIRO;;;;;ColisÃ£o;Luz do Dia;;;Meio de Quadra;;;0;1;1;1;0;0;0;0;0;1;0;0;;;
361911;10;9;2020;09:51;0;RUA PRO JOSE HENRIQUE;;;300;;ColisÃ£o;Luz do Dia;;;Meio de Quadra;;;0;1;1;1;0;0;0;0;0;1;0;0;-3,82973273000;-38,48694960000;mq_qgis
361912;10;9;2020;09:58;0;RUA DR CONDES SANDOVAL;;;283;;Queda;Luz do Dia;;;Meio de Quadra;;;0;1;0;0;0;1;0;0;0;0;0;0;-3,84201172000;-38,52476540000;mq_qgis
361913;10;9;2020;10:04;0;RUA PRO HERIBALDO COSTA;;;2111;;ColisÃ£o;Luz do Dia;;;Meio de Quadra;;;0;1;1;1;0;0;0;0;0;1;0;0;-3,76995415000;-38,58907580000;mq_qgis
361914;10;9;2020;11:34;0;AV SGT HERMINIO SAMPAIO;;;2656;;ColisÃ£o;Luz do Dia;;;Meio de Quadra;;;0;1;1;1;0;0;0;0;0;1;0;0;-3,72686890000;-38,56388000000;mq_match
361915;10;9;2020;12:29;23804;AV GAL OSORIO DE PAIVA;RUA RAIMUNDO NERY;;;;ColisÃ£o;Luz do Dia;;;Cruz;SemÃ¡foro;Residencial;0;1;1;0;0;0;0;0;0;0;0;0;-3,79030600000;-38,58806500000;inter_match
361916;10;9;2020;12:53;0;RUA CEL MATOS DOURADO;;;1280;;ColisÃ£o;Luz do Dia;;;Meio de Quadra;;;0;1;1;1;0;0;0;0;0;1;0;0;-3,74971600000;-38,58439100000;mq_match
361917;10;9;2020;13:09;0;RUA VINTE E CINCO DE MARCO;;;607;;Atropelamento;Luz do Dia;;;Meio de Quadra;;;0;1;1;0;0;1;0;0;0;0;0;0;-3,72938069000;-38,52252250000;mq_qgis
361978;10;9;2020;17:50;0;RUA NAIR AZEVEDO;;;180;;Queda;Anoitecer;;;Meio de Quadra;;;0;1;0;0;0;0;0;0;0;1;0;0;;;
361972;10;9;2020;17:08;0;RUA DOIS;;;386;;ColisÃ£o;Anoitecer;;;Meio de Quadra;;;0;1;1;1;0;0;0;0;0;1;0;0;-3,79380000000;-38,54171000000;mq_gpsv
361973;10;9;2020;17:17;0;AV MAE LISBOA;;;1375;;ColisÃ£o;Anoitecer;;;Meio de Quadra;;;0;1;1;1;0;1;0;0;0;0;0;0;-3,80792918000;-38,46689930000;mq_qgis
361974;10;9;2020;17:36;1605;AV DES MOREIRA;RUA PDE VALDEVINO;;;;ColisÃ£o;Anoitecer;;;;;;0;1;1;0;0;0;0;0;0;0;0;0;-3,74409800000;-38,50087700000;inter_match
361980;10;9;2020;18:21;0;RD QUARTO ANEL VIARIO;;;;;ColisÃ£o;Anoitecer;;;Meio de Quadra;;;0;1;1;0;0;0;0;0;0;1;0;0;;;
361981;10;9;2020;18:49;0;AV GOV RAUL BARBOSA;;;6690;;Queda;;;;Meio de Quadra;;;0;1;0;0;0;1;0;0;0;0;0;0;-3,77274644000;-38,51248790000;mq_qgis
361982;10;9;2020;19:09;0;RUA MARIA CLARA;;;358;;Atropelamento;;;;Meio de Quadra;;;0;1;1;0;0;0;0;0;0;1;0;0;-3,72579918000;-38,58147620000;mq_qgis
361983;10;9;2020;19:11;0;AV BENJAMIM BRASIL;;;1445;;ColisÃ£o;;;;Meio de Quadra;;;0;1;2;0;0;0;0;0;0;0;0;0;-3,80635000000;-38,56247000000;mq_match
361984;10;9;2020;22:27;0;AV IMPERADOR;;;351;;ColisÃ£o;;;;Meio de Quadra;;;0;1;1;0;0;0;0;0;0;0;0;0;-3,72429000000;-38,53348000000;mq_match
361985;10;9;2020;22:32;0;AV PRS COSTA E SILVA;;;;JOSE WALTER;Queda;;;;Meio de Quadra;;;0;1;0;0;0;0;0;0;0;1;0;0;;;
361962;10;9;2020;15:43;0;AV MIN JOSE AMERICO;;;500;;ColisÃ£o;Luz do Dia;;;;;;0;1;1;1;0;0;0;0;0;1;0;0;-3,81099400000;-38,49526900000;mq_match
361963;10;9;2020;16:34;0;RUA DA LIBERDADE;;;133;;Queda;Luz do Dia;;;Meio de Quadra;;;0;1;0;0;0;1;0;0;0;0;0;0;;;
360723;10;9;2020;17:20;21483;AV MIN JOSE AMERICO;RUA ARAUJO TORREAO;;;;ColisÃ£o;Anoitecer;;;Cruz;NÃ£o HÃ¡ Controle;Residencial;0;1;1;1;0;0;0;0;0;0;0;0;-3,81192600000;-38,49733600000;inter_match
360814;10;9;2020;06:42;0;AV GODOFREDO MACIEL;;;;;ColisÃ£o;Luz do Dia;;;Meio de Quadra;;;0;1;1;0;0;0;0;0;0;1;0;0;;;
360722;11;9;2020;14:00;0;RD CE-040;;;;KM-05;ColisÃ£o;Luz do Dia;;;Meio de Quadra;;;0;0;2;1;0;0;0;0;0;0;0;0;-3,80059582300;-38,47953463000;rod_match
361986;11;9;2020;06:30;0;RUA VILEBALDO AGUIAR;;;95;;Queda;Luz do Dia;;;Meio de Quadra;;;0;1;0;0;0;0;0;0;0;1;0;0;-3,74066900000;-38,48747400000;mq_match
361987;11;9;2020;06:41;5040;RUA ADOLFO CAMINHA;TR MARANGUAPE D01;;;;Queda;Luz do Dia;;;Cruz;NÃ£o HÃ¡ Controle;Rural;0;1;0;0;0;0;0;0;0;1;0;0;-3,72082000000;-38,52646000000;inter_gpsv
362000;11;9;2020;12:24;0;RUA LUCIANO ALVES;;;3100;;ColisÃ£o;Luz do Dia;;;Meio de Quadra;;;0;1;1;1;0;0;0;0;0;1;0;0;-3,84566000000;-38,50964000000;mq_gpsv
361997;11;9;2020;12:06;0;RD BR 116;;;;;ColisÃ£o;Luz do Dia;;;Meio de Quadra;;;0;1;1;1;0;0;1;0;0;0;0;0;;;
361990;11;9;2020;07:11;24990;AV PRS COSTA E SILVA;AV PRS JUSCELINO KUBITSCHEK (PASSARÃ‰);;;;ColisÃ£o;Luz do Dia;;;T;SemÃ¡foro;Comercial;0;1;1;0;0;0;1;0;0;1;0;0;-3,82564800000;-38,53951600000;inter_match
361991;11;9;2020;07:57;25866;RUA CARAMURU D45 (ITAPERI);RUA TEN RENATO AGUIAR;;;;ColisÃ£o;Luz do Dia;;;;;;0;1;1;1;0;0;0;0;0;1;0;0;-3,79092000000;-38,54185000000;inter_gpsv
361992;11;9;2020;08:03;0;RUA BERNARDO MANUEL;;;9954;;ColisÃ£o;Luz do Dia;;;Meio de Quadra;;;0;1;1;1;0;0;0;0;0;1;0;0;-3,80434384000;-38,55310088000;mq_match
361993;11;9;2020;09:05;0;RUA FRANCISCO MATOS;;;;;Queda;Luz do Dia;;;Meio de Quadra;;;0;1;0;0;0;0;0;0;0;1;0;0;;;
361994;11;9;2020;10:55;0;RUA 23 DE JUNHO;;;1948;;ColisÃ£o;Luz do Dia;;;Meio de Quadra;;;0;1;1;0;0;0;0;0;0;1;0;0;-3,78173450000;-38,60880070000;mq_qgis
361995;11;9;2020;11:54;25227;AV A CJ CEARA;AV D CJ CEARA;;;;ColisÃ£o;Luz do Dia;;;Cruz;Pare;Comercial;0;1;1;1;0;0;0;0;0;1;0;0;-3,76692200000;-38,60115200000;inter_match
362005;11;9;2020;15:30;0;RUA ALBERTO MAGNO;;;521;;ColisÃ£o;Luz do Dia;;;Meio de Quadra;;;0;1;1;1;0;0;0;0;0;1;0;0;-3,76032329000;-38,54600280000;mq_qgis
362006;11;9;2020;15:35;0;AV MIGUEL DIAS;;;1010;;ColisÃ£o;Luz do Dia;;;Meio de Quadra;;;0;1;1;1;0;0;0;0;0;1;0;0;-3,76598000000;-38,48757000000;mq_gpsv
362007;11;9;2020;16:14;0;RUA AMERICO ROCHA LIMA;;;940;;ColisÃ£o;Luz do Dia;;;Meio de Quadra;;;0;1;1;0;0;0;0;0;0;1;0;0;-3,79882800000;-38,58364700000;mq_match
362008;11;9;2020;17:13;0;RUA MEM DE SA;;;562;;ColisÃ£o;Anoitecer;;;Meio de Quadra;;;0;1;1;0;0;0;0;0;0;1;0;0;-3,82751645400;-38,48535025000;mq_match
362010;11;9;2020;17:14;0;RUA GAL PIRAGIBE;;;1110;;Atropelamento de Animal;Anoitecer;;;Meio de Quadra;;;0;1;0;0;0;0;0;0;0;1;0;0;-3,74428200000;-38,55661300000;mq_qgis
362003;11;9;2020;13:10;5709;AV OLIVEIRA PAIVA;AV DES GONZAGA;;;;ColisÃ£o;Luz do Dia;;;Cruz;SemÃ¡foro;Comercial;0;1;1;0;0;0;0;0;0;0;0;0;-3,79716500000;-38,49995300000;inter_match
362013;11;9;2020;18:27;0;RUA PDE RODOLFO;;;857;;Queda;Anoitecer;;;Meio de Quadra;;;0;1;0;0;0;0;0;0;0;1;0;0;-3,80413787000;-38,58708170000;mq_qgis
362014;11;9;2020;18:36;0;AV I CJ CEARA;;;1245;;Atropelamento;;;;Meio de Quadra;;;0;2;0;0;0;0;0;0;0;1;0;0;-3,77325400000;-38,59883500000;mq_match
362015;11;9;2020;18:43;0;AV DR THEBERGE;;;120;;ColisÃ£o;;;;Meio de Quadra;;;0;1;1;0;0;0;0;0;0;0;0;0;-3,70590000000;-38,56213000000;mq_gpsv
362016;11;9;2020;19:27;0;RUA SEN POMPEU;;;;;ColisÃ£o;;;;Meio de Quadra;;;0;1;1;1;0;0;0;0;0;1;0;0;;;
362017;11;9;2020;20:18;0;AV CASTELO DE CASTRO;;;390;;ColisÃ£o;;;;Meio de Quadra;;;0;1;1;0;0;0;0;0;0;0;0;0;-3,83259967000;-38,52154380000;mq_qgis
362018;11;9;2020;20:27;0;AV ABOLICAO;;;4144;;Acidente Pessoal;;;;Meio de Quadra;;;0;1;1;0;0;0;0;0;0;1;0;0;-3,72436000000;-38,48210000000;mq_gpsv
362019;11;9;2020;20:34;0;AV DR THEBERGE;;;1981;;Atropelamento;;;;Meio de Quadra;;;0;1;1;1;0;0;0;0;0;0;0;0;-3,71800700000;-38,56606200000;mq_qgis
362021;11;9;2020;21:08;0;RUA MIGUEL ARAGAO;;;1400;;Queda;;;;Meio de Quadra;;;0;1;0;0;0;0;0;0;0;1;0;0;-3,83025567500;-38,59128115700;mq_match
362022;11;9;2020;21:14;0;RUA STA MARIA GORETE;;;20;;Queda;;;;Meio de Quadra;;;0;1;0;0;0;1;0;0;0;0;0;0;-3,72384347000;-38,60188910000;mq_qgis
362023;11;9;2020;22:08;0;RUA MON JOAO DANTAS;;;;;Atropelamento;;;;Meio de Quadra;;;0;2;0;0;0;0;0;0;0;1;0;0;;;
362185;11;9;2020;13:15;0;RD BR 116;;;9000;KM-09;ColisÃ£o;Luz do Dia;;Seca;Meio de Quadra;;;0;1;1;1;0;0;0;0;0;1;0;0;-3,83083700000;-38,50486500000;rod_match
360145;11;9;2020;13:45;7733;RUA BAR SOBRAL;AV JOAO PESSOA;;;;ColisÃ£o Traseira;Luz do Dia;Bom;Seca;Cruz;SemÃ¡foro;Comercial;0;0;2;1;0;0;0;0;0;0;0;0;-3,76450960000;-38,55870570000;inter_match
360146;11;9;2020;22:01;0;RUA ALM RUFINO;;;683;;ColisÃ£o Lateral;Via Iluminada;Bom;Seca;Meio de Quadra;NÃ£o HÃ¡ Controle;Residencial;0;0;2;0;0;0;0;0;0;0;0;0;-3,76702300000;-38,53604000000;mq_qgis
360133;11;9;2020;06:15;19611;AV GODOFREDO MACIEL;RUA NEREU RAMOS;;;;ColisÃ£o Transversal;Amanhecer;Nublado;Molhada;T;SemÃ¡foro;Comercial;0;0;2;1;0;0;0;0;0;0;0;0;-3,78725000000;-38,56680200000;inter_match
360134;11;9;2020;08:05;0;AV BENJAMIM BRASIL;;;534;;ColisÃ£o Transversal;Luz do Dia;Nublado;Seca;Meio de Quadra;NÃ£o HÃ¡ Controle;Comercial;0;2;0;1;0;0;0;0;0;1;0;0;-3,80437717000;-38,56841960000;mq_qgis
360135;11;9;2020;07:00;15290;RUA JOAQUIM NABUCO;RUA CANUTO DE AGUIAR;;;;ColisÃ£o Lateral;Luz do Dia;Nublado;Molhada;Cruz;Pare;Residencial;0;1;1;1;0;0;0;0;0;1;0;0;-3,72936000000;-38,49939000000;inter_match
360136;11;9;2020;08:10;0;RUA PDE RODOLFO;;;940;;Queda;Luz do Dia;Nublado;Seca;Meio de Quadra;NÃ£o HÃ¡ Controle;Residencial;0;1;0;0;0;0;0;0;0;1;0;0;-3,80373140000;-38,58770460000;mq_qgis
360137;11;9;2020;09:12;13375;AV ANTONIO SALES;RUA J DA PENHA;;0;;NÃ£o Informado;Luz do Dia;Bom;Seca;Cruz;Pare;Comercial;0;1;1;1;0;0;0;0;0;1;0;0;-3,73954000000;-38,52135200000;inter_match
360138;11;9;2020;09:13;5729;AV OLIVEIRA PAIVA;RUA TEOFREDO GOIANA;;;;ColisÃ£o Traseira;Luz do Dia;Bom;Seca;T;Pare;Comercial;0;2;1;0;0;0;0;0;0;1;0;0;-3,79774400000;-38,50122100000;inter_match
360139;11;9;2020;08:48;1572;AV DES MOREIRA;RUA VICENTE LINHARES;;0;;Tombamento;Luz do Dia;Nublado;Seca;Cruz;SemÃ¡foro;Comercial;0;0;0;0;0;0;0;0;0;0;0;0;-3,74215300000;-38,50025300000;inter_match
360140;11;9;2020;09:39;0;RUA MIN ALBUQUERQUE LIMA;AV C CJ CEARA;;816;;ColisÃ£o Transversal;Luz do Dia;Bom;Seca;Meio de Quadra;SemÃ¡foro;Comercial;0;2;1;0;0;0;1;0;0;1;0;0;-3,76638960000;-38,61111300000;inter_match
360141;11;9;2020;10:00;0;RUA VINTE E QUATRO DE MAIO;;;1230;;Choque c/ ObstÃ¡culo Fixo;Luz do Dia;Bom;Seca;Cruz;Pare;Comercial;0;1;1;0;1;0;0;0;0;1;0;0;-3,73262600000;-38,53384800000;mq_qgis