COD_ACIDENTE;DIA;MES;ANO;HORA;INTERSECAO;LOG1;LOG2;LOG3;NUMERO;REFERENCIA;NATUREZA;ILUMINACAO;TEMPO;SUPERFICIEPISTA;TIPOCRUZAMENTO;CONTROLETRAFEGO;USOSOLO;MORTOS;FERIDOS;ILESOS;AUTOMOVEL;ONIBUS;BICICLETA;CAMINHAO;MICROONIBUS;CICLOMOTOR;MOTOCICLETA;TRACAOANIMAL;TREM;LATITUDE;LONGITUDE;METODO
360142;11;9;2020;12:06;0;RUA ANDRE DALL OLIO;;;815;;ColisÃ£o;Luz do Dia;Bom;Seca;Meio de Quadra;NÃ£o HÃ¡ Controle;Residencial;0;1;1;1;0;1;0;0;0;0;0;0;-3,73855000000;-38,47785000000;mq_gpsv
360143;11;9;2020;13:10;1576;AV PDE ANTONIO TOMAS;RUA CEL JUCA;;;;ColisÃ£o Transversal;Luz do Dia;Bom;Seca;Cruz;SemÃ¡foro;Comercial;0;0;2;1;0;0;0;0;0;0;0;0;-3,74239200000;-38,49280300000;inter_match
360568;11;9;2020;19:44;9188;RUA NAPOLEAO LAUREANO;RUA PDE BARBOSA DE JESUS;;;;ColisÃ£o Transversal;Via Iluminada;Bom;Seca;Cruz;Pare;Residencial;0;1;1;1;0;0;0;0;0;0;0;0;-3,74891700000;-38,52854000000;inter_match
360549;11;9;2020;21:30;19137;RUA BATISTA DE OLIVEIRA;RUA ANDRE DALL OLIO;;;;ColisÃ£o Transversal;Via Iluminada;Bom;Seca;Cruz;Pare;Residencial;0;2;1;1;0;0;0;0;0;1;0;0;-3,73919000000;-38,47745400000;inter_match
360550;11;9;2020;01:20;5122;AV IMPERADOR;RUA SAO PAULO;;;;Choque c/ ObstÃ¡culo Fixo;;;;Cruz;SemÃ¡foro;Comercial;0;1;0;1;0;0;0;0;0;0;0;0;-3,72404900000;-38,53352200000;inter_match
360154;12;9;2020;19:07;0;AV BAR STUDART;;;1205;;ColisÃ£o Traseira;Via Iluminada;Bom;Seca;Meio de Quadra;Gesto;Comercial;0;1;1;1;0;0;0;0;0;1;0;0;-3,73562400000;-38,50694400000;mq_qgis
360155;12;9;2020;21:12;0;RUA VALDETARIO MOTA;RUA AVILA GOULART;;558;;ColisÃ£o Transversal;Via Iluminada;Bom;Seca;Meio de Quadra;Pare;Residencial;0;1;4;1;0;0;0;0;0;0;0;0;-3,73465200000;-38,47921000000;inter_match
360148;12;9;2020;08:27;25027;AV DR SILAS MUNGUBA;RUA PRA STELLA COCHRANE;;;;ColisÃ£o Lateral;Luz do Dia;Bom;Seca;T;SemÃ¡foro;Residencial;0;1;3;0;0;0;0;1;0;1;0;0;-3,79309000000;-38,53504300000;inter_match
360149;12;9;2020;09:20;0;RUA PDE JOAO PIAMARTA;;;598;;Choque c/ ObstÃ¡culo Fixo;Luz do Dia;Bom;Seca;Meio de Quadra;NÃ£o HÃ¡ Controle;Residencial;0;0;2;1;0;0;0;0;0;0;0;0;-3,76020023000;-38,54244360000;mq_qgis
360150;12;9;2020;09:00;1127;AV ODILON GUIMARAES;RUA SITIO GRAVITO;;;;ColisÃ£o Transversal;Luz do Dia;Bom;Seca;T;Pare;Residencial;0;2;1;1;0;1;0;0;0;1;0;0;-3,81454000000;-38,46705000000;inter_gpsv
360151;12;9;2020;13:48;0;RUA JAIME BENEVOLO;;;1582;;ColisÃ£o Traseira;Luz do Dia;Bom;Seca;Meio de Quadra;Gesto;Residencial;0;1;1;1;0;0;0;0;0;1;0;0;-3,74603500000;-38,53004000000;mq_qgis
360152;12;9;2020;16:45;15334;RUA VICENTE LEITE;RUA CANUTO DE AGUIAR;;0;;ColisÃ£o Transversal;Luz do Dia;Bom;Seca;Cruz;Pare;Residencial;0;0;2;1;0;0;0;0;0;0;0;0;-3,73124700000;-38,49352900000;inter_match
360183;12;9;2020;15:45;26286;AV ENG AGRONOMO JOSE GUIMARAES DUQUE;RUA PEDRO LAZAR;;;;ColisÃ£o Transversal;Luz do Dia;Bom;Seca;Cruz;Pare;Residencial;0;3;0;0;0;0;0;0;1;1;0;0;-3,80488290000;-38,48839060000;inter_match
362186;12;9;2020;15:30;0;RD BR 020;;;;KM 427;ColisÃ£o Traseira;Luz do Dia;;Seca;Meio de Quadra;;;0;0;2;1;0;0;1;0;0;0;0;0;-3,86600000000;-38,51500000000;rod_match
362141;12;9;2020;21:19;0;RUA IEDA PEREIRA;;;82;;ColisÃ£o;;;;Meio de Quadra;;;0;1;1;1;0;0;0;0;0;1;0;0;-3,78433000000;-38,48782000000;mq_gpsv
362142;12;9;2020;21:46;0;AV DUQ CAXIAS;;;;;Atropelamento;;;;Meio de Quadra;;;0;1;1;0;0;0;0;0;0;1;0;0;;;
362143;12;9;2020;21:54;0;AV NOVE;;;4611;;ColisÃ£o;;;;Meio de Quadra;;;0;1;1;1;0;0;0;0;0;1;0;0;;;
362144;12;9;2020;22:53;0;AV PRO JOSE ARTHUR CARVALHO;;;2271;;Queda;;;;Meio de Quadra;;;0;1;0;0;0;0;0;0;0;1;0;0;-3,82450500000;-38,45914200000;mq_match
362145;12;9;2020;22:55;0;RUA 3 DE MAIO;;;358;;ColisÃ£o;;;;Meio de Quadra;;;0;2;1;1;0;0;0;0;0;1;0;0;-3,75130800000;-38,56214030000;mq_qgis
362147;12;9;2020;23:09;0;RUA RAIMUNDO BIZARRIA;;;661;;ColisÃ£o;;;;Meio de Quadra;;;0;1;1;0;0;0;0;0;0;1;0;0;-3,72554178000;-38,57922240000;mq_qgis
362148;12;9;2020;23:27;0;RUA MANAUS;;;416;;ColisÃ£o;;;;Meio de Quadra;;;0;1;1;1;0;0;0;0;0;1;0;0;-3,75165000000;-38,59004000000;mq_gpsv
362033;12;9;2020;06:35;0;RUA JOSE AVELINO;;;;;ColisÃ£o;Luz do Dia;;;Meio de Quadra;;;0;1;1;0;0;0;0;0;0;0;0;0;;;
362034;12;9;2020;10:11;0;RUA JOAQUIM LIMA;;;333;;ColisÃ£o;Luz do Dia;;;Meio de Quadra;;;0;1;1;1;0;0;0;0;0;1;0;0;-3,73975500000;-38,48465600000;mq_qgis
362029;12;9;2020;04:49;0;AV JOR THOMAZ COELHO;;;1650;;Atropelamento;;;;Meio de Quadra;;;0;1;1;1;0;0;0;0;0;0;0;0;-3,82980100000;-38,50958800000;mq_match
362026;12;9;2020;02:37;0;RUA DIADEMA;;;222;;ColisÃ£o;;;;Meio de Quadra;;;0;2;1;1;0;0;0;0;0;1;0;0;-3,84485000000;-38,52257000000;mq_gpsv
362027;12;9;2020;04:19;0;RUA 15 DE NOVEMBRO;;;891;;ColisÃ£o;;;;Meio de Quadra;;;0;1;1;1;0;0;0;0;0;1;0;0;-3,77028000000;-38,55220000000;mq_gpsv
362080;12;9;2020;10:18;0;RUA JULIO GASPAR;;;899;;ColisÃ£o;Luz do Dia;;;Meio de Quadra;;;0;1;1;0;0;1;0;0;0;0;0;0;-3,78531000000;-38,55971000000;mq_gpsv
362081;12;9;2020;11:19;0;RUA MIGUEL GURGEL;;;;;Queda;Luz do Dia;;;Meio de Quadra;;;0;1;0;0;0;0;0;0;0;1;0;0;;;
362082;12;9;2020;11:30;4250;AV FRANCISCO SA;RUA PDE ANCHIETA;;;;ColisÃ£o;Luz do Dia;;;;;;0;1;1;1;0;0;0;0;0;1;0;0;-3,71998800000;-38,54953800000;inter_match
362084;12;9;2020;12:09;12688;RUA RIO ARAGUAIA;RUA PRP NASSAU;;;;Atropelamento;Luz do Dia;;;;;;0;1;1;1;0;0;0;0;0;0;0;0;-3,72871800000;-38,58241100000;inter_match
362085;12;9;2020;13:49;0;RUA IGUAPE;;;48;;ColisÃ£o;Luz do Dia;;;Meio de Quadra;;;0;1;1;1;0;0;0;0;0;1;0;0;-3,77610523000;-38,56969270000;mq_qgis
362093;12;9;2020;16:14;16057;AV GODOFREDO MACIEL;AV PRS COSTA E SILVA;;;;ColisÃ£o;Luz do Dia;;;Cruz;SemÃ¡foro;Comercial;0;1;1;1;0;0;0;0;0;1;0;0;-3,81174300000;-38,57473900000;inter_match
362094;12;9;2020;16:17;0;AV ZEZE DIOGO;;;992;;Queda;Luz do Dia;;;Meio de Quadra;;;0;1;0;0;0;0;0;0;0;1;0;0;-3,71572748000;-38,46529290000;mq_qgis
362095;12;9;2020;16:31;0;AV PRS CASTELO BRANCO;;;;;Queda;Luz do Dia;;;Meio de Quadra;;;0;1;0;0;0;0;0;0;0;1;0;0;;;
362096;12;9;2020;17:24;0;RUA DEP MATOSO FILHO;;;788;;ColisÃ£o;Anoitecer;;;Meio de Quadra;;;0;2;0;0;0;0;0;0;0;1;0;0;-3,73293750000;-38,59156200000;mq_qgis
362097;12;9;2020;17:53;0;RUA CARMEM CINIRA;;;296;;Atropelamento;Anoitecer;;;Meio de Quadra;;;0;1;1;1;0;0;0;0;0;0;0;0;;;
362098;12;9;2020;18:01;0;AV SEN FERNANDES TAVORA;;;3395;;ColisÃ£o;Anoitecer;;;Meio de Quadra;;;0;1;1;1;0;0;0;0;0;1;0;0;-3,75428000000;-38,60312000000;mq_gpsv
362099;12;9;2020;18:13;0;RUA CEL MATOS DOURADO;;;1033;;ColisÃ£o;Anoitecer;;;Meio de Quadra;;;0;1;1;0;0;0;0;0;0;0;0;0;-3,74805600000;-38,58476500000;mq_match
362100;12;9;2020;18:37;0;RUA CON DE CASTRO;;;6141;;ColisÃ£o;;;;Meio de Quadra;;;0;1;1;0;0;0;0;0;0;1;0;0;-3,81610000000;-38,59988700000;mq_match
362126;12;9;2020;20:33;0;RUA MONTE LIBANO;;;;;ColisÃ£o;;;;Meio de Quadra;;;0;1;1;1;0;0;0;0;0;1;0;0;;;
362124;12;9;2020;19:56;0;RUA ALM RUBIM;;;660;;ColisÃ£o;;;;Meio de Quadra;;;0;1;1;1;0;0;0;0;0;1;0;0;-3,76360300000;-38,55236550000;mq_qgis
362115;12;9;2020;19:30;0;AV BENJAMIM BRASIL;;;607;;ColisÃ£o;;;;Meio de Quadra;;;0;1;1;1;0;0;0;0;0;1;0;0;-3,80463200000;-38,56757480000;mq_qgis
362109;12;9;2020;18:58;0;RUA CARIUS;;;123;;ColisÃ£o;;;;Meio de Quadra;;;0;1;1;0;0;0;0;0;0;1;0;0;-3,72290000000;-38,58911000000;mq_gpsv
362122;12;9;2020;19:54;0;RUA DIREITA;;;255;;Queda;;;;Meio de Quadra;;;0;1;0;0;0;0;0;0;0;1;0;0;-3,83760000000;-38,57591000000;mq_gpsv
362087;12;9;2020;15:27;0;AV PRS CASTELO BRANCO;;;6390;;ColisÃ£o;Luz do Dia;;;Meio de Quadra;;;0;1;1;1;0;0;0;0;0;1;0;0;-3,70001050000;-38,58775350000;mq_qgis
360587;12;9;2020;07:00;0;AV ALBERTO NEPOMUCENO;;;;;Atropelamento;Luz do Dia;Bom;Seca;Meio de Quadra;NÃ£o HÃ¡ Controle;Comercial;1;1;1;0;0;0;1;0;0;0;0;0;-3,43230000000;-38,31270000000;fat_match
360581;12;9;2020;16:12;10046;RUA EMILIO DE MENESES;RUA BRAGANCA;;;;ColisÃ£o Traseira;Luz do Dia;Bom;Seca;Cruz;SemÃ¡foro;Comercial;0;0;2;1;0;0;0;1;0;0;0;0;-3,77927700000;-38,59616600000;inter_match
360604;12;9;2020;16:50;0;AV RAD JOSE LIMA VERDE;;;655;;ColisÃ£o Lateral;Luz do Dia;Bom;Seca;Meio de Quadra;;Comercial;0;0;2;1;0;0;0;0;0;0;0;0;-3,69638307000;-38,58642360000;mq_qgis
360578;12;9;2020;15:50;0;AV JOR THOMAZ COELHO;;;2245;;ColisÃ£o Frontal;Luz do Dia;Bom;;Meio de Quadra;;;0;1;1;1;0;0;0;0;0;1;0;0;-3,82802288000;-38,51584960000;mq_qgis
360574;12;9;2020;10:07;0;RUA BAR RIO BRANCO;;;2027;;ColisÃ£o Lateral;Luz do Dia;Bom;Seca;Meio de Quadra;NÃ£o HÃ¡ Controle;Comercial;0;1;1;1;0;0;0;0;0;1;0;0;-3,73590653000;-38,53127730000;mq_qgis
361088;12;9;2020;12:40;0;RUA CAP CLOVIS MAIA;;;;;Capotamento;Luz do Dia;Bom;Seca;Meio de Quadra;;;0;1;0;1;0;0;0;0;0;0;0;0;;;
360571;12;9;2020;19:50;15258;RUA PEREIRA FILGUEIRAS;RUA ANTONIO AUGUSTO;;;;ColisÃ£o Transversal;Via Iluminada;Bom;Seca;Cruz;Pare;Comercial;0;1;1;1;0;0;0;0;0;1;0;0;-3,72838000000;-38,51286600000;inter_match
360612;13;9;2020;21:35;15334;RUA CANUTO DE AGUIAR;RUA VICENTE LEITE;;;;ColisÃ£o Transversal;Via Iluminada;Bom;Seca;Cruz;Pare;Residencial;0;0;4;1;0;0;0;0;0;0;0;0;-3,73124700000;-38,49352900000;inter_match
362149;13;9;2020;00:39;22176;AV ENG HUMBERTO MONTE;AV JOSE BASTOS;;;;Queda;;;;T;SemÃ¡foro;Comercial;0;1;0;0;0;0;0;0;0;1;0;0;-3,75496600000;-38,55545500000;inter_match
362161;13;9;2020;01:34;0;AV AUGUSTO DOS ANJOS;RUA PRO GOMES BRASIL;;;;ColisÃ£o;;;;;;;0;1;1;0;0;0;0;0;0;1;0;0;-3,77015300000;-38,57042700000;inter_match
362162;13;9;2020;01:36;0;RUA LOURDES VIDAL ALVES;;;542;;Queda;;;;Meio de Quadra;;;0;1;0;0;0;0;0;0;0;1;0;0;;;
362163;13;9;2020;05:59;0;AV VILA DO MAR;;;;;Queda;Amanhecer;;;Meio de Quadra;;;0;1;0;0;0;0;0;0;0;1;0;0;;;
362164;13;9;2020;09:01;0;AV RAD JOSE LIMA VERDE;;;;;Queda;Luz do Dia;;;Meio de Quadra;;;0;1;0;0;0;0;0;0;0;1;0;0;;;
362165;13;9;2020;12:07;0;RUA PEDRO DANTAS;;;390;;ColisÃ£o;Luz do Dia;;;Meio de Quadra;;;0;1;1;1;0;0;0;0;0;1;0;0;-3,78608991000;-38,52093170000;mq_qgis
362166;13;9;2020;12:16;0;AV BENJAMIM BRASIL;;;714;;ColisÃ£o;Luz do Dia;;;Meio de Quadra;;;0;1;1;1;0;0;0;0;0;1;0;0;-3,80503560000;-38,56598000000;mq_match
362167;13;9;2020;12:21;5316;RUA FLORIANO PEIXOTO;RUA PEDRO PEREIRA;;;;ColisÃ£o;Luz do Dia;;;Cruz;Pare;Comercial;0;1;1;1;0;0;0;0;0;1;0;0;-3,72987300000;-38,52796200000;inter_match
362168;13;9;2020;13:46;25238;RUA PRISCO BEZERRA;RUA JOSE RANGEL;;;;Choque c/ ObstÃ¡culo Fixo;Luz do Dia;;;Outros;NÃ£o HÃ¡ Controle;Comercial;0;1;0;1;0;0;0;0;0;0;0;0;-3,73905000000;-38,46977000000;inter_gpsv
362169;13;9;2020;16:23;0;RUA TEODOMIRO DE CASTRO;;;6180;;Atropelamento;Luz do Dia;;;Meio de Quadra;;;0;2;0;0;0;0;0;0;0;1;0;0;-3,71738011000;-38,57536530000;mq_qgis
362170;13;9;2020;16:26;11671;RUA ELISEU VIANA;RUA JOAQUIM M DE MACEDO;;;;ColisÃ£o;Luz do Dia;;;;;;0;1;1;1;0;0;0;0;0;1;0;0;-3,77083000000;-38,58863000000;inter_gpsv
362171;13;9;2020;17:43;3095;RUA MARIA QUINTELA;RUA FRANCISCO DE SALES;;;;ColisÃ£o;Anoitecer;;;Cruz;Pare;Residencial;0;1;1;1;0;0;0;0;0;1;0;0;-3,77680100000;-38,58439500000;inter_match
362172;13;9;2020;18:03;0;RUA BOM JESUS (GRANJA LISBOA);;;1012;;ColisÃ£o;Anoitecer;;;Meio de Quadra;;;0;1;1;1;0;0;0;0;0;1;0;0;-3,79399424000;-38,60258500000;mq_qgis
362173;13;9;2020;18:27;0;AV CESAR CALS;;;495;;ColisÃ£o;Anoitecer;;;Meio de Quadra;;;0;1;1;0;0;0;0;0;0;0;0;0;-3,72245606000;-38,46371170000;mq_qgis
362174;13;9;2020;18:48;0;AV ODILON GUIMARAES;;;2249;;Atropelamento;;;;Meio de Quadra;;;0;2;0;0;0;0;0;0;0;1;0;0;-3,81898600000;-38,47473700000;mq_match
362175;13;9;2020;18:54;0;RUA FRANCO ROCHA;;;335;;Queda;;;;Meio de Quadra;;;0;1;0;0;0;0;0;0;0;1;0;0;-3,75543100000;-38,57955100000;mq_qgis
362176;13;9;2020;19:55;1581;RUA MON CATAO;AV PDE ANTONIO TOMAS;;;;Atropelamento;;;;Cruz;SemÃ¡foro;Comercial;0;1;1;0;0;0;0;0;0;1;0;0;-3,74270800000;-38,49184300000;inter_match
362177;13;9;2020;20:11;5965;AV F CJ CEARA;AV C CJ CEARA;;;;Queda;;;;RotatÃ³ria;DÃª PreferÃªncia;Residencial;0;1;0;0;0;0;0;0;0;1;0;0;-3,76321000000;-38,60821000000;inter_gpsv
362178;13;9;2020;20:18;0;RD BR 116;;;16000;KM-16;ColisÃ£o;;;;Meio de Quadra;;;0;1;1;1;0;0;0;0;0;1;0;0;-3,76116570000;-38,51905670000;rod_match
362179;13;9;2020;20:21;0;RUA JOAQUIM MAGALHAES;;;64;;ColisÃ£o;;;;Meio de Quadra;;;0;1;1;1;0;0;0;0;0;1;0;0;-3,73753900000;-38,53506300000;mq_qgis
362187;13;9;2020;20:15;0;RD BR 116;;;;KM-15;Atropelamento;Anoitecer;;Seca;Meio de Quadra;;;0;1;1;1;0;0;0;0;0;0;0;0;-3,88232900000;-38,50111300000;rod_match
362181;13;9;2020;20:58;0;RUA CARLOS CHAGAS;;;1450;;Queda;;;;Meio de Quadra;;;0;1;0;0;0;0;0;0;0;1;0;0;-3,77797074000;-38,59283740000;mq_qgis
362182;13;9;2020;21:54;0;RUA MARIO DE ANDRADE;;;530;;ColisÃ£o;;;;Meio de Quadra;;;1;1;0;0;0;0;0;0;0;1;0;0;-3,75207311000;-38,56059580000;mq_qgis
362183;13;9;2020;23:01;0;TR BRI TORRES;;;1522;;ColisÃ£o;;;;Meio de Quadra;;;0;1;1;0;0;0;1;0;0;1;0;0;;;
360156;13;9;2020;02:20;0;AV AMERICO BARREIRA;AV AUGUSTO DOS ANJOS;;0;;NÃ£o Informado;Via Iluminada;Bom;Seca;Meio de Quadra;SemÃ¡foro;Comercial;0;1;1;0;0;0;0;0;0;1;0;0;-3,76674000000;-38,56884000000;inter_gpsv
360157;13;9;2020;00:43;0;AV BAR STUDART;;;1165;;ColisÃ£o;Luz do Dia;Bom;Seca;Meio de Quadra;NÃ£o HÃ¡ Controle;Comercial;0;1;1;1;0;0;0;0;0;1;0;0;-3,73531600000;-38,50684900000;mq_qgis
360158;13;9;2020;06:40;19539;AV DR SILAS MUNGUBA;RUA EQUADOR;;;;ColisÃ£o Traseira;Luz do Dia;Bom;Seca;Cruz;SemÃ¡foro;Comercial;0;1;1;0;1;0;0;0;0;1;0;0;-3,78237700000;-38,55543400000;inter_match
360159;13;9;2020;13:58;7413;RUA CEL MATOS DOURADO;RUA PRO PAULO LOPES;;0;;NÃ£o Informado;Luz do Dia;Bom;Seca;Cruz;Pare;Residencial;0;0;3;1;0;0;0;0;0;0;0;0;-3,75722500000;-38,58433400000;inter_match
360160;13;9;2020;14:43;0;AV PRO JOSE ARTHUR CARVALHO;;;955;;ColisÃ£o Traseira;Luz do Dia;Bom;Seca;Meio de Quadra;NÃ£o HÃ¡ Controle;Comercial;0;2;1;1;0;0;0;0;0;1;0;0;-3,82463000000;-38,45807000000;mq_gpsv
360161;13;9;2020;19:11;0;AV PRS JUSCELINO KUBITSCHEK (PASSARÃ‰);;;3999;;Engavetamento;Via Iluminada;Bom;Seca;Meio de Quadra;SemÃ¡foro;Comercial;0;0;4;1;0;0;0;0;0;0;0;0;-3,81671000000;-38,53180000000;mq_gpsv
360162;13;9;2020;18:12;0;RUA ESTEVAO DE CAMPOS;;;431;;ColisÃ£o Lateral;Anoitecer;Bom;Seca;Meio de Quadra;NÃ£o HÃ¡ Controle;Residencial;0;1;2;1;0;0;0;0;0;1;0;0;-3,70547100000;-38,57876700000;mq_match
360164;14;9;2020;01:20;0;RUA SOLON PINHEIRO;;;1143;;Choque c/ ObstÃ¡culo Fixo;Via Iluminada;Bom;Seca;Meio de Quadra;NÃ£o HÃ¡ Controle;Residencial;0;0;2;1;0;0;0;0;0;0;0;0;-3,74004390000;-38,52950300000;mq_match
360165;14;9;2020;07:14;0;RUA VALPARAISO;RUA UM (JANGURUSSU);;156;;ColisÃ£o Transversal;Luz do Dia;Bom;Seca;;;;0;2;1;1;0;0;0;0;0;1;0;0;-3,84636000000;-38,51950000000;inter_gpsv
360166;14;9;2020;10:38;0;AV 13 DE MAIO;RUA GOIANIA;RUA PRO MIRAMAR DA PONTE;1995;;ColisÃ£o Transversal;Luz do Dia;Bom;Seca;Meio de Quadra;NÃ£o HÃ¡ Controle;Residencial;0;1;2;1;0;0;0;0;0;1;0;0;;;
360167;14;9;2020;10:30;0;RUA SEN ROBERT KENNEDY;;;230;;ColisÃ£o Transversal;Luz do Dia;Bom;Seca;Meio de Quadra;NÃ£o HÃ¡ Controle;Comercial;0;1;1;1;0;0;0;0;0;0;0;0;-3,70209100000;-38,57808100000;mq_qgis
360168;14;9;2020;10:07;9041;RUA ASSUNCAO;RUA PDE MIGUELINHO;;;;ColisÃ£o;Luz do Dia;Bom;Seca;Cruz;Pare;Residencial;0;2;0;0;0;0;0;0;0;1;0;0;-3,74333700000;-38,53160200000;inter_match
360169;14;9;2020;15:20;0;AV ROGACIANO LEITE;;;2411;;ColisÃ£o Lateral;Luz do Dia;Bom;Seca;Meio de Quadra;Pare;Residencial;0;1;1;1;0;0;0;0;0;1;0;0;-3,77616000000;-38,50015000000;mq_match
360170;14;9;2020;13:00;24271;RUA PEREIRA VALENTE;RUA 8 DE SETEMBRO;;;;ColisÃ£o Transversal;Luz do Dia;Bom;Seca;Cruz;Pare;Residencial;0;1;1;1;0;0;0;0;0;1;0;0;-3,73480150000;-38,48715600000;inter_match
360171;14;9;2020;16:35;5749;AV DES GONZAGA;RUA JULIO LIMA;;;;ColisÃ£o Lateral;Luz do Dia;Bom;Seca;Cruz;Pare;Comercial;0;1;1;0;0;0;0;0;0;1;0;0;-3,79614300000;-38,50041100000;inter_match
360223;14;9;2020;10:06;0;AV GODOFREDO MACIEL;;;2959;;ColisÃ£o Traseira;Luz do Dia;Bom;Seca;Meio de Quadra;NÃ£o HÃ¡ Controle;Comercial;0;0;3;1;0;0;0;0;0;0;0;0;-3,80175800000;-38,57157000000;mq_match
362191;14;9;2020;18:10;0;RD BR 116;;;;KM-13;Atropelamento;Anoitecer;;Seca;Meio de Quadra;;;1;1;0;0;0;0;0;0;0;1;0;0;-3,86467000000;-38,49772700000;rod_match
362314;14;9;2020;07:27;0;AV WASHINGTON SOARES;;;11999;;Queda;Luz do Dia;;;Meio de Quadra;;;0;1;0;0;0;0;0;0;0;1;0;0;;;
362315;14;9;2020;08:45;0;RUA GUILHERME ALMEIDA;;;128;;Queda;Luz do Dia;;;Meio de Quadra;;;0;1;0;0;0;1;0;0;0;0;0;0;-3,85078000000;-38,49692000000;mq_gpsv
362316;14;9;2020;09:36;0;RUA MARIA GOMES DE SA;;;1995;;Queda;Luz do Dia;;;Meio de Quadra;;;0;1;0;0;0;0;0;0;0;1;0;0;-3,82155200000;-38,58550400000;mq_match
362317;14;9;2020;09:54;10806;RUA GOIANIA;RUA PRO MIRAMAR DA PONTE;;;;ColisÃ£o;Luz do Dia;;;;;;0;1;1;1;0;0;0;0;0;1;0;0;-3,76356700000;-38,58672500000;inter_match
362319;14;9;2020;10:07;0;RD BR 116;;;12000;KM-12;ColisÃ£o;Luz do Dia;;;Meio de Quadra;;;0;1;1;0;0;0;0;0;0;0;0;0;-3,85574000000;-38,49606600000;rod_match
362320;14;9;2020;10:32;0;AV DR SILAS MUNGUBA;;;3673;;ColisÃ£o;Luz do Dia;;;Meio de Quadra;;;0;1;1;1;0;0;0;0;0;1;0;0;-3,79023206000;-38,54076800000;mq_qgis
362312;14;9;2020;07:25;0;RUA CON DE CASTRO;;;4537;;ColisÃ£o;Luz do Dia;;;Meio de Quadra;;;0;1;1;1;0;0;0;0;0;1;0;0;-3,80489700000;-38,59180700000;mq_match
362323;14;9;2020;12:30;0;RUA VIS CAIRU;;;436;;ColisÃ£o;Luz do Dia;;;Meio de Quadra;;;0;1;1;1;0;0;0;0;0;1;0;0;-3,72660000000;-38,46435000000;mq_gpsv
362325;14;9;2020;13:11;0;RUA MON CARNEIRO DA CUNHA;;;300;;Queda;Luz do Dia;;;Meio de Quadra;;;0;1;0;0;0;0;0;0;0;1;0;0;-3,77496000000;-38,49382800000;mq_qgis
362326;14;9;2020;13:35;0;ET DO FIO (MESSEJANA);;;2000;;ColisÃ£o;Luz do Dia;;;Meio de Quadra;;;0;1;1;0;0;0;0;0;0;0;0;0;;;
362327;14;9;2020;13:39;0;AV AMERICO BARREIRA;;;5592;;ColisÃ£o;Luz do Dia;;;Meio de Quadra;;;0;2;0;0;0;0;0;0;0;1;0;0;-3,76076440000;-38,56442300000;mq_match
362328;14;9;2020;13:55;0;RUA PRISCO BEZERRA;;;2070;;Queda;Luz do Dia;;;Meio de Quadra;;;0;1;0;0;0;0;0;0;0;1;0;0;-3,73615000000;-38,47084000000;mq_gpsv
362329;14;9;2020;15:06;0;RUA JOSE HIPOLITO;;;33;;Atropelamento;Luz do Dia;;;Meio de Quadra;;;0;1;1;0;0;0;0;0;0;1;0;0;-3,83270000000;-38,49379000000;mq_gpsv
362330;14;9;2020;15:31;0;AV PRO JOSE ARTHUR CARVALHO;;;1535;;ColisÃ£o;Luz do Dia;;;Meio de Quadra;;;0;1;1;1;0;0;0;0;0;1;0;0;-3,82652500000;-38,46573200000;mq_match
362331;14;9;2020;18:11;11455;AV PLACIDO CASTELO;RUA CASTRO DE ALENCAR;;;;ColisÃ£o;Anoitecer;;;;;;0;1;1;0;0;0;0;0;0;0;0;0;-3,78212300000;-38,50589900000;inter_match
362332;14;9;2020;18:40;779;AV GOV RAUL BARBOSA;RUA TEN JAIME ANDRADE;;;;Atropelamento;;;;Cruz;NÃ£o HÃ¡ Controle;Comercial;0;1;1;0;0;0;0;0;0;1;0;0;-3,77073000000;-38,51089000000;inter_gpsv
362333;14;9;2020;18:46;17412;RUA ALBERTO MAGNO;RUA BAR SOBRAL;;;;Queda;;;;Cruz;SemÃ¡foro;Comercial;0;1;0;0;0;0;0;0;0;1;0;0;-3,76799100000;-38,55241700000;inter_match
362334;14;9;2020;19:02;0;AV PDE ANTONIO TOMAS;;;3377;;ColisÃ£o;;;;Meio de Quadra;;;0;1;1;1;0;0;0;0;0;1;0;0;-3,74590600000;-38,48194700000;mq_qgis
362335;14;9;2020;20:35;0;AV BEZERRA DE MENEZES;;;;;ColisÃ£o;;;;Meio de Quadra;;;0;2;1;0;0;0;1;0;0;1;0;0;;;
360718;14;9;2020;16:40;0;RD CE-060;;;3000;KM-03;ColisÃ£o;Luz do Dia;;;Meio de Quadra;;;0;1;1;0;0;0;1;0;0;1;0;0;-3,84303800000;-38,58513300000;rod_match
361085;14;9;2020;09:20;0;RUA MATOS VASCONCELOS;;;955;;ColisÃ£o Lateral;Luz do Dia;Bom;Seca;Meio de Quadra;NÃ£o HÃ¡ Controle;Residencial;0;1;1;1;0;1;0;0;0;0;0;0;-3,75420960000;-38,55320020000;mq_qgis
361060;14;9;2020;14:34;23738;RUA DELTA;RUA ILHA BELA;;;;ColisÃ£o Transversal;Luz do Dia;Bom;Seca;Cruz;Pare;Residencial;0;1;1;1;0;0;0;0;0;1;0;0;-3,78979700000;-38,57699300000;inter_match