COD_ACIDENTE;DIA;MES;ANO;HORA;INTERSECAO;LOG1;LOG2;LOG3;NUMERO;REFERENCIA;NATUREZA;ILUMINACAO;TEMPO;SUPERFICIEPISTA;TIPOCRUZAMENTO;CONTROLETRAFEGO;USOSOLO;MORTOS;FERIDOS;ILESOS;AUTOMOVEL;ONIBUS;BICICLETA;CAMINHAO;MICROONIBUS;CICLOMOTOR;MOTOCICLETA;TRACAOANIMAL;TREM;LATITUDE;LONGITUDE;METODO
361061;14;9;2020;18:40;22299;RUA SOARES BULCAO;RUA JOSE CANDIDO D08;;;;ColisÃ£o Transversal;Via Iluminada;Bom;Seca;Cruz;Pare;Residencial;0;1;1;1;0;0;0;0;0;0;0;0;-3,73193100000;-38,55135700000;inter_match
361062;14;9;2020;08:30;0;RUA CEL MATOS DOURADO;;;1309;;ColisÃ£o Lateral;Luz do Dia;Bom;Seca;Meio de Quadra;Outros;Comercial;1;0;1;1;0;0;0;0;0;1;0;0;-3,75158961000;-38,58342460000;mq_qgis
361076;14;9;2020;15:50;15838;RUA GURGEL DO AMARAL;TR MARIO BARCELO;;;;ColisÃ£o Frontal;Luz do Dia;Bom;Inundada;T;NÃ£o HÃ¡ Controle;Residencial;0;2;0;0;0;1;0;0;0;1;0;0;-3,83310000000;-38,49137000000;inter_gpsv
360716;15;9;2020;10:10;0;AV SEN CARLOS JEREISSATI (AEROPORTO);;;3000;KM 03;ColisÃ£o;Luz do Dia;;;Meio de Quadra;;;0;0;2;1;0;0;0;0;0;0;0;0;-3,77964100000;-38,54403800000;mq_match
362350;15;9;2020;06:03;0;RUA CONRADO MALTA;;;276;;Queda;Luz do Dia;;;Meio de Quadra;;;0;2;0;0;0;1;0;0;0;0;0;0;-3,83498933000;-38,50210360000;mq_qgis
362351;15;9;2020;06:16;7733;AV JOAO PESSOA;RUA BAR SOBRAL;;;;NÃ£o Informado;Luz do Dia;;;Cruz;SemÃ¡foro;Comercial;0;1;0;0;0;0;0;0;0;1;0;0;-3,76450960000;-38,55870570000;inter_match
362352;15;9;2020;07:48;0;AV WASHINGTON SOARES;;;;;Atropelamento;Luz do Dia;;;Meio de Quadra;;;0;2;0;0;0;1;0;0;0;0;0;0;;;
362359;15;9;2020;09:02;0;AV PRS COSTA E SILVA;;;1801;JOSE WALTER;ColisÃ£o;Luz do Dia;;;Meio de Quadra;;;0;1;1;0;0;0;0;0;0;0;0;0;-3,82061990000;-38,55915400000;mq_match
362364;15;9;2020;10:14;419;RUA PRO VIRGILIO DE MORAIS;RUA GRACO CARDOSO;;;;ColisÃ£o;Luz do Dia;;;Cruz;Pare;Residencial;0;1;1;1;0;0;0;0;0;1;0;0;-3,75182000000;-38,59672000000;inter_gpsv
362365;15;9;2020;11:03;0;AV JOSE LEON;;;1601;;ColisÃ£o;Luz do Dia;;;Meio de Quadra;;;0;1;1;1;0;0;0;0;0;1;0;0;-3,78901800000;-38,49700100000;mq_match
362366;15;9;2020;12:26;6564;AV H CJ CEARA;AV G CJ CEARA;;;;Queda;Luz do Dia;;;T;Pare;Misto;0;1;0;0;0;0;0;0;0;1;0;0;-3,77573900000;-38,61016700000;inter_match
362361;15;9;2020;10:03;0;RUA L CJ VILA VELHA;;;1366;;ColisÃ£o;Luz do Dia;;;Meio de Quadra;;;0;1;1;1;0;0;0;0;0;1;0;0;;;
362368;15;9;2020;12:28;15190;AV ABOLICAO;RUA JOAQUIM NABUCO;;;;ColisÃ£o;Luz do Dia;;;Cruz;SemÃ¡foro;Residencial;0;2;1;1;0;0;0;0;0;1;0;0;-3,72637300000;-38,49843600000;inter_match
362372;15;9;2020;15:35;0;AV PDE ANTONIO TOMAS;;;;;ColisÃ£o;Luz do Dia;;;Meio de Quadra;;;0;1;1;1;0;0;0;0;0;1;0;0;;;
362373;15;9;2020;16:06;0;RUA VITORIA (AV. PERIMETRAL);;;1583;;ColisÃ£o;Luz do Dia;;;Meio de Quadra;;;0;1;1;0;0;0;0;0;0;0;0;0;-3,76607024000;-38,58901470000;mq_qgis
362374;15;9;2020;17:09;0;RUA JOAQUIM FROTA;;;923;;Atropelamento;Anoitecer;;;Meio de Quadra;;;0;1;1;1;0;0;0;0;0;0;0;0;-3,80120375000;-38,47042450000;mq_qgis
362370;15;9;2020;14:47;0;AV PRS COSTA E SILVA;;;859;;ColisÃ£o;Luz do Dia;;;Meio de Quadra;;;0;1;1;0;0;0;0;0;0;1;0;0;-3,81277200000;-38,57183600000;mq_match
362380;15;9;2020;18:08;0;AV BEIRA MAR;;;1140;;ColisÃ£o;Anoitecer;;;Meio de Quadra;;;0;1;1;1;0;0;0;0;0;1;0;0;-3,72065350000;-38,51040050000;mq_qgis
362382;15;9;2020;18:27;19469;AV AUGUSTO DOS ANJOS;AV GAL OSORIO DE PAIVA;;;;ColisÃ£o;Anoitecer;;;Outros;SemÃ¡foro;Comercial;0;1;1;1;0;0;0;0;0;1;0;0;-3,78734900000;-38,58493900000;inter_match
362387;15;9;2020;18:54;0;RUA DAURA;;;200;;Queda;;;;Meio de Quadra;;;0;1;0;0;0;1;0;0;0;0;0;0;-3,82296635000;-38,50528800000;mq_qgis
362391;15;9;2020;19:49;0;AV OLIVEIRA PAIVA;;;740;;Atropelamento;;;;Meio de Quadra;;;0;2;0;0;0;0;0;0;0;1;0;0;-3,79662080000;-38,49900000000;mq_match
362847;15;9;2020;12:10;0;RUA CARVALHO MOTA;;;;;ColisÃ£o;Luz do Dia;;;Meio de Quadra;;;0;1;1;0;0;0;1;0;0;0;0;0;;;
360172;15;9;2020;06:48;0;RUA BAR RIO BRANCO;;;2424;;ColisÃ£o;Luz do Dia;Bom;Seca;Meio de Quadra;NÃ£o HÃ¡ Controle;Escola;0;1;1;1;0;0;0;0;0;1;0;0;-3,73955000000;-38,53242700000;mq_match
360173;15;9;2020;06:37;0;RUA VIS MAUA;;;2555;;ColisÃ£o Lateral;Luz do Dia;Bom;Seca;Meio de Quadra;NÃ£o HÃ¡ Controle;Residencial;0;1;1;1;0;0;0;0;0;1;0;0;-3,74720100000;-38,50297700000;mq_qgis
360174;15;9;2020;07:50;1450;RUA JOAO CARVALHO;RUA JOSE VILAR;;;;ColisÃ£o Transversal;Luz do Dia;Bom;Seca;Cruz;SemÃ¡foro;Escola;0;2;0;0;0;0;0;0;0;1;0;0;-3,73831800000;-38,50547700000;inter_match
360175;15;9;2020;08:26;0;AV GAL OSORIO DE PAIVA;AV LUIZ VIEIRA;;0;;ColisÃ£o Traseira;Luz do Dia;Bom;Seca;;;;0;1;1;1;0;0;0;0;0;1;0;0;-3,79098000000;-38,58862000000;inter_gpsv
360176;15;9;2020;11:16;0;AV SANTOS DUMONT;;;3701;;ColisÃ£o Traseira;Luz do Dia;Bom;Seca;Cruz;NÃ£o HÃ¡ Controle;Comercial;0;0;2;0;0;0;0;0;0;1;0;0;-3,73874500000;-38,49056400000;mq_qgis
360177;15;9;2020;14:36;502;AV SEN FERNANDES TAVORA;RUA PRO VIRGILIO DE MORAIS;;;;ColisÃ£o Traseira;Luz do Dia;Bom;Seca;Cruz;SemÃ¡foro;Comercial;0;1;1;1;0;0;0;0;0;0;0;0;-3,75523260000;-38,59735000000;inter_match
360178;15;9;2020;13:21;0;RUA LEONARDO MOTA;;;774;;ColisÃ£o Lateral;Luz do Dia;Bom;Seca;Meio de Quadra;NÃ£o HÃ¡ Controle;Comercial;0;1;1;1;0;0;0;0;0;1;0;0;-3,73379300000;-38,49542000000;mq_match
360179;15;9;2020;15:00;0;AV JOSE JATAHY;AV JOVITA FEITOSA;;2025;;ColisÃ£o Transversal;Luz do Dia;Bom;Seca;;;;0;1;1;0;0;0;0;0;0;1;0;0;-3,73727300000;-38,54393600000;inter_match
360181;15;9;2020;17:22;0;RUA VERBENA;;;386;;Choque c/ ObstÃ¡culo Fixo;Luz do Dia;Bom;Seca;Meio de Quadra;Pare;Residencial;0;0;1;1;0;0;0;0;0;0;0;0;-3,77949784000;-38,58832290000;mq_qgis
360182;15;9;2020;17:21;0;AV AUGUSTO DOS ANJOS;RUA PRO GOMES BRASIL;;0;;ColisÃ£o Transversal;Anoitecer;Bom;Seca;Meio de Quadra;;;0;1;2;1;0;0;0;0;0;1;0;0;-3,77015300000;-38,57042700000;inter_match
360184;15;9;2020;19:20;0;AV CEL CARVALHO;;;836;;ColisÃ£o Traseira;Via Iluminada;Bom;Seca;Meio de Quadra;SemÃ¡foro;Comercial;0;1;1;1;0;0;0;0;0;0;0;0;-3,70941400000;-38,59003100000;mq_match
360185;15;9;2020;19:00;0;RUA BARRA VERMELHA;;;209;;Atropelamento;Via Iluminada;Bom;Seca;Meio de Quadra;Pare;Residencial;0;2;0;0;0;0;0;0;0;1;0;0;-3,78903000000;-38,61494000000;mq_gpsv
360186;16;9;2020;08:32;26077;AV JOSE JATAHY;AV DUQ CAXIAS;;;;ColisÃ£o Transversal;Luz do Dia;Bom;Seca;T;SemÃ¡foro;Comercial;0;1;1;1;0;0;0;0;0;1;0;0;-3,72669800000;-38,54556600000;inter_match
360187;16;9;2020;11:30;0;AV AGUANAMBI;;;0;;ColisÃ£o Traseira;Luz do Dia;Bom;Seca;Outros;NÃ£o HÃ¡ Controle;Comercial;0;0;6;1;0;0;0;0;0;0;0;0;-3,75551960000;-38,52305600000;mq_match
360188;16;9;2020;13:50;0;AV CESAR CALS;;;1261;;ColisÃ£o Transversal;Luz do Dia;Bom;Seca;Meio de Quadra;NÃ£o HÃ¡ Controle;Residencial;0;1;1;1;0;0;0;0;0;1;0;0;-3,72895308000;-38,46024330000;mq_qgis
360189;16;9;2020;15:53;0;RUA TEODOMIRO DE CASTRO;;;6058;;ColisÃ£o Traseira;Luz do Dia;Bom;Seca;Meio de Quadra;NÃ£o HÃ¡ Controle;Comercial;0;1;1;1;0;0;0;0;0;1;0;0;-3,71764450000;-38,57465400000;mq_qgis
360190;16;9;2020;16:48;0;AV ENG HUMBERTO MONTE;;;2810;;ColisÃ£o Traseira;Luz do Dia;Bom;Seca;Meio de Quadra;SemÃ¡foro;Comercial;0;0;0;1;0;0;0;0;0;0;0;0;-3,73875980000;-38,56908000000;mq_match
360191;16;9;2020;17:50;14589;AV EDILSON B SOARES;RUA MARVIN;;;;ColisÃ£o Transversal;Anoitecer;Bom;Seca;Cruz;Pare;Comercial;0;1;1;0;0;0;0;0;0;1;0;0;-3,78973600000;-38,48385500000;inter_match
360192;16;9;2020;17:45;0;AV HIS RAIMUNDO GIRAO;;;91;;ColisÃ£o Transversal;Anoitecer;Bom;Seca;Meio de Quadra;NÃ£o HÃ¡ Controle;Comercial;0;1;1;0;0;0;0;0;0;1;0;0;-3,72030000000;-38,51510000000;mq_match
362392;16;9;2020;00:20;0;RUA BRAGANCA;;;1219;;Queda;;;;Meio de Quadra;;;0;1;0;0;0;0;0;0;0;1;0;0;-3,78418100000;-38,59746100000;mq_qgis
362389;16;9;2020;09:31;0;RUA ESPIRITO SANTO;;;;;ColisÃ£o;Luz do Dia;;;Meio de Quadra;;;0;1;1;0;0;0;0;0;0;1;0;0;;;
362390;16;9;2020;08:10;0;RUA PORTO VELHO;;;135;;ColisÃ£o;Luz do Dia;;;Meio de Quadra;;;0;1;0;0;0;0;0;0;0;0;0;0;-3,76870622000;-38,58190460000;mq_qgis
362386;16;9;2020;11:41;0;RUA JULIO SILVA;;;440;;ColisÃ£o;Luz do Dia;;;Meio de Quadra;;;0;1;1;0;0;0;0;0;0;1;0;0;-3,74537000000;-38,45462000000;mq_match
362376;16;9;2020;13:39;0;RUA CAP TIBURCIO DA FROTA;;;868;;ColisÃ£o;Luz do Dia;;;Meio de Quadra;;;0;1;0;0;0;0;0;0;0;0;0;0;-3,75483303000;-38,51248840000;mq_qgis
362377;16;9;2020;12:15;0;AV 13 DE MAIO;;;1383;;ColisÃ£o;Luz do Dia;;;Meio de Quadra;;;0;1;1;1;0;0;0;0;0;1;0;0;-3,74796600000;-38,53092250000;mq_qgis
362362;16;9;2020;16:27;0;RUA ALBERTO MAGNO;;;2050;;ColisÃ£o;Luz do Dia;;;Meio de Quadra;;;0;1;0;0;0;0;0;0;0;0;0;0;-3,77084000000;-38,55356000000;mq_gpsv
362363;16;9;2020;15:45;3211;RUA VERBENA;RUA EMILIO DE MENESES;;;;ColisÃ£o;Luz do Dia;;;Cruz;SemÃ¡foro;Comercial;0;1;1;1;0;0;0;0;0;1;0;0;-3,78134400000;-38,58883800000;inter_match
362367;16;9;2020;15:00;0;RUA PRISCO BEZERRA;;;2085;;Queda;Luz do Dia;;;Meio de Quadra;;;0;1;0;0;0;0;0;0;0;1;0;0;-3,73612000000;-38,47075000000;mq_gpsv
362394;16;9;2020;05:09;0;RUA FRANCISCA MARIA DA CONCEICAO;;;1580;;ColisÃ£o;Amanhecer;;;Meio de Quadra;;;0;1;1;0;0;0;0;0;0;0;0;0;-3,83605000000;-38,57364000000;mq_match
362395;16;9;2020;06:23;0;AV ANTONIO SALES;;;;;Queda;Luz do Dia;;;Meio de Quadra;;;0;1;0;0;0;0;0;0;0;1;0;0;;;
362396;16;9;2020;07:07;0;RUA SEBASTIAO DE ABREU;;;405;;ColisÃ£o;Luz do Dia;;;Meio de Quadra;;;0;1;1;1;0;0;0;0;0;1;0;0;-3,79479000000;-38,56741000000;mq_gpsv
362347;16;9;2020;18:33;0;RUA JOSE ALVES CAMPOS;;;;;ColisÃ£o;;;;Meio de Quadra;;;0;1;0;0;0;0;0;0;0;0;0;0;;;
362348;16;9;2020;18:22;0;RUA CARLOS CHAGAS;;;1235;;ColisÃ£o;Anoitecer;;;Meio de Quadra;;;0;1;1;1;0;0;0;0;0;1;0;0;-3,77829875000;-38,59162470000;mq_qgis
362349;16;9;2020;17:44;7681;RUA ALAGOAS;RUA RODRIGUES ANDRADE;;;;ColisÃ£o;Anoitecer;;;;;;0;1;1;1;0;0;0;0;0;1;0;0;-3,76389000000;-38,56428000000;inter_gpsv
362336;16;9;2020;23:35;0;RUA SILVA BAIMA;;;58;;ColisÃ£o;;;;Meio de Quadra;;;0;1;1;0;0;0;0;0;0;1;0;0;-3,75740967000;-38,57922350000;mq_qgis
362337;16;9;2020;22:14;0;RUA MARIA TOMASIA;;;1245;;Queda;;;;Meio de Quadra;;;0;1;0;0;0;0;0;0;0;1;0;0;-3,73705000000;-38,49225000000;mq_gpsv
360714;16;9;2020;07:00;0;RD CE-040;;;;KM-02;ColisÃ£o;Luz do Dia;;;Meio de Quadra;;;0;0;2;0;0;0;0;0;0;0;0;0;-3,77361614800;-38,48179940000;rod_match
360808;16;9;2020;10:00;12905;AV AGUANAMBI;RUA MES ROSA;;;;Queda;Luz do Dia;Bom;Seca;;Outros;Comercial;0;1;0;0;0;0;0;0;0;1;0;0;-3,74162860000;-38,52586000000;inter_match
361057;16;9;2020;12:00;24993;AV DOM MANUEL;RUA ROCHA LIMA;;;;ColisÃ£o Traseira;Luz do Dia;Bom;Seca;Cruz;SemÃ¡foro;Comercial;0;1;1;1;0;0;0;0;0;1;0;0;-3,73595900000;-38,52358700000;inter_match
361031;17;9;2020;14:00;0;AV CONTORNO SUL;;;;;ColisÃ£o Lateral;Luz do Dia;Bom;Seca;Meio de Quadra;NÃ£o HÃ¡ Controle;Residencial;0;1;1;1;0;0;0;0;0;1;0;0;;;
361034;17;9;2020;09:30;0;AV RUI BARBOSA;;;1999;;ColisÃ£o Lateral;Luz do Dia;Bom;Seca;Meio de Quadra;NÃ£o HÃ¡ Controle;Comercial;0;1;1;0;0;0;0;0;0;1;0;0;-3,74009600000;-38,51075300000;mq_qgis
361046;17;9;2020;07:50;0;RUA TOMAS RODRIGUES;;;415;;ColisÃ£o Lateral;Luz do Dia;Bom;Seca;Meio de Quadra;NÃ£o HÃ¡ Controle;Residencial;0;0;2;1;0;0;1;0;0;0;0;0;-3,74043500000;-38,59385300000;mq_match
361042;17;9;2020;19:00;10502;RUA PRO JOSE HENRIQUE;RUA WILSON PEREIRA;;;;ColisÃ£o Lateral;Via Iluminada;Bom;Seca;Cruz;NÃ£o HÃ¡ Controle;Residencial;0;2;1;0;1;0;0;0;0;1;0;0;-3,83078700000;-38,47779000000;inter_match
360713;17;9;2020;17:30;0;RD CE-040;;;;KM-02;ColisÃ£o;Anoitecer;;;Meio de Quadra;;;0;1;1;1;0;0;0;0;0;1;0;0;-3,77361614800;-38,48179940000;rod_match
362031;17;9;2020;06:32;3423;AV JOAO PESSOA;RUA ALVARO FERNANDES;;;;ColisÃ£o;Luz do Dia;;;Cruz;SemÃ¡foro;Residencial;0;1;0;1;0;0;0;0;0;1;0;0;-3,75931700000;-38,55564800000;inter_match
362025;17;9;2020;05:41;0;RUA BAR AQUIRAZ;;;587;;ColisÃ£o;Amanhecer;;;Meio de Quadra;;;0;1;0;0;0;0;0;0;0;1;0;0;;;
362048;17;9;2020;06:32;0;AV PRS COSTA E SILVA;;;835;;ColisÃ£o;Luz do Dia;;;Meio de Quadra;;;0;1;0;0;0;0;0;0;0;0;0;0;-3,81266359000;-38,57216950000;mq_qgis
362049;17;9;2020;07:17;22940;RUA BERNARDO MANUEL;RUA JAPI;;;;ColisÃ£o;Luz do Dia;;;Cruz;Pare;Comercial;0;1;0;0;0;0;0;0;0;1;0;0;-3,78407300000;-38,54692700000;inter_match
362050;17;9;2020;07:28;0;RUA ANTONIO BARBOSA;;;1390;;ColisÃ£o;Luz do Dia;;;Meio de Quadra;;;0;1;0;1;0;0;0;0;0;1;0;0;-3,83117800000;-38,56464200000;mq_qgis
362051;17;9;2020;07:45;0;AV SGT HERMINIO SAMPAIO;;;725;;ColisÃ£o;Luz do Dia;;;Meio de Quadra;;;0;1;0;1;0;0;0;0;0;1;0;0;-3,72457300000;-38,54743600000;mq_match
362052;17;9;2020;17:46;0;AV AMERICO BARREIRA;;;4800;;ColisÃ£o;Anoitecer;;;Meio de Quadra;;;0;1;0;0;0;0;0;0;0;1;0;0;-3,75968000000;-38,56407000000;mq_gpsv
362053;17;9;2020;08:08;0;RUA PAULO RUBENS;;;38;;Queda;Luz do Dia;;;Meio de Quadra;;;0;1;0;0;0;1;0;0;0;0;0;0;;;
362054;17;9;2020;09:36;0;RUA G CJ VILA VELHA;;;;;Queda;Luz do Dia;;;Meio de Quadra;;;0;1;0;0;0;1;0;0;0;0;0;0;;;
362055;17;9;2020;10:38;0;RUA PERILIO TEIXEIRA;;;946;;Atropelamento;Luz do Dia;;;Meio de Quadra;;;0;1;0;0;0;0;0;0;0;1;0;0;-3,75615415000;-38,60123350000;mq_qgis
362056;17;9;2020;11:55;0;AV GAL OSORIO DE PAIVA;;;4059;;ColisÃ£o;Luz do Dia;;;Meio de Quadra;;;0;1;0;1;0;0;0;0;0;1;0;0;-3,79261520000;-38,59028570000;mq_match
362057;17;9;2020;17:01;13212;RUA BERNARDO MANUEL;RUA ANTONIO PEREIRA;;;;ColisÃ£o;Anoitecer;;;Cruz;NÃ£o HÃ¡ Controle;Residencial;0;2;0;1;0;0;0;0;0;1;0;0;-3,83420000000;-38,56207000000;inter_gpsv
362058;17;9;2020;20:17;0;AV JOSE BASTOS;;;5592;;ColisÃ£o;;;;Meio de Quadra;;;0;2;0;0;0;0;0;0;0;1;0;0;-3,76056200000;-38,56447700000;mq_match
362848;17;9;2020;19:36;0;RUA VALDETARIO MOTA;;;;;ColisÃ£o;;;;Meio de Quadra;;;0;1;1;1;0;0;0;0;0;1;0;0;;;
360193;17;9;2020;05:54;17412;RUA ALBERTO MAGNO;RUA BAR SOBRAL;;;;ColisÃ£o Transversal;Luz do Dia;Bom;Seca;Cruz;SemÃ¡foro;Comercial;0;1;1;1;0;0;0;0;0;1;0;0;-3,76799100000;-38,55241700000;inter_match
360194;17;9;2020;15:45;0;AV JOVITA FEITOSA;RUA FRANCISCO HIPOLITO;;0;;ColisÃ£o Transversal;Luz do Dia;Bom;Seca;Cruz;SemÃ¡foro;Residencial;0;1;1;1;0;0;0;0;0;1;0;0;-3,73868000000;-38,55044000000;inter_gpsv
360195;17;9;2020;16:18;1485;RUA PDE VALDEVINO;RUA ANTONIO AUGUSTO;;0;;ColisÃ£o Transversal;Luz do Dia;Bom;Seca;Cruz;Pare;Comercial;0;4;0;1;0;0;0;0;0;0;0;0;-3,73923900000;-38,51648900000;inter_match
360196;17;9;2020;17:05;0;RUA AVILA GOULART;RUA VALDETARIO MOTA;;0;;ColisÃ£o;Luz do Dia;Bom;Seca;;;;0;2;0;1;0;0;0;0;0;1;0;0;-3,73465200000;-38,47921000000;inter_match
360197;17;9;2020;22:08;0;AV BORGES DE MELO;;;0;;Choque c/ ObstÃ¡culo Fixo;Via Iluminada;Bom;Seca;Outros;NÃ£o HÃ¡ Controle;Comercial;0;1;0;1;0;0;0;0;0;0;0;0;-3,75606500000;-38,53470600000;mq_match
360214;17;9;2020;11:50;17428;RUA ALBERTO MAGNO;RUA CESAR ROSSAS;;;;ColisÃ£o Transversal;Luz do Dia;Bom;Seca;Cruz;SemÃ¡foro;Comercial;0;1;1;1;0;0;0;0;0;1;0;0;-3,76856100000;-38,55268600000;inter_match
360198;18;9;2020;07:11;9155;AV EDUARDO GIRAO;AV LUCIANO CARNEIRO;;;;ColisÃ£o Transversal;Luz do Dia;Bom;Seca;Cruz;SemÃ¡foro;Escola;0;1;1;1;0;0;0;0;0;1;0;0;-3,75227500000;-38,53281100000;inter_match
360199;18;9;2020;09:20;0;AV ABOLICAO;;;2377;;ColisÃ£o;Luz do Dia;Bom;Seca;Meio de Quadra;NÃ£o HÃ¡ Controle;Comercial;0;1;1;1;0;0;0;0;0;1;0;0;-3,72669000000;-38,49744500000;mq_match
360200;18;9;2020;12:58;0;RUA CIDADE ECOLOGICA;RUA DR MONTEIRO;;0;;ColisÃ£o;Luz do Dia;Bom;Seca;;;;0;1;1;0;0;0;0;0;0;0;0;0;-3,77423000000;-38,46057000000;inter_gpsv
360201;18;9;2020;11:30;18545;RUA CEREJEIRAS;RUA UMARIZEIRA;;;;ColisÃ£o Transversal;Luz do Dia;Bom;Seca;Cruz;Pare;Residencial;0;1;1;1;0;0;0;0;0;1;0;0;-3,82082900000;-38,59858900000;inter_match
360202;18;9;2020;09:03;1589;AV DES MOREIRA;RUA GAL TERTULIANO POTYGUARA;;;;ColisÃ£o Transversal;Luz do Dia;Bom;Seca;Cruz;SemÃ¡foro;Comercial;0;1;0;1;0;0;0;0;0;1;0;0;-3,74313000000;-38,50056800000;inter_match
360203;18;9;2020;18:00;0;AV NORTE;;;2920;;ColisÃ£o Lateral;Anoitecer;Bom;Seca;Meio de Quadra;NÃ£o HÃ¡ Controle;Comercial;0;1;1;1;0;0;0;0;0;1;0;0;-3,77829000000;-38,48301000000;mq_gpsv
360204;18;9;2020;19:00;0;RUA CARLOS CHAGAS;RUA BATURITE;;1931;;ColisÃ£o Transversal;Via Iluminada;Bom;Seca;Meio de Quadra;Pare;Residencial;0;0;1;1;0;0;0;0;0;1;0;0;-3,77841000000;-38,59127000000;inter_gpsv
360205;18;9;2020;21:43;0;RUA PORTO VELHO;;;0;;ColisÃ£o Traseira;Via Iluminada;Bom;Seca;Meio de Quadra;SemÃ¡foro;Comercial;0;0;2;1;0;0;0;0;0;0;0;0;;;
362849;18;9;2020;17:30;0;AV SGT HERMINIO SAMPAIO;;;2955;;ColisÃ£o;Anoitecer;;;Meio de Quadra;;;0;0;2;1;0;0;0;0;0;0;0;0;-3,72752033000;-38,56700440000;mq_qgis
362189;18;9;2020;23:45;0;RUA CEL FABRICIANO;;;1219;;Queda;;;;Meio de Quadra;;;0;1;0;0;0;0;0;0;0;1;0;0;-3,78425232000;-38,60252120000;mq_qgis
362150;18;9;2020;13:15;0;AV PRS COSTA E SILVA;;;;;ColisÃ£o;Luz do Dia;;;Meio de Quadra;;;0;1;0;1;0;0;0;0;0;1;0;0;;;
362151;18;9;2020;13:58;0;AV LINEU MACHADO;;;50;;ColisÃ£o;Luz do Dia;;;Meio de Quadra;;;0;1;0;0;0;0;0;0;0;0;0;0;-3,76083000000;-38,57436000000;mq_gpsv
362152;18;9;2020;15:25;0;RUA RIO ARAGUAIA;;;728;;ColisÃ£o;Luz do Dia;;;Meio de Quadra;;;0;2;0;1;0;0;0;0;0;1;0;0;-3,72264313000;-38,58184680000;mq_qgis
362153;18;9;2020;17:46;14870;RUA WALDIR DIOGO;RUA ALFREDO MAMEDE;;;;ColisÃ£o;Anoitecer;;;Cruz;SemÃ¡foro;Comercial;0;1;0;0;0;0;0;0;0;0;0;0;-3,80736700000;-38,58008400000;inter_match
362154;18;9;2020;17:50;0;AV GODOFREDO MACIEL;;;5462;;Queda;Anoitecer;;;Meio de Quadra;;;0;1;0;0;0;0;0;0;0;1;0;0;-3,82173000000;-38,57812000000;mq_gpsv
362155;18;9;2020;18:19;0;AV ANTONIO JUSTA;;;3320;;ColisÃ£o;Anoitecer;;;;;;0;1;1;1;0;0;0;0;0;1;0;0;-3,72868600000;-38,49128500000;mq_qgis
362156;18;9;2020;18:47;1289;AV SANTOS DUMONT;RUA SILVA PAULET;;;;ColisÃ£o;;;;Cruz;Pare;Comercial;0;1;0;1;0;0;0;0;0;1;0;0;-3,73398500000;-38,50525800000;inter_match
362157;18;9;2020;20:52;0;RUA PORTO VELHO;;;386;;ColisÃ£o;;;;Meio de Quadra;;;0;2;0;1;0;0;0;0;0;1;0;0;-3,76756025000;-38,58408600000;mq_qgis
362158;18;9;2020;21:09;0;RUA CEL FABRICIANO;;;1225;;Queda;;;;Meio de Quadra;;;0;1;0;0;0;0;0;0;0;1;0;0;-3,78423146000;-38,60259460000;mq_qgis
362159;18;9;2020;22:39;0;RUA NELSON COELHO;;;291;;ColisÃ£o;;;;Meio de Quadra;;;0;1;0;0;0;0;0;0;0;1;0;0;-3,82806800000;-38,46379400000;mq_match
362160;18;9;2020;23:17;6729;RUA DES WALDETARIO P MOTA;RUA BENTO ALBUQUERQUE;;;;ColisÃ£o;;;;Cruz;SemÃ¡foro;Residencial;0;1;1;1;0;0;0;0;0;0;0;0;-3,74338360000;-38,48478300000;inter_match
362146;18;9;2020;13:13;0;AV WASHINGTON SOARES;;;4550;;ColisÃ£o;Luz do Dia;;;Meio de Quadra;;;0;1;0;1;0;0;0;0;0;1;0;0;-3,79780000000;-38,47993000000;mq_gpsv
362070;18;9;2020;08:32;0;RUA CRUZEIRO DO SUL;;;5405;;ColisÃ£o;Luz do Dia;;;Meio de Quadra;;;0;1;0;0;0;0;0;0;0;0;0;0;;;
362071;18;9;2020;08:40;0;AV JOSE BASTOS;;;3800;;ColisÃ£o;Luz do Dia;;;Meio de Quadra;;;0;1;0;0;0;0;0;0;0;0;0;0;-3,75192400000;-38,55237950000;mq_match
362106;18;9;2020;09:38;0;RUA ANDRE CHAVES;;;216;;Atropelamento;Luz do Dia;;;Meio de Quadra;;;0;1;0;0;1;0;0;0;0;0;0;0;-3,75713000000;-38,53958000000;mq_gpsv
362060;18;9;2020;00:44;0;AV AUGUSTO DOS ANJOS;;;1257;;ColisÃ£o;;;;Meio de Quadra;;;0;1;0;1;0;0;0;0;0;1;0;0;-3,77797400000;-38,57723400000;mq_qgis
362061;18;9;2020;01:02;0;RUA CHILE;;;344;;Queda;;;;Meio de Quadra;;;0;1;0;0;0;0;0;0;0;1;0;0;-3,74709140000;-38,56629140000;mq_qgis
362062;18;9;2020;02:22;0;RUA URUCUTUBA;;;;;Queda;;;;Meio de Quadra;;;0;1;0;0;0;0;0;0;0;1;0;0;;;
362063;18;9;2020;04:23;0;AV PRS CASTELO BRANCO;;;;;ColisÃ£o;;;;Meio de Quadra;;;0;1;0;0;0;0;0;0;0;0;0;0;;;
362064;18;9;2020;04:43;0;AV WASHINGTON SOARES;;;;;Choque c/ ObstÃ¡culo Fixo;;;;Meio de Quadra;;;0;1;0;1;0;0;0;0;0;0;0;0;;;
362065;18;9;2020;07:37;0;AV SANTOS DUMONT;;;4005;;ColisÃ£o;Luz do Dia;;;Meio de Quadra;;;0;1;0;0;0;0;0;0;0;0;0;0;-3,73943200000;-38,48846000000;mq_match