COD_ACIDENTE;DIA;MES;ANO;HORA;INTERSECAO;LOG1;LOG2;LOG3;NUMERO;REFERENCIA;NATUREZA;ILUMINACAO;TEMPO;SUPERFICIEPISTA;TIPOCRUZAMENTO;CONTROLETRAFEGO;USOSOLO;MORTOS;FERIDOS;ILESOS;AUTOMOVEL;ONIBUS;BICICLETA;CAMINHAO;MICROONIBUS;CICLOMOTOR;MOTOCICLETA;TRACAOANIMAL;TREM;LATITUDE;LONGITUDE;METODO
360218;21;9;2020;01:50;0;AV BERNARDO MANUEL;;;9938;;Choque c/ ObstÃ¡culo Fixo;Via Iluminada;Bom;Seca;Meio de Quadra;NÃ£o HÃ¡ Controle;Comercial;0;0;1;0;0;0;0;0;0;0;0;0;-3,82963000000;-38,56057000000;mq_gpsv
360219;21;9;2020;07:17;0;RUA MARCILIO DIAS;;;2015;;Choque c/ ObstÃ¡culo Fixo;Luz do Dia;Bom;Seca;Meio de Quadra;NÃ£o HÃ¡ Controle;Escola;0;0;1;1;0;0;0;0;0;0;0;0;-3,70822000000;-38,56465000000;mq_gpsv
360220;21;9;2020;12:00;0;RUA PDE VALDEVINO;RUA DES LEITE ALBUQUERQUE;;0;;ColisÃ£o Transversal;Luz do Dia;Bom;Seca;Cruz;Pare;Comercial;0;0;2;1;0;0;0;0;0;0;0;0;-3,73787000000;-38,49669000000;inter_gpsv
360221;21;9;2020;14:00;1437;RUA SILVA PAULET;RUA JOAO CARVALHO;;;;ColisÃ£o Transversal;Luz do Dia;Bom;Seca;Cruz;Pare;Comercial;0;2;0;0;0;0;0;0;0;1;0;0;-3,73796600000;-38,50655700000;inter_match
360224;22;9;2020;08:03;0;RUA BRUNO VALENTE;;;0;;NÃ£o Informado;Luz do Dia;Bom;Seca;Meio de Quadra;Pare;Residencial;0;1;1;1;0;0;0;0;0;1;0;0;;;
360225;22;9;2020;07:50;0;AV LUIZ VIEIRA;RUA COM GARCIA;;205;;ColisÃ£o Transversal;Luz do Dia;Bom;Seca;Cruz;Pare;Comercial;0;0;2;1;0;0;0;0;0;0;0;0;-3,79662000000;-38,58637000000;inter_gpsv
360226;22;9;2020;08:15;1393;AV RUI BARBOSA;RUA JOAO CARVALHO;;;;ColisÃ£o;Luz do Dia;Bom;Seca;Cruz;SemÃ¡foro;Residencial;0;2;0;0;0;0;0;0;0;1;0;0;-3,73692800000;-38,50973100000;inter_match
360227;22;9;2020;10:11;0;RUA URUCUTUBA;RUA NS05 UI 706;RUA DA SORTE;0;;ColisÃ£o;Luz do Dia;Bom;Seca;Meio de Quadra;DÃª PreferÃªncia;Residencial;0;1;1;1;0;0;0;0;0;1;0;0;;;
360228;22;9;2020;10:59;0;RUA ANTONELE BEZERRA;;;176;;ColisÃ£o;Luz do Dia;Bom;Seca;Meio de Quadra;Pare;Residencial;0;2;1;0;0;0;0;0;0;1;0;0;-3,72497066000;-38,50663760000;mq_qgis
360229;22;9;2020;14:07;14588;AV EDILSON B SOARES;RUA JOAO REGINO;;;;ColisÃ£o Transversal;Luz do Dia;Bom;Seca;Cruz;Pare;Comercial;0;2;0;1;0;0;0;0;0;0;0;0;-3,78966300000;-38,48300100000;inter_match
360230;22;9;2020;14:06;15357;RUA LEONARDO MOTA;RUA PEREIRA VALENTE;;0;;NÃ£o Informado;Luz do Dia;Bom;Seca;Cruz;Pare;Comercial;0;1;1;1;0;0;0;0;0;0;0;0;-3,73288500000;-38,49513400000;inter_match
360231;22;9;2020;20:00;0;RUA BAR AQUIRAZ;;;1409;;Atropelamento;Mal Iluminada;Bom;Seca;Meio de Quadra;NÃ£o HÃ¡ Controle;Comercial;1;0;1;0;0;0;1;0;0;0;0;0;-3,84028913900;-38,48554028000;mq_match
360232;22;9;2020;21:21;0;RUA ALFREDO MAMEDE;;;859;;ColisÃ£o Frontal;Via Iluminada;Bom;Seca;Meio de Quadra;;;0;1;1;0;1;0;0;0;0;1;0;0;-3,81381429000;-38,58463510000;mq_qgis
360233;22;9;2020;21:09;0;RUA DIONISIO ALENCAR FILHO;;;2399;;ColisÃ£o Transversal;Via Iluminada;Bom;Seca;Meio de Quadra;NÃ£o HÃ¡ Controle;Residencial;0;0;2;0;0;0;0;0;0;0;0;0;-3,85500000000;-38,50612000000;mq_gpsv
360235;22;9;2020;07:46;0;RUA CARAMURU D45 (ITAPERI);;;105;;Choque c/ ObstÃ¡culo Fixo;Luz do Dia;Bom;Seca;Meio de Quadra;Pare;Residencial;0;1;0;0;0;0;0;0;0;0;0;0;;;
362854;22;9;2020;16:50;9170;AV EDUARDO GIRAO;RUA GAL SILVA JUNIOR;;;;ColisÃ£o;Luz do Dia;;;Cruz;SemÃ¡foro;Comercial;0;1;1;0;0;0;1;0;0;1;0;0;-3,75430900000;-38,53078500000;inter_match
362841;22;9;2020;00:15;0;AV GAL OSORIO DE PAIVA;;;51;;ColisÃ£o;;;;Meio de Quadra;;;0;2;0;1;0;0;0;0;0;1;0;0;-3,77256424000;-38,56292130000;mq_qgis
362850;22;9;2020;06:52;0;AV MR HULL;;;;;Atropelamento;Luz do Dia;;;Meio de Quadra;;;0;1;0;0;1;0;0;0;0;0;0;0;;;
362851;22;9;2020;07:28;0;RUA BRUNO VALENTE;;;453;;ColisÃ£o;Luz do Dia;;;Meio de Quadra;;;0;1;0;1;0;0;0;0;0;0;0;0;-3,78897151000;-38,53949070000;mq_qgis
362866;22;9;2020;21:58;0;AV MR HULL;;;5000;;Queda;;;;Meio de Quadra;;;0;1;0;0;0;0;0;0;0;1;0;0;-3,73921061400;-38,58867060000;mq_match
362856;22;9;2020;15:17;5998;RUA 218 CJ CEARA;RUA 448 CJ CEARA;;;;Atropelamento;Luz do Dia;;;;;;0;1;0;1;0;0;0;0;0;0;0;0;-3,76370700000;-38,60707100000;inter_gpsv
362857;22;9;2020;16:54;0;AV SGT HERMINIO SAMPAIO;;;769;;ColisÃ£o;Luz do Dia;;;Meio de Quadra;;;0;1;0;1;0;0;0;0;0;1;0;0;-3,72457300000;-38,54743600000;mq_match
362858;22;9;2020;17:12;0;AV ALM BARROSO;;;435;;ColisÃ£o;Anoitecer;;;Meio de Quadra;;;0;1;0;0;0;0;0;0;0;0;0;0;-3,72074900000;-38,51936300000;mq_match
362859;22;9;2020;17:35;0;AV GAL OSORIO DE PAIVA;;;8130;;Atropelamento;Anoitecer;;;Meio de Quadra;;;0;1;0;1;0;0;0;0;0;0;0;0;-3,82177924000;-38,61861030000;mq_qgis
362860;22;9;2020;17:37;0;AV E CJ JOSE WALTER;;;900;;Atropelamento;Anoitecer;;;Meio de Quadra;;;0;1;0;0;0;0;0;0;0;1;0;0;;;
362861;22;9;2020;17:58;0;AV MIGUEL DIAS;;;;;Queda;Anoitecer;;;Meio de Quadra;;;0;1;0;0;0;0;0;0;0;1;0;0;;;
362862;22;9;2020;18:46;0;RUA CEL DIONISIO ALENCAR;;;2399;;ColisÃ£o;;;;Meio de Quadra;;;0;1;0;1;0;0;0;0;0;1;0;0;;;
362863;22;9;2020;18:51;0;AV GAL OSORIO DE PAIVA;;;;;Atropelamento;;;;Meio de Quadra;;;0;2;0;0;0;0;0;0;0;1;0;0;;;
362196;22;9;2020;06:30;0;RD BR 116;;;13000;KM-13;ColisÃ£o Traseira;Luz do Dia;;Seca;Meio de Quadra;;;0;1;1;0;0;0;1;0;0;1;0;0;-3,86467000000;-38,49772700000;rod_match
360605;22;9;2020;12:40;0;RD CE-060;;;;KM-01;ColisÃ£o;Luz do Dia;;;Meio de Quadra;;;0;0;2;1;0;0;1;0;0;0;0;0;-3,82613600000;-38,57950000000;rod_match
360606;22;9;2020;11:30;0;RD CE-040;;;;KM-09;ColisÃ£o;Luz do Dia;;;Meio de Quadra;;;0;0;2;1;0;0;0;0;0;1;0;0;-3,83445089700;-38,48246582000;rod_match
360607;22;9;2020;14:30;0;RD CE-040;;;;KM-07;ColisÃ£o;Luz do Dia;;;Meio de Quadra;;;0;0;3;0;0;0;0;0;0;1;0;0;-3,81715944500;-38,48303286000;rod_match
360948;22;9;2020;15:25;21894;RUA DEP MATOSO FILHO;RUA XXIX CIDADE OESTE;;;;ColisÃ£o Transversal;Luz do Dia;Bom;Seca;Cruz;Pare;Residencial;0;1;1;0;0;0;1;0;0;1;0;0;-3,73382140000;-38,59409300000;inter_match
360932;23;9;2020;19:00;0;AV JOVITA FEITOSA;;;150;;ColisÃ£o Traseira;Via Iluminada;Bom;Seca;;;;0;1;1;1;0;0;0;0;0;1;0;0;-3,73752625000;-38,54518430000;mq_qgis
360602;23;9;2020;19:00;0;RD CE-060;;;;KM-03;ColisÃ£o;;;;Meio de Quadra;;;0;0;2;1;0;0;0;0;0;1;0;0;-3,84303800000;-38,58513300000;rod_match
360603;23;9;2020;22:40;0;AV MIN JOSE AMERICO;;;2000;;ColisÃ£o;;;;Meio de Quadra;;;0;0;2;1;0;0;0;0;0;0;0;0;-3,81039350000;-38,48362250000;mq_match
360600;23;9;2020;10:15;0;AV SEN CARLOS JEREISSATI (AEROPORTO);;;;KM 03;ColisÃ£o;Luz do Dia;;;Meio de Quadra;;;0;0;2;0;0;0;1;0;0;0;0;0;-3,77964100000;-38,54403800000;rod_match
362216;23;9;2020;08:50;0;RD BR 116;;;;KM-01;ColisÃ£o Traseira;Luz do Dia;;Seca;Meio de Quadra;;;0;1;1;1;0;0;0;0;0;1;0;0;-3,76255400000;-38,51870200000;rod_match
362867;23;9;2020;06:04;0;RUA MON CARNEIRO DA CUNHA;;;668;;Queda;Luz do Dia;;;Meio de Quadra;;;0;1;0;0;0;1;0;0;0;0;0;0;;;
362871;23;9;2020;11:40;22162;AV JOSE BASTOS;RUA PORFIRIO SAMPAIO;;;;ColisÃ£o;Luz do Dia;;;T;SemÃ¡foro;Comercial;0;1;2;0;0;0;0;0;0;0;0;0;-3,74585100000;-38,54627100000;inter_match
362872;23;9;2020;16:20;7862;AV ANTONIO SALES;RUA PRO DIAS DA ROCHA;;;;ColisÃ£o;Luz do Dia;;;Cruz;Pare;Comercial;0;1;1;0;0;0;0;0;0;0;0;0;-3,74758600000;-38,49553500000;inter_match
362879;23;9;2020;07:15;0;AV JOSE BASTOS;;;2426;;ColisÃ£o;Luz do Dia;;;Meio de Quadra;;;0;1;0;1;0;0;0;0;0;1;0;0;-3,74307500000;-38,54382300000;mq_match
362891;23;9;2020;07:20;0;RD QUARTO ANEL VIARIO;;;2335;;ColisÃ£o;Luz do Dia;;;Meio de Quadra;;;0;1;0;0;0;0;0;0;0;1;0;0;-3,86815900000;-38,50972000000;rod_match
362892;23;9;2020;07:53;0;RUA OSCAR ARARIPE;;;1529;;Atropelamento;Luz do Dia;;;Meio de Quadra;;;0;2;0;0;0;0;0;0;0;1;0;0;-3,78938179000;-38,60500010000;mq_qgis
362881;23;9;2020;07:20;0;RUA JULIO ABREU;;;860;;ColisÃ£o;Luz do Dia;;;Meio de Quadra;;;0;2;0;0;0;0;0;0;0;1;0;0;;;
362901;23;9;2020;08:19;0;AV JOSE BASTOS;;;;;ColisÃ£o;Luz do Dia;;;Meio de Quadra;;;0;2;0;0;0;0;1;0;0;1;0;0;;;
362906;23;9;2020;08:53;0;AV MR HULL;;;5640;;ColisÃ£o;Luz do Dia;;;Meio de Quadra;;;0;2;0;0;0;0;0;0;0;1;0;0;-3,74014157000;-38,59483640000;mq_qgis
362907;23;9;2020;11:00;0;AV CONTORNO NORTE D71;;;1237;;ColisÃ£o;Luz do Dia;;;Meio de Quadra;;;0;1;0;1;0;0;0;0;0;1;0;0;-3,81347257000;-38,58811210000;mq_qgis
362938;23;9;2020;11:56;0;RUA PLACIDO CARVALHO;;;150;;ColisÃ£o;Luz do Dia;;;Meio de Quadra;;;0;1;0;0;0;0;0;0;0;0;0;0;-3,71892700000;-38,55540750000;mq_qgis
362949;23;9;2020;12:42;0;RUA BAR AQUIRAZ;;;1759;;ColisÃ£o;Luz do Dia;;;Meio de Quadra;;;0;1;0;0;0;0;0;0;0;1;0;0;-3,84235700000;-38,48355000000;mq_qgis
362950;23;9;2020;13:06;22715;RUA EUCLIDES O DE SOUSA;RUA RAFAEL TOBIAS;;;;ColisÃ£o;Luz do Dia;;;;Pare;Residencial;0;1;0;0;0;0;0;0;0;1;0;0;-3,79756500000;-38,47213300000;inter_match
362953;23;9;2020;14:14;0;AV DA UNIVERSIDADE;;;;;Atropelamento;Luz do Dia;;;Meio de Quadra;;;0;1;0;1;0;0;0;0;0;0;0;0;;;
362956;23;9;2020;16:20;0;AV F CJ JOSE WALTER;;;401;;ColisÃ£o;Luz do Dia;;;Meio de Quadra;;;0;1;0;0;0;0;0;0;0;0;0;0;-3,83571645000;-38,55753900000;mq_qgis
362958;23;9;2020;17:08;0;RUA LIVINO DE CARVALHO;;;110;;Atropelamento;Anoitecer;;;Meio de Quadra;;;0;1;0;1;0;0;0;0;0;0;0;0;-3,77112327000;-38,55865110000;mq_qgis
362959;23;9;2020;17:21;0;AV ROGACIANO LEITE;;;400;;ColisÃ£o;Anoitecer;;;Meio de Quadra;;;0;2;0;1;0;0;0;0;0;1;0;0;-3,76164925000;-38,49339988000;mq_match
362962;23;9;2020;17:55;0;AV JOR THOMAZ COELHO;;;;;Queda;Anoitecer;;;Meio de Quadra;;;0;2;0;0;0;0;0;0;0;1;0;0;;;
362964;23;9;2020;18:13;0;RD BR 116;;;;;ColisÃ£o;Anoitecer;;;Meio de Quadra;;;0;2;0;0;0;0;0;0;0;0;0;0;;;
362966;23;9;2020;18:14;0;AV OLIVEIRA PAIVA;;;245;;ColisÃ£o;Anoitecer;;;Meio de Quadra;;;0;1;0;0;0;0;0;0;0;0;0;0;-3,79837000000;-38,50259300000;mq_match
362971;23;9;2020;19:01;0;AV WASHINGTON SOARES;;;4210;;ColisÃ£o;;;;Meio de Quadra;;;0;1;0;1;0;0;0;0;0;1;0;0;-3,79372000000;-38,48023000000;mq_gpsv
362972;23;9;2020;19:02;0;RUA GUILHERME PERDIGAO;;;352;;Queda;;;;Meio de Quadra;;;0;1;0;0;0;1;0;0;0;0;0;0;-3,77474161000;-38,57243670000;mq_qgis
362973;23;9;2020;21:38;0;RUA ANDRE REBOUCAS;;;371;;ColisÃ£o;;;;Meio de Quadra;;;0;1;0;1;0;0;0;0;0;1;0;0;-3,77594010000;-38,59129950000;mq_qgis
362969;23;9;2020;18:40;0;RUA NOVA CONQUISTA (PASSARE);;;24;;ColisÃ£o;;;;Meio de Quadra;;;0;1;0;0;0;0;0;0;0;0;0;0;-3,81482000000;-38,52132000000;mq_gpsv
360236;23;9;2020;09:19;0;RUA ADEMAR DE BARROS;AV PROF GERARDO RODRIGUES DE ALBUQUERQUE;;36;;ColisÃ£o Transversal;Luz do Dia;Nublado;Seca;Meio de Quadra;Pare;Residencial;0;1;0;1;0;0;0;0;0;1;0;0;-3,78110000000;-38,49727000000;inter_gpsv
360237;23;9;2020;10:10;9192;RUA MARIO MAMEDE;RUA PAULA RODRIGUES;;0;;ColisÃ£o Transversal;Luz do Dia;Bom;Seca;Cruz;Pare;Residencial;0;1;2;1;0;0;0;0;0;0;0;0;-3,75328500000;-38,52673900000;inter_match
360238;23;9;2020;11:10;0;AV LINEU MACHADO;;;400;;ColisÃ£o Lateral;Luz do Dia;Bom;Seca;Meio de Quadra;NÃ£o HÃ¡ Controle;Residencial;0;1;1;0;1;0;0;0;0;0;0;0;-3,76369750000;-38,57574050000;mq_match
360239;23;9;2020;16:19;0;RUA CARLOS AMORA;;;120;;ColisÃ£o Traseira;Luz do Dia;Bom;Seca;Meio de Quadra;NÃ£o HÃ¡ Controle;Comercial;0;1;1;1;0;1;0;0;0;0;0;0;-3,77503450000;-38,56376900000;mq_qgis
360234;23;9;2020;06:50;0;AV DEP PAULINO ROCHA;;;1320;;Queda;Luz do Dia;Bom;Seca;Meio de Quadra;SemÃ¡foro;Comercial;0;1;0;0;0;0;0;0;0;1;0;0;-3,80975500000;-38,50885000000;mq_match
360277;23;9;2020;20:30;1566;RUA PDE VALDEVINO;RUA SILVA PAULET;;;;ColisÃ£o Lateral;Via Iluminada;Bom;Seca;Cruz;SemÃ¡foro;Comercial;0;2;1;0;1;0;0;0;0;1;0;0;-3,74195700000;-38,50785100000;inter_match
360240;24;9;2020;01:09;15293;AV BAR STUDART;RUA TEN BENEVOLO;;0;PALÃCIO DA ABOLIÃ‡ÃƒO;ColisÃ£o Transversal;Via Iluminada;Bom;Seca;Cruz;SemÃ¡foro;Comercial;0;0;2;1;0;0;0;0;0;0;0;0;-3,72939000000;-38,50490800000;inter_match
360241;24;9;2020;07:10;22724;RUA EUCLIDES O DE SOUSA;RUA ELISEU ORIA;;;;ColisÃ£o Lateral;Luz do Dia;Bom;Seca;Cruz;Pare;Residencial;0;1;1;1;0;0;0;0;0;1;0;0;-3,79801100000;-38,47720200000;inter_match
360242;24;9;2020;09:05;2884;RUA MARIA JULIA;RUA MARTINS CARVALHO;;;;ColisÃ£o Transversal;Luz do Dia;Bom;Seca;Cruz;Pare;Comercial;0;1;1;1;0;0;0;0;0;1;0;0;-3,79633300000;-38,60094900000;inter_match
360243;24;9;2020;08:14;9073;RUA LAURO MAIA;RUA CEL JOSE EUCLIDES;;;;ColisÃ£o Transversal;Luz do Dia;Bom;Seca;Cruz;Pare;Comercial;0;1;1;1;0;0;0;0;0;1;0;0;-3,75206100000;-38,52191500000;inter_match
360244;24;9;2020;17:20;5695;RUA CHICO LEMOS;RUA MARGARIDA DE QUEIROZ;;;;ColisÃ£o Transversal;Via Iluminada;Bom;Seca;Cruz;Pare;Residencial;0;2;1;1;0;0;0;0;0;1;0;0;-3,79188100000;-38,49886900000;inter_match
360245;24;9;2020;16:15;0;RUA WALDIR DIOGO;;;112;;Engavetamento;Luz do Dia;Bom;Seca;Meio de Quadra;SemÃ¡foro;Residencial;0;0;3;1;0;0;0;0;0;0;0;0;-3,80784081000;-38,57932440000;mq_qgis
360246;24;9;2020;08:00;0;RUA VALDETARIO MOTA;RUA PRO HERACLITO;;0;;NÃ£o Informado;Luz do Dia;Bom;Seca;Meio de Quadra;Pare;Residencial;0;0;2;1;0;0;0;0;0;0;0;0;-3,73192000000;-38,47755000000;inter_gpsv
360537;24;9;2020;;0;RD CE-040;;;;KM-03;ColisÃ£o;;;;;;;0;1;1;0;0;0;0;0;0;1;0;0;-3,78261432500;-38,48108390000;rod_match
360538;24;9;2020;18:40;0;RD CE-040;;;;KM-10;ColisÃ£o;;;;Meio de Quadra;;;0;0;2;1;0;0;0;0;0;0;0;0;-3,84257666000;-38,48088284000;rod_match
363207;24;9;2020;13:13;25745;RUA FRANCISCO JOSE A PEREIRA;RUA DR WANDA SIDOU;;;;Outros;Luz do Dia;;;Cruz;NÃ£o HÃ¡ Controle;Residencial;1;1;0;0;0;0;0;0;0;1;0;0;-3,81165000000;-38,50741000000;inter_gpsv
362217;24;9;2020;16:40;0;RD BR 222;;;;KM-03;ColisÃ£o Lateral;Luz do Dia;;Seca;Meio de Quadra;;;0;1;1;1;0;1;0;0;0;0;0;0;-3,74030084800;-38,59594097000;rod_match
362218;24;9;2020;17:40;0;RD BR 222;;;;KM-02;Tombamento;Anoitecer;;Seca;Meio de Quadra;;;0;1;1;1;0;0;0;0;0;1;0;0;-3,74036240000;-38,59699610000;rod_match
362249;24;9;2020;07:41;10721;RUA PRO MIRAMAR DA PONTE;RUA CURITIBA;;;;ColisÃ£o;Luz do Dia;;;Cruz;Pare;Residencial;0;1;0;1;0;0;0;0;0;1;0;0;-3,75958600000;-38,58462800000;inter_match
362251;24;9;2020;08:31;0;RUA MARIA JULIA;;;1329;;ColisÃ£o;Luz do Dia;;;Meio de Quadra;;;0;1;0;1;0;0;0;0;0;1;0;0;-3,79693630000;-38,60101980000;mq_match
362252;24;9;2020;09:24;22157;RUA DELMIRO FARIAS;RUA MON FURTADO;;;;ColisÃ£o;Luz do Dia;;;Cruz;NÃ£o HÃ¡ Controle;Residencial;0;1;0;1;0;0;0;0;0;1;0;0;-3,74754400000;-38,55055000000;inter_match
362253;24;9;2020;09:48;20023;AV DR SILAS MUNGUBA;AV HEROIS DO ACRE;;;;ColisÃ£o;Luz do Dia;;;T;SemÃ¡foro;Comercial;0;1;0;1;0;0;0;0;0;1;0;0;-3,80307900000;-38,52854000000;inter_match
362254;24;9;2020;10:46;1404;RUA CATAO MAMEDE;RUA CARLOS VASCONCELOS;;;;Atropelamento;Luz do Dia;;;Cruz;NÃ£o HÃ¡ Controle;Residencial;0;1;0;0;0;0;1;0;0;0;0;0;-3,73718200000;-38,51215100000;inter_match
362255;24;9;2020;12:09;0;AV DEP PAULINO ROCHA;;;1313;;Queda;Luz do Dia;;;Meio de Quadra;;;0;1;0;0;0;0;0;0;0;1;0;0;-3,81077460000;-38,50953000000;mq_match
362256;24;9;2020;13:06;0;AV PRS COSTA E SILVA;;;;;Queda;Luz do Dia;;;Meio de Quadra;;;0;1;0;0;0;0;0;0;0;1;0;0;;;
362258;24;9;2020;13:15;0;AV PRS COSTA E SILVA;;;51;;ColisÃ£o;Luz do Dia;;;Meio de Quadra;;;0;1;0;0;0;0;0;0;0;0;0;0;-3,82330800000;-38,55092100000;mq_match
362239;24;9;2020;05:04;0;RUA DES OTACILIO PEIXOTO;;;;;Atropelamento;Amanhecer;;;Meio de Quadra;;;0;1;0;0;0;0;0;0;0;0;0;0;;;
362240;24;9;2020;06:52;0;RUA GUSTAVO SAMPAIO;;;1784;;ColisÃ£o;Luz do Dia;;;Meio de Quadra;;;0;2;0;1;0;0;0;0;0;1;0;0;-3,73607400000;-38,56046200000;mq_match
362241;24;9;2020;07:00;0;RUA SAO JOAO DEL REY;;;1579;;ColisÃ£o;Luz do Dia;;;Meio de Quadra;;;0;1;0;0;0;0;0;0;0;0;0;0;;;
362242;24;9;2020;07:13;0;RUA ELISEU ORIA;;;1130;;ColisÃ£o;Luz do Dia;;;Meio de Quadra;;;0;1;0;1;0;0;0;0;0;1;0;0;-3,79801100000;-38,47720200000;mq_qgis
362243;24;9;2020;07:39;0;RUA POMPILIO GOMES;;;1075;;ColisÃ£o;Luz do Dia;;;Meio de Quadra;;;0;1;0;1;0;0;0;0;0;1;0;0;;;
362263;24;9;2020;16:26;0;RUA CEL VIRGILIO NOGUEIRA (BOM JARDIM);;;1136;;ColisÃ£o;Luz do Dia;;;Meio de Quadra;;;0;1;0;1;0;0;0;0;0;1;0;0;-3,79396000000;-38,61040000000;mq_gpsv
362264;24;9;2020;16:52;0;RUA CEARA;;;5475;;ColisÃ£o;Luz do Dia;;;Meio de Quadra;;;0;1;0;1;0;0;0;0;0;1;0;0;;;
362265;24;9;2020;17:03;0;AV LINEU MACHADO;;;;;ColisÃ£o;Anoitecer;;;Meio de Quadra;;;0;1;0;1;0;0;0;0;0;1;0;0;;;
362271;24;9;2020;17:55;23607;RUA CAP NESTOR GOIS;RUA BAR CRATO;;;;ColisÃ£o;Anoitecer;;;Cruz;NÃ£o HÃ¡ Controle;Residencial;0;1;0;0;0;0;0;0;0;1;0;0;-3,72184560000;-38,56162600000;inter_match
362279;24;9;2020;19:44;0;AV MOZART PINHEIRO DE LUCENA;;;2799;;ColisÃ£o;;;;Meio de Quadra;;;0;1;0;1;0;0;0;0;0;1;0;0;-3,72922679000;-38,59880580000;mq_qgis
362275;24;9;2020;18:21;0;RUA CATOLE;;;2240;;ColisÃ£o;Anoitecer;;;Meio de Quadra;;;0;1;0;0;0;0;0;0;0;1;0;0;-3,84916000000;-38,52094700000;mq_qgis
362268;24;9;2020;17:36;0;RUA ROSINHA SAMPAIO;;;1866;;ColisÃ£o;Anoitecer;;;Meio de Quadra;;;0;1;0;1;0;0;0;0;0;1;0;0;-3,72481600000;-38,59537500000;mq_qgis
362269;24;9;2020;17:54;0;RUA BARRA MANSA;;;1561;;ColisÃ£o;Anoitecer;;;Meio de Quadra;;;0;1;0;1;0;0;0;0;0;1;0;0;;;
362281;24;9;2020;19:51;0;RUA MON BRUNO;;;307;;ColisÃ£o;;;;Meio de Quadra;;;0;1;0;0;0;0;0;0;0;1;0;0;-3,72457000000;-38,50693000000;mq_gpsv
360896;24;9;2020;07:30;0;RUA CEL MATOS DOURADO;;;228;;ColisÃ£o Traseira;Luz do Dia;Bom;Seca;Meio de Quadra;Outros;Comercial;0;0;2;0;0;0;1;0;0;0;0;0;-3,74087800000;-38,58521350000;mq_match
360891;24;9;2020;21:00;1376;RUA MON BRUNO;RUA JOAO CARVALHO;;;;ColisÃ£o Lateral;Via Iluminada;Bom;Seca;Cruz;Pare;Residencial;0;2;0;0;0;0;0;0;0;1;0;0;-3,73658500000;-38,51079200000;inter_match
360857;25;9;2020;19:27;5191;AV DOM MANUEL;RUA PEREIRA FILGUEIRAS;;;;ColisÃ£o Transversal;Anoitecer;Bom;Seca;Cruz;SemÃ¡foro;Comercial;0;1;1;0;0;0;0;0;0;0;0;0;-3,72594300000;-38,52033800000;inter_match
360854;25;9;2020;14:25;19377;RUA EDUARDO PERDIGAO;RUA GERMANO FRANCK;;;;Outros;Luz do Dia;Bom;Seca;Cruz;SemÃ¡foro;Comercial;0;0;2;0;0;0;0;0;0;1;0;0;-3,77770400000;-38,56254200000;inter_match
360855;25;9;2020;21:00;25013;RUA TEODOMIRO DE CASTRO;RUA ADOLFO B DE MENEZES;;;;ColisÃ£o Transversal;Via Iluminada;Bom;Seca;Cruz;Pare;Residencial;0;1;1;1;0;0;0;0;0;1;0;0;-3,71661900000;-38,57742500000;inter_match
362068;25;9;2020;20:17;22073;RUA JOSE FACANHA;RUA MAJ PEDRO SAMPAIO;;;;ColisÃ£o;;;;Cruz;Pare;Comercial;0;1;0;1;0;0;0;0;0;1;0;0;-3,75120000000;-38,55831200000;inter_match
362069;25;9;2020;20:47;0;AV DR SILAS MUNGUBA;;;1231;;ColisÃ£o;;;;;;;0;1;0;1;0;0;0;0;0;1;0;0;-3,78252400000;-38,55516700000;mq_match
362282;25;9;2020;01:25;0;RUA EDUARDO PERDIGAO;;;10;;Queda;;;;Meio de Quadra;;;0;1;0;0;0;0;0;0;0;1;0;0;-3,77444000000;-38,56731000000;mq_gpsv
362285;25;9;2020;04:05;0;AV GAL OSORIO DE PAIVA;;;1706;;ColisÃ£o;;;;Meio de Quadra;;;0;1;0;1;0;0;0;0;0;1;0;0;-3,78250700000;-38,57730700000;mq_match
362286;25;9;2020;20:00;0;RUA CARLOS VASCONCELOS;;;105;;ColisÃ£o;;;;Meio de Quadra;;;0;1;0;1;0;0;0;0;0;1;0;0;-3,72259700000;-38,50743300000;mq_qgis
362231;25;9;2020;21:23;266;AV JOVITA FEITOSA;RUA ERICO MOTA;;;;ColisÃ£o;;;;Cruz;SemÃ¡foro;Residencial;0;2;0;0;0;0;0;0;0;1;0;0;-3,74093800000;-38,56185000000;inter_match
362233;25;9;2020;21:38;23430;RUA MON SALAZAR;RUA CAP MELO;;;;ColisÃ£o;;;;Cruz;SemÃ¡foro;Comercial;0;1;0;1;0;0;0;0;0;1;0;0;-3,75601900000;-38,51318000000;inter_match
362234;25;9;2020;22:12;0;RUA TAVARES IRACEMA;;;;;ColisÃ£o;;;;Meio de Quadra;;;0;1;0;1;0;0;0;0;0;1;0;0;;;
362235;25;9;2020;23:44;0;AV ALBERTO CRAVEIRO;;;530;;ColisÃ£o;;;;Meio de Quadra;;;0;1;0;1;0;0;0;0;0;1;0;0;-3,78314300000;-38,51669300000;mq_qgis
362236;25;9;2020;00:05;1242;RUA DR JOSE LOURENCO;RUA COSTA BARROS;;;;ColisÃ£o;;;;Cruz;Pare;Comercial;0;1;0;0;0;0;0;0;0;0;0;0;-3,73187000000;-38,50692700000;inter_match
362237;25;9;2020;04:04;0;AV PERIMETRAL;;;;;ColisÃ£o;;;;Meio de Quadra;;;0;1;0;0;0;0;0;0;0;0;0;0;;;
362338;25;9;2020;17:02;0;AV ALBERTO NEPOMUCENO;;;;;ColisÃ£o;Anoitecer;;;Meio de Quadra;;;0;1;0;1;0;0;0;0;0;1;0;0;;;