COD_ACIDENTE;DIA;MES;ANO;HORA;INTERSECAO;LOG1;LOG2;LOG3;NUMERO;REFERENCIA;NATUREZA;ILUMINACAO;TEMPO;SUPERFICIEPISTA;TIPOCRUZAMENTO;CONTROLETRAFEGO;USOSOLO;MORTOS;FERIDOS;ILESOS;AUTOMOVEL;ONIBUS;BICICLETA;CAMINHAO;MICROONIBUS;CICLOMOTOR;MOTOCICLETA;TRACAOANIMAL;TREM;LATITUDE;LONGITUDE;METODO
362339;25;9;2020;14:56;0;RUA BETEL;;;;;Queda;Luz do Dia;;;Meio de Quadra;;;0;1;0;0;0;1;0;0;0;0;0;0;;;
362340;25;9;2020;15:56;0;RUA MARIA GOMES DE SA;;;1290;;ColisÃ£o;Luz do Dia;;;Meio de Quadra;;;0;1;0;0;0;0;0;0;0;0;0;0;-3,82549000000;-38,58218000000;mq_gpsv
362309;25;9;2020;15:52;0;AV DES MOREIRA;;;2960;;ColisÃ£o;Luz do Dia;;;Meio de Quadra;;;0;1;0;1;0;0;0;0;0;1;0;0;-3,75301900000;-38,50372600000;mq_match
362310;25;9;2020;;0;AV VICENTE DE CASTRO;;;;;Atropelamento;;;;Meio de Quadra;;;0;1;0;0;0;0;0;0;0;1;0;0;;;
362307;25;9;2020;13:47;0;AV DEP PAULINO ROCHA;;;1001;;ColisÃ£o;Luz do Dia;;;Meio de Quadra;;;0;1;1;1;0;1;0;0;0;0;0;0;-3,80762000000;-38,50840000000;mq_match
362300;25;9;2020;11:38;0;AV GAL OSORIO DE PAIVA;;;2955;;ColisÃ£o;Luz do Dia;;;Meio de Quadra;;;0;1;0;1;0;0;0;0;0;1;0;0;-3,78925600000;-38,58702800000;mq_match
362301;25;9;2020;12:12;0;AV SGT HERMINIO SAMPAIO;;;1694;;ColisÃ£o;Luz do Dia;;;Meio de Quadra;;;0;1;0;1;0;0;0;0;0;1;0;0;-3,72550900000;-38,55582000000;mq_qgis
362302;25;9;2020;12:41;1360;RUA DES LEITE ALBUQUERQUE;RUA JOAQUIM NABUCO;;;;ColisÃ£o;Luz do Dia;;;Cruz;Pare;Comercial;0;1;0;1;0;0;0;0;0;1;0;0;-3,73627300000;-38,50162100000;inter_match
362290;25;9;2020;07:14;0;RUA EMILIO DE MENESES;;;629;;ColisÃ£o;Luz do Dia;;;Meio de Quadra;;;0;1;0;1;0;0;0;0;0;1;0;0;-3,78181880000;-38,58710450000;mq_match
362291;25;9;2020;09:41;0;RUA JOSE RANGEL;;;666;;ColisÃ£o;Luz do Dia;;;Meio de Quadra;;;0;1;0;1;0;0;0;0;0;1;0;0;-3,73851000000;-38,47172000000;mq_gpsv
362295;25;9;2020;09:53;0;RUA LAURO NOGUEIRA;;;781;;Queda;Luz do Dia;;;Meio de Quadra;;;0;1;0;0;0;0;0;0;0;1;0;0;-3,73987000000;-38,47880000000;mq_gpsv
362297;25;9;2020;09:59;0;TR CAP ARAGAO;;;;;Queda;Luz do Dia;;;Meio de Quadra;;;0;1;0;0;0;0;0;0;0;1;0;0;;;
362397;25;9;2020;18:17;0;RUA CEL ALVES TEIXEIRA;;;1717;;Atropelamento;Anoitecer;;;Meio de Quadra;;;0;1;0;0;0;0;0;0;0;0;0;0;-3,74722330000;-38,50557370000;mq_qgis
362398;25;9;2020;18:59;24630;RUA ANTONIO ARRUDA;RUA DES HERMES PARAHYBA;;;;ColisÃ£o;;;;Cruz;Pare;Residencial;0;1;0;0;0;0;0;0;0;1;0;0;-3,71299900000;-38,59192600000;inter_match
362399;25;9;2020;19:34;0;TR SAO FRANCISCO D21;;;704;;Atropelamento;;;;Meio de Quadra;;;0;1;0;0;0;0;0;0;0;1;0;0;;;
362400;25;9;2020;19:16;0;AV JOVITA FEITOSA;;;2401;;ColisÃ£o;;;;Meio de Quadra;;;0;1;0;0;0;0;0;0;0;0;0;0;-3,74027600000;-38,55859400000;mq_qgis
362401;25;9;2020;19:47;0;RUA HOLANDA;;;1174;;ColisÃ£o;;;;Meio de Quadra;;;0;1;0;0;0;0;0;0;0;1;0;0;-3,80057200000;-38,56116800000;mq_qgis
362402;25;9;2020;19:53;0;AV GAL OSORIO DE PAIVA;;;600;;ColisÃ£o;;;;Meio de Quadra;;;0;1;0;1;0;0;0;0;0;1;0;0;-3,77649772700;-38,56787518000;mq_match
362342;25;9;2020;18:23;0;AV PERIMETRAL;;;300;;ColisÃ£o;Anoitecer;;;Meio de Quadra;;;0;1;0;1;0;0;0;0;0;1;0;0;;;
362219;25;9;2020;10:50;0;RD BR 116;;;;KM-01;ColisÃ£o Traseira;Luz do Dia;;Seca;Meio de Quadra;;;0;0;2;1;0;0;0;0;0;0;0;0;-3,76255400000;-38,51870200000;rod_match
362874;25;9;2020;20:45;4760;RUA ALVES DE SOUZA;LOGRADOURO SEM NOME;;;;ColisÃ£o;;;;;;;0;0;2;1;0;0;0;0;0;0;0;0;-3,80474000000;-38,59678000000;inter_gpsv
362875;25;9;2020;16:00;0;RUA RUTILO;;;;;ColisÃ£o;Luz do Dia;;;Meio de Quadra;;;0;1;1;0;0;0;1;0;0;0;0;0;;;
362876;25;9;2020;15:00;12614;RUA COS LAFAYETE;AV CEL CARVALHO;;;;ColisÃ£o;Luz do Dia;;;;;;0;1;1;0;0;0;0;0;0;1;0;0;-3,71751200000;-38,58793800000;inter_match
360534;25;9;2020;23:30;0;AV SEN CARLOS JEREISSATI (AEROPORTO);;;;KM 01;ColisÃ£o;;;;Meio de Quadra;;;0;1;1;1;0;0;0;0;0;1;0;0;-3,78375300000;-38,52685000000;rod_match
360247;25;9;2020;10:00;1701;RUA CAP ARAGAO;RUA CAP VASCONCELOS D46;;;;NÃ£o Informado;Luz do Dia;Bom;Seca;Cruz;SemÃ¡foro;Lazer;0;1;0;0;0;0;0;0;0;1;0;0;-3,76553800000;-38,51704100000;inter_match
360248;25;9;2020;13:23;22209;AV SGT HERMINIO SAMPAIO;RUA ARISTIDES B NETO;;1694;;ColisÃ£o Frontal;Luz do Dia;Bom;Seca;T;Pare;Comercial;0;1;1;1;0;0;0;0;0;0;0;0;-3,72550900000;-38,55582000000;inter_match
360249;25;9;2020;14:10;19121;RUA JOSE RANGEL;RUA CESAR FONSECA;;;;ColisÃ£o Transversal;Luz do Dia;Bom;Seca;T;Pare;Residencial;0;1;1;1;0;0;0;0;0;1;0;0;-3,73854000000;-38,47148000000;inter_gpsv
360250;25;9;2020;19:15;24630;RUA DES HERMES PARAHYBA;RUA ANTONIO ARRUDA;;;;ColisÃ£o Transversal;Mal Iluminada;Bom;Seca;Cruz;Pare;Residencial;0;1;1;0;0;0;0;0;0;1;0;0;-3,71299900000;-38,59192600000;inter_match
360251;25;9;2020;17:50;13304;AV I CJ JOSE WALTER;AV G CJ JOSE WALTER;;;;ColisÃ£o Transversal;Anoitecer;Bom;Seca;Cruz;Pare;Residencial;0;1;1;1;0;0;0;0;0;1;0;0;-3,83906100000;-38,55495600000;inter_match
360252;25;9;2020;18:30;10740;RUA PORTO ALEGRE;RUA AUDISIO PINHEIRO;;;;ColisÃ£o Lateral;Via Iluminada;Bom;Seca;Cruz;Pare;Residencial;1;2;1;1;0;0;0;0;0;1;0;0;-3,76060200000;-38,58994200000;inter_match
360264;25;9;2020;10:55;15175;AV ABOLICAO;RUA NUNES VALENTE;;;;NÃ£o Informado;Luz do Dia;Bom;Seca;Cruz;SemÃ¡foro;Comercial;0;1;1;1;0;0;0;0;0;1;0;0;-3,72575000000;-38,50038400000;inter_match
360260;26;9;2020;08:48;0;RUA PDE PEDRO DE ALENCAR;;;2201;;ColisÃ£o Traseira;Luz do Dia;Nublado;Molhada;Outros;NÃ£o HÃ¡ Controle;Comercial;0;0;2;1;0;0;0;0;0;0;0;0;-3,84801439700;-38,49476943000;mq_match
360253;26;9;2020;01:14;5384;RUA ANTONIO POMPEU;RUA PDE MORORO;;;;ColisÃ£o Transversal;Luz do Dia;Bom;Seca;Cruz;Pare;Comercial;0;0;2;1;0;0;0;0;0;1;0;0;-3,73199700000;-38,53945000000;inter_match
360254;26;9;2020;13:30;5454;RUA METON DE ALENCAR;RUA JAIME BENEVOLO;;;;ColisÃ£o Traseira;Luz do Dia;Bom;Seca;Cruz;SemÃ¡foro;Comercial;0;1;0;0;0;0;0;0;0;1;0;0;-3,73506500000;-38,52634900000;inter_match
360255;26;9;2020;21:48;0;AV PRO GOMES DE MATOS;;;148;;ColisÃ£o Traseira;Via Iluminada;Bom;Seca;Meio de Quadra;NÃ£o HÃ¡ Controle;Residencial;0;1;1;1;0;0;0;0;0;1;0;0;-3,76418000000;-38,54816000000;mq_gpsv
360535;26;9;2020;03:50;0;AV MIN JOSE AMERICO;;;1000;;Capotamento;;;;Meio de Quadra;;;0;0;1;1;0;0;0;0;0;0;0;0;-3,80909860000;-38,49120850000;mq_match
360532;26;9;2020;11:30;0;RD CE-040;;;3500;KM-03;ColisÃ£o;Luz do Dia;;;Meio de Quadra;;;0;1;1;0;0;0;1;0;0;1;0;0;-3,78261432500;-38,48108390000;rod_match
360533;26;9;2020;12:40;0;AV SEN CARLOS JEREISSATI (AEROPORTO);;;3000;KM 03;ColisÃ£o;Luz do Dia;;;Meio de Quadra;;;0;0;2;1;0;0;0;0;0;0;0;0;-3,77964100000;-38,54403800000;mq_match
363845;26;9;2020;00:00;0;RUA CAETANO SILVA (A. NUNES);;;;;NÃ£o Informado;;;;Meio de Quadra;;;1;0;0;0;0;0;0;0;0;0;0;0;-3,74996600000;-38,59904900000;fat_match
362896;26;9;2020;12:48;0;RUA VALPARAISO;;;453;;ColisÃ£o;Luz do Dia;;;Meio de Quadra;;;0;1;0;0;0;0;0;0;0;0;0;0;-3,84516828000;-38,52456540000;mq_qgis
362897;26;9;2020;13:40;0;AV ARY THIERS;;;163;;Atropelamento;Luz do Dia;;;Meio de Quadra;;;0;1;0;0;0;0;0;0;0;1;0;0;;;
362878;26;9;2020;15:15;0;AV PRS CASTELO BRANCO;;;295;10Âº REGIÃƒO MILITAR;ColisÃ£o;Luz do Dia;;;Meio de Quadra;;;0;2;0;0;0;0;0;0;0;1;0;0;-3,72215700000;-38,52457600000;mq_match
362968;26;9;2020;18:26;0;RD BR 116;;;;;ColisÃ£o;Anoitecer;;;Meio de Quadra;;;0;1;0;1;0;0;0;0;0;1;0;0;;;
362960;26;9;2020;17:11;17617;RUA ACRE;RUA CEARA;;;;ColisÃ£o;Anoitecer;;;T;Pare;Residencial;0;1;0;0;0;0;0;0;0;1;0;0;-3,75957300000;-38,56478500000;inter_match
362961;26;9;2020;18:12;0;AV GAL OSORIO DE PAIVA;;;;;ColisÃ£o;Anoitecer;;;Meio de Quadra;;;0;1;0;1;0;0;0;0;0;1;0;0;;;
362944;26;9;2020;16:52;0;AV CASTELO DE CASTRO;;;;;ColisÃ£o;Luz do Dia;;;Meio de Quadra;;;0;1;0;0;0;0;0;0;0;0;0;0;;;
362933;26;9;2020;15:40;0;RD BR 116;;;4180;;Atropelamento;Luz do Dia;;;Meio de Quadra;;;0;1;0;1;0;0;0;0;0;0;0;0;-3,80235400000;-38,50386900000;rod_match
362935;26;9;2020;15:58;0;RUA INA BRITO;;;1571;;ColisÃ£o;Luz do Dia;;;Meio de Quadra;;;0;1;0;1;0;0;0;0;0;1;0;0;-3,82525000000;-38,59711000000;mq_gpsv
362936;26;9;2020;16:12;0;RUA ANGELA DINIZ;;;809;;ColisÃ£o;Luz do Dia;;;Meio de Quadra;;;0;1;0;1;0;0;0;0;0;1;0;0;-3,84701089000;-38,52684740000;mq_qgis
362909;26;9;2020;15:25;0;RUA CAP GUTEMBERG;;;648;;ColisÃ£o;Luz do Dia;;;Meio de Quadra;;;0;1;0;0;0;0;0;0;0;0;0;0;-3,83774592000;-38,52576330000;mq_qgis
362931;26;9;2020;15:31;3189;RUA JOSE ARISTOTELES GONDIM;RUA CARLOS CHAGAS;;;;ColisÃ£o;Luz do Dia;;;Cruz;Pare;Residencial;0;1;0;1;0;0;0;0;0;1;0;0;-3,78011300000;-38,58533500000;inter_match
362899;26;9;2020;14:00;0;RUA ADOLFO CAMINHA;;;217;;ColisÃ£o;Luz do Dia;;;Meio de Quadra;;;0;1;0;0;0;0;0;0;0;1;0;0;-3,72103639400;-38,52508319000;mq_match
362985;26;9;2020;19:19;0;RUA ROSINHA SAMPAIO;;;11285;;Queda;;;;Meio de Quadra;;;0;1;0;0;0;1;0;0;0;0;0;0;;;
362987;26;9;2020;19:31;0;RUA PRO ALVARO COSTA;;;342;;ColisÃ£o;;;;Meio de Quadra;;;0;1;0;0;0;0;0;0;0;1;0;0;-3,72352000000;-38,46568000000;mq_gpsv
362989;26;9;2020;20:36;0;AV SGT HERMINIO SAMPAIO;;;3485;;Atropelamento;;;;Meio de Quadra;;;0;1;0;0;0;0;0;0;0;1;0;0;-3,72854000000;-38,57175900000;mq_match
362990;26;9;2020;21:04;0;AV MR HULL;;;5080;;Atropelamento;;;;Meio de Quadra;;;0;1;0;0;0;0;0;0;0;1;0;0;-3,73939518000;-38,58977440000;mq_qgis
362992;26;9;2020;22:08;0;RUA BERNARDO MANUEL;;;14001;;Queda;;;;Meio de Quadra;;;0;1;0;0;0;0;0;0;0;1;0;0;-3,84034200000;-38,56438000000;mq_qgis
362993;26;9;2020;23:40;0;RUA CEL FABRICIANO;;;809;;Atropelamento;;;;Meio de Quadra;;;1;0;1;0;0;0;0;0;0;1;0;0;-3,78529000000;-38,59891220000;mq_qgis
362220;26;9;2020;04:00;0;RD BR 116;;;8000;KM-08;Tombamento;;;Molhada;Meio de Quadra;;;1;0;0;0;0;0;0;0;0;1;0;0;-3,82201800000;-38,50326900000;rod_match
362221;26;9;2020;18:10;0;RD BR 116;;;;KM-04;Tombamento;Anoitecer;;Seca;Meio de Quadra;;;0;1;1;1;0;0;0;0;0;1;0;0;-3,80235400000;-38,50386900000;rod_match
362222;26;9;2020;18:15;0;RD BR 222;;;;KM-02;ColisÃ£o Traseira;Anoitecer;;Seca;Meio de Quadra;;;0;0;2;1;0;0;0;0;0;0;0;0;-3,74036240000;-38,59699610000;rod_match
362403;26;9;2020;06:31;0;RUA CON DE CASTRO;;;1320;;Queda;Luz do Dia;;;Meio de Quadra;;;0;1;0;0;0;0;0;0;0;1;0;0;;;
362404;26;9;2020;06:33;0;RUA JOSE FACANHA;;;708;;ColisÃ£o;Luz do Dia;;;Meio de Quadra;;;0;1;0;1;0;0;0;0;0;1;0;0;-3,75190200000;-38,55752675000;mq_match
362405;26;9;2020;06:50;0;RUA PDE PEDRO DE ALENCAR;;;2201;;ColisÃ£o;Luz do Dia;;;Meio de Quadra;;;0;1;0;0;0;0;0;0;0;0;0;0;-3,84801439700;-38,49476943000;mq_match
362406;26;9;2020;06:52;0;AV LUCIANO CARNEIRO;;;1900;;Queda;Luz do Dia;;;Meio de Quadra;;;0;1;0;0;0;0;0;0;0;1;0;0;-3,76419400000;-38,53644900000;mq_qgis
362415;26;9;2020;07:47;0;RUA NEREU RAMOS;;;206;;Queda;Luz do Dia;;;Meio de Quadra;;;0;1;0;0;0;0;0;0;0;1;0;0;-3,78652500000;-38,56880700000;mq_match
362417;26;9;2020;09:01;19664;RUA GUSTAVO SAMPAIO;RUA PRO JOSE DE BARCELOS;;;;Queda;Luz do Dia;;;Cruz;Pare;Residencial;0;1;0;0;0;0;0;0;0;1;0;0;-3,73410100000;-38,55082900000;inter_match
362418;26;9;2020;09:38;0;RUA VITAL BRASIL;;;2056;;Atropelamento;Luz do Dia;;;Meio de Quadra;;;0;1;0;1;0;0;0;0;0;0;0;0;-3,77769644000;-38,59913010000;mq_qgis
362420;26;9;2020;10:41;0;AV GAL OSORIO DE PAIVA;;;5852;;Atropelamento;Luz do Dia;;;Meio de Quadra;;;0;1;0;0;0;0;1;0;0;0;0;0;-3,80759400000;-38,60486000000;mq_match
362413;26;9;2020;07:35;0;RUA PEREIRA FILGUEIRAS;;;825;;ColisÃ£o;Luz do Dia;;;Meio de Quadra;;;0;1;0;1;0;0;0;0;0;1;0;0;-3,72742440000;-38,51555000000;mq_match
360838;26;9;2020;10:00;12905;AV AGUANAMBI;RUA MES ROSA;;;;ColisÃ£o;Luz do Dia;Bom;Seca;;Outros;Comercial;0;0;2;1;0;0;0;0;0;0;0;0;-3,74162860000;-38,52586000000;inter_match
360812;26;9;2020;04:44;0;AV JOR THOMAZ COELHO;;;3100;;ColisÃ£o Frontal;Via Iluminada;Bom;Seca;Meio de Quadra;Outros;Comercial;0;1;0;0;0;0;0;0;0;0;0;0;-3,82906252000;-38,52361570000;mq_qgis
360810;26;9;2020;09:00;0;AV ALM HENRIQUE SABOIA;;;;;ColisÃ£o Traseira;Luz do Dia;Nublado;Seca;Meio de Quadra;Pare;Comercial;1;0;1;0;0;0;1;0;0;1;0;0;-3,75284400000;-38,50123400000;fat_match
360781;27;9;2020;08:40;0;AV CEL CARVALHO;;;1999;;ColisÃ£o Traseira;Luz do Dia;Bom;Seca;Meio de Quadra;NÃ£o HÃ¡ Controle;Comercial;0;1;1;1;0;0;0;0;0;0;0;0;-3,72013625000;-38,58723400000;mq_qgis
360777;27;9;2020;15:15;0;AV FRANCISCO SA;;;;;ColisÃ£o Traseira;Luz do Dia;Bom;Seca;Meio de Quadra;SemÃ¡foro;Escola;0;2;0;1;0;0;0;0;0;0;0;0;;;
362994;27;9;2020;00:07;0;RUA JOR ANTONIO P TAVARES;;;1171;;ColisÃ£o;;;;Meio de Quadra;;;0;1;0;1;0;0;0;0;0;1;0;0;-3,81389620000;-38,50812870000;mq_qgis
363036;27;9;2020;07:53;0;RUA ANTENOR ROCHA ALEXANDRE;;;327;;ColisÃ£o;Luz do Dia;;;Meio de Quadra;;;0;1;1;1;0;1;0;0;0;0;0;0;-3,79218593000;-38,48289960000;mq_qgis
363037;27;9;2020;08:18;0;AV PRS COSTA E SILVA;;;9693;;ColisÃ£o;Luz do Dia;;;Meio de Quadra;;;0;1;0;0;0;0;0;0;0;0;0;0;;;
363028;27;9;2020;00:13;0;AV SEN FERNANDES TAVORA;;;;;Atropelamento;;;;Meio de Quadra;;;0;1;0;0;0;0;0;0;0;0;0;0;;;
363030;27;9;2020;01:00;0;AV CEL CARVALHO;;;1210;;Queda;;;;Meio de Quadra;;;0;1;0;0;0;0;0;0;0;1;0;0;-3,71312000000;-38,58911000000;mq_gpsv
363032;27;9;2020;05:52;0;AV GAL OSORIO DE PAIVA;;;857;;ColisÃ£o;Amanhecer;;;Meio de Quadra;;;0;1;0;0;0;0;0;0;0;0;0;0;-3,77790600000;-38,57011500000;mq_match
363034;27;9;2020;07:22;0;RUA MARIA GOMES DE SA;;;;;Queda;Luz do Dia;;;Meio de Quadra;;;0;1;0;0;0;0;0;0;0;1;0;0;;;
363077;27;9;2020;20:28;0;AV VICENTE DE CASTRO;;;5151;CAIS DO PORTO;Queda;;;;Meio de Quadra;;;0;1;0;0;0;1;0;0;0;0;0;0;-3,71763200000;-38,47520400000;mq_match
363099;27;9;2020;19:17;0;RUA VALPARAISO;;;126;;Queda;;;;Meio de Quadra;;;0;1;0;0;0;0;0;0;0;1;0;0;-3,85156000000;-38,50513000000;mq_gpsv
363100;27;9;2020;19:02;0;RUA PAULO FIRMEZA;;;917;;Queda;;;;Meio de Quadra;;;0;1;0;0;0;1;0;0;0;0;0;0;-3,75695900000;-38,51102000000;mq_qgis
363101;27;9;2020;18:51;0;RUA CARLOS AMORA;;;;;ColisÃ£o;;;;Meio de Quadra;;;0;1;1;1;0;0;0;0;0;1;0;0;;;
363102;27;9;2020;08:37;0;RUA VICENTE FERRETE;;;480;;ColisÃ£o;Luz do Dia;;;Meio de Quadra;;;0;1;0;0;0;0;0;0;0;1;0;0;;;
363103;27;9;2020;09:13;0;AV CEL CARVALHO;;;1969;;ColisÃ£o;Luz do Dia;;;Meio de Quadra;;;0;1;0;0;0;0;0;0;0;0;0;0;-3,71987000000;-38,58730647400;mq_match
363104;27;9;2020;12:22;0;RUA VALPARAISO;;;;;ColisÃ£o;Luz do Dia;;;Meio de Quadra;;;0;1;0;1;0;0;0;0;0;1;0;0;;;
363105;27;9;2020;14:34;0;RUA PORTO ALEGRE;;;545;;Queda;Luz do Dia;;;Meio de Quadra;;;0;1;0;0;0;0;0;0;0;1;0;0;-3,76400667000;-38,58355130000;mq_qgis
363106;27;9;2020;14:46;0;RUA ANTONIO FORTES;;;1737;;ColisÃ£o;Luz do Dia;;;Meio de Quadra;;;0;1;0;1;0;0;0;0;0;1;0;0;;;
363107;27;9;2020;15:31;0;RUA BENTO ALBUQUERQUE;;;1717;;ColisÃ£o;Luz do Dia;;;Meio de Quadra;;;0;1;0;1;0;0;0;0;0;1;0;0;-3,74683380000;-38,47374700000;mq_match
363108;27;9;2020;17:08;0;RD BR 020;;;;;ColisÃ£o;Anoitecer;;;Meio de Quadra;;;0;1;0;0;0;0;0;0;0;0;0;0;;;
363110;27;9;2020;18:01;0;AV PERIMETRAL;;;395;;ColisÃ£o;Anoitecer;;;Meio de Quadra;;;0;1;0;0;0;0;0;0;0;1;0;0;;;
363111;27;9;2020;18:18;0;AV GODOFREDO MACIEL;;;;;Atropelamento;Anoitecer;;;Meio de Quadra;;;0;1;0;1;0;0;0;0;0;0;0;0;;;
363069;27;9;2020;23:30;0;AV ALBERTO CRAVEIRO;;;430;;Choque c/ ObstÃ¡culo Fixo;;;;Meio de Quadra;;;1;0;0;0;0;0;0;0;0;1;0;0;-3,78259100000;-38,51647600000;mq_match
363070;27;9;2020;23:23;10408;RUA HUMAITA D73;AV GENIBAU;;;;ColisÃ£o;;;;Cruz;Pare;Comercial;0;2;1;1;0;0;0;0;0;1;0;0;-3,76065200000;-38,60061300000;inter_match
363071;27;9;2020;22:18;0;RUA MENEZES DE OLIVEIRA;;;440;;Queda;;;;Meio de Quadra;;;0;1;0;0;0;0;0;0;0;1;0;0;-3,71077000000;-38,59172000000;mq_gpsv
363073;27;9;2020;21:26;0;RUA MIGUEL GURGEL;;;;;ColisÃ£o;;;;Meio de Quadra;;;0;1;1;1;0;0;0;0;0;1;0;0;;;
363074;27;9;2020;20:34;0;RUA CON DE CASTRO;;;1677;;ColisÃ£o;;;;Meio de Quadra;;;0;2;1;1;0;0;0;0;0;1;0;0;;;
363094;27;9;2020;20:14;0;AV GOV LEONEL BRIZOLA;;;1076;;ColisÃ£o;;;;Meio de Quadra;;;0;1;1;1;0;0;0;0;0;1;0;0;;;
363096;27;9;2020;20:01;15194;RUA DEP MOREIRA DA ROCHA;RUA ILDEFONSO ALBANO;;;;ColisÃ£o;;;;Cruz;Pare;Residencial;0;2;0;0;0;0;0;0;0;1;0;0;-3,72648000000;-38,51107200000;inter_match
363097;27;9;2020;19:58;0;AV FRANCISCO SA;;;6422;;ColisÃ£o;;;;Meio de Quadra;;;0;1;1;1;0;0;0;0;0;1;0;0;-3,70898000000;-38,58167000000;mq_gpsv
362880;27;9;2020;23:14;12925;AV AGUANAMBI;AV DOMINGOS OLIMPIO;;;;ColisÃ£o;;;;Cruz;SemÃ¡foro;Comercial;0;1;1;1;0;0;0;0;0;0;0;0;-3,73868300000;-38,52462800000;inter_match
360528;27;9;2020;04:05;0;ROD CE 010;;;5000;;Choque c/ ObstÃ¡culo Fixo;;;;Meio de Quadra;;;0;1;1;1;0;0;0;0;0;0;0;0;;;
360530;27;9;2020;19:30;0;RD CE-040;;;;KM-01;ColisÃ£o;;;;Meio de Quadra;;;0;0;2;1;0;0;0;0;0;0;0;0;-3,76465044900;-38,48258304000;rod_match
360256;27;9;2020;05:00;0;RUA CARLINDO CRUZ;;;55;;Choque c/ ObstÃ¡culo Fixo;Amanhecer;Bom;Seca;Meio de Quadra;NÃ£o HÃ¡ Controle;Residencial;0;1;1;1;0;0;0;0;0;0;0;0;-3,72790104000;-38,57493530000;mq_qgis
360257;27;9;2020;16:23;0;RUA DR JOSE ROBERTO SALES;;;644;;Choque c/ ObstÃ¡culo Fixo;Luz do Dia;Bom;Seca;Meio de Quadra;NÃ£o HÃ¡ Controle;Comercial;0;0;2;1;0;0;0;0;0;0;0;0;;;
360258;27;9;2020;17:00;16433;RUA ALZIBERTO MIRANDA;RUA FRANCISCA MARIA DA CONCEICAO;;145;;ColisÃ£o Lateral;Luz do Dia;Bom;Seca;T;NÃ£o HÃ¡ Controle;Residencial;0;1;1;0;1;0;0;0;0;1;0;0;-3,84192000000;-38,56628000000;inter_gpsv
360259;28;9;2020;07:11;10999;RUA 15 DE NOVEMBRO;RUA ALBERTO MAGNO;;;;ColisÃ£o Traseira;Luz do Dia;Nublado;Seca;Cruz;SemÃ¡foro;Comercial;0;0;2;1;0;0;0;0;0;0;0;0;-3,76990900000;-38,55316900000;inter_match
360261;28;9;2020;09:01;0;AV BERNARDO MANUEL;;;7240;;ColisÃ£o Traseira;Amanhecer;Bom;Seca;Meio de Quadra;NÃ£o HÃ¡ Controle;Comercial;0;1;1;1;0;0;0;0;0;1;0;0;-3,82883000000;-38,56032000000;mq_gpsv
360262;28;9;2020;12:28;0;AV ALM MAXIMIANO DA FONSECA;RUA AGERSON TABOSA;;1395;FACULDADE FA7;ColisÃ£o Lateral;Luz do Dia;Bom;Seca;Meio de Quadra;;;0;1;1;1;0;0;0;0;0;1;0;0;-3,77152420000;-38,48287600000;inter_match
360263;28;9;2020;19:00;0;RUA GEORGE CAVALCANTE;;;309;;Choque c/ ObstÃ¡culo Fixo;Via Iluminada;Bom;Seca;Meio de Quadra;Pare;Residencial;0;0;2;0;0;0;0;0;0;0;0;0;-3,71526000000;-38,59036000000;mq_gpsv
360527;28;9;2020;05:00;0;RD CE-040;;;;KM-10;Capotamento;Amanhecer;;;Meio de Quadra;;;0;1;0;1;0;0;0;0;0;0;0;0;-3,84257666000;-38,48088284000;rod_match
363844;28;9;2020;17:00;0;AV ALBERTO CRAVEIRO;;;;;Choque c/ ObstÃ¡culo Fixo;Anoitecer;;;Meio de Quadra;;;1;0;1;0;0;0;0;0;0;1;0;0;-3,79657300000;-38,51853900000;fat_match
363059;28;9;2020;11:16;0;AV COS GOMES DE FREITAS (SAPIRANGA/COITE);;;3568;;ColisÃ£o;Luz do Dia;;;Meio de Quadra;;;0;1;1;1;0;0;0;0;0;1;0;0;-3,79526500000;-38,47494200000;mq_match
363060;28;9;2020;09:59;1258;AV SANTOS DUMONT;RUA MON BRUNO;;;;ColisÃ£o;Luz do Dia;;;Cruz;Pare;Comercial;0;1;1;1;0;0;0;0;0;1;0;0;-3,73259500000;-38,50950600000;inter_match
363061;28;9;2020;07:47;0;AV DOMINGOS OLIMPIO;;;1741;;Queda;Luz do Dia;;;Meio de Quadra;;;0;1;0;0;0;0;0;0;0;1;0;0;;;
363062;28;9;2020;06:08;0;RUA JOSE FACANHA;;;720;;Queda;Luz do Dia;;;Meio de Quadra;;;0;1;0;0;0;0;0;0;0;1;0;0;-3,75181425000;-38,55762490000;mq_qgis
363063;28;9;2020;06:00;0;RUA JOSE CANDIDO D08;;;731;;Queda;Luz do Dia;;;Meio de Quadra;;;0;1;0;0;0;0;0;0;0;1;0;0;-3,73124300000;-38,55126950000;mq_qgis
363064;28;9;2020;05:40;0;AV MR HULL;;;;;ColisÃ£o;Amanhecer;;;Meio de Quadra;;;0;1;1;0;0;0;0;0;0;0;0;0;;;
363066;28;9;2020;03:27;0;AV RAD JOSE LIMA VERDE;;;841;CLUBE DE REGATAS;ColisÃ£o;;;;Meio de Quadra;;;0;1;0;0;0;0;0;0;0;0;0;0;-3,69961000000;-38,58769000000;mq_gpsv
363067;28;9;2020;00:28;0;RUA NEREU RAMOS;;;549;;Queda;;;;Meio de Quadra;;;0;1;0;0;0;0;0;0;0;1;0;0;-3,78547547000;-38,57166040000;mq_qgis