COD_ACIDENTE;DIA;MES;ANO;HORA;INTERSECAO;LOG1;LOG2;LOG3;NUMERO;REFERENCIA;NATUREZA;ILUMINACAO;TEMPO;SUPERFICIEPISTA;TIPOCRUZAMENTO;CONTROLETRAFEGO;USOSOLO;MORTOS;FERIDOS;ILESOS;AUTOMOVEL;ONIBUS;BICICLETA;CAMINHAO;MICROONIBUS;CICLOMOTOR;MOTOCICLETA;TRACAOANIMAL;TREM;LATITUDE;LONGITUDE;METODO
363035;28;9;2020;17:22;0;AV PRS CASTELO BRANCO;;;2998;;ColisÃ£o;Anoitecer;;;Meio de Quadra;;;0;1;1;1;0;0;0;0;0;1;0;0;-3,71184214000;-38,55576990000;mq_qgis
363033;28;9;2020;17:53;0;RUA BERNARDO MANUEL;;;9970;;ColisÃ£o;Anoitecer;;;Meio de Quadra;;;0;1;1;1;0;0;0;0;0;1;0;0;-3,80460432000;-38,55318024000;mq_match
363055;28;9;2020;13:26;0;AV SEN FERNANDES TAVORA;;;905;;ColisÃ£o;Luz do Dia;;;Meio de Quadra;;;0;2;0;0;0;0;0;0;0;1;0;0;-3,76289111100;-38,58084750000;mq_match
363056;28;9;2020;12:16;2412;RUA IRAPUA;AV FRANCISCO SA;;;;ColisÃ£o;Luz do Dia;;;Cruz;Pare;Residencial;0;1;1;1;0;0;0;0;0;1;0;0;-3,70635600000;-38,58609900000;inter_match
363057;28;9;2020;11:37;0;AV SEN FERNANDES TAVORA;;;137;;ColisÃ£o;Luz do Dia;;;Meio de Quadra;;;0;1;1;1;0;0;0;0;0;1;0;0;-3,76609400000;-38,57491600000;mq_match
363031;28;9;2020;18:29;0;RUA MARCELO REIS;;;355;;ColisÃ£o;Anoitecer;;;Meio de Quadra;;;0;1;1;1;0;0;0;0;0;1;0;0;-3,78491000000;-38,45876000000;mq_gpsv
363029;28;9;2020;18:53;0;RUA JOSE DANTAS PEREIRA;;;;;Queda;;;;Meio de Quadra;;;0;1;0;0;0;0;0;0;0;1;0;0;;;
363023;28;9;2020;22:02;0;RUA CON DE CASTRO;;;3632;;ColisÃ£o;;;;Meio de Quadra;;;0;1;1;1;0;0;0;0;0;1;0;0;-3,79896132000;-38,58636640000;mq_qgis
363024;28;9;2020;21:44;0;RUA TEN JURANDIR ALENCAR;;;56;;Queda;;;;Meio de Quadra;;;0;1;0;0;0;1;0;0;0;0;0;0;-3,83167900000;-38,49467950000;mq_match
363026;28;9;2020;19:53;0;AV PRS CASTELO BRANCO;;;2645;;ColisÃ£o;;;;Meio de Quadra;;;0;1;1;0;0;0;0;0;0;0;0;0;-3,71284757000;-38,55150400000;mq_qgis
363027;28;9;2020;18:54;5234;RUA NOGUEIRA ACIOLI;RUA PEREIRA FILGUEIRAS;;;;Atropelamento;;;;Cruz;Pare;Comercial;0;1;1;1;0;0;0;0;0;0;0;0;-3,72736500000;-38,51602600000;inter_match
363038;28;9;2020;17:18;13334;AV H CJ JOSE WALTER;AV L CJ JOSE WALTER;;;;Queda;Anoitecer;;;Cruz;Pare;Residencial;0;1;0;0;0;0;0;0;0;1;0;0;-3,84072000000;-38,56043200000;inter_match
363039;28;9;2020;17:00;0;RUA MARCOS A A SOUZA;;;144;;Queda;Anoitecer;;;Meio de Quadra;;;0;1;0;0;0;0;0;0;0;1;0;0;;;
363040;28;9;2020;16:59;0;RUA RECANTO VERDE;;;1370;;Atropelamento;Luz do Dia;;;Meio de Quadra;;;0;1;1;0;0;0;0;0;0;1;0;0;-3,83801800000;-38,51140900000;mq_match
363041;28;9;2020;16:52;0;RUA CARLOS MAGNO;;;1230;;ColisÃ£o;Luz do Dia;;;Meio de Quadra;;;0;1;1;1;0;0;0;0;0;1;0;0;-3,81659000000;-38,57747000000;mq_gpsv
363042;28;9;2020;14:53;0;RUA PLACIDO DE CASTRO;;;619;;Atropelamento;Luz do Dia;;;Meio de Quadra;;;0;2;0;0;0;0;0;0;0;0;0;0;-3,78991155000;-38,58609980000;mq_qgis
363013;29;9;2020;07:07;0;RUA POMPILIO GOMES;;;400;;ColisÃ£o;Luz do Dia;;;Meio de Quadra;;;0;1;1;1;0;0;0;0;0;1;0;0;;;
363014;29;9;2020;07:02;0;AV PRS COSTA E SILVA;;;;;Atropelamento;Luz do Dia;;;Meio de Quadra;;;0;1;1;0;0;0;0;0;0;1;0;0;;;
363015;29;9;2020;06:39;0;RUA WALDIR DIOGO;;;58;;ColisÃ£o;Luz do Dia;;;Meio de Quadra;;;0;1;1;0;0;0;0;0;0;0;0;0;-3,80809667000;-38,57891430000;mq_qgis
363017;29;9;2020;06:37;0;AV CASTELO DE CASTRO;;;400;;ColisÃ£o;Luz do Dia;;;Meio de Quadra;;;0;1;1;1;0;0;0;0;0;1;0;0;-3,83300000000;-38,52162000000;mq_gpsv
363018;29;9;2020;01:18;0;AV PRS CASTELO BRANCO;;;;;NÃ£o Informado;;;;Meio de Quadra;;;0;1;0;0;0;0;0;0;0;1;0;0;;;
363019;29;9;2020;00:09;0;RUA NEREU RAMOS;;;540;;Queda;;;;Meio de Quadra;;;0;1;0;0;0;0;0;0;0;1;0;0;-3,78560600000;-38,57130100000;mq_qgis
363010;29;9;2020;07:16;17280;RUA ALVARO FERNANDES;RUA ALM RUBIM;;;;ColisÃ£o;Luz do Dia;;;Cruz;Pare;Residencial;0;1;1;1;0;1;0;0;0;0;0;0;-3,76271000000;-38,55155000000;inter_gpsv
362970;29;9;2020;11:09;0;RUA FRANCISCO GLICERIO;;;1000;;ColisÃ£o;Luz do Dia;;;Meio de Quadra;;;0;1;1;1;0;0;0;0;0;1;0;0;-3,79620000000;-38,56914000000;mq_gpsv
362999;29;9;2020;11:08;19949;RUA ALBERTO MONTEZUMA;RUA FRANCISCO LORDA;;;;ColisÃ£o;Luz do Dia;;;Cruz;NÃ£o HÃ¡ Controle;Comercial;0;1;1;1;0;0;0;0;0;1;0;0;-3,76190000000;-38,53192800000;inter_match
363000;29;9;2020;10:51;0;RUA PEDRO MARTINS;;;193;;Atropelamento;Luz do Dia;;;Meio de Quadra;;;0;1;1;0;0;0;0;0;0;1;0;0;-3,80013300000;-38,59995100000;mq_match
363001;29;9;2020;10:42;0;AV SEN CARLOS JEREISSATI (AEROPORTO);;;;;ColisÃ£o;Luz do Dia;;;Meio de Quadra;;;0;1;1;1;0;0;0;0;0;1;0;0;;;
363002;29;9;2020;10:18;0;AV A CJ CEARA;;;977;;ColisÃ£o;Luz do Dia;;;Meio de Quadra;;;0;1;1;1;0;0;0;0;0;1;0;0;-3,76907600000;-38,60424100000;mq_qgis
363004;29;9;2020;10:15;0;AV CEL CARVALHO;;;1639;;ColisÃ£o;Luz do Dia;;;Meio de Quadra;;;0;1;1;1;0;0;0;0;0;1;0;0;-3,71751200000;-38,58793800000;mq_qgis
363005;29;9;2020;10:10;13239;AV F CJ JOSE WALTER;AV J CJ JOSE WALTER;;;;ColisÃ£o;Luz do Dia;;;Cruz;Pare;Residencial;0;1;1;0;0;0;0;0;0;1;0;0;-3,83583300000;-38,55714300000;inter_match
363006;29;9;2020;08:41;0;RUA PRO LINO ENCARNACAO;;;850;;ColisÃ£o;Luz do Dia;;;Meio de Quadra;;;0;1;1;1;0;0;0;0;0;1;0;0;-3,74302650000;-38,56028850000;mq_qgis
363007;29;9;2020;07:31;5240;RUA CEL FERRAZ;RUA VIS SABOIA;;;;Queda;Luz do Dia;;;T;Pare;Residencial;0;1;0;0;0;0;0;0;0;1;0;0;-3,75637720000;-38,52429600000;inter_match
362883;29;9;2020;13:45;2279;RUA FRANCISCO CALACA;LOGRADOURO SEM NOME;;;;ColisÃ£o;Luz do Dia;;;;;;0;0;1;0;0;0;0;0;0;0;0;0;-3,71022000000;-38,57150000000;inter_gpsv
362884;29;9;2020;10:30;11877;RUA PDE ANCHIETA;RUA NAT FEIJO;;;;ColisÃ£o;Luz do Dia;;;Cruz;Pare;Misto;0;1;1;1;0;0;0;0;0;0;0;0;-3,72295000000;-38,55052000000;inter_gpsv
362932;29;9;2020;19:17;0;AV FRANCISCO SA;;;6076;;Atropelamento;;;;Meio de Quadra;;;0;1;1;0;0;0;0;0;0;1;0;0;-3,71003400000;-38,57884150000;mq_qgis
362928;29;9;2020;20:57;0;AV JOSE BASTOS;;;;;ColisÃ£o;;;;Meio de Quadra;;;0;1;1;1;0;0;0;0;0;1;0;0;;;
362929;29;9;2020;20:55;0;RUA PDE MORORO;;;2167;;ColisÃ£o;;;;Meio de Quadra;;;0;1;1;1;0;0;0;0;0;1;0;0;-3,73544934000;-38,54045070000;mq_qgis
362937;29;9;2020;18:34;12440;AV AUGUSTO DOS ANJOS;RUA ARARIPE PRATA;;;;ColisÃ£o;;;;Cruz;NÃ£o HÃ¡ Controle;Residencial;0;1;1;1;0;0;0;0;0;1;0;0;-3,77193600000;-38,57174900000;inter_match
362934;29;9;2020;19:15;0;RUA GONCALO SOUTO;;;100;;Queda;;;;Meio de Quadra;;;0;1;0;0;0;0;0;0;0;1;0;0;-3,76677069000;-38,52998550000;mq_qgis
362939;29;9;2020;18:31;0;AV H CJ CEARA;;;2959;;Queda;;;;Meio de Quadra;;;0;1;0;0;0;0;0;0;0;1;0;0;;;
362941;29;9;2020;18:08;5322;AV DUQ CAXIAS;AV IMPERADOR;;;;ColisÃ£o;Anoitecer;;;Cruz;SemÃ¡foro;Comercial;0;1;1;1;0;0;0;0;0;1;0;0;-3,73004800000;-38,53529700000;inter_match
362942;29;9;2020;18:01;5039;RUA ADOLFO CAMINHA;AV ALBERTO NEPOMUCENO;;;;NÃ£o Informado;Anoitecer;;;;;;0;1;0;0;0;0;0;0;0;1;0;0;-3,72125700000;-38,52321200000;inter_match
362943;29;9;2020;17:47;1716;AV GOV RAUL BARBOSA;RUA CAP ARAGAO;;;;Queda;Anoitecer;;;;;;0;1;0;0;0;0;0;0;0;1;0;0;-3,76397700000;-38,50880200000;inter_match
362951;29;9;2020;14:23;0;RUA OLYNTHO ARRUDA;;;101;;ColisÃ£o;Luz do Dia;;;Meio de Quadra;;;0;1;1;0;0;0;0;0;0;0;0;0;-3,78727000000;-38,46693000000;mq_gpsv
362952;29;9;2020;14:09;0;LOGRADOURO SEM NOME;;;;;Queda;Luz do Dia;;;Meio de Quadra;;;0;1;0;0;0;0;0;0;0;1;0;0;;;
362957;29;9;2020;11:59;0;RUA VIRIATO RIBEIRO;;;1047;;ColisÃ£o;Luz do Dia;;;Meio de Quadra;;;0;1;1;1;0;0;0;0;0;1;0;0;-3,74918800000;-38,56233100000;mq_qgis
362954;29;9;2020;11:50;0;RUA JOAO REGINO;;;90;;ColisÃ£o;Luz do Dia;;;Meio de Quadra;;;0;1;1;1;0;0;0;0;0;1;0;0;-3,78837900000;-38,48313100000;mq_match
362955;29;9;2020;12:13;0;AV AUGUSTO DOS ANJOS;;;489;;ColisÃ£o;Luz do Dia;;;Meio de Quadra;;;0;1;1;0;0;0;0;0;0;1;0;0;-3,77304700000;-38,57279210000;mq_match
362948;29;9;2020;16:14;0;AV ABOLICAO;;;4001;;ColisÃ£o;Luz do Dia;;;Meio de Quadra;;;0;1;1;1;0;0;0;0;0;1;0;0;-3,72505600000;-38,48338800000;mq_match
362967;29;9;2020;11:19;3211;RUA EMILIO DE MENESES;RUA VERBENA;;;;Atropelamento;Luz do Dia;;;Cruz;SemÃ¡foro;Comercial;0;1;1;0;0;0;0;0;0;1;0;0;-3,78134400000;-38,58883800000;inter_match
362963;29;9;2020;11:36;0;RUA TEBAS;;;677;;Queda;Luz do Dia;;;Meio de Quadra;;;0;1;0;0;0;0;0;0;0;1;0;0;-3,81369000000;-38,62046000000;mq_gpsv
362223;29;9;2020;06:00;0;RD BR 020;;;;KM 426;ColisÃ£o Transversal;Luz do Dia;;Seca;Meio de Quadra;;;0;1;1;1;0;0;0;0;0;1;0;0;-3,86300000000;-38,52400000000;rod_match
362224;29;9;2020;07:10;0;RD BR 116;;;;KM-10;Choque c/ ObstÃ¡culo Fixo;Luz do Dia;;Seca;Meio de Quadra;;;0;1;0;0;0;0;0;0;0;1;0;0;-3,83443500000;-38,50337300000;rod_match
362225;29;9;2020;07:30;0;RD BR 116;;;10000;KM-11;Tombamento;Luz do Dia;;Seca;Meio de Quadra;;;0;3;1;0;0;0;0;0;0;1;0;0;-3,84716000000;-38,49717600000;rod_match
362226;29;9;2020;12:00;0;RD BR 116;;;816;KM-08;ColisÃ£o Lateral;Luz do Dia;;Seca;Meio de Quadra;;;0;1;1;0;0;0;1;0;0;1;0;0;-3,82201800000;-38,50326900000;rod_match
362227;29;9;2020;20:00;0;RD BR 116;;;;KM-08;Atropelamento;Luz do Dia;;Seca;Meio de Quadra;;;0;1;1;1;0;0;0;0;0;0;0;0;-3,82201800000;-38,50326900000;rod_match
360526;29;9;2020;16:30;0;RD CE-040;;;;KM-04;ColisÃ£o;Luz do Dia;;;Meio de Quadra;;;0;0;2;1;1;0;0;0;0;0;0;0;-3,79161315600;-38,48033084000;rod_match
360522;29;9;2020;13:15;0;RD CE-040;;;;KM-04;ColisÃ£o;Luz do Dia;;;Meio de Quadra;;;0;0;2;1;0;0;0;0;0;1;0;0;-3,79161315600;-38,48033084000;rod_match
360523;29;9;2020;16:00;0;AV SEN CARLOS JEREISSATI (AEROPORTO);;;;KM 03;ColisÃ£o;Luz do Dia;;;Meio de Quadra;;;0;0;2;1;0;0;0;0;0;0;0;0;-3,77964100000;-38,54403800000;rod_match
360265;29;9;2020;08:25;0;AV PONTES VIEIRA;;;326;;ColisÃ£o Traseira;Luz do Dia;Bom;Seca;Meio de Quadra;NÃ£o HÃ¡ Controle;Comercial;0;0;2;1;0;0;0;0;0;0;0;0;-3,75318310000;-38,51737790000;mq_qgis
360266;29;9;2020;07:20;0;AV SEN FERNANDES TAVORA;RUA PROF. MANOEL LOURENCO;;0;;ColisÃ£o Transversal;Luz do Dia;Bom;Seca;;;;0;2;1;1;0;0;0;0;0;1;0;0;-3,75578000000;-38,59457000000;inter_gpsv
360267;29;9;2020;09:56;0;AV GOV RAUL BARBOSA;;;6320;;ColisÃ£o Traseira;Luz do Dia;Bom;Seca;Meio de Quadra;NÃ£o HÃ¡ Controle;Residencial;0;0;2;1;0;0;0;0;0;0;0;0;-3,77165700000;-38,51149000000;mq_match
360268;29;9;2020;10:18;17311;RUA JOAO FIRMINO;RUA ROMEU MARTINS;;;;ColisÃ£o;Luz do Dia;Bom;Seca;Cruz;Pare;Comercial;0;1;1;1;0;0;0;0;0;1;0;0;-3,76427400000;-38,55558200000;inter_match
360269;29;9;2020;14:29;0;AV JOAO PESSOA;;;6760;;ColisÃ£o Lateral;Luz do Dia;Bom;Seca;Meio de Quadra;NÃ£o HÃ¡ Controle;Comercial;0;1;1;0;0;0;0;0;0;1;0;0;-3,76903369000;-38,56054810000;mq_match
360270;29;9;2020;14:15;504;AV SEN FERNANDES TAVORA;RUA CAR ARCO VERDE;;;;ColisÃ£o Transversal;Luz do Dia;Bom;Seca;Cruz;SemÃ¡foro;Comercial;0;1;1;0;1;0;0;0;0;1;0;0;-3,75584220000;-38,59384000000;inter_match
360271;29;9;2020;17:50;24990;AV PRS COSTA E SILVA;AV PRS JUSCELINO KUBITSCHEK (PASSARÃ‰);;0;;ColisÃ£o Lateral;Anoitecer;Bom;Seca;T;SemÃ¡foro;Comercial;0;0;2;1;0;0;0;0;0;0;0;0;-3,82564800000;-38,53951600000;inter_match
360272;29;9;2020;19:10;5728;AV DES GONZAGA;RUA ANTONIO DE CASTRO;;0;;ColisÃ£o Traseira;Via Iluminada;Bom;Seca;Cruz;SemÃ¡foro;Comercial;0;0;2;1;0;0;0;0;0;0;0;0;-3,79514800000;-38,50085800000;inter_match
360273;29;9;2020;19:27;0;RUA FERNANDO FARIAS DE MELO (MANUEL SÃTIRO);;;1108;;Atropelamento;Via Iluminada;Bom;Seca;Meio de Quadra;Pare;Residencial;0;1;1;1;0;0;0;0;0;0;0;0;;;
360274;29;9;2020;17:37;4575;RUA TEN TITO BARROS;RUA ENG HENRIQUE MORIZE;;;;ColisÃ£o Lateral;Anoitecer;Bom;Seca;T;Pare;Residencial;0;1;1;0;0;1;0;0;0;0;0;0;-3,80058900000;-38,50757500000;inter_match
360275;30;9;2020;16:32;0;AV DR SILAS MUNGUBA;;;5650;;ColisÃ£o Lateral;Luz do Dia;Bom;Seca;Meio de Quadra;SemÃ¡foro;Comercial;0;1;1;1;0;0;0;0;0;1;0;0;-3,80334020000;-38,52818700000;mq_match
360276;30;9;2020;13:02;0;RUA BENI DE CARVALHO;;;216;;ColisÃ£o Lateral;Luz do Dia;Bom;Seca;;;;0;1;1;1;0;0;0;0;0;1;0;0;-3,74485800000;-38,49855300000;mq_match
360278;30;9;2020;08:53;0;RUA SAO JOSE D03;;;1;PACO MUNICIPAL;Choque c/ ObstÃ¡culo Fixo;Via Iluminada;Bom;Seca;Meio de Quadra;NÃ£o HÃ¡ Controle;Comercial;0;0;2;0;0;0;0;0;0;0;0;0;-3,81060000000;-38,45143000000;mq_match
362228;30;9;2020;08:29;0;RD BR 116;;;;KM-03;ColisÃ£o Lateral;Luz do Dia;;Seca;Meio de Quadra;;;0;1;1;1;0;0;0;0;0;1;0;0;-3,77983800000;-38,51437200000;rod_match
362915;30;9;2020;17:08;0;RUA LAURO MAIA;;;1163;;ColisÃ£o;Anoitecer;;;Meio de Quadra;;;0;1;1;1;0;0;0;0;0;1;0;0;-3,74967300000;-38,52239900000;mq_qgis
362916;30;9;2020;17:06;0;AV DUQ CAXIAS;;;733;;ColisÃ£o;Anoitecer;;;Meio de Quadra;;;0;1;1;0;0;0;0;0;0;0;0;0;-3,73145200000;-38,53091500000;mq_match
362911;30;9;2020;19:21;0;AV PRS CASTELO BRANCO;;;;;ColisÃ£o;;;;Meio de Quadra;;;0;1;1;1;0;0;0;0;0;1;0;0;;;
362912;30;9;2020;17:48;0;RUA BAR AQUIRAZ;;;;;ColisÃ£o;Anoitecer;;;Meio de Quadra;;;0;1;1;1;0;0;0;0;0;1;0;0;;;
362913;30;9;2020;17:22;25933;RUA MARIA ALICE FERRAZ;AV ALM MAXIMIANO DA FONSECA;;;;ColisÃ£o;Anoitecer;;;Cruz;Pare;Residencial;0;1;1;1;0;0;0;0;0;1;0;0;-3,77038100000;-38,48958100000;inter_match
362919;30;9;2020;16:20;0;RUA MARANGUAPE D50;;;1470;;Queda;Luz do Dia;;;Meio de Quadra;;;0;1;0;0;0;0;0;0;0;1;0;0;;;
362921;30;9;2020;15:12;0;RUA 8;;;1216;;ColisÃ£o;Luz do Dia;;;Meio de Quadra;;;0;1;1;1;0;0;0;0;0;1;0;0;;;
362922;30;9;2020;14:40;0;RUA PDE PEDRO DE ALENCAR;;;1881;;ColisÃ£o;Luz do Dia;;;Meio de Quadra;;;0;1;1;1;0;0;0;0;0;1;0;0;-3,84464600000;-38,49443600000;mq_match
362923;30;9;2020;13:12;0;AV PRS CASTELO BRANCO;;;;;NÃ£o Informado;Luz do Dia;;;Meio de Quadra;;;0;1;0;0;0;0;0;0;0;1;0;0;;;
362924;30;9;2020;11:46;0;RUA PINTO MADEIRA;;;1044;;ColisÃ£o;Luz do Dia;;;Meio de Quadra;;;0;1;1;1;0;0;0;0;0;1;0;0;-3,73270950000;-38,51622970000;mq_qgis
362925;30;9;2020;08:49;0;RUA JOSE HIPOLITO;;;2790;;ColisÃ£o;Luz do Dia;;;Meio de Quadra;;;0;1;1;1;0;0;0;0;0;1;0;0;-3,84241900000;-38,47331400000;mq_qgis
362926;30;9;2020;08:07;0;RUA LEON GRADVOHL;;;;;ColisÃ£o;Luz do Dia;;;Meio de Quadra;;;0;2;0;0;0;0;0;0;0;1;0;0;;;
362927;30;9;2020;07:10;0;AV GODOFREDO MACIEL;;;5642;;ColisÃ£o;Luz do Dia;;;Meio de Quadra;;;0;1;1;1;0;0;0;0;0;0;0;0;-3,82437915300;-38,57879612000;mq_match
362885;30;9;2020;23:28;0;RUA FRANCISCO F BAIMA;;;326;;Choque c/ ObstÃ¡culo Fixo;;;;Meio de Quadra;;;0;2;0;1;0;0;0;0;0;0;0;0;-3,83170632000;-38,48618510000;mq_qgis
362886;30;9;2020;22:34;0;AV JOAO DE ARAUJO LIMA;;;61;;Queda;;;;Meio de Quadra;;;0;1;0;0;0;0;0;0;0;1;0;0;-3,82226000000;-38,55816000000;mq_gpsv
362887;30;9;2020;22:04;0;RUA ESV AZEVEDO;;;567;;Queda;;;;Meio de Quadra;;;0;1;0;0;0;0;0;0;0;1;0;0;-3,79451441000;-38,50209150000;mq_qgis
362888;30;9;2020;21:45;0;RUA BAR CRATO;;;1186;;Atropelamento;;;;Meio de Quadra;;;0;1;1;0;0;0;0;0;0;1;0;0;-3,72123665000;-38,55953310000;mq_qgis
362889;30;9;2020;20:43;0;RUA F PASSARE;;;978;;ColisÃ£o;;;;Meio de Quadra;;;0;1;1;1;0;0;0;0;0;1;0;0;-3,81402000000;-38,53943000000;mq_gpsv
362890;30;9;2020;19:51;0;RUA AQUILES BEVILAQUA;;;73;;ColisÃ£o;;;;Meio de Quadra;;;0;1;1;1;0;0;0;0;0;1;0;0;-3,74335246000;-38,52082980000;mq_qgis
362893;30;9;2020;19:46;0;AV CASTELO DE CASTRO;;;;;ColisÃ£o;;;;Meio de Quadra;;;0;1;1;0;0;0;0;0;0;0;0;0;;;
360717;30;9;2020;08:08;13233;AV F CJ JOSE WALTER;AV L CJ JOSE WALTER;;;;ColisÃ£o Transversal;Luz do Dia;Bom;Seca;RotatÃ³ria;DÃª PreferÃªncia;Residencial;1;0;1;0;1;0;0;0;1;0;0;0;-3,83532800000;-38,55880500000;inter_match
360687;30;9;2020;16:46;7761;RUA NUNES VALENTE;RUA DOM EXPEDITO LOPES;;;;ColisÃ£o Transversal;Luz do Dia;Bom;Seca;Cruz;Pare;Residencial;0;1;1;0;0;0;1;0;0;1;0;0;-3,74349400000;-38,50606800000;inter_match
360688;30;9;2020;21:45;0;AV GOV RAUL BARBOSA;AV GAL MURILO BORGES;;;;Atropelamento;Via Iluminada;Bom;Seca;;;;0;1;1;1;0;0;0;0;0;0;0;0;-3,76397700000;-38,50880200000;inter_match
362974;1;10;2020;05:57;0;RUA PRO CARVALHO;;;5630;;ColisÃ£o;Amanhecer;;;Meio de Quadra;;;0;1;0;1;0;0;0;0;0;1;0;0;;;
362975;1;10;2020;06:54;0;AV MR HULL;;;;;ColisÃ£o;Luz do Dia;;;Meio de Quadra;;;0;1;0;0;0;0;0;0;0;0;0;0;;;
362976;1;10;2020;07:06;0;AV C CJ CEARA;;;185;;ColisÃ£o;Luz do Dia;;;Meio de Quadra;;;0;1;0;0;0;0;0;0;0;0;0;0;-3,76026500000;-38,60860100000;mq_match
362977;1;10;2020;07:19;0;RUA 1068 CJ CEARA;;;176;;ColisÃ£o;Luz do Dia;;;Meio de Quadra;;;0;1;0;0;0;0;1;0;0;1;0;0;;;
362978;1;10;2020;07:22;1555;RUA OSVALDO CRUZ (ALDEOTA);RUA VICENTE LINHARES;;;;ColisÃ£o;Luz do Dia;;;Cruz;SemÃ¡foro;Residencial;0;1;0;1;0;0;0;0;0;1;0;0;-3,74150200000;-38,50222100000;inter_match
362979;1;10;2020;08:05;0;AV JOR JOAO RAMOS;;;1661;;ColisÃ£o;Luz do Dia;;;Meio de Quadra;;;0;1;0;1;0;0;0;0;0;1;0;0;-3,84212900000;-38,57251800000;mq_qgis
362980;1;10;2020;09:02;0;AV CARNEIRO DE MENDONCA;;;556;;ColisÃ£o;Luz do Dia;;;Meio de Quadra;;;0;1;0;1;0;0;0;0;0;1;0;0;-3,76532900000;-38,56434600000;mq_match
362981;1;10;2020;09:57;0;RUA CANDIDO MAIA;;;294;;ColisÃ£o;Luz do Dia;;;Meio de Quadra;;;0;1;1;1;0;1;0;0;0;0;0;0;-3,73742800000;-38,59040720000;mq_match
362982;1;10;2020;10:03;0;RUA BENTO LOUSADO;;;190;;ColisÃ£o;Luz do Dia;;;Meio de Quadra;;;0;1;0;1;0;0;0;0;0;1;0;0;-3,76528700000;-38,57029900000;mq_qgis
362983;1;10;2020;10:07;0;RUA MIN ALBUQUERQUE LIMA;;;880;;ColisÃ£o;Luz do Dia;;;Meio de Quadra;;;0;1;0;1;0;0;0;0;0;1;0;0;-3,77061500000;-38,60487200000;mq_qgis
362984;1;10;2020;11:34;0;RUA EVILASIO A MIRANDA;;;1240;;ColisÃ£o;Luz do Dia;;;Meio de Quadra;;;0;1;0;1;0;0;0;0;0;1;0;0;;;
362986;1;10;2020;12:12;0;RUA VINTE E QUATRO DE MAIO;;;1372;;ColisÃ£o;Luz do Dia;;;Meio de Quadra;;;0;1;0;1;0;0;0;0;0;1;0;0;-3,73366700000;-38,53418600000;mq_qgis
362991;1;10;2020;14:03;0;RUA CANUTO DE AGUIAR;;;1050;;ColisÃ£o;Luz do Dia;;;Meio de Quadra;;;0;1;0;1;0;0;0;0;0;1;0;0;-3,73126000000;-38,49352000000;mq_gpsv
362988;1;10;2020;12:38;0;RUA GAL TOME CORDEIRO;;;723;;Queda;Luz do Dia;;;Meio de Quadra;;;0;1;0;0;0;0;0;0;0;1;0;0;-3,71649000000;-38,58354000000;mq_gpsv
362995;1;10;2020;14:48;0;AV BEZERRA DE MENEZES;;;262;;Atropelamento;Luz do Dia;;;Meio de Quadra;;;0;1;0;1;0;0;0;0;0;0;0;0;-3,73207771000;-38,54717000000;mq_qgis
362996;1;10;2020;14:56;0;AV ODILON GUIMARAES;;;2436;;ColisÃ£o;Luz do Dia;;;Meio de Quadra;;;0;1;0;1;0;0;0;0;0;1;0;0;-3,81778000000;-38,47354000000;mq_match
362997;1;10;2020;15:41;0;AV DEP PAULINO ROCHA;;;;;ColisÃ£o;Luz do Dia;;;Meio de Quadra;;;0;1;0;1;0;0;0;0;0;1;0;0;;;
363052;1;10;2020;15:51;0;AV DR SILAS MUNGUBA;;;;;ColisÃ£o;Luz do Dia;;;;;;0;1;0;1;0;0;0;0;0;1;0;0;;;
363053;1;10;2020;16:38;0;AV OLIVEIRA PAIVA;;;941;;ColisÃ£o;Luz do Dia;;;Meio de Quadra;;;0;1;0;1;0;0;0;0;0;1;0;0;-3,79648500000;-38,49844800000;mq_match
363054;1;10;2020;18:07;0;RUA POMPILIO GOMES;;;1547;;ColisÃ£o;Anoitecer;;;Meio de Quadra;;;0;1;0;0;0;0;0;0;0;0;0;0;-3,82552430000;-38,52116800000;mq_match
363078;1;10;2020;19:20;0;AV CASTELO DE CASTRO;;;;;Acidente Pessoal;;;;Meio de Quadra;;;0;1;0;0;0;0;0;0;0;1;0;0;;;
363079;1;10;2020;19:31;0;RUA 26 BATALHAO;;;511;;Queda;;;;Meio de Quadra;;;0;1;0;0;0;1;0;0;0;0;0;0;-3,81261000000;-38,57036000000;mq_gpsv
363080;1;10;2020;20:58;0;AV GENIBAU;;;577;;Atropelamento;;;;Meio de Quadra;;;0;1;0;1;0;0;0;0;0;0;0;0;-3,76090500000;-38,59917400000;mq_qgis
363081;1;10;2020;21:03;0;AV PRS CASTELO BRANCO;;;791;;ColisÃ£o;;;;Meio de Quadra;;;0;2;0;1;0;1;0;0;0;0;0;0;-3,72037300000;-38,53001900000;mq_match
363082;1;10;2020;21:17;0;RUA GONTRAN GIFFONI;;;697;;ColisÃ£o;;;;Meio de Quadra;;;0;1;0;1;0;0;0;0;0;1;0;0;-3,76868000000;-38,49121000000;mq_gpsv
363083;1;10;2020;21:19;0;RUA REV BOLIVAR P BANDEIRA;;;650;;ColisÃ£o;;;;Meio de Quadra;;;0;1;0;1;0;0;0;0;0;1;0;0;;;
363084;1;10;2020;21:23;0;AV GENIBAU;;;577;;ColisÃ£o;;;;Meio de Quadra;;;0;1;0;1;0;0;0;0;0;1;0;0;-3,76090500000;-38,59917400000;mq_qgis
363113;1;10;2020;21:25;0;AV AUGUSTO DOS ANJOS;;;444;;ColisÃ£o;;;;Meio de Quadra;;;0;2;0;1;0;0;0;0;0;1;0;0;-3,77204000000;-38,57191000000;mq_gpsv