COD_ACIDENTE;DIA;MES;ANO;HORA;INTERSECAO;LOG1;LOG2;LOG3;NUMERO;REFERENCIA;NATUREZA;ILUMINACAO;TEMPO;SUPERFICIEPISTA;TIPOCRUZAMENTO;CONTROLETRAFEGO;USOSOLO;MORTOS;FERIDOS;ILESOS;AUTOMOVEL;ONIBUS;BICICLETA;CAMINHAO;MICROONIBUS;CICLOMOTOR;MOTOCICLETA;TRACAOANIMAL;TREM;LATITUDE;LONGITUDE;METODO
363119;1;10;2020;21:36;0;RUA CODO;;;259;;ColisÃ£o;;;;Meio de Quadra;;;0;1;0;1;0;1;0;0;0;0;0;0;-3,85001624000;-38,52233830000;mq_qgis
363075;1;10;2020;18:47;0;AV JULIO VENTURA;;;1790;;ColisÃ£o;;;;Meio de Quadra;;;0;1;0;1;0;0;0;0;0;1;0;0;;;
362229;1;10;2020;19:05;0;RD BR 020;;;;KM 428;Choque c/ ObstÃ¡culo Fixo;Luz do Dia;;Seca;Meio de Quadra;;;0;1;1;1;0;0;1;0;0;0;0;0;-3,86900000000;-38,50700000000;rod_match
362467;1;10;2020;01:24;0;AV FRE CIRILO;;;3480;HOSPITAL CORACAO;NÃ£o Informado;Via Iluminada;Bom;Seca;Outros;NÃ£o HÃ¡ Controle;Residencial;0;0;1;1;0;0;0;0;0;0;0;0;-3,81484711600;-38,49850911600;mq_match
362311;1;10;2020;21:35;0;RUA FRANCISCO F BAIMA;;;312;;Choque c/ ObstÃ¡culo Fixo;Via Iluminada;Bom;Seca;Meio de Quadra;Outros;Residencial;0;0;1;1;0;0;0;0;0;0;0;0;-3,82991289000;-38,48595860000;mq_qgis
362313;1;10;2020;08:00;25729;AV TRISTAO GONCALVES;RUA ANTONIO POMPEU;;;;ColisÃ£o;Luz do Dia;Bom;Seca;Cruz;SemÃ¡foro;Comercial;0;2;1;0;0;0;0;0;0;1;0;0;-3,73338800000;-38,53508800000;inter_match
362341;1;10;2020;17:30;15367;RUA PEREIRA VALENTE;RUA CEL JUCA;;;;Outros;Anoitecer;Bom;Seca;Cruz;Pare;Residencial;0;0;1;0;0;0;1;0;0;0;0;0;-3,73443900000;-38,49026700000;inter_match
362447;1;10;2020;03:31;0;AV DR SILAS MUNGUBA;;;3090;;Choque c/ ObstÃ¡culo Fixo;Via Iluminada;Bom;Seca;Meio de Quadra;SemÃ¡foro;Comercial;0;1;0;1;0;0;0;0;0;0;0;0;-3,78840600000;-38,54596100000;mq_qgis
362448;1;10;2020;07:53;0;AV PRS JUSCELINO KUBITSCHEK (PASSARÃ‰);RUA PRO MOREIRA DE SOUSA (PASSARE);;3451;;ColisÃ£o Lateral;Luz do Dia;Bom;Seca;Meio de Quadra;NÃ£o HÃ¡ Controle;Comercial;0;1;1;0;0;0;0;0;0;1;0;0;-3,81136400000;-38,52811700000;inter_gpsv
362449;1;10;2020;14:20;25769;RUA CORUMBA;AV DR SILAS MUNGUBA;;0;;ColisÃ£o Transversal;Luz do Dia;Bom;Seca;T;SemÃ¡foro;Comercial;0;1;1;1;0;0;0;0;1;0;0;0;-3,80118800000;-38,53001400000;inter_match
362450;1;10;2020;13:50;0;AV G CJ JOSE WALTER;;;700;;ColisÃ£o Lateral;Luz do Dia;Bom;Seca;Meio de Quadra;NÃ£o HÃ¡ Controle;Residencial;0;1;0;1;0;0;0;0;1;0;0;0;-3,83726000000;-38,56042000000;mq_gpsv
362451;1;10;2020;16:12;0;AV PDE ANTONIO TOMAS;;;3580;;ColisÃ£o Lateral;Luz do Dia;Bom;Seca;;;;0;2;0;0;0;0;0;0;0;1;0;0;-3,74637600000;-38,48048600000;mq_qgis
364725;1;10;2020;21:50;0;AV PERIMETRAL;;;;;ColisÃ£o;;;;Meio de Quadra;;;0;0;1;0;0;0;0;0;0;1;0;0;;;
364726;2;10;2020;07:00;0;AV BEZERRA DE MENEZES;;;;;ColisÃ£o;Luz do Dia;;;Meio de Quadra;;;0;0;1;0;0;0;0;0;0;0;0;0;;;
362452;2;10;2020;10:29;0;RUA PEREIRA FILGUEIRAS;;;1090;;ColisÃ£o Traseira;Luz do Dia;Bom;Seca;Meio de Quadra;NÃ£o HÃ¡ Controle;Comercial;0;1;0;1;0;0;0;0;0;1;0;0;-3,72819050000;-38,51337150000;mq_qgis
362453;2;10;2020;15:04;0;AV 13 DE MAIO;;;2400;;Engavetamento;Luz do Dia;Bom;Seca;Meio de Quadra;NÃ£o HÃ¡ Controle;Comercial;0;0;6;1;0;0;0;0;0;0;0;0;-3,74150400000;-38,53847150000;mq_match
362454;2;10;2020;12:31;13416;AV RUI BARBOSA;RUA JOAO BRIGIDO;;;;ColisÃ£o Lateral;Luz do Dia;Bom;Seca;Cruz;Pare;Comercial;0;1;1;0;0;0;0;1;0;1;0;0;-3,74199500000;-38,51136900000;inter_match
362455;2;10;2020;15:30;0;RUA PDE GUERRA;RUA 21 DE ABRIL D27;;0;;Choque c/ ObstÃ¡culo Fixo;Luz do Dia;Bom;Seca;Cruz;Pare;Residencial;0;0;1;0;0;0;0;0;0;0;0;0;-3,74113000000;-38,56868000000;inter_gpsv
362456;2;10;2020;19:32;10525;RUA PEDRO LOPES D64;RUA WILSON PEREIRA;;;;ColisÃ£o Lateral;Via Iluminada;Bom;Molhada;Cruz;Pare;Residencial;0;2;1;0;0;0;0;0;0;1;0;0;-3,82827000000;-38,47747000000;inter_gpsv
362457;2;10;2020;19:33;0;AV GOV RAUL BARBOSA;;;6750;;ColisÃ£o Lateral;Mal Iluminada;Bom;Seca;Meio de Quadra;Gesto;Comercial;0;1;1;0;0;0;0;0;0;1;0;0;-3,77304400000;-38,51260200000;mq_match
362354;2;10;2020;16:00;0;RUA VALDETARIO MOTA;;;225;;ColisÃ£o Transversal;Luz do Dia;Bom;;;;;0;1;1;1;0;0;0;0;0;0;0;0;-3,73204000000;-38,47757000000;mq_gpsv
362232;2;10;2020;15:55;0;RD BR 116;;;;KM-02;ColisÃ£o Traseira;Luz do Dia;;Seca;Meio de Quadra;;;0;1;1;0;0;0;0;0;0;1;0;0;-3,77139100000;-38,51678000000;rod_match
362369;2;10;2020;13:25;12807;RUA ALBERTO MAGNO;RUA ANA NERY;;;;ColisÃ£o Transversal;Luz do Dia;Bom;Seca;Cruz;SemÃ¡foro;Comercial;0;1;1;1;0;0;0;0;0;0;0;0;-3,75467010000;-38,54111500000;inter_match
362230;2;10;2020;11:30;0;RD BR 222;;;;KM-02;ColisÃ£o Lateral;Luz do Dia;;Seca;;;;0;2;1;0;1;0;0;0;0;1;0;0;-3,74036240000;-38,59699610000;rod_match
363120;2;10;2020;05:58;0;AV JOR THOMAZ COELHO;;;;;Atropelamento;Amanhecer;;;Meio de Quadra;;;0;1;0;0;0;0;0;0;0;1;0;0;;;
363121;2;10;2020;06:59;0;RUA PDE PEDRO DE ALENCAR;;;17;;Queda;Luz do Dia;;;Meio de Quadra;;;0;1;0;0;0;0;0;0;0;1;0;0;-3,82791000000;-38,49346000000;mq_gpsv
363122;2;10;2020;07:04;0;AV BEZERRA DE MENEZES;;;25;;ColisÃ£o;Luz do Dia;;;Meio de Quadra;;;0;1;0;0;0;0;0;0;0;0;0;0;-3,73054800000;-38,53997300000;mq_match
363124;2;10;2020;07:39;0;AV GODOFREDO MACIEL;;;3929;;ColisÃ£o;Luz do Dia;;;Meio de Quadra;;;0;1;0;1;0;1;0;0;0;0;0;0;-3,80987000000;-38,57403000000;mq_gpsv
363125;2;10;2020;09:47;0;RUA MATOS VASCONCELOS;;;1602;;ColisÃ£o;Luz do Dia;;;Meio de Quadra;;;0;1;0;1;0;0;0;0;0;1;0;0;-3,75655165000;-38,55529910000;mq_qgis
363126;2;10;2020;09:48;0;RUA JAIME BENEVOLO;;;1059;;Atropelamento;Luz do Dia;;;Meio de Quadra;;;0;1;0;1;0;0;0;0;0;0;0;0;-3,74134200000;-38,52842810000;mq_qgis
363129;2;10;2020;11:16;0;RUA EMILIO DE MENESES;;;783;;ColisÃ£o;Luz do Dia;;;Meio de Quadra;;;0;1;0;0;0;0;0;0;0;1;0;0;-3,78136262700;-38,58877245000;mq_match
363130;2;10;2020;11:37;0;RUA MAJ PEDRO SAMPAIO;;;420;;ColisÃ£o;Luz do Dia;;;Meio de Quadra;;;0;1;0;1;0;0;0;0;0;1;0;0;-3,72496000000;-38,59219000000;mq_gpsv
363208;2;10;2020;20:02;0;AV GODOFREDO MACIEL;;;3862;;ColisÃ£o;;;;Meio de Quadra;;;0;1;0;1;0;0;0;0;0;1;0;0;-3,80885700000;-38,57378000000;mq_match
363214;2;10;2020;20:32;17370;RUA ALM RUBIM;RUA BAR SOBRAL;;;;ColisÃ£o;;;;Cruz;SemÃ¡foro;Residencial;0;1;0;1;0;0;0;0;0;1;0;0;-3,76657200000;-38,55497200000;inter_match
363215;2;10;2020;21:09;0;AV E CJ ESPERANCA;;;113;;ColisÃ£o;;;;Meio de Quadra;;;0;1;0;1;0;0;0;0;0;1;0;0;-3,81594538000;-38,58720770000;mq_qgis
363189;2;10;2020;18:32;26259;RUA JOSE ABILIO;RUA BRAGANCA;;;;ColisÃ£o;;;;Cruz;Pare;Residencial;0;1;1;1;0;0;0;0;0;1;0;0;-3,78418670000;-38,59744670000;inter_match
363191;2;10;2020;18:35;0;AV DR SILAS MUNGUBA;;;1555;;ColisÃ£o;;;;Meio de Quadra;;;0;1;0;1;0;0;0;0;0;1;0;0;-3,78395000000;-38,55391000000;mq_match
363201;2;10;2020;18:57;0;AV H CJ CEARA;;;165;;Queda;;;;Meio de Quadra;;;0;1;0;0;0;0;0;0;0;1;0;0;;;
363202;2;10;2020;19:01;0;RUA NUNES VALENTE;;;2075;;ColisÃ£o;;;;Meio de Quadra;;;0;1;0;1;0;0;0;0;0;1;0;0;-3,74274000000;-38,50581000000;mq_match
363203;2;10;2020;19:50;0;AV ALBERTO CRAVEIRO;;;1975;;ColisÃ£o;;;;Meio de Quadra;;;0;2;0;0;0;0;0;0;0;0;0;0;-3,79689460000;-38,51866000000;mq_match
363178;2;10;2020;17:24;0;RUA OSCAR ARARIPE;;;711;;ColisÃ£o;Anoitecer;;;Meio de Quadra;;;0;1;0;0;0;0;0;0;0;0;0;0;-3,79164500000;-38,59787600000;mq_match
363179;2;10;2020;17:29;0;RUA PRO SILAS RIBEIRO;;;722;;ColisÃ£o;Anoitecer;;;Meio de Quadra;;;0;1;0;1;0;0;0;0;0;1;0;0;;;
363181;2;10;2020;17:30;0;AV ROGACIANO LEITE;;;2407;;ColisÃ£o;Anoitecer;;;Meio de Quadra;;;0;2;0;1;0;0;0;0;0;1;0;0;-3,77615100000;-38,50036200000;mq_qgis
363184;2;10;2020;17:32;0;AV GODOFREDO MACIEL;;;;;Queda;Anoitecer;;;Meio de Quadra;;;0;1;0;0;0;0;0;0;0;1;0;0;;;
363185;2;10;2020;18:15;0;RUA JULIO BRAGA;;;1370;;ColisÃ£o;Anoitecer;;;Meio de Quadra;;;0;1;0;0;0;0;0;0;0;1;0;0;-3,77424152000;-38,58320510000;mq_qgis
363187;2;10;2020;18:18;0;AV CEL CARVALHO;;;1577;;Atropelamento;Anoitecer;;;Meio de Quadra;;;0;1;0;0;0;0;0;0;0;1;0;0;-3,71664500000;-38,58815900000;mq_match
363193;2;10;2020;18:45;4025;RUA CEARA;RUA AMAPA;;;;Atropelamento;;;;;;;0;1;0;0;0;0;0;0;0;1;0;0;-3,76131000000;-38,56330000000;inter_gpsv
363151;2;10;2020;11:48;0;RUA PERO COELHO;;;126;;ColisÃ£o;Luz do Dia;;;Meio de Quadra;;;0;2;0;0;0;0;0;0;0;0;0;0;-3,73496000000;-38,51706000000;mq_gpsv
363152;2;10;2020;11:52;0;RUA PRO MOREIRA DE SOUSA (PASSARE);;;663;;ColisÃ£o;Luz do Dia;;;Meio de Quadra;;;0;1;0;0;0;0;0;0;0;1;0;0;-3,81261000000;-38,52668000000;mq_gpsv
363155;2;10;2020;13:50;0;AV SEN FERNANDES TAVORA;;;2036;;ColisÃ£o;Luz do Dia;;;Meio de Quadra;;;0;1;0;1;0;0;0;0;0;1;0;0;-3,74473000000;-38,49576000000;mq_gpsv
363156;2;10;2020;14:06;0;AV PRO JOSE ARTHUR CARVALHO;;;2121;;ColisÃ£o;Luz do Dia;;;Meio de Quadra;;;0;1;0;0;0;0;0;0;0;0;0;0;-3,82497420000;-38,46114100000;mq_qgis
363158;2;10;2020;14:07;0;AV BEZERRA DE MENEZES;;;;;Queda;Luz do Dia;;;Meio de Quadra;;;0;1;0;0;0;0;0;0;0;1;0;0;;;
363160;2;10;2020;14:55;0;RUA CANDIDO MAIA;;;;;Acidente Pessoal;Luz do Dia;;;Meio de Quadra;;;0;1;0;0;0;0;0;0;0;1;0;0;;;
363161;2;10;2020;15:45;0;RUA CAP OLAVO;;;1036;;ColisÃ£o;Luz do Dia;;;Meio de Quadra;;;0;1;0;1;0;0;0;0;0;1;0;0;-3,77146200000;-38,51484500000;mq_qgis
363162;2;10;2020;16:02;26254;AV AMERICO BARREIRA;RUA SERGIPE;;;;ColisÃ£o;Luz do Dia;;;T;SemÃ¡foro;Comercial;0;1;0;1;0;0;0;0;0;1;0;0;-3,76369000000;-38,56660000000;inter_gpsv
363163;2;10;2020;16:02;0;AV JOR THOMAZ COELHO;;;268;;ColisÃ£o;Luz do Dia;;;Meio de Quadra;;;0;1;0;0;0;0;0;0;0;1;0;0;-3,83246000000;-38,49867000000;mq_gpsv
363164;2;10;2020;16:26;0;AV GODOFREDO MACIEL;;;86;;ColisÃ£o;Luz do Dia;;;Meio de Quadra;;;0;1;0;1;0;0;0;0;0;1;0;0;-3,77931700000;-38,56465400000;mq_match
363170;2;10;2020;17:24;0;RUA AVILA GOULART;;;900;;Atropelamento;Anoitecer;;;Meio de Quadra;;;0;1;0;0;0;0;0;0;0;0;0;0;-3,73565000000;-38,47815000000;mq_match
363212;2;10;2020;20:24;0;RUA ROCHA LIMA;;;230;;Atropelamento;;;;Meio de Quadra;;;0;1;0;0;0;0;0;0;0;1;0;0;-3,73646085000;-38,52203080000;mq_qgis
363219;3;10;2020;00:35;0;AV GAL OSORIO DE PAIVA;;;1431;;ColisÃ£o;;;;Meio de Quadra;;;0;2;0;1;0;0;0;0;0;0;0;0;-3,78042863600;-38,57413020000;mq_match
363220;3;10;2020;01:47;0;RUA MIGUEL ARAGAO;;;3;;Queda;;;;Meio de Quadra;;;0;1;0;0;0;0;0;0;0;1;0;0;-3,83560000000;-38,58425000000;mq_gpsv
363223;3;10;2020;03:57;0;AV GODOFREDO MACIEL;;;4606;;ColisÃ£o;;;;Meio de Quadra;;;0;1;1;1;0;0;0;0;0;1;0;0;-3,81543000000;-38,57483000000;mq_gpsv
363226;3;10;2020;04:19;0;AV GAL OSORIO DE PAIVA;;;;;Queda;;;;Meio de Quadra;;;0;1;0;0;0;0;0;0;0;1;0;0;;;
363228;3;10;2020;07:39;0;RUA DEP MATOSO FILHO;;;1134;;ColisÃ£o;Luz do Dia;;;Meio de Quadra;;;0;1;0;1;0;0;0;0;0;1;0;0;-3,73384800000;-38,59401900000;mq_match
363229;3;10;2020;08:16;0;AV ALBERTO CRAVEIRO;;;;;ColisÃ£o;Luz do Dia;;;Meio de Quadra;;;0;1;0;1;0;0;0;0;0;1;0;0;;;
363231;3;10;2020;08:36;12666;AV CEL CARVALHO;RUA ROSINHA SAMPAIO;;;;ColisÃ£o;Luz do Dia;;;Cruz;SemÃ¡foro;Comercial;0;1;0;1;0;0;0;0;0;1;0;0;-3,72693800000;-38,58541300000;inter_match
363237;3;10;2020;09:47;0;AV BEZERRA DE MENEZES;;;782;;Atropelamento;Luz do Dia;;;Meio de Quadra;;;0;1;0;0;0;0;0;0;0;1;0;0;-3,73306686000;-38,55187070000;mq_qgis
363238;3;10;2020;09:49;0;RUA JULIO BRAGA;;;1485;;Queda;Luz do Dia;;;Meio de Quadra;;;0;1;0;0;0;0;0;0;0;1;0;0;-3,77362500000;-38,58380700000;mq_match
363239;3;10;2020;11:20;0;RUA GOMES PASSOS;;;543;;ColisÃ£o;Luz do Dia;;;Meio de Quadra;;;0;1;0;0;0;0;0;0;0;0;0;0;-3,71122748000;-38,56113950000;mq_qgis
363240;3;10;2020;11:33;0;AV VICENTE DE CASTRO;;;;;ColisÃ£o;Luz do Dia;;;Meio de Quadra;;;0;1;0;0;0;0;0;0;0;1;0;0;;;
363244;3;10;2020;11:36;0;AV I CJ JOSE WALTER;;;1661;;ColisÃ£o;Luz do Dia;;;Meio de Quadra;;;0;1;0;1;0;0;0;0;0;1;0;0;-3,83923000000;-38,55494000000;mq_gpsv
363251;3;10;2020;13:58;0;RUA VALPARAISO;;;;;ColisÃ£o;Luz do Dia;;;Meio de Quadra;;;0;2;0;0;0;0;0;0;0;1;0;0;;;
363265;3;10;2020;16:33;0;AV HILDEBRANDO DE MELO;;;1739;;Atropelamento;Luz do Dia;;;Meio de Quadra;;;0;1;0;1;0;0;0;0;0;0;0;0;-3,72323000000;-38,58902000000;mq_gpsv
363266;3;10;2020;16:59;0;RD BR 116;;;;;ColisÃ£o;Luz do Dia;;;Meio de Quadra;;;0;1;0;1;0;0;0;0;0;1;0;0;;;
363278;3;10;2020;18:55;0;AV JOSE LEON;;;1852;;Queda;;;;Meio de Quadra;;;0;1;0;0;0;0;0;0;0;1;0;0;-3,78931695000;-38,49582230000;mq_qgis
363279;3;10;2020;19:10;0;RUA ELDORADO;;;2310;;ColisÃ£o;;;;Meio de Quadra;;;0;1;0;1;0;0;0;0;0;1;0;0;-3,81739000000;-38,52990000000;mq_gpsv
363280;3;10;2020;19:17;0;RUA PALMACIA;;;410;;ColisÃ£o;;;;Meio de Quadra;;;0;1;0;1;0;0;0;0;0;1;0;0;-3,71766000000;-38,59183000000;mq_gpsv
363281;3;10;2020;19:20;0;RUA TOMAS RODRIGUES;;;168;;Queda;;;;Meio de Quadra;;;0;1;0;0;0;0;0;0;0;1;0;0;-3,74048000000;-38,59391000000;mq_gpsv
363287;3;10;2020;20:50;0;RUA PEDRO MACHADO;;;685;;Queda;;;;Meio de Quadra;;;0;1;0;0;0;0;0;0;0;1;0;0;-3,75635000000;-38,54798000000;mq_gpsv
363288;3;10;2020;21:40;0;RUA CON DE CASTRO;;;2680;;ColisÃ£o;;;;Meio de Quadra;;;0;1;0;1;0;0;0;0;0;1;0;0;-3,79277507000;-38,58061340000;mq_qgis
363289;3;10;2020;21:59;0;RD BR 116;;;12000;KM-12;ColisÃ£o;;;;Meio de Quadra;;;0;1;0;1;0;0;0;0;0;1;0;0;-3,85574000000;-38,49606600000;rod_match
363290;3;10;2020;22:11;0;RUA GETULIO VARGAS;;;1186;;Atropelamento;;;;Meio de Quadra;;;0;1;0;0;0;0;0;0;0;1;0;0;-3,81785900000;-38,59380500000;mq_qgis
363291;3;10;2020;22:33;0;AV DIOGUINHO;;;;;ColisÃ£o;;;;Meio de Quadra;;;0;1;0;1;0;0;0;0;0;1;0;0;;;
363292;3;10;2020;23:15;0;RUA RAQUEL FLORENCIO;;;228;;ColisÃ£o;;;;Meio de Quadra;;;0;2;0;0;0;0;0;0;0;1;0;0;-3,82578000000;-38,45601000000;mq_gpsv
363293;3;10;2020;23:24;0;RUA DA BARAUNA;;;70;;Queda;;;;Meio de Quadra;;;0;1;0;0;0;0;0;0;0;1;0;0;-3,80125211000;-38,55077940000;mq_qgis
363248;3;10;2020;13:29;0;RUA CEL MANUEL ALBANO;;;549;;ColisÃ£o;Luz do Dia;;;Meio de Quadra;;;0;2;0;1;0;0;0;0;0;1;0;0;-3,80615000000;-38,57119000000;mq_match
363275;3;10;2020;17:10;0;AV C CJ CEARA;;;1655;;Atropelamento;Anoitecer;;;Meio de Quadra;;;0;1;0;1;0;0;0;0;0;0;0;0;-3,77294600000;-38,61540200000;mq_qgis
363216;3;10;2020;00:13;0;AV DEP PAULINO ROCHA;;;50;;Atropelamento;;;;Meio de Quadra;;;0;1;0;1;0;0;0;0;0;0;0;0;-3,80213600000;-38,50756500000;mq_match
363217;3;10;2020;00:34;0;RUA CURIO;;;150;;Atropelamento;;;;Meio de Quadra;;;0;1;0;0;0;0;0;0;0;0;0;1;-3,71921000000;-38,56910000000;mq_gpsv
362375;3;10;2020;10:40;10920;RUA CEL MATOS DOURADO;RUA FRANCO ROCHA;;;;ColisÃ£o Lateral;Luz do Dia;Bom;Seca;Cruz;Pare;Comercial;0;1;1;1;0;0;0;0;0;1;0;0;-3,75342700000;-38,58230900000;inter_match
362388;3;10;2020;21:00;5356;AV DUQ CAXIAS;RUA GAL SAMPAIO;;;;ColisÃ£o Transversal;Via Iluminada;Bom;Seca;Cruz;SemÃ¡foro;Comercial;0;1;2;0;1;0;0;0;0;1;0;0;-3,73109600000;-38,53202900000;inter_match
362414;3;10;2020;08:30;0;AV ALBERTO CRAVEIRO;;;;;NÃ£o Informado;Luz do Dia;Bom;Seca;;;;0;1;1;0;1;0;0;0;0;1;0;0;;;
362411;3;10;2020;23:15;607;AV DR THEBERGE;RUA LIRIO;;;;ColisÃ£o Lateral;Via Iluminada;Bom;Seca;T;Pare;Comercial;0;1;1;1;0;0;0;0;0;1;0;0;-3,71270400000;-38,56431300000;inter_match
362238;3;10;2020;01:50;0;RD BR 116;;;;KM-12;ColisÃ£o Frontal;;;Seca;Meio de Quadra;;;0;2;1;1;0;0;0;0;0;0;0;0;-3,85574000000;-38,49606600000;rod_match
362458;3;10;2020;04:18;0;AV ALM HENRIQUE SABOIA;;;0;;Capotamento;Via Iluminada;Bom;Seca;Meio de Quadra;NÃ£o HÃ¡ Controle;Comercial;0;1;0;1;0;0;0;0;0;0;0;0;-3,74827360000;-38,49280000000;mq_match
362459;3;10;2020;14:24;0;RUA ILDEFONSO ALBANO;;;1373;;Tombamento;Luz do Dia;Bom;Seca;Meio de Quadra;NÃ£o HÃ¡ Controle;Comercial;0;0;1;1;0;0;0;0;0;0;0;0;-3,73281300000;-38,51306300000;mq_qgis
362460;3;10;2020;14:12;0;RUA ERETIDES MARTINS;RUA CANAL;;0;;Queda;Luz do Dia;Bom;Seca;Cruz;Pare;Residencial;0;1;1;0;0;0;0;0;0;1;0;0;-3,73066000000;-38,55889000000;inter_gpsv
362461;3;10;2020;14:39;0;RUA ALM RUBIM;;;1351;;ColisÃ£o Lateral;Luz do Dia;Bom;Seca;Meio de Quadra;NÃ£o HÃ¡ Controle;Comercial;0;2;0;1;0;0;0;0;0;0;0;0;-3,76956700000;-38,55619000000;mq_match
362462;3;10;2020;14:52;5307;AV DUQ CAXIAS;RUA PRC ISABEL;;;;ColisÃ£o Transversal;Luz do Dia;Bom;Seca;Cruz;SemÃ¡foro;Comercial;0;2;1;1;0;0;0;0;0;1;0;0;-3,72968700000;-38,53640700000;inter_match
362463;3;10;2020;15:54;5343;RUA PDE IBIAPINA;AV BEZERRA DE MENEZES;;;;ColisÃ£o Lateral;Luz do Dia;Bom;Seca;T;SemÃ¡foro;Comercial;0;1;1;1;0;0;0;0;0;1;0;0;-3,73054800000;-38,53997300000;inter_match
362464;4;10;2020;01:17;6006;AV C CJ CEARA;RUA 212 CJ CEARA;;0;;ColisÃ£o Transversal;Via Iluminada;Bom;Seca;T;Pare;Residencial;0;0;2;1;0;0;0;0;0;0;0;0;-3,85636000000;-38,51835000000;inter_gpsv
362465;4;10;2020;06:50;25137;RUA BENI DE CARVALHO;RUA BARBOSA DE FREITAS;;0;;ColisÃ£o Transversal;Luz do Dia;Bom;Seca;Cruz;SemÃ¡foro;Comercial;0;0;2;0;0;1;0;0;0;1;0;0;-3,74441400000;-38,49989000000;inter_match
362423;4;10;2020;22:30;4887;RUA CON DE CASTRO;RUA A CONJ. JARDIM FLUMINENSE;;;;Atropelamento;Mal Iluminada;Bom;Seca;T;NÃ£o HÃ¡ Controle;Residencial;0;2;0;0;0;0;0;0;0;1;0;0;-3,81268000000;-38,59791000000;inter_gpsv
363294;4;10;2020;00:13;0;AV GAL OSORIO DE PAIVA;;;8003;;Queda;;;;Meio de Quadra;;;0;1;0;0;0;0;0;0;0;1;0;0;-3,82116500000;-38,61801100000;mq_match
363295;4;10;2020;00:19;0;RUA JORGE FIGUEIREDO (ANCURI);;;2353;;Queda;;;;Meio de Quadra;;;0;1;0;0;0;0;0;0;0;1;0;0;-3,88862000000;-38,52068000000;mq_gpsv
363296;4;10;2020;10:33;0;RUA CARNAUBAL;;;512;;ColisÃ£o;Luz do Dia;;;Meio de Quadra;;;0;2;0;0;0;0;0;0;0;0;0;0;-3,72252914000;-38,58309350000;mq_qgis
363301;4;10;2020;11:46;15699;RUA GUILHERME PESSOA;RUA MEM DE SA;;;;ColisÃ£o;Luz do Dia;;;Cruz;Pare;Residencial;0;1;0;1;0;0;0;0;0;1;0;0;-3,82741700000;-38,48533800000;inter_match
363302;4;10;2020;12:49;0;RUA FRANCISCO JOSE A PEREIRA;;;1005;;Queda;Luz do Dia;;;Meio de Quadra;;;0;2;0;0;0;1;0;0;0;0;0;0;-3,81147000000;-38,50805000000;mq_gpsv
363303;4;10;2020;15:59;0;AV FRANCISCO SA;;;2802;;ColisÃ£o;Luz do Dia;;;Meio de Quadra;;;0;1;0;1;0;0;0;0;0;1;0;0;-3,71968000000;-38,55050100000;mq_match
363304;4;10;2020;16:23;0;RUA ALVARO DE ALENCAR;;;518;;Queda;Luz do Dia;;;Meio de Quadra;;;0;1;0;0;0;1;0;0;0;0;0;0;-3,71615600000;-38,55807300000;mq_qgis
363305;4;10;2020;17:19;0;RUA 1020 CJ CEARA;;;2959;;Queda;Anoitecer;;;Meio de Quadra;;;0;1;0;0;0;0;0;0;0;1;0;0;;;
363306;4;10;2020;17:24;0;RUA SEN POMPEU;;;2656;;Queda;Anoitecer;;;Meio de Quadra;;;0;1;0;0;0;1;0;0;0;0;0;0;-3,74186612000;-38,53415020000;mq_qgis
363307;4;10;2020;17:36;0;RUA DO LAGO;;;245;;Queda;Anoitecer;;;Meio de Quadra;;;0;1;0;0;0;0;0;0;0;1;0;0;-3,78228289000;-38,51026530000;mq_qgis
363308;4;10;2020;17:47;0;RUA 218 A CJ CEARA;;;148;;Queda;Anoitecer;;;Meio de Quadra;;;0;1;0;0;0;0;0;0;0;1;0;0;-3,76426642000;-38,60707930000;mq_qgis
363309;4;10;2020;18:17;0;RUA ALVES DE SOUZA;;;799;;Queda;Anoitecer;;;Meio de Quadra;;;0;1;0;0;0;0;0;0;0;1;0;0;;;
363310;4;10;2020;18:21;0;RUA SGT JOAO PINHEIRO;;;610;;ColisÃ£o;Anoitecer;;;Meio de Quadra;;;1;0;1;1;0;0;0;0;0;1;0;0;-3,78055000000;-38,62221000000;mq_gpsv
363311;4;10;2020;18:35;0;AV GODOFREDO MACIEL;;;4848;;ColisÃ£o;;;;Meio de Quadra;;;0;3;0;1;0;0;0;0;0;1;0;0;-3,81839900000;-38,57572700000;mq_match
363312;4;10;2020;18:55;0;RUA SEN POMPEU;;;;;ColisÃ£o;;;;Meio de Quadra;;;0;1;0;1;0;1;0;0;0;0;0;0;;;
363313;4;10;2020;19:01;0;RUA NOVA CONQUISTA (GRANJA LISBOA);;;388;;ColisÃ£o;;;;Meio de Quadra;;;0;1;0;0;0;0;0;0;0;0;0;0;;;
363314;4;10;2020;19:19;0;RUA E CJ RESD GUAJERU;;;45;;ColisÃ£o;;;;Meio de Quadra;;;0;1;0;0;0;0;0;0;0;1;0;0;-3,81421000000;-38,59508000000;mq_gpsv
363315;4;10;2020;19:47;0;RUA 1018 CJ CEARA;;;148;;Acidente Pessoal;;;;Meio de Quadra;;;0;1;0;0;0;0;0;0;0;1;0;0;-3,77021133300;-38,61644367000;mq_match
363316;4;10;2020;19:48;0;RUA VALPARAISO;;;169;;Atropelamento;;;;Meio de Quadra;;;0;1;0;0;0;0;0;0;0;1;0;0;-3,84622700000;-38,52193600000;mq_qgis
363317;4;10;2020;20:19;0;RUA COM GARCIA;;;385;;ColisÃ£o;;;;Meio de Quadra;;;0;2;0;0;0;0;0;0;0;1;0;0;-3,78891314000;-38,57931170000;mq_qgis