COD_ACIDENTE;DIA;MES;ANO;HORA;INTERSECAO;LOG1;LOG2;LOG3;NUMERO;REFERENCIA;NATUREZA;ILUMINACAO;TEMPO;SUPERFICIEPISTA;TIPOCRUZAMENTO;CONTROLETRAFEGO;USOSOLO;MORTOS;FERIDOS;ILESOS;AUTOMOVEL;ONIBUS;BICICLETA;CAMINHAO;MICROONIBUS;CICLOMOTOR;MOTOCICLETA;TRACAOANIMAL;TREM;LATITUDE;LONGITUDE;METODO
363318;4;10;2020;20:23;0;RUA PLANALTINA (PL AYRTON SENNA);;;827;;ColisÃ£o;;;;Meio de Quadra;;;0;1;0;0;0;0;0;0;0;1;0;0;-3,83194000000;-38,56913000000;mq_gpsv
363319;4;10;2020;21:06;0;AV GODOFREDO MACIEL;;;;;ColisÃ£o;;;;Meio de Quadra;;;0;1;0;1;0;0;0;0;0;1;0;0;;;
363320;4;10;2020;21:36;0;RUA MONTE LIBANO;;;638;;ColisÃ£o;;;;Meio de Quadra;;;0;1;0;1;0;1;0;0;0;0;0;0;-3,82604430000;-38,56297300000;mq_match
363321;4;10;2020;22:00;0;AV RAD JOSE LIMA VERDE;;;819;;Queda;;;;Meio de Quadra;;;0;1;0;0;0;1;0;0;0;0;0;0;-3,69982500000;-38,58813400000;mq_qgis
363322;4;10;2020;22:00;0;AV BEIRA MAR;;;886;;ColisÃ£o;;;;Meio de Quadra;;;0;2;0;0;0;0;0;0;0;1;0;0;-3,72020641000;-38,51166880000;mq_qgis
363329;4;10;2020;22:07;0;AV DES GONZAGA;;;487;;Queda;;;;Meio de Quadra;;;0;1;0;0;0;1;0;0;0;0;0;0;-3,79573000000;-38,50037000000;mq_gpsv
363350;4;10;2020;22:31;0;AV BEIRA MAR;;;;;Queda;;;;Meio de Quadra;;;0;1;0;0;0;0;0;0;0;1;0;0;;;
363351;4;10;2020;22:52;12457;AV AUGUSTO DOS ANJOS;RUA PRO GOMES BRASIL;;;;ColisÃ£o;;;;Cruz;SemÃ¡foro;Comercial;0;2;0;1;0;0;0;0;0;1;0;0;-3,77015300000;-38,57042700000;inter_match
363352;4;10;2020;23:27;24229;AV ENG SANTANA JUNIOR;AV ENG ALBERTO SA;;;;ColisÃ£o;;;;Cruz;SemÃ¡foro;Comercial;0;1;0;1;0;1;0;0;0;0;0;0;-3,73335700000;-38,48062400000;inter_match
364728;4;10;2020;21:40;0;RD DR MENDEL STEINBRUCH;;;;;ColisÃ£o;;;;Meio de Quadra;;;0;0;2;1;0;0;0;0;0;1;0;0;;;
363353;5;10;2020;00:07;0;AV GODOFREDO MACIEL;;;;;Queda;;;;Meio de Quadra;;;0;1;0;0;0;0;0;0;0;1;0;0;;;
363354;5;10;2020;06:33;0;AV PRS CASTELO BRANCO;;;3795;;ColisÃ£o;Luz do Dia;;;Meio de Quadra;;;0;1;0;1;0;0;0;0;0;1;0;0;-3,70918900000;-38,56612000000;mq_match
363355;5;10;2020;07:43;0;RD BR 116;;;11000;KM-11;Queda;Luz do Dia;;;Meio de Quadra;;;0;1;0;0;0;0;0;0;0;1;0;0;-3,84716000000;-38,49717600000;rod_match
363356;5;10;2020;07:44;0;RUA JOAO CORDEIRO;;;;;Queda;Luz do Dia;;;Meio de Quadra;;;0;1;0;0;0;1;0;0;0;0;0;0;;;
363357;5;10;2020;09:41;0;RUA MAL BITENCOURT;;;1197;;ColisÃ£o;Luz do Dia;;;Meio de Quadra;;;0;1;0;0;0;0;0;0;0;1;0;0;-3,79413750000;-38,53064433000;mq_match
363358;5;10;2020;12:35;100;RUA TOMAS RODRIGUES;AV MR HULL;;;;Atropelamento;Luz do Dia;;;Cruz;SemÃ¡foro;Comercial;0;2;0;0;0;0;0;0;0;1;0;0;-3,74000400000;-38,59391500000;inter_match
363359;5;10;2020;12:44;0;AV BEIRA MAR;;;;;Queda;Luz do Dia;;;Meio de Quadra;;;0;1;0;0;0;1;0;0;0;0;0;0;;;
363360;5;10;2020;14:09;0;RUA JUVENAL GALENO;;;54;;ColisÃ£o;Luz do Dia;;;Meio de Quadra;;;0;1;0;1;0;0;0;0;0;1;0;0;-3,74129950000;-38,53647400000;mq_qgis
363361;5;10;2020;14:42;0;AV CARNEIRO DE MENDONCA;;;750;;ColisÃ£o;Luz do Dia;;;Meio de Quadra;;;0;1;0;1;0;0;0;0;0;1;0;0;-3,76410900000;-38,56675900000;mq_match
363362;5;10;2020;15:21;0;AV GODOFREDO MACIEL;;;2385;;Atropelamento;Luz do Dia;;;Meio de Quadra;;;0;1;0;1;0;0;0;0;0;0;0;0;-3,79604400000;-38,56977600000;mq_match
363363;5;10;2020;15:33;0;RUA CANDIDO MAIA;;;;;Atropelamento;Luz do Dia;;;Meio de Quadra;;;0;1;0;0;0;0;0;0;0;1;0;0;;;
363364;5;10;2020;16:33;0;AV JOSE BASTOS;;;3194;;ColisÃ£o;Luz do Dia;;;;;;0;0;0;1;0;0;0;0;0;1;0;0;-3,74778770000;-38,54818300000;mq_match
363526;5;10;2020;18:19;0;AV AREIA BRANCA;;;70;;Atropelamento;Anoitecer;;;Meio de Quadra;;;0;1;0;1;0;0;0;0;0;0;0;0;-3,72811000000;-38,47323000000;mq_gpsv
363527;5;10;2020;18:36;0;AV MR HULL;;;;;Atropelamento;;;;Meio de Quadra;;;0;1;0;0;0;0;0;0;0;0;0;1;;;
363528;5;10;2020;18:42;0;AV GAL OSORIO DE PAIVA;;;1805;;Atropelamento;;;;Meio de Quadra;;;0;1;0;1;0;0;0;0;0;0;0;0;-3,78310300000;-38,57829400000;mq_match
363533;5;10;2020;19:28;0;RUA NEREU RAMOS;;;186;;Queda;;;;Meio de Quadra;;;0;1;0;0;0;0;0;0;0;1;0;0;-3,78670800000;-38,56830750000;mq_qgis
363534;5;10;2020;20:03;0;RUA HOLANDA;;;1887;;Queda;;;;Meio de Quadra;;;0;1;0;0;0;0;0;0;0;1;0;0;-3,80534000000;-38,55843000000;mq_gpsv
363539;5;10;2020;20:20;0;AV GAL OSORIO DE PAIVA;;;;;ColisÃ£o;;;;Meio de Quadra;;;0;1;0;1;0;0;0;0;0;1;0;0;;;
363541;5;10;2020;21:36;0;RUA OLAVO LIMA SILVA;;;50;;Atropelamento;;;;Meio de Quadra;;;0;1;0;1;0;0;0;0;0;0;0;0;-3,75794448000;-38,48919160000;mq_qgis
363542;5;10;2020;21:37;0;RUA NOSSA SRA DAS GRACAS;;;370;;ColisÃ£o;;;;Meio de Quadra;;;0;1;0;0;0;0;0;0;0;0;0;0;-3,71076519000;-38,55160180000;mq_qgis
363543;5;10;2020;21:57;0;AV D CJ JOSE WALTER;;;440;HOSP. GONZAGUINHA;Atropelamento;;;;Meio de Quadra;;;0;1;0;1;0;0;0;0;0;0;0;0;-3,83123740000;-38,55686770000;mq_match
362468;5;10;2020;07:31;2837;RUA MARIA JULIA;RUA BOM JESUS (GRANJA LISBOA);;;;ColisÃ£o;Luz do Dia;Bom;Seca;Cruz;Pare;Comercial;0;1;1;0;0;0;0;0;0;1;0;0;-3,79464000000;-38,60060300000;inter_match
362469;5;10;2020;07:30;7717;AV JOAO PESSOA;RUA PACAEMBU;;;;ColisÃ£o Transversal;Luz do Dia;Bom;Seca;T;NÃ£o HÃ¡ Controle;Escola;0;1;1;1;0;0;0;0;0;1;0;0;-3,76530800000;-38,55901400000;inter_match
362470;5;10;2020;08:30;1450;RUA JOAO CARVALHO;RUA JOSE VILAR;;;;ColisÃ£o Transversal;Luz do Dia;Bom;Seca;Cruz;SemÃ¡foro;Residencial;0;1;1;1;0;0;0;0;0;1;0;0;-3,73831800000;-38,50547700000;inter_match
362471;5;10;2020;10:45;7855;RUA HENRIQUETA GALENO;RUA CEL JUCA;;0;;ColisÃ£o Transversal;Luz do Dia;Bom;Seca;Cruz;SemÃ¡foro;Comercial;0;0;2;1;0;0;0;0;0;0;0;0;-3,74698900000;-38,49428400000;inter_match
362472;5;10;2020;19:22;0;AV JOR THOMAZ COELHO;;;551;;NÃ£o Informado;Via Iluminada;Bom;Seca;T;SemÃ¡foro;Comercial;0;0;2;1;0;0;0;0;0;1;0;0;-3,83240000000;-38,49905800000;mq_match
362473;5;10;2020;21:18;0;AV GAL OSORIO DE PAIVA;;;7020;;ColisÃ£o Transversal;Via Iluminada;Bom;Seca;Meio de Quadra;SemÃ¡foro;Comercial;0;2;1;1;0;0;0;0;0;0;0;0;-3,81447890000;-38,61191600000;mq_match
362474;5;10;2020;07:00;0;AV AREIA BRANCA;;;360;;Choque c/ ObstÃ¡culo Fixo;Anoitecer;Bom;Seca;Meio de Quadra;NÃ£o HÃ¡ Controle;Comercial;0;0;2;1;0;0;0;0;0;0;0;0;-3,72791700000;-38,47523000000;mq_match
362475;5;10;2020;14:58;0;AV BAR STUDART;;;2820;;ColisÃ£o Transversal;Luz do Dia;Bom;Seca;Meio de Quadra;SemÃ¡foro;Comercial;0;1;0;1;0;0;0;0;0;1;0;0;-3,74870900000;-38,51119200000;mq_match
362466;5;10;2020;01:16;22117;RUA PRO COSTA MENDES;RUA PAPI JUNIOR;;;;NÃ£o Informado;NÃ£o Informado;NÃ£o Informado;NÃ£o informada;Cruz;Gesto;NÃ£o Informado;0;0;1;1;0;0;0;0;0;0;0;0;-3,74834200000;-38,55393100000;inter_match
362476;6;10;2020;11:50;19721;RUA GUSTAVO SAMPAIO;RUA AMADEU FURTADO;;;;ColisÃ£o Transversal;Luz do Dia;Bom;Seca;Cruz;Pare;Comercial;0;2;1;1;0;0;0;0;0;1;0;0;-3,73678600000;-38,56382800000;inter_match
362477;6;10;2020;11:34;0;AV GOV PARSIFAL BARROSO;;;0;;ColisÃ£o Traseira;Luz do Dia;Bom;Seca;Meio de Quadra;NÃ£o HÃ¡ Controle;Escola;0;1;1;1;0;0;0;0;0;1;0;0;-3,73573800000;-38,56902000000;mq_match
362478;6;10;2020;16:20;25231;AV I CJ JOSE WALTER;AV PRS COSTA E SILVA;;;;ColisÃ£o Lateral;Luz do Dia;Bom;Seca;T;SemÃ¡foro;Residencial;0;1;1;0;0;0;0;0;0;1;0;0;-3,82349400000;-38,55023200000;inter_match
362479;6;10;2020;16:30;0;AV CARAPINIMA;;;2200;;ColisÃ£o Traseira;Via Iluminada;Bom;Seca;Meio de Quadra;NÃ£o HÃ¡ Controle;Comercial;0;1;1;1;0;0;0;0;0;1;0;0;-3,73949950000;-38,53970750000;mq_match
362480;6;10;2020;19:30;20123;AV PAROARAS;RUA DOS SABIAS;;0;;ColisÃ£o Lateral;Via Iluminada;Bom;Seca;T;Pare;Residencial;0;1;1;1;0;0;0;0;0;1;0;0;-3,80979700000;-38,54008400000;inter_match
362481;6;10;2020;22:33;0;AV ENG SANTANA JUNIOR;;;2620;TUNEL DEP WELLINGTON LANDIM;ColisÃ£o;Via Iluminada;Bom;Seca;Meio de Quadra;NÃ£o HÃ¡ Controle;Comercial;0;1;0;1;0;0;0;0;0;1;0;0;-3,74437550000;-38,48843750000;mq_qgis
362425;6;10;2020;17:00;0;AV SANTOS DUMONT;;;6870;;Engavetamento;Anoitecer;Bom;Seca;Meio de Quadra;;Comercial;0;0;2;1;0;0;0;0;0;0;0;0;-3,74480315800;-38,47178989000;mq_match
363545;6;10;2020;05:57;0;RUA PIN ANTONIO BANDEIRA;;;254;;ColisÃ£o;Amanhecer;;;Meio de Quadra;;;0;1;0;1;0;0;0;0;0;1;0;0;-3,72404000000;-38,54427000000;mq_gpsv
363546;6;10;2020;06:25;0;RUA MARIA JULIA;;;801;;Atropelamento;Luz do Dia;;;Meio de Quadra;;;0;1;0;1;0;0;0;0;0;0;0;0;-3,79055000000;-38,59927000000;mq_gpsv
363547;6;10;2020;07:07;0;RUA ADOLFO CAMPELO;;;300;;ColisÃ£o;Luz do Dia;;;Meio de Quadra;;;0;1;0;1;0;0;0;0;0;1;0;0;-3,72049000000;-38,54591000000;mq_gpsv
363548;6;10;2020;08:08;0;RUA BERNARDO MANUEL;;;10109;;Queda;Luz do Dia;;;Meio de Quadra;;;0;1;0;0;0;0;0;0;0;1;0;0;-3,80661800000;-38,55379200000;mq_qgis
363549;6;10;2020;08:24;0;RUA ALM RUBIM;;;1640;;ColisÃ£o;Luz do Dia;;;Meio de Quadra;;;0;1;0;0;0;0;0;0;0;0;0;0;-3,77166648000;-38,55691240000;mq_qgis
363550;6;10;2020;09:18;0;RUA COSME JERONIMO;;;820;;ColisÃ£o;Luz do Dia;;;Meio de Quadra;;;0;1;0;0;0;0;0;0;0;1;0;0;-3,82269000000;-38,58642000000;mq_gpsv
363551;6;10;2020;10:11;0;AV N CJ JOSE WALTER;;;1565;;ColisÃ£o;Luz do Dia;;;Meio de Quadra;;;0;1;0;1;0;1;0;0;0;0;0;0;;;
363552;6;10;2020;11:38;0;RUA BOM JESUS (GRANJA LISBOA);;;3090;;Queda;Luz do Dia;;;Meio de Quadra;;;0;1;0;0;0;0;0;0;0;1;0;0;-3,78812900000;-38,62108900000;mq_qgis
363553;6;10;2020;11:50;0;AV JOR THOMAZ COELHO;;;1307;;ColisÃ£o;Luz do Dia;;;Meio de Quadra;;;0;1;0;1;0;0;0;0;0;1;0;0;-3,83070000000;-38,50634000000;mq_match
363554;6;10;2020;12:22;0;AV FRE CIRILO;;;3810;;ColisÃ£o;Luz do Dia;;;Meio de Quadra;;;0;1;0;0;0;0;0;0;0;1;0;0;-3,81740429000;-38,49737045000;mq_match
363578;6;10;2020;13:36;9124;RUA MON SALAZAR;AV VIS RIO BRANCO;;;;ColisÃ£o;Luz do Dia;;;Cruz;SemÃ¡foro;Comercial;0;1;0;1;0;0;0;0;0;1;0;0;-3,75670100000;-38,51987000000;inter_match
363579;6;10;2020;14:55;0;AV MR HULL;;;5640;;ColisÃ£o;Luz do Dia;;;Meio de Quadra;;;0;2;0;0;0;0;0;0;0;0;0;0;-3,74014157000;-38,59483640000;mq_qgis
363581;6;10;2020;15:29;0;AV ODILON GUIMARAES;;;;;ColisÃ£o;Luz do Dia;;;Meio de Quadra;;;0;1;0;1;0;0;0;0;0;1;0;0;;;
363585;6;10;2020;16:18;13019;RUA 23 CJ JOSE WALTER;RUA 59 CJ JOSE WALTER;;;;ColisÃ£o;Luz do Dia;;;;;;0;1;0;1;0;0;0;0;0;1;0;0;;;
363596;6;10;2020;20:57;0;AV VIS RIO BRANCO;;;1183;;ColisÃ£o;;;;Meio de Quadra;;;0;1;0;0;0;0;0;0;0;0;0;0;-3,73090060000;-38,52516940000;mq_match
363592;6;10;2020;16:29;0;AV FRE CIRILO;;;;;ColisÃ£o;Luz do Dia;;;Meio de Quadra;;;0;1;0;1;0;0;0;0;0;1;0;0;;;
363594;6;10;2020;19:27;0;RUA COS LAFAYETE;;;1012;;Atropelamento;;;;Meio de Quadra;;;0;1;0;0;0;0;0;0;0;1;0;0;-3,71758168000;-38,58713180000;mq_qgis
363609;6;10;2020;21:17;17590;RUA MARANHAO;RUA MINAS GERAIS;;;;ColisÃ£o;;;;Cruz;Pare;Comercial;0;0;1;0;0;0;0;0;0;0;0;0;-3,75608400000;-38,56509200000;inter_match
364729;6;10;2020;21:00;0;AV CARAPINIMA;;;;;ColisÃ£o;;;;Meio de Quadra;;;0;0;2;1;0;0;0;0;0;1;0;0;;;
364730;7;10;2020;06:30;0;AV PRS COSTA E SILVA;;;;;ColisÃ£o;Luz do Dia;;;Meio de Quadra;;;0;0;1;0;0;0;0;0;0;0;0;0;;;
363613;7;10;2020;00:14;0;RUA VICENTE LEITE;;;2020;;ColisÃ£o;;;;Meio de Quadra;;;0;1;0;0;0;0;0;0;0;1;0;0;-3,74538100000;-38,49807000000;mq_qgis
363614;7;10;2020;02:39;0;AV FRANCISCO SA;;;80;;Atropelamento;;;;Meio de Quadra;;;0;1;0;0;0;0;0;0;0;1;0;0;-3,72268000000;-38,54113000000;mq_gpsv
363615;7;10;2020;03:29;0;AV MR HULL;;;1035;;ColisÃ£o;;;;Meio de Quadra;;;0;1;0;1;0;0;0;0;0;1;0;0;-3,73683000000;-38,56948000000;mq_gpsv
363616;7;10;2020;04:44;0;RUA ASP MENDES;;;55;;Queda;;;;Meio de Quadra;;;0;1;0;0;0;0;0;0;0;1;0;0;-3,76356000000;-38,51511000000;mq_gpsv
363617;7;10;2020;05:40;19269;RUA PRO GOMES BRASIL;RUA MARACANA;;;;ColisÃ£o;Amanhecer;;;Cruz;Pare;Comercial;0;2;0;0;0;0;0;0;0;0;0;0;-3,77284000000;-38,56843800000;inter_match
363618;7;10;2020;05:41;0;AV PERIMETRAL;;;2235;;ColisÃ£o;Amanhecer;;;Meio de Quadra;;;0;2;0;1;0;0;0;0;0;1;0;0;;;
363620;7;10;2020;07:02;0;RUA GABRIEL FIUZA;;;415;;ColisÃ£o;Luz do Dia;;;Meio de Quadra;;;0;1;0;1;0;0;0;0;0;1;0;0;-3,78703900000;-38,57993700000;mq_match
363621;7;10;2020;07:55;0;AV DES MOREIRA;;;2640;;Queda;Luz do Dia;;;Meio de Quadra;;;0;1;0;0;0;1;0;0;0;0;0;0;-3,74861621000;-38,50230720000;mq_qgis
363622;7;10;2020;09:15;0;RUA DOM LINO;;;101;;ColisÃ£o;Luz do Dia;;;Meio de Quadra;;;0;1;0;1;0;0;0;0;0;0;0;0;-3,73525000000;-38,55733000000;mq_gpsv
363658;7;10;2020;11:18;0;RUA JOSE DANTAS PEREIRA;;;;;Queda;Luz do Dia;;;Meio de Quadra;;;0;1;0;0;0;0;0;0;0;1;0;0;;;
363660;7;10;2020;12:09;0;RUA DOM SEBASTIAO LEME;;;;;ColisÃ£o;Luz do Dia;;;Meio de Quadra;;;0;1;0;1;0;0;0;0;1;0;0;0;;;
363661;7;10;2020;12:34;0;RUA PRO HERIBALDO COSTA;;;2031;;Queda;Luz do Dia;;;Meio de Quadra;;;0;1;0;0;0;0;0;0;0;1;0;0;-3,76897800000;-38,58854400000;mq_qgis
363672;7;10;2020;15:57;0;AV PRS COSTA E SILVA;;;;;Queda;Luz do Dia;;;Meio de Quadra;;;0;1;0;0;0;1;0;0;0;0;0;0;;;
363680;7;10;2020;17:42;0;AV AMERICO BARREIRA;;;3112;;ColisÃ£o;Anoitecer;;;Meio de Quadra;;;0;1;0;1;0;0;0;0;0;1;0;0;-3,75908000000;-38,56369000000;mq_gpsv
363681;7;10;2020;18:06;0;RD BR 116;;;4000;KM-04;Outros;Anoitecer;;;Meio de Quadra;;;0;1;0;0;0;1;0;0;0;0;0;0;-3,80235400000;-38,50386900000;rod_match
363682;7;10;2020;18:12;0;RUA SGT JOAO PINHEIRO;;;751;;ColisÃ£o;Anoitecer;;;Meio de Quadra;;;0;2;0;1;0;0;0;0;0;1;0;0;-3,78218371000;-38,62261620000;mq_qgis
363683;7;10;2020;18:36;0;RUA JOSE ABILIO;;;885;;ColisÃ£o;;;;Meio de Quadra;;;0;1;0;1;0;0;0;0;0;1;0;0;-3,78363300000;-38,59939300000;mq_gpsv
363684;7;10;2020;18:40;0;AV ALBERTO CRAVEIRO;;;530;;ColisÃ£o;;;;Meio de Quadra;;;0;1;0;1;0;0;0;0;0;1;0;0;-3,78314300000;-38,51669300000;mq_qgis
363685;7;10;2020;19:13;581;AV FRANCISCO SA;AV PASTEUR;;;;ColisÃ£o;;;;Cruz;SemÃ¡foro;Comercial;0;1;0;1;0;0;0;0;0;1;0;0;-3,71632500000;-38,56056700000;inter_match
363686;7;10;2020;19:20;0;RUA JOAO MARIANO;;;582;;Atropelamento;;;;Meio de Quadra;;;0;1;0;1;0;0;0;0;0;0;0;0;-3,79105069000;-38,47561290000;mq_qgis
363667;7;10;2020;13:24;0;RUA FIRMINO ROCHA AGUIAR;;;909;;ColisÃ£o;Luz do Dia;;;Meio de Quadra;;;0;2;0;1;0;0;0;0;0;1;0;0;-3,76313000000;-38,48429000000;mq_gpsv
363668;7;10;2020;13:40;0;RUA 511 CJ CEARA;;;62;;Queda;Luz do Dia;;;Meio de Quadra;;;0;1;0;0;0;1;0;0;0;0;0;0;-3,77062119000;-38,61004940000;mq_qgis
363688;7;10;2020;19:57;1462;RUA NUNES VALENTE;RUA JOAO CARVALHO;;;;Atropelamento;;;;Cruz;Pare;Comercial;0;1;0;0;0;0;0;0;0;1;0;0;-3,73859900000;-38,50449100000;inter_match
363689;7;10;2020;20:02;0;AV SANTOS DUMONT;;;1169;;ColisÃ£o;;;;Meio de Quadra;;;0;1;0;1;0;1;0;0;0;0;0;0;-3,73143720000;-38,51295000000;mq_match
363690;7;10;2020;20:56;0;RUA OSCAR ARARIPE;;;270;;ColisÃ£o;;;;Meio de Quadra;;;0;1;0;1;0;0;0;0;0;1;0;0;-3,79297683000;-38,59385640000;mq_qgis
363691;7;10;2020;22:26;0;RUA PARANA;;;15;;Queda;;;;Meio de Quadra;;;0;1;0;0;0;0;0;0;0;1;0;0;-3,75775823000;-38,56865320000;mq_qgis
363692;7;10;2020;23:20;0;AV PRS CASTELO BRANCO;;;;;Queda;;;;Meio de Quadra;;;0;1;0;0;0;0;0;0;0;1;0;0;;;
363670;7;10;2020;15:27;0;RUA OLIVEIRA SOBRINHO;;;354;;Queda;Luz do Dia;;;Meio de Quadra;;;0;1;0;0;0;0;0;0;0;1;0;0;-3,78302325000;-38,58541970000;mq_qgis
362430;7;10;2020;22:39;0;AV JOR THOMAZ COELHO;;;2239;;ColisÃ£o Lateral;Luz do Dia;Bom;Seca;Meio de Quadra;NÃ£o HÃ¡ Controle;Comercial;1;0;1;0;0;0;0;0;0;1;0;0;-3,82800975000;-38,51572980000;mq_qgis
362482;7;10;2020;07:58;19436;AV AUGUSTO DOS ANJOS;RUA SEIXAS CORREIA;;0;;NÃ£o Informado;Luz do Dia;Bom;Seca;Cruz;SemÃ¡foro;Comercial;0;0;2;0;1;0;0;0;0;1;0;0;-3,77941200000;-38,57849600000;inter_match
362483;7;10;2020;10:17;9069;RUA LAURO MAIA;RUA GUILHERME MOREIRA;;;;NÃ£o Informado;Luz do Dia;Bom;Seca;Cruz;Pare;Residencial;0;0;2;1;0;0;0;0;0;0;0;0;-3,74967300000;-38,52239900000;inter_match
362484;7;10;2020;10:04;0;AV SGT HERMINIO SAMPAIO;;;1338;;ColisÃ£o Traseira;NÃ£o Informado;Bom;Seca;Meio de Quadra;NÃ£o HÃ¡ Controle;Comercial;0;1;1;0;1;0;0;0;0;1;0;0;-3,72493433300;-38,55266167000;mq_match
362485;7;10;2020;11:48;0;AV ABOLICAO;;;2667;;ColisÃ£o Lateral;Luz do Dia;Bom;Seca;Meio de Quadra;NÃ£o HÃ¡ Controle;Comercial;0;1;1;0;0;0;0;0;0;0;0;0;-3,72711400000;-38,49649000000;mq_match
362486;7;10;2020;12:20;9143;RUA JUVENAL DE CARVALHO;RUA DR JOSE VITOR;;0;;ColisÃ£o Transversal;Luz do Dia;Bom;Seca;Cruz;Pare;Comercial;0;0;1;1;0;0;0;0;0;0;0;0;-3,74755760000;-38,52505500000;inter_match
362487;7;10;2020;16:13;0;AV SEN FERNANDES TAVORA;;;2572;;Choque c/ ObstÃ¡culo Fixo;Luz do Dia;Bom;Seca;Meio de Quadra;NÃ£o HÃ¡ Controle;Residencial;0;1;0;0;0;0;0;0;0;1;0;0;-3,75541300000;-38,59670100000;mq_qgis
362488;7;10;2020;16:32;0;AV RUI BARBOSA;;;2728;;ColisÃ£o Traseira;Luz do Dia;Bom;Seca;Meio de Quadra;NÃ£o HÃ¡ Controle;Comercial;0;0;0;1;0;0;0;0;0;0;0;0;-3,74712560000;-38,51302370000;mq_qgis
362489;7;10;2020;19:24;0;RUA VALPARAISO;;;545;;ColisÃ£o Traseira;Via Iluminada;Bom;Seca;;;;0;0;2;1;1;0;0;0;0;0;0;0;-3,84455211000;-38,52534850000;mq_qgis
362490;7;10;2020;18:45;10777;RUA VITORIA (AV. PERIMETRAL);RUA PORTO ALEGRE;;;;ColisÃ£o Transversal;Via Iluminada;Bom;Seca;Cruz;Pare;Comercial;0;1;1;0;0;0;0;0;0;1;0;0;-3,76219300000;-38,58694700000;inter_match
362491;8;10;2020;08:10;0;RUA POMPILIO GOMES;RUA RUA MARIA ANALIA;;0;;ColisÃ£o Lateral;Luz do Dia;Bom;Seca;Meio de Quadra;SemÃ¡foro;Residencial;0;1;1;0;0;0;0;0;0;1;0;0;-3,82484000000;-38,58289000000;inter_gpsv
362492;8;10;2020;20:06;0;AV FRANCISCO SA;;;5438;;ColisÃ£o Traseira;Mal Iluminada;Bom;Seca;Meio de Quadra;NÃ£o HÃ¡ Controle;Comercial;0;0;2;1;0;0;0;0;0;1;0;0;-3,71215300000;-38,57270000000;mq_match
362442;8;10;2020;07:15;5067;RUA PDE MORORO;RUA SEN ALENCAR;;;;ColisÃ£o Transversal;Luz do Dia;Bom;Seca;Cruz;Pare;Residencial;0;1;1;1;0;0;0;0;0;0;0;0;-3,72216000000;-38,53647500000;inter_match
362244;8;10;2020;07:13;0;RD BR 116;;;;KM-05;ColisÃ£o Traseira;Luz do Dia;;Seca;Meio de Quadra;;;0;3;0;0;0;0;0;0;0;1;0;0;-3,79650200000;-38,50678700000;rod_match
362245;8;10;2020;07:35;0;RD BR 116;;;;KM-06;ColisÃ£o Traseira;Luz do Dia;;Seca;Meio de Quadra;;;0;1;2;1;0;0;0;0;0;1;0;0;-3,80469100000;-38,50305300000;rod_match
362247;8;10;2020;07:55;0;RD BR 222;;;;KM-03;Tombamento;Luz do Dia;;Seca;Meio de Quadra;;;0;0;2;0;1;0;0;0;0;1;0;0;-3,74030084800;-38,59594097000;rod_match
362260;8;10;2020;11:30;0;RD BR 222;;;;;Queda;Luz do Dia;;Seca;Meio de Quadra;;;0;1;0;0;0;0;0;0;0;1;0;0;;;
362531;8;10;2020;08:17;0;RUA ARTUR DE SOUZA;;;1250;;ColisÃ£o;Luz do Dia;Bom;Seca;Meio de Quadra;NÃ£o HÃ¡ Controle;Residencial;0;1;0;1;0;1;0;0;0;0;0;0;;;
362821;8;10;2020;13:45;19820;AV JOVITA FEITOSA;RUA GAL PIRAGIBE;;;;ColisÃ£o Transversal;Luz do Dia;Bom;Seca;Cruz;SemÃ¡foro;Residencial;0;0;2;1;0;0;0;0;0;0;0;0;-3,74004900000;-38,55748400000;inter_match
362438;8;10;2020;22:40;0;RUA JOSE ABILIO;;;865;;ColisÃ£o Lateral;Via Iluminada;Bom;Seca;;;;0;1;1;1;1;0;0;0;0;0;0;0;-3,78363300000;-38,59939300000;mq_gpsv
363695;8;10;2020;07:20;5060;RUA CASTRO E SILVA;AV IMPERADOR;;;;Atropelamento;Luz do Dia;;;Cruz;SemÃ¡foro;Comercial;0;1;0;1;0;0;0;0;0;0;0;0;-3,72201300000;-38,53291600000;inter_match
363696;8;10;2020;07:45;0;AV ABOLICAO;;;3949;;Atropelamento;Luz do Dia;;;Meio de Quadra;;;0;1;0;1;0;0;0;0;0;0;0;0;-3,72516500000;-38,48365300000;mq_match
363697;8;10;2020;07:56;0;AV FRANCISCO SA;;;5556;;ColisÃ£o;Luz do Dia;;;Meio de Quadra;;;0;2;0;0;0;0;0;0;0;0;0;0;-3,71204000000;-38,57293000000;mq_gpsv
363693;8;10;2020;05:00;0;TERM TERMINAL DO ANTONIO BEZERRA;;;;;ColisÃ£o;Amanhecer;;;Meio de Quadra;;;0;1;0;1;0;0;0;0;0;1;0;0;;;
363700;8;10;2020;08:43;0;AV PRS COSTA E SILVA;;;200;;Queda;Luz do Dia;;;Meio de Quadra;;;0;1;0;0;0;0;0;0;0;1;0;0;-3,83733000000;-38,55855000000;mq_gpsv
363701;8;10;2020;08:47;0;AV J CJ JOSE WALTER;;;;;ColisÃ£o;Luz do Dia;;;Meio de Quadra;;;0;1;0;1;0;0;0;0;0;1;0;0;;;