COD_ACIDENTE;DIA;MES;ANO;HORA;INTERSECAO;LOG1;LOG2;LOG3;NUMERO;REFERENCIA;NATUREZA;ILUMINACAO;TEMPO;SUPERFICIEPISTA;TIPOCRUZAMENTO;CONTROLETRAFEGO;USOSOLO;MORTOS;FERIDOS;ILESOS;AUTOMOVEL;ONIBUS;BICICLETA;CAMINHAO;MICROONIBUS;CICLOMOTOR;MOTOCICLETA;TRACAOANIMAL;TREM;LATITUDE;LONGITUDE;METODO
363702;8;10;2020;09:00;0;RUA MACHADO DE ASSIS;;;596;;Queda;Luz do Dia;;;Meio de Quadra;;;0;1;0;0;0;0;0;0;0;1;0;0;-3,75104072000;-38,54972800000;mq_qgis
363703;8;10;2020;09:49;0;RUA CAROLINA SUCUPIRA;;;165;;ColisÃ£o;Luz do Dia;;;Meio de Quadra;;;0;1;0;1;0;0;0;0;0;1;0;0;-3,74073200000;-38,50134700000;mq_qgis
363704;8;10;2020;10:03;0;AV JOR THOMAZ COELHO;;;;;ColisÃ£o;Luz do Dia;;;Meio de Quadra;;;0;1;0;0;0;0;0;0;0;0;0;0;;;
363705;8;10;2020;10:05;0;RUA MIGUEL GURGEL;;;;;ColisÃ£o;Luz do Dia;;;Meio de Quadra;;;0;1;0;1;0;0;0;0;0;1;0;0;;;
363706;8;10;2020;13:43;0;RUA COS ESTELITA;;;43;;ColisÃ£o;Luz do Dia;;;Meio de Quadra;;;0;1;0;1;0;0;0;0;0;1;0;0;-3,72134314000;-38,53856570000;mq_qgis
363707;8;10;2020;13:46;0;RUA MONTE PASCOAL;;;831;;ColisÃ£o;Luz do Dia;;;Meio de Quadra;;;0;1;0;1;0;1;0;0;0;0;0;0;-3,80645000000;-38,59617000000;mq_gpsv
363698;8;10;2020;08:38;0;RUA PRO JOSE HENRIQUE;;;951;;ColisÃ£o;Luz do Dia;;;Meio de Quadra;;;0;2;0;1;0;0;0;0;0;1;0;0;-3,83040000000;-38,48101000000;mq_gpsv
363709;8;10;2020;16:32;0;RUA PDE PEDRO DE ALENCAR;;;722;;ColisÃ£o;Luz do Dia;;;Meio de Quadra;;;0;1;0;1;0;0;0;0;0;1;0;0;-3,83430027000;-38,49409370000;mq_qgis
363710;8;10;2020;16:53;0;RUA LICURGO MONTENEGRO;;;;;ColisÃ£o;Luz do Dia;;;Meio de Quadra;;;0;1;0;1;0;0;0;0;0;1;0;0;;;
363714;8;10;2020;16:54;26246;RUA ANTONIO NERY;RUA JOSE ABILIO;;;;ColisÃ£o;Luz do Dia;;;Cruz;Pare;Residencial;0;1;0;1;0;0;0;0;0;1;0;0;-3,78301377400;-38,60155828600;inter_match
363722;8;10;2020;17:03;0;AV ENG LEAL LIMA VERDE (SAPIRANGA/COITE);;;375;;ColisÃ£o;Anoitecer;;;Meio de Quadra;;;0;1;0;1;0;0;0;0;0;1;0;0;-3,79108100000;-38,47609400000;mq_match
363723;8;10;2020;17:17;0;AV GAL OSORIO DE PAIVA;;;;;Queda;Anoitecer;;;Meio de Quadra;;;0;1;0;0;0;0;0;0;0;1;0;0;;;
363724;8;10;2020;17:17;0;AV DR THEBERGE;;;;;ColisÃ£o;Anoitecer;;;Meio de Quadra;;;0;1;0;1;0;0;0;0;0;1;0;0;;;
363725;8;10;2020;18:07;0;AV MIN JOSE AMERICO;;;;;Atropelamento;Anoitecer;;;Meio de Quadra;;;0;1;0;0;0;0;0;0;0;0;0;0;;;
363726;8;10;2020;18:14;0;RUA COS LAFAYETE;;;1010;;ColisÃ£o;Anoitecer;;;Meio de Quadra;;;0;1;0;0;0;0;0;0;0;0;0;0;-3,71757800000;-38,58718700000;mq_match
363727;8;10;2020;18:43;0;AV WASHINGTON SOARES;;;8590;;Atropelamento;;;;Meio de Quadra;;;0;1;0;0;0;0;0;0;0;1;0;0;-3,82631350000;-38,48176600000;mq_qgis
363728;8;10;2020;19:01;0;RUA DUAS NACOES;;;1359;;Queda;;;;Meio de Quadra;;;0;1;0;0;0;0;0;0;0;1;0;0;-3,78368000000;-38,60388000000;mq_gpsv
363729;8;10;2020;19:31;0;AV MR HULL;;;;;ColisÃ£o;;;;Meio de Quadra;;;0;3;0;0;0;0;0;0;0;1;0;0;;;
363734;8;10;2020;20:11;0;AV ROGACIANO LEITE;;;930;;ColisÃ£o;;;;Meio de Quadra;;;0;2;0;1;0;0;0;0;0;0;0;0;-3,76497749000;-38,49552760000;mq_qgis
363737;8;10;2020;22:12;0;RUA CON DE CASTRO;;;6007;;ColisÃ£o;;;;Meio de Quadra;;;0;1;0;1;0;0;0;0;0;1;0;0;-3,81532865200;-38,59933207000;mq_match
363892;9;10;2020;08:00;0;RUA JOAO BRIGIDO;;;2200;HIPER MERCADO SÃƒO JOSÃ‰;Atropelamento;Luz do Dia;;;Meio de Quadra;;;1;0;1;1;0;0;0;0;0;0;0;0;-3,73921892000;-38,52017270000;mq_qgis
363182;9;10;2020;23:43;0;RUA CON DE CASTRO;;;1320;;Atropelamento;;;;Meio de Quadra;;;1;1;0;0;0;0;0;0;0;1;0;0;-3,78341800000;-38,57196100000;fat_match
363173;9;10;2020;21:51;15117;AV HIS RAIMUNDO GIRAO;RUA MON BRUNO;;;;ColisÃ£o;;;;T;NÃ£o HÃ¡ Controle;Comercial;0;1;0;0;0;0;0;0;0;0;0;0;-3,72307600000;-38,50641500000;inter_match
363159;9;10;2020;20:26;0;AV SANTOS DUMONT;;;6400;;ColisÃ£o;;;;Meio de Quadra;;;0;0;2;0;0;0;0;0;0;0;0;0;-3,74368700000;-38,47523100000;mq_match
363153;9;10;2020;15:10;0;RUA ALCIDES GERARDO;;;71;;Queda;Luz do Dia;;;Meio de Quadra;;;0;1;0;0;0;0;0;0;0;1;0;0;-3,84616586000;-38,52567120000;mq_qgis
363154;9;10;2020;16:55;0;AV PRO JOSE ARTHUR CARVALHO;;;10;;ColisÃ£o;Luz do Dia;;;Meio de Quadra;;;0;1;1;0;0;0;0;0;0;1;0;0;-3,82459000000;-38,45840000000;mq_gpsv
363134;9;10;2020;13:45;0;RUA PEREIRA FILGUEIRAS;;;564;;Queda;Luz do Dia;;;Meio de Quadra;;;0;1;0;0;0;0;0;0;0;1;0;0;-3,72683222000;-38,51758970000;mq_qgis
363098;9;10;2020;12:11;11287;RUA GUILHERME V DA COSTA;RUA PAURILO BARROSO;;;;ColisÃ£o;Luz do Dia;;;;;;0;1;1;0;0;0;0;0;0;1;0;0;-3,79904000000;-38,56912000000;inter_gpsv
363095;9;10;2020;12:11;17212;TR GUILHERME ROCHA;RUA SAO FRANCISCO D71;;;;ColisÃ£o;Luz do Dia;;;;;;0;1;1;0;0;0;0;0;0;1;0;0;-3,83622000000;-38,52795000000;inter_gpsv
363087;9;10;2020;05:58;0;RUA VIS BARBACENA D61;;;2887;;ColisÃ£o;Amanhecer;;;Meio de Quadra;;;0;1;0;0;0;0;0;0;0;0;0;0;;;
363088;9;10;2020;06:58;0;AV ALBERTO NEPOMUCENO;;;339;;ColisÃ£o;Luz do Dia;;;Meio de Quadra;;;0;1;1;1;0;0;0;0;0;1;0;0;-3,72403500000;-38,52477500000;mq_match
363089;9;10;2020;08:32;9904;RUA JOAO GENTIL;ET DO JATOBA;;;;ColisÃ£o;Luz do Dia;;;T;;Residencial;0;1;1;1;0;0;0;0;0;1;0;0;-3,74503000000;-38,53919000000;inter_gpsv
363090;9;10;2020;10:11;0;RUA CON DE CASTRO;;;1357;;ColisÃ£o;Luz do Dia;;;Meio de Quadra;;;0;1;1;1;0;0;0;0;0;1;0;0;;;
363091;9;10;2020;10:25;0;RUA EQUADOR;;;;;Atropelamento;Luz do Dia;;;Meio de Quadra;;;0;1;1;0;0;0;0;0;0;1;0;0;;;
363092;9;10;2020;11:22;0;RUA LUIZA NOBRE;;;117;;ColisÃ£o;Luz do Dia;;;Meio de Quadra;;;0;1;1;1;0;1;0;0;0;0;0;0;-3,84385000000;-38,57911000000;mq_gpsv
363093;9;10;2020;11:46;0;RUA PAURILO BARROSO;;;115;;ColisÃ£o;Luz do Dia;;;Meio de Quadra;;;0;1;1;0;0;0;0;0;0;1;0;0;-3,79962802200;-38,56928480000;mq_match
363085;9;10;2020;01:56;0;AV DR SILAS MUNGUBA;;;3281;;Choque c/ ObstÃ¡culo Fixo;;;;Meio de Quadra;;;0;1;0;1;0;0;0;0;0;0;0;0;-3,78895342000;-38,54442150000;mq_qgis
362826;9;10;2020;13:33;4621;RUA CRISANTO M DA ROCHA;RUA WALDEMAR ALCANTARA;;;;ColisÃ£o Lateral;Luz do Dia;;;Cruz;Pare;Comercial;0;1;1;1;0;0;0;0;0;1;0;0;-3,79922300000;-38,48081300000;inter_match
362823;9;10;2020;23:20;0;AV PRO JOSE ARTHUR CARVALHO;;;;;ColisÃ£o Frontal;Mal Iluminada;Bom;Seca;Meio de Quadra;;;1;1;1;1;0;0;0;0;0;1;0;0;-3,82682500000;-38,47155100000;fat_match
362261;9;10;2020;20:10;0;RD BR 116;;;;KM-07;Tombamento;;;Seca;Meio de Quadra;;;0;2;0;0;0;0;0;0;0;1;0;0;-3,78627635900;-38,51156140000;rod_match
362493;9;10;2020;01:44;0;AV DES FAUSTINO ALBUQUERQUE;;;96;;ColisÃ£o Traseira;Via Iluminada;Bom;Seca;Meio de Quadra;;;0;0;1;0;0;0;0;0;0;0;0;0;-3,78057661000;-38,49792090000;mq_qgis
362494;9;10;2020;07:00;17338;RUA BAR SOBRAL;RUA ZACARIAS GONDIM;;;;ColisÃ£o Transversal;Luz do Dia;Bom;Seca;Cruz;Pare;Comercial;0;1;1;1;0;0;0;0;0;1;0;0;-3,76528000000;-38,55730700000;inter_match
362495;9;10;2020;13:20;10804;RUA PDE SA LEITAO;RUA FLORIANOPOLIS;;;;ColisÃ£o Transversal;Luz do Dia;Bom;Seca;Cruz;Pare;Residencial;0;1;1;1;0;0;0;0;0;1;0;0;-3,76345600000;-38,58221600000;inter_match
362496;9;10;2020;13:05;0;RUA PDE MORORO;;;0;;ColisÃ£o Transversal;Luz do Dia;Bom;Seca;Meio de Quadra;Pare;Comercial;0;1;1;1;0;0;0;0;0;1;0;0;;;
362497;9;10;2020;15:48;9207;RUA CEL PERGENTINO FERREIRA;RUA CAROLINO DE AQUINO;;;;ColisÃ£o Lateral;Luz do Dia;Bom;Seca;Cruz;Pare;Residencial;0;1;2;1;0;0;0;0;0;0;0;0;-3,74903400000;-38,52732300000;inter_match
362498;9;10;2020;16:26;23660;RUA BAR CRATO;RUA CHASTINET GUIMARAES;;0;;ColisÃ£o Lateral;Luz do Dia;Bom;Seca;Cruz;Pare;Comercial;0;1;2;1;0;0;0;0;0;1;0;0;-3,72290900000;-38,56585600000;inter_match
362499;9;10;2020;18:36;0;AV PONTES VIEIRA;;;267;;ColisÃ£o Traseira;Via Iluminada;Bom;Seca;Meio de Quadra;NÃ£o HÃ¡ Controle;Comercial;0;1;1;1;0;0;0;0;0;1;0;0;-3,75327200000;-38,51812700000;mq_match
362500;9;10;2020;19:31;24293;RUA JULIO ABREU;RUA DELMIRO GOUVEIA;;131;;ColisÃ£o Traseira;Via Iluminada;Bom;Seca;Cruz;Gesto;Comercial;0;0;3;1;0;0;0;0;0;0;0;0;-3,73590000000;-38,48807200000;inter_match
362501;9;10;2020;19:30;12501;AV JOSE BASTOS;RUA DIAMANTINA;;0;;Queda;Via Iluminada;Bom;Seca;T;SemÃ¡foro;Comercial;0;1;0;0;0;0;0;0;0;1;0;0;-3,76497800000;-38,56740200000;inter_match
362502;9;10;2020;19:10;0;AV JOVITA FEITOSA;;;554;;ColisÃ£o Traseira;Via Iluminada;Bom;Seca;Meio de Quadra;NÃ£o HÃ¡ Controle;Residencial;0;0;0;0;0;0;0;0;0;0;0;0;-3,73829700000;-38,54891900000;mq_match
362503;9;10;2020;19:00;0;AV PRS COSTA E SILVA;;;2527;;ColisÃ£o Lateral;Via Iluminada;Bom;Seca;Meio de Quadra;SemÃ¡foro;Comercial;0;1;2;1;0;0;0;0;0;1;0;0;-3,82057600000;-38,55947616000;mq_match
362504;9;10;2020;18:45;0;AV SGT HERMINIO SAMPAIO;;;709;;Atropelamento;Via Iluminada;Bom;Seca;Meio de Quadra;NÃ£o HÃ¡ Controle;Residencial;1;1;0;0;0;0;0;0;0;1;0;0;-3,72460200000;-38,54699100000;mq_match
362505;9;10;2020;21:07;0;RUA CON DE CASTRO;;;8751;;NÃ£o Informado;Via Iluminada;Bom;Seca;Meio de Quadra;NÃ£o HÃ¡ Controle;Residencial;0;0;3;1;1;0;0;0;0;0;0;0;-3,82176300000;-38,60436600000;mq_match
362506;9;10;2020;21:55;15277;AV SEN VIRGILIO TAVORA;AV ANTONIO JUSTA;;;;ColisÃ£o Transversal;Via Iluminada;Bom;Seca;Cruz;Gesto;Comercial;0;1;1;1;0;1;0;0;0;0;0;0;-3,72887500000;-38,49069200000;inter_match
362507;9;10;2020;20:20;0;AV JOSE JATAHY;;;1450;;Choque c/ ObstÃ¡culo Fixo;Mal Iluminada;Bom;Seca;Meio de Quadra;NÃ£o HÃ¡ Controle;Residencial;0;0;1;0;0;0;0;0;0;0;0;0;-3,73429493000;-38,54418020000;mq_qgis
362508;10;10;2020;09:22;0;RUA ALVES RIBEIRO;;;0;;ColisÃ£o Lateral;Luz do Dia;Bom;Seca;Meio de Quadra;NÃ£o HÃ¡ Controle;Comercial;0;1;2;1;0;0;0;0;0;0;0;0;;;
362509;10;10;2020;12:00;7265;AV ODILON GUIMARAES;RUA NENEN ARRUDA;;;;Engavetamento;Luz do Dia;Bom;Seca;Cruz;Pare;Comercial;0;1;2;1;0;0;0;0;0;1;0;0;-3,82150400000;-38,47654800000;inter_match
362510;10;10;2020;16:24;10721;RUA CURITIBA;RUA PRO MIRAMAR DA PONTE;;;;ColisÃ£o Transversal;Luz do Dia;Bom;Seca;Cruz;Pare;Residencial;0;0;2;0;0;0;0;0;0;1;0;0;-3,75958600000;-38,58462800000;inter_match
362511;10;10;2020;17:10;1754;RUA MAJ GERARDO MENDES;RUA JOSE BUSON;;;;ColisÃ£o Transversal;Anoitecer;Bom;Material Derrapante;Cruz;Pare;Residencial;0;1;4;1;0;0;0;0;0;0;0;0;-3,76391000000;-38,51364000000;inter_gpsv
362512;10;10;2020;17:40;21801;RUA DEP MATOSO FILHO;RUA GONCALO BEZERRA;;0;;ColisÃ£o Lateral;Anoitecer;Bom;Seca;Cruz;Pare;Comercial;0;1;2;1;0;0;0;0;0;1;0;0;-3,73014000000;-38,58525600000;inter_match
362513;10;10;2020;21:49;271;AV JOVITA FEITOSA;RUA AMADEU FURTADO;;;;NÃ£o Informado;Luz do Dia;Bom;Seca;Cruz;SemÃ¡foro;Comercial;0;1;1;1;0;0;0;0;0;1;0;0;-3,74117300000;-38,56291500000;inter_match
362514;10;10;2020;20:20;5397;AV DUQ CAXIAS;RUA ASSUNCAO;;;;ColisÃ£o Lateral;Via Iluminada;Bom;Seca;Cruz;SemÃ¡foro;Comercial;0;4;0;0;0;0;0;0;0;1;0;0;-3,73240500000;-38,52795200000;inter_match
362830;10;10;2020;16:20;5130;RUA CASTRO E SILVA;RUA FLORIANO PEIXOTO;;;;ColisÃ£o Lateral;Luz do Dia;Bom;Seca;Cruz;Pare;Comercial;0;1;1;1;0;0;0;0;0;1;0;0;-3,72427200000;-38,52611000000;inter_match
363183;10;10;2020;00:45;0;AV GAL MURILO BORGES;;;;;ColisÃ£o;;;;Meio de Quadra;;;0;1;0;0;0;0;0;0;0;0;0;0;;;
363186;10;10;2020;01:08;0;RUA OLIMPIO LEITE;;;259;;Queda;;;;Meio de Quadra;;;0;1;0;0;0;0;0;0;0;1;0;0;-3,81438034000;-38,48227140000;mq_qgis
363218;10;10;2020;12:17;10105;RUA MARIA JULIA;RUA GUSTAVO BARROSO;;;;ColisÃ£o;Luz do Dia;;;Cruz;Pare;Comercial;0;1;1;1;0;0;0;0;0;1;0;0;-3,78630700000;-38,59803100000;inter_match
363209;10;10;2020;09:58;17899;AV SGT HERMINIO SAMPAIO;RUA EVANDRO LUZ;;;;ColisÃ£o;Luz do Dia;;;T;NÃ£o HÃ¡ Controle;Comercial;0;1;1;1;0;0;0;0;0;1;0;0;-3,73084100000;-38,57754900000;inter_match
363210;10;10;2020;11:02;12030;AV BULEVAR I;RUA 212 CJ SAO CRISTOVAO;;;;ColisÃ£o;Luz do Dia;;;;;;0;1;1;1;0;0;0;0;0;0;0;0;-3,83362600000;-38,52362900000;inter_match
363211;10;10;2020;11:17;12648;RUA MARIA CLARA;RUA RIO ARAGUAIA;;;;ColisÃ£o;Luz do Dia;;;Cruz;Pare;Residencial;0;1;1;1;0;0;0;0;0;1;0;0;-3,72574100000;-38,58211900000;inter_match
363204;10;10;2020;03:23;0;AV FRANCISCO SA;;;1801;;ColisÃ£o;;;;Meio de Quadra;;;0;1;0;0;0;0;0;0;0;0;0;0;-3,72247650000;-38,54189591000;mq_match
363205;10;10;2020;09:57;0;AV JOSE TAVARES;;;270;;ColisÃ£o;Luz do Dia;;;Meio de Quadra;;;0;1;1;1;0;0;0;0;0;1;0;0;;;
363190;10;10;2020;01:56;0;RD BR 116;;;432;;ColisÃ£o;;;;Meio de Quadra;;;0;1;1;1;0;0;0;0;0;1;0;0;-3,76255400000;-38,51870200000;rod_match
363249;10;10;2020;20:27;0;AV SGT HERMINIO SAMPAIO;;;2006;;ColisÃ£o;;;;Meio de Quadra;;;0;1;1;0;0;0;0;0;0;1;0;0;-3,72609600000;-38,55875400000;mq_match
363250;10;10;2020;21:20;0;RUA MANOEL AGUIAR PONTES;;;1501;;ColisÃ£o;;;;Meio de Quadra;;;0;1;0;0;0;0;0;0;0;0;0;0;-3,80943000000;-38,51632000000;mq_gpsv
363252;10;10;2020;21:55;0;RUA SAO FRANCISCO D34;;;1661;;Queda;;;;Meio de Quadra;;;0;1;0;0;0;0;0;0;0;1;0;0;-3,80961300000;-38,62839900000;mq_gpsv
363253;10;10;2020;22:11;0;AV SGT HERMINIO SAMPAIO;;;3790;;ColisÃ£o;;;;Meio de Quadra;;;0;1;1;1;0;0;0;0;0;1;0;0;-3,72963600000;-38,57443700000;mq_qgis
363232;10;10;2020;15:48;23686;RUA COM GARCIA;RUA DOM HENRIQUE;;;;ColisÃ£o;Luz do Dia;;;Cruz;Pare;Comercial;0;1;1;1;0;0;0;0;0;1;0;0;-3,78929100000;-38,57966000000;inter_match
363233;10;10;2020;16:51;0;RUA VILA LOBOS;;;188;;Atropelamento;Luz do Dia;;;Meio de Quadra;;;0;1;1;1;0;0;0;0;0;0;0;0;-3,77297100000;-38,55498060000;mq_qgis
363234;10;10;2020;19:05;0;RUA NOSSA SRA APARECIDA;;;;;Atropelamento;;;;Meio de Quadra;;;0;1;1;1;0;0;0;0;0;0;0;0;;;
363235;10;10;2020;19:23;0;AV GAL OSORIO DE PAIVA;;;;;ColisÃ£o;;;;Meio de Quadra;;;0;1;1;0;0;0;0;0;0;1;0;0;;;
363236;10;10;2020;19:38;0;AV JOSE LEON;;;393;;Atropelamento;;;;Meio de Quadra;;;0;1;1;1;0;0;0;0;0;0;0;0;-3,78687000000;-38,51038000000;mq_gpsv
363230;10;10;2020;14:42;0;AV PRS COSTA E SILVA;;;1714;;ColisÃ£o;Luz do Dia;;;Meio de Quadra;;;0;1;1;1;0;0;0;0;0;1;0;0;-3,81717695000;-38,56628320000;mq_qgis
363227;10;10;2020;13:54;0;AV DR SILAS MUNGUBA;;;4500;;ColisÃ£o;Luz do Dia;;;Meio de Quadra;;;0;1;1;1;0;0;0;0;0;1;0;0;-3,79309000000;-38,53504300000;mq_match
363224;10;10;2020;13:25;11943;AV PRS COSTA E SILVA;RUA 111 CJ SAO CRISTOVAO;;;;Capotamento;Luz do Dia;;;;;;0;1;0;1;0;0;0;0;0;0;0;0;-3,82377000000;-38,54890000000;inter_gpsv
363225;10;10;2020;13:34;0;AV DEP PAULINO ROCHA;;;4585;;Queda;Luz do Dia;;;Meio de Quadra;;;0;1;0;0;0;0;0;0;0;1;0;0;;;
363222;10;10;2020;12:43;0;RUA SAO PAULO;;;1432;;ColisÃ£o;Luz do Dia;;;Meio de Quadra;;;0;1;1;1;0;0;0;0;0;1;0;0;-3,72228900000;-38,53885500000;mq_qgis
363213;10;10;2020;11:34;0;RUA ABELARDO MARINHO;;;160;;ColisÃ£o;Luz do Dia;;;Meio de Quadra;;;0;1;1;1;0;0;0;0;0;1;0;0;-3,76396583000;-38,53138960000;mq_qgis
363529;10;10;2020;20:17;0;AV JOAO PESSOA;;;6993;;Queda;;;;Meio de Quadra;;;0;1;0;0;0;0;0;0;0;1;0;0;-3,77124000000;-38,56138000000;mq_gpsv
363520;10;10;2020;23:56;0;RUA ANTONIO ARRUDA;;;55;;ColisÃ£o;;;;Meio de Quadra;;;0;1;1;0;0;0;0;0;0;1;0;0;-3,70875000000;-38,59066000000;mq_gpsv
363521;10;10;2020;22:57;0;RUA FRANCISCO GLICERIO;;;839;;ColisÃ£o;;;;Meio de Quadra;;;0;1;0;0;0;0;0;0;0;0;0;0;-3,79622100000;-38,56894300000;mq_match
363522;10;10;2020;22:40;0;AV BORGES DE MELO;;;1597;;Atropelamento;;;;Meio de Quadra;;;0;1;0;0;0;0;0;0;0;0;0;0;-3,75772000000;-38,53282000000;mq_gpsv
363890;10;10;2020;20:30;0;AV LINEU MACHADO;;;419;JOCKEY CLUBE;ColisÃ£o;;;;Meio de Quadra;;;1;0;1;1;0;0;0;0;0;0;0;0;-3,76471600000;-38,57625100000;mq_match
364736;10;10;2020;17:05;0;AV PRS COSTA E SILVA;;;3088;;Outros;Anoitecer;;;Meio de Quadra;;;0;0;2;1;0;0;0;0;0;0;0;0;-3,82216000000;-38,55510000000;mq_gpsv
364739;10;10;2020;02:35;0;AV NORTE SUL;;;367;;ColisÃ£o;;;;Meio de Quadra;;;0;0;2;1;0;0;0;0;1;0;0;0;-3,81353000000;-38,59177000000;mq_gpsv
364873;10;10;2020;13:25;0;AV PRS COSTA E SILVA;;;;;Tombamento;Luz do Dia;;;Meio de Quadra;;;0;1;0;0;0;0;0;0;0;0;0;0;;;
364892;11;10;2020;08:03;0;RUA CEL DIONISIO ALENCAR;;;;;ColisÃ£o;Luz do Dia;;;Meio de Quadra;;;0;0;1;0;0;0;0;0;0;0;0;0;;;
364897;11;10;2020;11:49;0;RUA MON CARNEIRO DA CUNHA;;;241;;ColisÃ£o;Luz do Dia;;;Meio de Quadra;;;0;1;1;0;0;0;0;0;0;0;0;0;-3,77815600000;-38,48373300000;mq_qgis
363497;11;10;2020;23:15;0;RUA PDE GUERRA;;;1788;;ColisÃ£o;;;;Meio de Quadra;;;0;1;1;1;0;0;0;0;0;0;0;0;-3,73942175000;-38,56016550000;mq_qgis
363498;11;10;2020;23:10;0;AV CARAPINIMA;;;2200;;ColisÃ£o;;;;Meio de Quadra;;;0;1;1;1;0;0;0;0;0;1;0;0;-3,73949950000;-38,53970750000;mq_match
363499;11;10;2020;21:45;0;RUA BOTELHO MAGALHAES;;;520;;ColisÃ£o;;;;Meio de Quadra;;;0;1;1;0;0;0;0;0;0;1;0;0;-3,80041886000;-38,49147840000;mq_qgis
363500;11;10;2020;21:20;0;RUA JOAO FIRMINO;;;196;;ColisÃ£o;;;;Meio de Quadra;;;0;1;1;1;0;0;0;0;0;1;0;0;-3,76076750000;-38,55250400000;mq_qgis
363501;11;10;2020;20:33;0;RUA JOSE AMAURY MOREIRA;;;109;;Queda;;;;Meio de Quadra;;;0;1;0;0;0;0;0;0;0;1;0;0;-3,79923000000;-38,50940000000;mq_gpsv
363502;11;10;2020;18:10;0;RUA ELCIAS LOPES;;;670;;ColisÃ£o;Anoitecer;;;Meio de Quadra;;;0;1;0;0;0;0;0;0;0;0;0;0;-3,77188000000;-38,55406000000;mq_gpsv
363503;11;10;2020;17:57;0;RUA ROCHA LIMA;;;90;;Queda;Anoitecer;;;Meio de Quadra;;;0;1;0;0;0;1;0;0;0;0;0;0;-3,73593000000;-38,52384000000;mq_gpsv
363504;11;10;2020;17:35;0;RUA CRUZEIRO DO SUL;;;337;;ColisÃ£o;Anoitecer;;;Meio de Quadra;;;0;1;1;0;0;0;0;0;0;1;0;0;-3,71373514000;-38,56083740000;mq_qgis
363505;11;10;2020;17:02;0;AV CONTORNO OESTE D71;;;18;;ColisÃ£o;Anoitecer;;;Meio de Quadra;;;0;1;1;1;0;0;0;0;0;1;0;0;-3,80918500000;-38,59209500000;mq_match
363506;11;10;2020;16:57;0;RUA ANTERO QUENTAL;;;8;;ColisÃ£o;Luz do Dia;;;Meio de Quadra;;;0;1;1;1;0;0;0;0;0;1;0;0;-3,85953000000;-38,49129000000;mq_gpsv
363507;11;10;2020;13:52;0;RUA DES GOMES PARENTE;;;1124;;Choque c/ ObstÃ¡culo Fixo;Luz do Dia;;;Meio de Quadra;;;0;1;0;1;0;0;0;0;0;0;0;0;-3,77277560000;-38,57979960000;mq_qgis
363508;11;10;2020;13:39;0;AV A CJ CEARA;;;855;;Queda;Luz do Dia;;;Meio de Quadra;;;0;1;0;0;0;0;0;0;0;1;0;0;-3,78397280000;-38,47516890000;mq_match
363509;11;10;2020;13:17;0;AV JOSE BASTOS;;;5191;;ColisÃ£o;Luz do Dia;;;Meio de Quadra;;;0;1;1;1;0;0;0;0;0;1;0;0;-3,76067000000;-38,56053000000;mq_gpsv
363510;11;10;2020;12:18;0;AV DIOGUINHO;;;2022;;Atropelamento;Luz do Dia;;;Meio de Quadra;;;0;1;1;1;0;0;0;0;0;0;0;0;-3,73436600000;-38,45728600000;mq_qgis
363512;11;10;2020;11:10;0;AV SEN FERNANDES TAVORA;;;;;ColisÃ£o;Luz do Dia;;;Meio de Quadra;;;0;1;1;1;0;1;0;0;0;0;0;0;;;
363513;11;10;2020;11:00;25154;RUA BENI DE CARVALHO;RUA VICENTE LEITE;;;;ColisÃ£o;Luz do Dia;;;Cruz;Pare;Residencial;0;1;1;1;0;0;0;0;0;1;0;0;-3,74503700000;-38,49796600000;inter_match
363514;11;10;2020;09:47;0;RUA JOSE VILAR;;;3267;;ColisÃ£o;Luz do Dia;;;Meio de Quadra;;;0;1;1;1;0;0;0;0;0;1;0;0;-3,75231700000;-38,51003000000;mq_qgis
363515;11;10;2020;09:09;0;AV GAL OSORIO DE PAIVA;;;;;Queda;Luz do Dia;;;Meio de Quadra;;;0;1;0;0;0;0;0;0;0;1;0;0;;;
363516;11;10;2020;08:21;0;AV ALM HENRIQUE SABOIA;;;4180;;ColisÃ£o;Luz do Dia;;;Meio de Quadra;;;0;1;1;1;0;0;0;0;0;1;0;0;-3,74723000000;-38,49219000000;mq_gpsv
363517;11;10;2020;02:37;0;AV MAE LISBOA;;;2089;;ColisÃ£o;;;;Meio de Quadra;;;0;1;0;0;0;0;0;0;0;0;0;0;-3,80756017700;-38,46087876500;mq_match
363518;11;10;2020;00:11;0;RUA ANTONIO ARRUDA;;;551;;ColisÃ£o;;;;Meio de Quadra;;;0;1;1;0;0;0;0;0;0;1;0;0;-3,71229400000;-38,59172100000;mq_qgis
363519;11;10;2020;00:03;0;AV CEL CARVALHO;;;;;Queda;;;;Meio de Quadra;;;0;1;0;0;0;0;0;0;0;1;0;0;;;
362832;11;10;2020;17:50;13371;AV ANTONIO SALES;RUA DNA LEOPOLDINA;;;;ColisÃ£o;Anoitecer;Bom;Seca;Cruz;DÃª PreferÃªncia;Comercial;0;1;1;0;0;1;0;0;0;0;0;0;-3,73919700000;-38,52238600000;inter_match
362833;11;10;2020;10:50;0;AV LINEU MACHADO;;;436;;Choque c/ ObstÃ¡culo Fixo;Luz do Dia;Bom;Seca;Meio de Quadra;NÃ£o HÃ¡ Controle;Comercial;0;0;1;0;0;0;0;0;0;0;0;0;-3,76425800000;-38,57604000000;mq_match