COD_ACIDENTE;DIA;MES;ANO;HORA;INTERSECAO;LOG1;LOG2;LOG3;NUMERO;REFERENCIA;NATUREZA;ILUMINACAO;TEMPO;SUPERFICIEPISTA;TIPOCRUZAMENTO;CONTROLETRAFEGO;USOSOLO;MORTOS;FERIDOS;ILESOS;AUTOMOVEL;ONIBUS;BICICLETA;CAMINHAO;MICROONIBUS;CICLOMOTOR;MOTOCICLETA;TRACAOANIMAL;TREM;LATITUDE;LONGITUDE;METODO
362515;11;10;2020;10:56;15100;AV HIS RAIMUNDO GIRAO;RUA JOAO CORDEIRO;;;;Atropelamento;Luz do Dia;Bom;Seca;Cruz;SemÃ¡foro;Comercial;0;1;1;1;0;0;0;0;0;0;0;0;-3,72083500000;-38,51163000000;inter_match
362516;11;10;2020;12:15;15852;RUA BAR AQUIRAZ;RUA GURGEL DO AMARAL;;0;;ColisÃ£o Transversal;Luz do Dia;Bom;Seca;Cruz;SemÃ¡foro;Comercial;0;1;1;1;0;0;0;0;0;1;0;0;-3,83378000000;-38,48991000000;inter_gpsv
362517;11;10;2020;12:40;2755;RUA CEL VIRGILIO NOGUEIRA (BOM JARDIM);RUA BOM JESUS (GRANJA LISBOA);;0;;NÃ£o Informado;Luz do Dia;Bom;Seca;Cruz;SemÃ¡foro;Comercial;0;0;3;1;1;0;0;0;0;0;0;0;-3,79165800000;-38,60972400000;inter_match
362518;11;10;2020;18:45;0;RUA DAS PITANGUEIRAS;RUA MON AGOSTINHO;;0;;NÃ£o Informado;Anoitecer;Bom;Seca;Meio de Quadra;Pare;Residencial;0;1;1;0;0;0;0;0;1;0;0;0;-3,79081000000;-38,58533000000;inter_gpsv
362519;11;10;2020;20:40;579;AV FRANCISCO SA;RUA CRUZEIRO DO SUL;;;;ColisÃ£o Transversal;Via Iluminada;Bom;Seca;Meio de Quadra;NÃ£o HÃ¡ Controle;Escola;0;0;2;1;0;0;0;0;0;0;0;0;-3,71549900000;-38,56303400000;inter_match
362520;11;10;2020;21:52;17245;RUA JOAO FIRMINO;RUA EUGENIO GADELHA;;;;ColisÃ£o Transversal;Via Iluminada;Bom;Seca;Meio de Quadra;SemÃ¡foro;Comercial;0;1;1;1;0;0;0;0;0;1;0;0;-3,76066000000;-38,55243000000;inter_gpsv
362521;11;10;2020;01:29;11285;RUA FRANCISCO GLICERIO;RUA CARLOS STUDART;;;;ColisÃ£o Transversal;Via Iluminada;Bom;Seca;Cruz;Pare;Comercial;0;0;1;0;1;0;0;0;0;0;0;0;-3,79623400000;-38,56890000000;inter_match
362262;12;10;2020;12:20;0;RD BR 222;;;;;ColisÃ£o Transversal;Luz do Dia;;Seca;Meio de Quadra;;;0;1;1;1;0;1;0;0;0;0;0;0;;;
362266;12;10;2020;18:13;0;RD BR 020;;;;KM 427;ColisÃ£o Traseira;Anoitecer;;Seca;Meio de Quadra;;;0;1;1;1;0;0;0;0;0;1;0;0;-3,86600000000;-38,51500000000;rod_match
362835;12;10;2020;20:00;10798;RUA PORTO VELHO;RUA STA FILOMENA;;;;Tombamento;Via Iluminada;Bom;Seca;Cruz;NÃ£o HÃ¡ Controle;Residencial;0;0;2;1;0;0;0;0;0;1;0;0;-3,76321700000;-38,59216500000;inter_match
363472;12;10;2020;23:40;0;RUA PRO EDGAR DE ARRUDA;;;1967;;ColisÃ£o;;;;Meio de Quadra;;;0;1;1;0;0;0;0;0;0;1;0;0;-3,75446768000;-38,59180750000;mq_qgis
363473;12;10;2020;22:49;0;AV GODOFREDO MACIEL;;;6240;;Queda;;;;Meio de Quadra;;;0;1;0;0;0;0;0;0;0;1;0;0;-3,83036700000;-38,58075586000;mq_match
363474;12;10;2020;22:24;55;RUA CEL JOAQUIM FRANKLIN;RUA SALGADO FILHO;;;;ColisÃ£o;;;;Cruz;Pare;Residencial;0;1;0;0;0;0;0;0;0;0;0;0;-3,74348600000;-38,59486800000;inter_match
363476;12;10;2020;21:40;0;AV FRE CIRILO;;;4290;;ColisÃ£o;;;;Meio de Quadra;;;0;0;1;1;0;0;0;0;0;1;0;0;-3,82081900000;-38,49588800000;mq_qgis
363479;12;10;2020;20:49;0;RUA DR JOSE LOURENCO;;;1550;;ColisÃ£o;;;;Meio de Quadra;;;0;1;1;0;0;0;0;0;0;1;0;0;-3,73721100000;-38,50861900000;mq_match
363480;12;10;2020;20:35;0;RUA SGT JOAO PINHEIRO;;;1770;;ColisÃ£o;;;;Meio de Quadra;;;0;1;0;0;0;0;0;0;0;0;0;0;-3,78764700000;-38,62413700000;mq_qgis
363481;12;10;2020;19:48;0;RUA VIS ICO D20;;;671;;ColisÃ£o;;;;Meio de Quadra;;;0;1;0;0;0;0;0;0;0;0;0;0;-3,72127967000;-38,56399160000;mq_qgis
363482;12;10;2020;18:56;0;RUA AMANCIO PEREIRA;;;905;;Queda;;;;Meio de Quadra;;;0;1;0;0;0;0;0;0;0;1;0;0;-3,81679000000;-38,52341050000;mq_qgis
363483;12;10;2020;18:53;0;RUA RIO GRANDE DO SUL;;;246;;Atropelamento;;;;Meio de Quadra;;;0;1;1;0;0;1;0;0;0;0;0;0;-3,75151115000;-38,56273940000;mq_qgis
363484;12;10;2020;17:57;0;RUA URUCUTUBA;;;2046;;ColisÃ£o;Anoitecer;;;Meio de Quadra;;;0;1;0;0;0;0;0;0;0;0;0;0;-3,79862850000;-38,61521900000;mq_qgis
363485;12;10;2020;17:46;6756;AV ANTONIO SALES;AV ENG SANTANA JUNIOR;;;;ColisÃ£o;Anoitecer;;;T;DÃª PreferÃªncia;Comercial;0;1;1;1;0;0;0;0;0;1;0;0;-3,74925700000;-38,49003900000;inter_match
363486;12;10;2020;16:17;11990;AV CASTELO DE CASTRO;RUA 202 CJ SAO CRISTOVAO;;;;ColisÃ£o;Luz do Dia;;;;;;0;1;1;1;0;0;0;0;0;1;0;0;-3,83222300000;-38,52153300000;inter_match
363487;12;10;2020;14:37;0;AV MR HULL;;;5498;;ColisÃ£o;Luz do Dia;;;Meio de Quadra;;;0;1;1;1;0;0;0;0;0;0;0;0;-3,73993650000;-38,59343750000;mq_match
363488;12;10;2020;14:09;0;RUA PDE PEDRO DE ALENCAR;;;1778;;ColisÃ£o;Luz do Dia;;;Meio de Quadra;;;0;1;1;1;0;0;0;0;0;1;0;0;-3,84380500000;-38,49438200000;mq_match
363489;12;10;2020;13:03;0;RUA PORTO VELHO;;;70;;Queda;Luz do Dia;;;Meio de Quadra;;;0;1;0;0;0;0;0;0;0;1;0;0;;;
363490;12;10;2020;12:01;0;AV SEN FERNANDES TAVORA;;;;;Queda;Luz do Dia;;;Meio de Quadra;;;0;1;0;0;0;0;0;0;0;1;0;0;;;
363491;12;10;2020;10:53;0;AV WASHINGTON LUIS;;;1133;;ColisÃ£o;Luz do Dia;;;Meio de Quadra;;;0;1;1;1;0;0;0;0;0;1;0;0;;;
363492;12;10;2020;10:42;0;RUA CATOLE;;;2530;;ColisÃ£o;Luz do Dia;;;Meio de Quadra;;;0;1;1;0;0;0;0;0;0;1;0;0;-3,85209800000;-38,52178500000;mq_qgis
363493;12;10;2020;10:21;0;AV L CJ CEARA;;;;;ColisÃ£o;Luz do Dia;;;Meio de Quadra;;;0;1;1;1;0;0;0;0;0;1;0;0;;;
363494;12;10;2020;10:02;0;AV PERIMETRAL;;;3000;;ColisÃ£o;Luz do Dia;;;Meio de Quadra;;;0;1;1;1;0;0;0;0;0;1;0;0;-3,82885400000;-38,52197300000;mq_match
363495;12;10;2020;04:02;0;AV PRO JOSE ARTHUR CARVALHO;;;1220;;Queda;;;;Meio de Quadra;;;0;1;0;0;0;0;0;0;0;1;0;0;-3,82697850000;-38,47034100000;mq_match
363496;12;10;2020;00:17;0;RUA FRANCISCO GLICERIO;;;2170;;Queda;;;;Meio de Quadra;;;0;1;0;0;0;0;0;0;0;1;0;0;-3,79459023000;-38,58102450000;mq_qgis
364741;12;10;2020;21:30;0;RUA PORTO ALEGRE;;;;;ColisÃ£o;;;;Meio de Quadra;;;0;0;2;1;0;0;0;0;0;1;0;0;;;
364752;12;10;2020;12:50;0;AV OLIVEIRA PAIVA;;;;;ColisÃ£o;Luz do Dia;;;Meio de Quadra;;;0;0;2;0;0;0;0;0;0;0;0;0;;;
364753;13;10;2020;04:10;0;RUA JOAO CARVALHO;;;45;;ColisÃ£o;;;;Meio de Quadra;;;0;0;1;1;0;0;0;0;0;0;0;0;-3,73605685000;-38,51242150000;mq_qgis
364754;13;10;2020;16:00;0;RUA OSCAR FRANCA;;;290;;ColisÃ£o;Luz do Dia;;;Meio de Quadra;;;0;0;1;0;0;0;0;0;0;0;0;0;-3,79352773000;-38,59470060000;mq_qgis
363469;13;10;2020;06:54;0;RD QUARTO ANEL VIARIO;;;;;ColisÃ£o;Luz do Dia;;;Meio de Quadra;;;0;1;1;0;0;0;0;0;0;1;0;0;;;
363449;13;10;2020;17:59;0;RUA PRO GOMES BRASIL;;;;;ColisÃ£o;Anoitecer;;;Meio de Quadra;;;0;1;1;0;0;0;0;0;0;1;0;0;;;
363446;13;10;2020;18:24;0;AV ANTONIO SALES;;;;;Queda;Anoitecer;;;Meio de Quadra;;;0;1;0;0;0;0;0;0;0;1;0;0;;;
363447;13;10;2020;18:08;0;AV WENEFRIDO MELO;;;224;;ColisÃ£o;Anoitecer;;;Meio de Quadra;;;0;1;1;1;0;0;0;0;0;1;0;0;-3,80933202000;-38,57738550000;mq_qgis
363467;13;10;2020;07:05;0;AV PRS CASTELO BRANCO;;;865;;ColisÃ£o;Luz do Dia;;;Meio de Quadra;;;0;1;1;1;0;0;0;0;0;1;0;0;-3,71986000000;-38,53140000000;mq_gpsv
363471;13;10;2020;06:37;0;ROD CE 010;;;;;Queda;Luz do Dia;;;Meio de Quadra;;;0;1;0;0;0;1;0;0;0;0;0;0;;;
362837;13;10;2020;19:20;0;AV JOSE BASTOS;;;3000;;ColisÃ£o Lateral;Via Iluminada;Bom;Seca;Meio de Quadra;;;0;1;1;0;0;0;0;0;0;1;0;0;-3,74685500000;-38,54729550000;mq_qgis
363441;13;10;2020;21:29;10798;RUA PORTO VELHO;RUA STA FILOMENA;;;;ColisÃ£o;;;;Cruz;NÃ£o HÃ¡ Controle;Residencial;0;1;0;0;0;0;0;0;0;0;0;0;-3,76321700000;-38,59216500000;inter_match
363443;13;10;2020;20:51;0;AV PRS COSTA E SILVA;;;2615;;ColisÃ£o;;;;Meio de Quadra;;;0;1;0;0;0;0;0;0;0;0;0;0;-3,82088400000;-38,55883131000;mq_match
363444;13;10;2020;18:50;0;RUA FRE CANECA;;;800;;Atropelamento;;;;Meio de Quadra;;;0;1;1;1;0;0;0;0;0;0;0;0;;;
363453;13;10;2020;17:01;0;AV DUQ CAXIAS;;;430;;ColisÃ£o;Anoitecer;;;Meio de Quadra;;;0;1;1;1;0;0;0;0;0;1;0;0;-3,73225200000;-38,52846200000;mq_match
363454;13;10;2020;15:49;0;AV HERACLITO GRACA;;;1117;;ColisÃ£o;Luz do Dia;;;Meio de Quadra;;;0;1;1;1;0;1;0;0;0;0;0;0;-3,73660700000;-38,51489980000;mq_qgis
363455;13;10;2020;15:35;0;AV LAURO VIEIRA CHAVES;;;1076;;Queda;Luz do Dia;;;Meio de Quadra;;;0;1;0;0;0;0;0;0;0;1;0;0;-3,77201250000;-38,53686700000;mq_qgis
363456;13;10;2020;13:48;0;RUA ALUISIO AZEVEDO;;;619;;ColisÃ£o;Luz do Dia;;;Meio de Quadra;;;0;1;0;0;0;0;0;0;0;0;0;0;-3,77062163000;-38,57837920000;mq_qgis
363457;13;10;2020;11:11;0;RUA CON DE CASTRO;;;7284;;Atropelamento;Luz do Dia;;;Meio de Quadra;;;0;1;1;0;0;0;0;0;0;1;0;0;-3,81747763000;-38,60093650000;mq_qgis
363458;13;10;2020;09:34;0;AV PASTEUR;;;908;;ColisÃ£o;Luz do Dia;;;Meio de Quadra;;;0;1;1;1;0;0;0;0;0;1;0;0;-3,71390500000;-38,55974200000;mq_qgis
363459;13;10;2020;09:28;24990;AV PRS COSTA E SILVA;AV PRS JUSCELINO KUBITSCHEK (PASSARÃ‰);;;;ColisÃ£o;Luz do Dia;;;T;SemÃ¡foro;Comercial;0;1;1;1;0;0;0;0;0;1;0;0;-3,82564800000;-38,53951600000;inter_match
363460;13;10;2020;08:24;9111;AV EDUARDO GIRAO;RUA DEP OSWALDO STUDART;;;;ColisÃ£o;Luz do Dia;;;Cruz;SemÃ¡foro Intermitente;Comercial;0;1;1;0;0;0;0;0;0;1;0;0;-3,75540350000;-38,52970000000;inter_match
363461;13;10;2020;08:14;0;AV PRS CASTELO BRANCO;;;2396;;ColisÃ£o;Luz do Dia;;;Meio de Quadra;;;0;1;1;1;0;0;0;0;0;1;0;0;-3,71350274000;-38,54929330000;mq_qgis
362267;13;10;2020;07:00;0;RD BR 020;;;;KM 428;Queda;Luz do Dia;;Seca;Meio de Quadra;;;0;1;0;0;0;0;0;0;0;1;0;0;-3,86900000000;-38,50700000000;rod_match
362522;13;10;2020;08:54;0;AV FRANCISCO SA;;;4393;;ColisÃ£o;Luz do Dia;Bom;Seca;;;;0;0;2;0;0;0;0;0;0;1;0;0;-3,71518000000;-38,56395100000;mq_match
362523;13;10;2020;09:09;0;AV DR SILAS MUNGUBA;;;590;;NÃ£o Informado;Luz do Dia;Bom;Seca;Meio de Quadra;NÃ£o HÃ¡ Controle;Comercial;0;0;1;0;1;0;0;0;0;0;0;0;-3,77970149000;-38,56023350000;mq_qgis
362524;13;10;2020;10:57;1222;RUA ANTONIO AUGUSTO;RUA COSTA BARROS;;;;ColisÃ£o Transversal;Luz do Dia;Bom;Seca;Cruz;Pare;Residencial;0;1;1;0;0;0;0;0;0;1;0;0;-3,72978300000;-38,51328800000;inter_match
362525;13;10;2020;10:00;20027;AV HEROIS DO ACRE;AV PRUDENTE BRASIL;;0;;ColisÃ£o Transversal;Luz do Dia;Bom;Seca;Cruz;SemÃ¡foro;Residencial;0;0;3;1;0;0;0;0;0;0;0;0;-3,80313500000;-38,53219600000;inter_match
362526;13;10;2020;13:01;5675;RUA CHICO LEMOS;RUA ALICE;;;;ColisÃ£o Transversal;Luz do Dia;Bom;Seca;Cruz;Pare;Residencial;0;2;0;1;0;0;0;0;0;1;0;0;-3,79002600000;-38,49972600000;inter_match
362527;13;10;2020;12:15;25154;RUA BENI DE CARVALHO;RUA VICENTE LEITE;;;;ColisÃ£o Transversal;Luz do Dia;Bom;Seca;Cruz;Pare;Residencial;0;1;1;1;0;0;0;0;0;1;0;0;-3,74503700000;-38,49796600000;inter_match
362528;13;10;2020;16:00;25038;RUA PDE PEDRO DE ALENCAR;RUA JOSE HIPOLITO;;0;;ColisÃ£o Lateral;Luz do Dia;Bom;Seca;Cruz;SemÃ¡foro;Comercial;0;0;2;0;1;0;0;0;0;0;0;0;-3,83272800000;-38,49369000000;inter_match
362529;13;10;2020;15:40;0;AV PRS COSTA E SILVA;;;0;UPA (JOSE WALTER);ColisÃ£o Traseira;Luz do Dia;Bom;Seca;Meio de Quadra;SemÃ¡foro;Residencial;0;1;1;1;0;0;0;0;0;1;0;0;-3,81576060000;-38,56845500000;mq_match
362530;14;10;2020;07:41;23791;RUA RAIMUNDO NERY;RUA COSTA FREIRE;;;;ColisÃ£o Transversal;Luz do Dia;Bom;Seca;Cruz;Pare;Residencial;0;1;1;1;0;0;0;0;0;1;0;0;-3,79414400000;-38,58642300000;inter_match
362270;14;10;2020;10:00;0;RD BR 116;;;;KM-09;Atropelamento;Luz do Dia;;Seca;Meio de Quadra;;;0;1;1;0;0;0;0;0;0;0;0;0;-3,83083700000;-38,50486500000;rod_match
362532;14;10;2020;07:20;0;AV JOR THOMAZ COELHO;;;55;;NÃ£o Informado;Luz do Dia;Bom;Seca;Meio de Quadra;NÃ£o HÃ¡ Controle;Comercial;0;1;2;1;0;0;0;0;0;0;0;0;-3,83184500000;-38,49580000000;mq_match
362533;14;10;2020;09:40;0;RUA JULIO ABREU;RUA DELMIRO FARIAS;;0;;ColisÃ£o Lateral;Luz do Dia;Bom;Seca;Cruz;Pare;Comercial;0;0;2;1;0;0;0;0;0;0;0;0;-3,74952000000;-38,54838000000;inter_gpsv
362534;14;10;2020;08:47;7771;RUA SILVA PAULET;RUA TOMAS ACIOLI;;0;;ColisÃ£o Transversal;Luz do Dia;Bom;Seca;Cruz;Pare;Residencial;0;1;2;0;0;0;0;0;0;1;0;0;-3,74515100000;-38,50889000000;inter_match
362535;14;10;2020;07:44;0;AV DOMINGOS OLIMPIO;AV VIS RIO BRANCO;;0;;ColisÃ£o Transversal;Luz do Dia;Bom;Seca;Cruz;SemÃ¡foro;Comercial;0;1;1;0;0;0;0;1;0;1;0;0;-3,73857400000;-38,52358900000;inter_match
362536;14;10;2020;16:10;0;AV PRS JUSCELINO KUBITSCHEK (PASSARÃ‰);;;0;;ColisÃ£o Lateral;Luz do Dia;Bom;Seca;RotatÃ³ria;NÃ£o HÃ¡ Controle;Lazer;0;0;2;1;0;0;0;0;0;0;0;0;;;
362537;14;10;2020;15:40;0;AV OLIVEIRA PAIVA;;;1937;;ColisÃ£o Lateral;Luz do Dia;Bom;Seca;Meio de Quadra;SemÃ¡foro;Comercial;0;0;2;0;0;0;0;0;0;1;0;0;-3,79610800000;-38,48893000000;mq_qgis
362538;14;10;2020;13:30;0;AV BERNARDO MANUEL;;;9299;;ColisÃ£o Lateral;Luz do Dia;Bom;Seca;Meio de Quadra;NÃ£o HÃ¡ Controle;Residencial;0;0;3;0;1;0;0;0;0;0;0;0;-3,82946000000;-38,56044000000;mq_gpsv
362539;14;10;2020;18:56;15975;AV GODOFREDO MACIEL;RUA CEL MANUEL ALBANO;;;;ColisÃ£o;Via Iluminada;Bom;Seca;Cruz;Pare;Comercial;0;1;1;1;0;0;0;0;0;1;0;0;-3,80564400000;-38,57278000000;inter_match
362540;14;10;2020;20:50;0;AV DR SILAS MUNGUBA;RUA 06 UI;;0;;ColisÃ£o Transversal;Via Iluminada;Bom;Seca;Meio de Quadra;SemÃ¡foro;Comercial;0;2;0;1;0;0;0;0;0;1;0;0;-3,78045000000;-38,55894000000;inter_gpsv
362541;14;10;2020;23:50;0;RUA DR JUSTA ARAUJO D45;;;796;;ColisÃ£o Lateral;Via Iluminada;Bom;Seca;Meio de Quadra;Pare;Residencial;1;1;1;0;1;0;0;0;0;1;0;0;-3,78240100000;-38,55253890000;mq_qgis
363422;14;10;2020;10:51;12520;AV AUGUSTO DOS ANJOS;RUA ALUISIO AZEVEDO;;;;ColisÃ£o;Luz do Dia;;;Duplo T;SemÃ¡foro;Comercial;0;1;1;1;0;0;0;0;0;1;0;0;-3,77339000000;-38,57316140000;inter_match
363423;14;10;2020;09:57;0;RUA CON DE CASTRO;;;4359;;Atropelamento;Luz do Dia;;;Meio de Quadra;;;0;1;1;0;0;0;0;0;0;1;0;0;-3,80347037000;-38,59057300000;mq_match
363438;14;10;2020;06:16;0;AV DEP PAULINO ROCHA;;;1380;;Atropelamento;Luz do Dia;;;Meio de Quadra;;;0;1;1;0;0;0;0;0;0;1;0;0;-3,81063281000;-38,50965682000;mq_match
363439;14;10;2020;05:57;22055;AV CARAPINIMA;RUA PDE CICERO;;;;Queda;Amanhecer;;;;;;0;1;0;0;0;0;0;0;0;1;0;0;-3,70352000000;-38,57245000000;inter_gpsv
363405;14;10;2020;17:26;0;AV BEIRA MAR;;;1140;;Queda;Anoitecer;;;Meio de Quadra;;;0;1;0;0;0;0;0;0;0;1;0;0;-3,72065350000;-38,51040050000;mq_qgis
363407;14;10;2020;16:31;0;RUA STA MARIA GORETE;;;124;;ColisÃ£o;Luz do Dia;;;Meio de Quadra;;;0;1;1;0;0;0;0;0;0;1;0;0;-3,72444800000;-38,60205800000;mq_qgis
363418;14;10;2020;13:47;0;AV PRS CASTELO BRANCO;;;3432;;ColisÃ£o;Luz do Dia;;;Meio de Quadra;;;0;1;1;1;0;0;0;0;0;1;0;0;-3,71026173000;-38,56196880000;mq_qgis
363419;14;10;2020;12:21;0;AV GENIBAU;;;107;;Atropelamento;Luz do Dia;;;Meio de Quadra;;;0;1;1;0;0;0;0;0;0;1;0;0;-3,76181073000;-38,59527810000;mq_qgis
363420;14;10;2020;11:21;423;AV LIBERDADE;RUA CAETANO SILVA (A. NUNES);;;;ColisÃ£o;Luz do Dia;;;;;;0;1;1;1;0;0;0;0;0;1;0;0;-3,74908000000;-38,59894300000;inter_match
363425;14;10;2020;08:36;0;AV GODOFREDO PIMENTEL;;;709;;ColisÃ£o;Luz do Dia;;;Meio de Quadra;;;0;1;1;1;0;0;0;0;0;1;0;0;-3,73221000000;-38,58897000000;mq_gpsv
363426;14;10;2020;08:17;0;AV DOM LUIS;;;120;;ColisÃ£o;Luz do Dia;;;Meio de Quadra;;;0;1;1;1;0;0;0;0;0;1;0;0;-3,73212190000;-38,50074100000;mq_match
363427;14;10;2020;08:03;24293;RUA JULIO ABREU;RUA DELMIRO GOUVEIA;;;;ColisÃ£o;Luz do Dia;;;Cruz;Gesto;Comercial;0;1;1;1;0;0;0;0;0;1;0;0;-3,73590000000;-38,48807200000;inter_match
363428;14;10;2020;08:00;0;RUA BAR RIO BRANCO;;;1998;;ColisÃ£o;Luz do Dia;;;Meio de Quadra;;;0;1;1;1;1;0;0;0;0;0;0;0;-3,73597060000;-38,53129800000;mq_qgis
363429;14;10;2020;07:58;7771;RUA TOMAS ACIOLI;RUA SILVA PAULET;;;;ColisÃ£o;Luz do Dia;;;Cruz;Pare;Residencial;0;1;1;1;0;0;0;0;0;1;0;0;-3,74515100000;-38,50889000000;inter_match
363430;14;10;2020;07:13;0;AV GODOFREDO MACIEL;;;5923;;Queda;Luz do Dia;;;Meio de Quadra;;;0;1;0;0;0;0;0;0;0;1;0;0;-3,82652785700;-38,57951771000;mq_match
363432;14;10;2020;06:30;0;AV JOVITA FEITOSA;;;72;;ColisÃ£o;Luz do Dia;;;Meio de Quadra;;;0;1;1;1;0;0;0;0;0;1;0;0;-3,73741877800;-38,54465778000;mq_match
363433;14;10;2020;06:20;0;RD DR MENDEL STEINBRUCH;;;;;ColisÃ£o;Luz do Dia;;;Meio de Quadra;;;0;1;1;1;0;0;0;0;0;1;0;0;;;
363391;14;10;2020;22:58;0;RUA DR JUSTA ARAUJO D45;;;796;;Atropelamento;;;;Meio de Quadra;;;0;1;1;0;1;0;0;0;0;0;0;0;-3,78240100000;-38,55253890000;mq_qgis
363392;14;10;2020;21:53;0;AV DOM MANUEL;;;;;Atropelamento;;;;Meio de Quadra;;;0;1;1;1;0;0;0;0;0;0;0;0;;;
363393;14;10;2020;21:42;0;RUA ARI CAVALCANTE;;;219;;ColisÃ£o;;;;Meio de Quadra;;;0;1;0;0;0;0;0;0;0;0;0;0;-3,70957000000;-38,57576000000;mq_gpsv
363398;14;10;2020;18:51;0;AV BEIRA MAR;;;;;ColisÃ£o;;;;Meio de Quadra;;;0;1;0;0;0;0;0;0;0;0;0;0;;;
363399;14;10;2020;18:43;0;RUA DES CARVALHO LIMA D56;;;;;ColisÃ£o;;;;Meio de Quadra;;;0;1;1;1;0;0;0;0;0;1;0;0;;;
363400;14;10;2020;18:08;0;AV D CJ JOSE WALTER;;;440;;Queda;Anoitecer;;;Meio de Quadra;;;0;1;0;0;0;0;0;0;0;1;0;0;-3,83123740000;-38,55686770000;mq_match
363401;14;10;2020;18:03;14440;RUA ALVARO MENDES;AV SGT HERMINIO SAMPAIO;;;;ColisÃ£o;Anoitecer;;;;;;0;1;1;1;0;0;0;0;0;1;0;0;-3,72565400000;-38,55660500000;inter_match
363396;14;10;2020;21:18;0;AV FRANCISCO SA;;;;;ColisÃ£o;;;;Meio de Quadra;;;0;1;1;1;0;0;0;0;0;1;0;0;;;
363403;14;10;2020;17:54;0;RUA FRE MARCELINO;;;1559;;ColisÃ£o;Anoitecer;;;Meio de Quadra;;;0;1;1;1;0;0;0;0;0;1;0;0;-3,74873000000;-38,55665000000;mq_gpsv
363410;14;10;2020;15:19;0;RUA BERNARDO MANUEL;;;9287;;ColisÃ£o;Luz do Dia;;;Meio de Quadra;;;0;1;0;0;0;0;0;0;0;0;0;0;-3,80088300000;-38,55207800000;mq_qgis
363411;14;10;2020;15:11;4016;RUA PRO COSTA MENDES;RUA JULIO CESAR D12;;;;ColisÃ£o;Luz do Dia;;;Cruz;Pare;Residencial;0;1;1;1;0;0;0;0;0;1;0;0;-3,75469800000;-38,54691100000;inter_match
363412;14;10;2020;14:00;9597;RUA LONDRINA;RUA JOSE TORRES;;;;ColisÃ£o;Luz do Dia;;;Cruz;NÃ£o HÃ¡ Controle;Rural;0;1;0;0;0;0;0;0;0;0;0;0;-3,77991600000;-38,60725800000;inter_match
362838;14;10;2020;14:14;0;AV JOR THOMAZ COELHO;;;1650;;Atropelamento;Luz do Dia;Bom;Seca;Meio de Quadra;SemÃ¡foro;Comercial;0;1;1;1;0;0;0;0;0;0;0;0;-3,82980100000;-38,50958800000;mq_match
362844;14;10;2020;12:00;7923;AV DES MOREIRA;RUA ISAC AMARAL;;;;NÃ£o Informado;Luz do Dia;Bom;Seca;Cruz;SemÃ¡foro;Residencial;0;1;1;0;0;0;0;0;0;1;0;0;-3,75301900000;-38,50372600000;inter_match
362842;14;10;2020;11:30;0;AV DEP PAULINO ROCHA;;;1740;;ColisÃ£o Traseira;Luz do Dia;Bom;Seca;Meio de Quadra;;Comercial;0;0;2;1;0;0;0;0;0;0;0;0;-3,81168192000;-38,51312090000;mq_qgis
362846;14;10;2020;19:00;0;AV JOSE LEON;;;1260;;ColisÃ£o Lateral;Anoitecer;Bom;Seca;Outros;SemÃ¡foro Intermitente;Comercial;0;1;1;0;0;0;0;0;0;1;0;0;-3,78830300000;-38,49990030000;mq_qgis
362855;14;10;2020;15:30;0;RUA MAXIMO LINHARES;;;;;ColisÃ£o Lateral;Luz do Dia;Bom;Seca;Meio de Quadra;Pare;Residencial;0;1;1;1;0;0;0;0;0;1;0;0;;;
364755;14;10;2020;08:50;12926;AV VIS RIO BRANCO;AV ANTONIO SALES;;;;ColisÃ£o;Luz do Dia;;;Outros;SemÃ¡foro;Comercial;0;0;2;0;0;0;0;1;0;1;0;0;-3,73876800000;-38,52323000000;inter_match
364780;15;10;2020;15:05;0;RUA PRO ARMANDO FARIAS;;;;;Outros;Luz do Dia;;;Meio de Quadra;;;0;0;2;0;0;0;1;0;0;1;0;0;;;
362868;15;10;2020;20:00;0;RUA SEN POMPEU;;;2607;;ColisÃ£o Traseira;Via Iluminada;Bom;Seca;Meio de Quadra;Pare;Residencial;0;1;1;0;0;0;0;0;0;1;0;0;-3,74116470000;-38,53400000000;mq_match
362869;15;10;2020;07:00;0;AV JOSE JATAHY;;;1747;;ColisÃ£o Lateral;Luz do Dia;Nublado;Seca;Meio de Quadra;NÃ£o HÃ¡ Controle;Residencial;0;1;1;1;0;0;0;0;1;0;0;0;-3,73676650000;-38,54378250000;mq_qgis
362870;15;10;2020;16:10;605;AV FRANCISCO SA;RUA TEODORO CABRAL;;;;ColisÃ£o Lateral;Luz do Dia;Bom;Seca;Cruz;Pare;Residencial;0;0;2;1;0;0;0;0;0;1;0;0;-3,71443200000;-38,56611500000;inter_match
362864;15;10;2020;19:30;0;RUA CEL MATOS DOURADO;;;875;;NÃ£o Informado;Mal Iluminada;Bom;Seca;Meio de Quadra;Outros;Residencial;0;2;0;0;0;0;0;0;0;1;0;0;-3,74635900000;-38,58483300000;mq_qgis
362865;15;10;2020;22:00;0;RUA URUCUTUBA;;;;;ColisÃ£o Transversal;Via Iluminada;Bom;Seca;Meio de Quadra;Pare;Residencial;0;1;1;1;0;0;0;0;0;1;0;0;;;