COD_ACIDENTE;DIA;MES;ANO;HORA;INTERSECAO;LOG1;LOG2;LOG3;NUMERO;REFERENCIA;NATUREZA;ILUMINACAO;TEMPO;SUPERFICIEPISTA;TIPOCRUZAMENTO;CONTROLETRAFEGO;USOSOLO;MORTOS;FERIDOS;ILESOS;AUTOMOVEL;ONIBUS;BICICLETA;CAMINHAO;MICROONIBUS;CICLOMOTOR;MOTOCICLETA;TRACAOANIMAL;TREM;LATITUDE;LONGITUDE;METODO
362930;15;10;2020;05:30;0;RUA ALM RUBIM;;;1779;;Choque c/ ObstÃ¡culo Fixo;Amanhecer;Bom;Seca;Meio de Quadra;NÃ£o HÃ¡ Controle;Comercial;0;0;1;1;0;0;0;0;0;0;0;0;-3,77310500000;-38,55741661000;mq_match
363388;15;10;2020;05:52;5150;RUA SEN ALENCAR;RUA BAR RIO BRANCO;;;;Atropelamento;Amanhecer;;;T;Pare;Comercial;0;1;1;0;1;0;0;0;0;0;0;0;-3,72487900000;-38,52775200000;inter_match
363389;15;10;2020;05:41;0;RUA PDE PEDRO DE ALENCAR;;;1971;;Queda;Amanhecer;;;Meio de Quadra;;;0;1;0;0;0;0;0;0;0;1;0;0;-3,84542750000;-38,49451000000;mq_match
363390;15;10;2020;05:39;0;RUA DIADEMA;;;221;;Capotamento;Amanhecer;;;Meio de Quadra;;;0;1;0;1;0;0;0;0;0;0;0;0;-3,84420000000;-38,52198000000;mq_gpsv
363383;15;10;2020;06:21;0;RUA RECANTO VERDE;;;1716;;ColisÃ£o;Luz do Dia;;;Meio de Quadra;;;0;1;1;0;0;0;0;0;0;1;0;0;-3,84160950000;-38,51283570000;mq_match
363384;15;10;2020;05:59;0;RUA COS LAFAYETE;;;131;;Capotamento;Amanhecer;;;Meio de Quadra;;;0;1;0;1;0;0;0;0;0;0;0;0;-3,71846000000;-38,57836000000;mq_gpsv
363365;15;10;2020;15:34;0;AV LINEU MACHADO;;;50;;Atropelamento;Luz do Dia;;;Meio de Quadra;;;0;1;1;1;0;0;0;0;0;0;0;0;-3,76083000000;-38,57436000000;mq_gpsv
363342;15;10;2020;18:56;0;AV LUIZ VIEIRA;;;;;Atropelamento;;;;Meio de Quadra;;;0;1;1;0;0;0;0;0;0;0;0;0;;;
363343;15;10;2020;18:32;0;RUA LUIS VIEIRA;;;555;;Atropelamento;;;;Meio de Quadra;;;0;1;1;1;0;0;0;0;0;0;0;0;-3,79373541700;-38,58750868000;mq_match
363344;15;10;2020;18:30;0;RUA DAURA;;;;;ColisÃ£o;Anoitecer;;;Meio de Quadra;;;0;1;1;1;0;0;0;0;0;1;0;0;;;
363346;15;10;2020;18:01;0;AV ENG ALBERTO SA;;;;;Queda;Anoitecer;;;Meio de Quadra;;;0;1;0;0;0;0;0;0;0;1;0;0;;;
363348;15;10;2020;17:25;0;RUA BERNARDO MANUEL;;;13510;;ColisÃ£o;Anoitecer;;;Meio de Quadra;;;0;1;1;1;0;0;0;0;0;1;0;0;-3,83621700000;-38,56288000000;mq_match
363349;15;10;2020;17:23;0;AV LUCIANO CARNEIRO;;;2236;;ColisÃ£o;Anoitecer;;;Meio de Quadra;;;0;1;0;0;0;0;0;0;0;0;0;0;-3,76795600000;-38,53762000000;mq_qgis
363367;15;10;2020;14:21;0;AV MR HULL;;;;;ColisÃ£o;Luz do Dia;;;Meio de Quadra;;;0;1;0;0;0;0;0;0;0;0;0;0;;;
363368;15;10;2020;13:13;0;RUA PIAUI;;;1622;;ColisÃ£o;Luz do Dia;;;Meio de Quadra;;;0;1;0;0;0;0;0;0;0;0;0;0;-3,75170450000;-38,57278750000;mq_qgis
363370;15;10;2020;11:59;24886;AV MAJ ASSIS;AV MOZART PINHEIRO DE LUCENA;;;;ColisÃ£o;Luz do Dia;;;Cruz;SemÃ¡foro;Comercial;0;1;1;1;0;0;0;0;0;1;0;0;-3,72144440000;-38,59667620000;inter_match
363371;15;10;2020;11:35;0;RUA ADOLFO SIQUEIRA;;;125;;ColisÃ£o;Luz do Dia;;;Meio de Quadra;;;0;1;1;1;0;0;0;0;0;0;0;0;-3,74251539000;-38,51903180000;mq_qgis
363373;15;10;2020;09:58;0;AV ENG HUMBERTO MONTE;;;;;Queda;Luz do Dia;;;Meio de Quadra;;;0;1;0;0;0;0;0;0;0;1;0;0;;;
363374;15;10;2020;09:48;0;RUA TEODOMIRO DE CASTRO;;;6048;;ColisÃ£o;Luz do Dia;;;Meio de Quadra;;;0;1;1;1;0;0;0;0;0;1;0;0;-3,71764450000;-38,57465400000;mq_match
363376;15;10;2020;07:29;22704;RUA TAB JOAQUIM COELHO;RUA MIN ABNER VASCONCELOS;;;;ColisÃ£o;Luz do Dia;;;Cruz;Pare;Comercial;0;1;1;1;0;0;0;0;0;1;0;0;-3,79693060000;-38,47891600000;inter_match
363330;15;10;2020;20:39;0;RUA CAMPO DO DRAGAO;;;58;;Queda;;;;Meio de Quadra;;;0;1;0;0;0;1;0;0;0;0;0;0;-3,81623000000;-38,52143000000;mq_gpsv
363326;15;10;2020;22:28;0;AV GODOFREDO MACIEL;;;4600;;ColisÃ£o;;;;Meio de Quadra;;;0;1;1;1;0;0;0;0;0;1;0;0;-3,81109510000;-38,57473820000;mq_match
363327;15;10;2020;21:30;0;AV BEIRA MAR;;;810;;ColisÃ£o;;;;Meio de Quadra;;;0;1;0;0;0;0;0;0;0;0;0;0;-3,72008078000;-38,51232450000;mq_qgis
363328;15;10;2020;20:48;0;RUA PARANAI;;;1460;;Queda;;;;Meio de Quadra;;;0;1;0;0;0;0;0;0;0;1;0;0;;;
363338;15;10;2020;20:34;0;RD BR 116;;;;;Queda;;;;Meio de Quadra;;;0;1;0;0;0;0;0;0;0;1;0;0;;;
363340;15;10;2020;19:17;0;RUA URUCUTUBA;;;;;ColisÃ£o;;;;Meio de Quadra;;;0;1;1;1;0;0;0;0;0;1;0;0;;;
362542;15;10;2020;10:17;15367;RUA CEL JUCA;RUA PEREIRA VALENTE;;;;ColisÃ£o Transversal;Luz do Dia;Bom;Seca;Cruz;Pare;Comercial;0;1;1;0;0;0;0;0;0;0;0;0;-3,73450020000;-38,49025300000;inter_match
362543;15;10;2020;11:30;0;RUA JOAO CORDEIRO;TR ADOLFO SIQUEIRA;;0;;ColisÃ£o Transversal;Luz do Dia;Bom;Seca;Cruz;Pare;Residencial;0;1;2;1;0;0;0;0;0;0;0;0;-3,74258000000;-38,51871000000;inter_gpsv
362544;15;10;2020;14:05;0;RUA JOSE HIPOLITO;RUA CEL GUILHERME ALENCAR;;277;;ColisÃ£o Traseira;Luz do Dia;Bom;Seca;Cruz;NÃ£o HÃ¡ Controle;Comercial;0;1;1;1;0;0;0;0;0;0;0;0;-3,83302000000;-38,49199000000;inter_gpsv
362545;15;10;2020;16:15;3767;AV IMPERADOR;AV DOMINGOS OLIMPIO;;;;ColisÃ£o Transversal;Luz do Dia;Bom;Seca;Cruz;SemÃ¡foro;Comercial;0;0;1;0;0;0;0;0;0;1;0;0;-3,73479000000;-38,53669700000;inter_match
362546;15;10;2020;19:15;24392;AV LUCIANO CARNEIRO;RUA TEODORICO BARROSO;;2236;;ColisÃ£o Lateral;Via Iluminada;Bom;Seca;Cruz;Gesto;Comercial;0;1;2;0;0;0;0;0;0;1;0;0;-3,76795000000;-38,53768000000;inter_gpsv
362547;15;10;2020;19:22;0;RUA AMAZONAS;;;888;;Choque c/ ObstÃ¡culo Fixo;Via Iluminada;Bom;Seca;Meio de Quadra;NÃ£o HÃ¡ Controle;Residencial;0;0;2;0;0;0;0;0;0;1;0;0;-3,75316919000;-38,56437090000;mq_qgis
362549;15;10;2020;22:51;0;RUA PRO COSTA MENDES;;;925;;ColisÃ£o Frontal;Via Iluminada;Nublado;Seca;Meio de Quadra;NÃ£o HÃ¡ Controle;Residencial;0;1;1;1;0;0;0;0;0;1;0;0;-3,75331050000;-38,54844500000;mq_qgis
362550;16;10;2020;01:17;289;RUA PRO LINO ENCARNACAO;RUA ROTARY;;;;ColisÃ£o;Via Iluminada;Bom;Seca;Cruz;Pare;Comercial;0;1;1;0;0;0;0;0;0;1;0;0;-3,74285500000;-38,56032300000;inter_match
362551;16;10;2020;10:02;0;RUA CASTRO E SILVA;;;623;;NÃ£o Informado;Luz do Dia;Bom;Seca;Meio de Quadra;NÃ£o HÃ¡ Controle;Comercial;0;1;2;1;0;0;0;0;0;1;0;0;-3,72259473000;-38,53105840000;mq_qgis
362552;16;10;2020;19:10;0;AV DIOGUINHO;;;5466;;ColisÃ£o Transversal;Via Iluminada;Bom;Seca;Meio de Quadra;NÃ£o HÃ¡ Controle;Comercial;0;1;0;0;0;0;0;0;0;1;0;0;-3,76077000000;-38,44362000000;mq_gpsv
362272;16;10;2020;09:00;0;RD BR 116;;;;KM-09;Choque c/ ObstÃ¡culo Fixo;Luz do Dia;;Seca;Meio de Quadra;;;0;0;2;1;0;0;1;0;0;0;0;0;-3,83083700000;-38,50486500000;rod_match
363255;16;10;2020;23:15;0;RUA CANDIDO MAIA;;;294;;Atropelamento;;;;Meio de Quadra;;;0;1;1;0;0;0;0;0;0;1;0;0;-3,73742800000;-38,59040720000;mq_match
363256;16;10;2020;22:29;0;RUA DO DOURADO;;;130;;Queda;;;;Meio de Quadra;;;0;2;0;0;0;0;0;0;0;1;0;0;-3,72969000000;-38,47425000000;mq_gpsv
363257;16;10;2020;22:04;0;RUA CARTOLA;;;90;;Queda;;;;Meio de Quadra;;;0;1;0;0;0;0;0;0;0;1;0;0;-3,78376495000;-38,50711650000;mq_qgis
363258;16;10;2020;22:04;0;RUA PRO MOREIRA DE SOUSA (PASSARE);;;139;;Queda;;;;Meio de Quadra;;;0;1;0;0;0;0;0;0;0;1;0;0;-3,81440000000;-38,52199000000;mq_gpsv
363259;16;10;2020;21:38;0;RUA TEODORO CABRAL;;;377;;ColisÃ£o;;;;Meio de Quadra;;;0;1;1;1;0;0;0;0;0;1;0;0;-3,71314000000;-38,56564000000;mq_gpsv
363260;16;10;2020;21:16;10793;RUA PRO HERIBALDO COSTA;RUA PORTO ALEGRE;;;;ColisÃ£o;;;;Cruz;NÃ£o HÃ¡ Controle;Comercial;0;1;1;1;0;0;0;0;0;1;0;0;-3,76299700000;-38,58543300000;inter_match
363261;16;10;2020;20:21;0;RUA MANUEL BERNARDO;;;1770;;ColisÃ£o;;;;Meio de Quadra;;;0;1;0;0;0;0;0;0;0;0;0;0;;;
363262;16;10;2020;20:16;0;AV WASHINGTON SOARES;;;10425;;ColisÃ£o;;;;Meio de Quadra;;;0;1;1;1;0;0;0;0;0;1;0;0;-3,84052000000;-38,47988000000;mq_gpsv
363263;16;10;2020;19:26;0;RUA LUIS VIEIRA;;;159;;ColisÃ£o;;;;Meio de Quadra;;;0;1;1;1;0;0;0;0;0;1;0;0;-3,79672070000;-38,58631020000;mq_qgis
363264;16;10;2020;19:24;0;RUA CEL FABRICIANO;;;2526;;ColisÃ£o;;;;Meio de Quadra;;;0;1;1;0;0;0;0;0;0;1;0;0;-3,78123022000;-38,61344610000;mq_qgis
363267;16;10;2020;18:37;0;AV SEN CARLOS JEREISSATI (AEROPORTO);;;;;Atropelamento;;;;Meio de Quadra;;;0;1;1;1;0;0;0;0;0;0;0;0;;;
363268;16;10;2020;18:19;0;AV PONTES VIEIRA;;;1500;;Atropelamento;Anoitecer;;;Meio de Quadra;;;0;1;1;0;0;0;0;0;0;1;0;0;-3,75211000000;-38,50794000000;mq_gpsv
363269;16;10;2020;16:16;0;AV PRS JUSCELINO KUBITSCHEK (PASSARÃ‰);;;3135;;ColisÃ£o;Luz do Dia;;;Meio de Quadra;;;0;1;1;1;0;1;0;0;0;0;0;0;-3,80821000000;-38,52553000000;mq_gpsv
363270;16;10;2020;16:09;0;AV JOR THOMAZ COELHO;;;2719;;ColisÃ£o;Luz do Dia;;;Meio de Quadra;;;0;1;1;1;0;0;0;0;0;1;0;0;-3,82851989700;-38,51985063000;mq_match
363282;16;10;2020;11:10;0;AV PASTEUR;;;4003;;ColisÃ£o;Luz do Dia;;;Meio de Quadra;;;0;1;0;0;0;0;0;0;0;0;0;0;;;
363283;16;10;2020;11:07;0;AV FRANCISCO SA;;;5855;;ColisÃ£o;Luz do Dia;;;Meio de Quadra;;;0;1;0;0;0;0;0;0;0;0;0;0;-3,71045000000;-38,57768800000;mq_match
363284;16;10;2020;10:46;6998;ET SIQUEIRA;AV CONTORNO OESTE D71;;;;ColisÃ£o;Luz do Dia;;;;;;0;1;0;0;0;0;0;0;0;0;0;0;-3,80634000000;-38,58737000000;inter_gpsv
363285;16;10;2020;10:43;0;AV PRS CASTELO BRANCO;;;;;Queda;Luz do Dia;;;Meio de Quadra;;;0;1;0;0;0;0;0;0;0;1;0;0;;;
363286;16;10;2020;07:02;0;AV ROGACIANO LEITE;;;1860;;ColisÃ£o;Luz do Dia;;;Meio de Quadra;;;0;1;1;0;0;0;0;0;0;1;0;0;-3,77055700000;-38,49806500000;mq_match
363272;16;10;2020;15:58;0;RUA MOCAMBIQUE;;;125;;Queda;Luz do Dia;;;Meio de Quadra;;;0;1;0;0;0;0;0;0;0;1;0;0;-3,76561800000;-38,59932200000;mq_qgis
363273;16;10;2020;15:35;0;RUA VINTE E QUATRO DE MAIO;;;;;ColisÃ£o;Luz do Dia;;;Meio de Quadra;;;0;1;2;1;0;0;0;0;0;1;0;0;;;
363274;16;10;2020;15:18;3820;AV 13 DE MAIO;AV CARAPINIMA;;;;ColisÃ£o;Luz do Dia;;;Cruz;SemÃ¡foro;Comercial;0;1;1;1;0;0;0;0;0;1;0;0;-3,74000100000;-38,54023900000;inter_match
363276;16;10;2020;14:10;0;AV OLIVEIRA PAIVA;;;;;ColisÃ£o;Luz do Dia;;;Meio de Quadra;;;0;1;1;1;0;0;0;0;0;1;0;0;;;
363277;16;10;2020;12:57;1341;RUA AFONSO CELSO;RUA MON BRUNO;;;;ColisÃ£o;Luz do Dia;;;Cruz;Pare;Residencial;0;1;1;1;0;0;0;0;0;1;0;0;-3,73573400000;-38,51051900000;inter_match
363298;16;10;2020;05:53;0;AV DR SILAS MUNGUBA;;;2620;;Queda;Amanhecer;;;Meio de Quadra;;;0;1;0;0;0;0;0;0;0;1;0;0;-3,78647150000;-38,55001950000;mq_match
363299;16;10;2020;02:53;0;RUA PRIMEIRO DE JANEIRO;;;1211;;Queda;;;;Meio de Quadra;;;0;1;0;0;0;0;0;0;0;1;0;0;-3,78333000000;-38,57136000000;mq_match
363300;16;10;2020;00:30;0;AV ANTONIO SALES;;;;;Queda;;;;Meio de Quadra;;;0;1;0;0;0;0;0;0;0;1;0;0;;;
362873;16;10;2020;03:20;0;AV SANTOS DUMONT;;;7800;;Choque c/ ObstÃ¡culo Fixo;;Nublado;Seca;Meio de Quadra;NÃ£o HÃ¡ Controle;Comercial;0;0;1;1;0;0;0;0;0;0;0;0;-3,74736300000;-38,46379400000;mq_match
362877;16;10;2020;12:30;17341;RUA EDUARDO ANGELIM;AV JOSE DO PATROCINIO;;;;ColisÃ£o Transversal;Luz do Dia;Bom;Seca;Cruz;Pare;Residencial;0;0;2;1;0;0;0;0;0;1;0;0;-3,76528960000;-38,54616360000;inter_match
362894;16;10;2020;16:25;5081;RUA CASTRO E SILVA;RUA VINTE E QUATRO DE MAIO;;;;ColisÃ£o Transversal;Luz do Dia;Bom;Seca;Cruz;SemÃ¡foro;Comercial;0;1;1;1;0;0;0;0;0;1;0;0;-3,72274600000;-38,53065300000;inter_match
362882;16;10;2020;07:20;0;AV AMERICO BARREIRA;;;;;ColisÃ£o Traseira;Luz do Dia;Bom;Seca;Meio de Quadra;SemÃ¡foro;;0;2;1;1;0;0;0;0;0;1;0;0;;;
362900;17;10;2020;19:00;11478;RUA LEA POMPEU;RUA PDE FRANCISCO PITA;;;;ColisÃ£o Transversal;Anoitecer;Bom;Seca;Cruz;Pare;Residencial;0;0;1;1;0;0;0;0;0;0;0;0;-3,78280600000;-38,49553000000;inter_match
363114;17;10;2020;05:10;0;AV AGUANAMBI;;;282;;Atropelamento;Amanhecer;;;Meio de Quadra;;;0;1;0;1;0;0;0;0;0;0;0;0;-3,73937460000;-38,52447000000;mq_match
363115;17;10;2020;05:23;4021;RUA DES PRAXEDES;AV PRO GOMES DE MATOS;;;;Atropelamento;Amanhecer;;;Cruz;SemÃ¡foro Intermitente;Comercial;0;1;0;0;0;0;0;0;0;0;0;0;-3,76187200000;-38,54622900000;inter_match
363116;17;10;2020;06:44;0;AV ALM HENRIQUE SABOIA;;;;;Queda;Luz do Dia;;;Meio de Quadra;;;0;1;0;0;0;0;0;0;0;1;0;0;;;
363123;17;10;2020;07:48;0;RUA SEBASTIAO DE ABREU;;;;;ColisÃ£o;Luz do Dia;;;Meio de Quadra;;;0;1;0;0;0;0;0;0;0;0;0;0;;;
363135;17;10;2020;10:37;0;AV ODILON GUIMARAES;;;2345;;ColisÃ£o;Luz do Dia;;;Meio de Quadra;;;0;1;0;1;0;0;0;0;0;0;0;0;-3,81824000000;-38,47419000000;mq_gpsv
363136;17;10;2020;11:14;0;AV AGUANAMBI;;;176;;Queda;Luz do Dia;;;Meio de Quadra;;;0;1;0;0;0;0;0;0;0;1;0;0;-3,73842197300;-38,52452722000;mq_match
363138;17;10;2020;11:36;5246;RUA PEREIRA FILGUEIRAS;RUA GONCALVES LEDO;;;;ColisÃ£o;Luz do Dia;;;Cruz;Pare;Residencial;0;1;0;1;0;0;0;0;0;1;0;0;-3,72766700000;-38,51500400000;inter_match
363139;17;10;2020;11:55;0;AV DA UNIVERSIDADE;;;2176;;Queda;Luz do Dia;;;Meio de Quadra;;;0;1;0;0;0;0;0;0;0;1;0;0;-3,73672086000;-38,53525230000;mq_qgis
363140;17;10;2020;12:15;0;RUA VALVERDE;;;718;;ColisÃ£o;Luz do Dia;;;Meio de Quadra;;;0;1;0;1;0;0;0;0;0;1;0;0;-3,79066000000;-38,60410000000;mq_gpsv
363131;17;10;2020;10:00;0;RUA CHILE;;;840;;ColisÃ£o;Luz do Dia;;;Meio de Quadra;;;0;1;0;0;0;0;0;0;0;0;0;0;-3,74924000000;-38,56838000000;mq_gpsv
363133;17;10;2020;10:08;0;RUA EINSTEIN;;;383;;ColisÃ£o;Luz do Dia;;;Meio de Quadra;;;0;1;0;1;0;0;0;0;0;1;0;0;;;
363127;17;10;2020;09:14;0;AV JOSE BASTOS;;;3112;;ColisÃ£o;Luz do Dia;;;Meio de Quadra;;;0;1;0;1;0;0;0;0;0;1;0;0;-3,74447110000;-38,54504880000;mq_match
363128;17;10;2020;09:26;0;AV JOR THOMAZ COELHO;;;;;Atropelamento;Luz do Dia;;;Meio de Quadra;;;0;1;0;0;0;0;0;0;0;0;0;0;;;
363169;17;10;2020;21:47;0;RUA ARTUR DE CARVALHO;;;1535;;ColisÃ£o;;;;Meio de Quadra;;;0;1;0;1;0;0;0;0;0;1;0;0;;;
363142;17;10;2020;13:05;0;RUA CEARA;;;876;;ColisÃ£o;Luz do Dia;;;Meio de Quadra;;;0;1;0;1;0;0;0;0;0;1;0;0;-3,75918300000;-38,56537600000;mq_qgis
363143;17;10;2020;15:18;0;RUA STA MARGARIDA;;;497;;ColisÃ£o;Luz do Dia;;;Meio de Quadra;;;0;1;0;1;0;0;0;0;0;1;0;0;-3,81584000000;-38,59572000000;mq_gpsv
363144;17;10;2020;16:21;0;RUA NEREIDE;;;432;;ColisÃ£o;Luz do Dia;;;Meio de Quadra;;;0;1;0;1;0;0;0;0;0;1;0;0;-3,78898000000;-38,59445000000;mq_gpsv
363145;17;10;2020;18:10;0;RD BR 116;;;;;ColisÃ£o;Anoitecer;;;Meio de Quadra;;;0;1;0;1;0;0;0;0;0;1;0;0;;;
363146;17;10;2020;18:11;0;AV SEN CARLOS JEREISSATI (AEROPORTO);;;;;ColisÃ£o;Anoitecer;;;Meio de Quadra;;;0;2;0;1;0;0;0;0;0;1;0;0;;;
363147;17;10;2020;18:20;0;AV BEIRA MAR;;;4060;;Atropelamento;Anoitecer;;;Meio de Quadra;;;0;1;0;1;0;0;0;0;0;0;0;0;-3,72324000000;-38,48423000000;mq_gpsv
363148;17;10;2020;19:14;0;RUA CAP NESTOR GOIS;;;253;;Queda;;;;;;;0;1;0;0;0;0;0;0;0;1;0;0;-3,72161000000;-38,56172000000;mq_gpsv
363149;17;10;2020;19:41;0;AV WASHINGTON SOARES;;;;;ColisÃ£o;;;;Meio de Quadra;;;0;1;0;1;0;0;0;0;0;1;0;0;;;
363150;17;10;2020;19:51;0;AV DEP PAULINO ROCHA;;;1881;;Queda;;;;Meio de Quadra;;;0;1;0;0;0;0;0;0;0;1;0;0;-3,81148200000;-38,51392500000;mq_match
363174;17;10;2020;23:57;318;RUA DAMIAO FERNANDES;RUA ERICO MOTA;;;;Outros;;;;Cruz;Pare;Residencial;0;1;0;0;0;0;0;0;0;0;0;0;-3,74448000000;-38,56113000000;inter_gpsv
363171;17;10;2020;23:12;0;AV PRS COSTA E SILVA;;;2382;;ColisÃ£o;;;;Meio de Quadra;;;0;1;0;1;0;0;0;0;0;0;0;0;-3,82006840000;-38,56053891000;mq_match
363165;17;10;2020;20:52;0;AV DOLOR BARREIRA;;;;;Queda;;;;Meio de Quadra;;;0;1;0;0;0;1;0;0;0;0;0;0;;;
363166;17;10;2020;21:01;0;AV DA INDEPENDENCIA;;;1100;;ColisÃ£o;;;;Meio de Quadra;;;1;0;1;1;0;0;0;0;0;1;0;0;-3,72710200000;-38,59030150000;mq_qgis
363167;17;10;2020;21:37;1292;RUA MARCOS MACEDO;AV DES MOREIRA;;;;ColisÃ£o;;;;Cruz;SemÃ¡foro;Comercial;0;1;0;1;0;0;0;0;0;1;0;0;-3,73424400000;-38,49771100000;inter_match
362273;17;10;2020;04:00;0;RD BR 020;;;;KM 426;Outros;;;Seca;Meio de Quadra;;;0;0;1;0;0;0;0;0;0;0;0;0;-3,86300000000;-38,52400000000;rod_match
362274;17;10;2020;08:05;0;RD BR 116;;;;;ColisÃ£o Lateral;Luz do Dia;;Seca;Meio de Quadra;;;0;1;1;0;0;0;1;0;0;1;0;0;;;
362553;17;10;2020;07:26;0;AV ALM HENRIQUE SABOIA;;;0;;Queda;Luz do Dia;Nublado;Seca;Outros;NÃ£o HÃ¡ Controle;Escola;0;1;0;0;0;0;0;0;0;1;0;0;-3,74827360000;-38,49280000000;mq_match
362554;17;10;2020;15:02;0;RUA VALPARAISO;AV C CJ HAB ST SAO JOAO;;0;;ColisÃ£o Frontal;Luz do Dia;Bom;Seca;;;;0;0;2;1;0;0;0;0;0;1;0;0;-3,84871820000;-38,51241300000;inter_match
362555;17;10;2020;19:59;25124;AV AUGUSTO DOS ANJOS;RUA OLIVEIRA SOBRINHO;;0;;ColisÃ£o Traseira;Via Iluminada;Bom;Seca;Cruz;Pare;Comercial;0;0;2;1;0;0;0;0;0;0;0;0;-3,78392230000;-38,58245040000;inter_match
362556;17;10;2020;18:47;25279;AV ROGACIANO LEITE;RUA DES WALDEMAR ALVES PEREIRA;;;;ColisÃ£o Lateral;Via Iluminada;Bom;Seca;Cruz;SemÃ¡foro;Comercial;0;1;1;0;1;1;0;0;0;0;0;0;-3,77053260000;-38,49807510000;inter_match
362596;17;10;2020;00:32;15232;RUA DEP MOREIRA DA ROCHA;RUA SILVA PAULET;;;;ColisÃ£o Lateral;Anoitecer;Bom;Seca;Cruz;Pare;Residencial;0;1;1;1;0;0;0;0;0;1;0;0;-3,72752600000;-38,50319400000;inter_match
362557;18;10;2020;01:04;0;RUA ERICO MOTA;;;895;;NÃ£o Informado;Via Iluminada;Bom;Seca;Meio de Quadra;NÃ£o HÃ¡ Controle;Residencial;0;0;2;1;0;0;0;0;0;0;0;0;-3,74485500000;-38,56104600000;mq_qgis
362558;18;10;2020;13:10;0;AV FILOMENO GOMES;;;0;;ColisÃ£o Lateral;Luz do Dia;Bom;Seca;Meio de Quadra;SemÃ¡foro;Residencial;0;2;0;0;0;0;0;0;0;1;0;0;-3,71874640000;-38,54157300000;mq_match
362559;18;10;2020;21:15;22887;RUA DR JUSTA ARAUJO D45;RUA VITORIANO BORGES;;;;Engavetamento;Via Iluminada;Bom;Seca;Cruz;Pare;Residencial;0;0;5;1;0;0;0;0;0;0;0;0;-3,78127000000;-38,55210000000;inter_gpsv
362560;18;10;2020;17:45;0;AV GAL OSORIO DE PAIVA;;;5421;;ColisÃ£o Lateral;Anoitecer;Bom;Seca;;;;0;1;1;0;0;0;0;0;0;1;0;0;-3,80442100000;-38,60177200000;mq_match
362561;18;10;2020;19:49;15175;AV ABOLICAO;RUA NUNES VALENTE;;;;ColisÃ£o Transversal;Via Iluminada;Bom;Seca;Cruz;SemÃ¡foro;Comercial;0;0;3;1;0;0;0;0;0;1;0;0;-3,72575000000;-38,50038400000;inter_match
362277;18;10;2020;17:50;0;RD BR 020;;;;KM 430;Tombamento;Anoitecer;;Seca;Meio de Quadra;;;0;1;0;0;0;0;0;0;0;1;0;0;-3,86876900000;-38,50833300000;rod_match
363176;18;10;2020;00:43;0;RUA VALPARAISO;;;1011;;Queda;;;;Meio de Quadra;;;0;1;0;0;0;0;0;0;0;1;0;0;-3,84188035000;-38,52863650000;mq_qgis
363177;18;10;2020;01:08;0;AV ALM BARROSO;;;711;;ColisÃ£o;;;;Meio de Quadra;;;0;1;0;1;0;0;0;0;0;1;0;0;-3,72033100000;-38,51622280000;mq_qgis
363192;18;10;2020;04:22;0;RUA OSMUNDO CAVALCANTE;;;147;;Queda;;;;Meio de Quadra;;;0;1;0;0;0;1;0;0;0;0;0;0;-3,72683000000;-38,47697000000;mq_gpsv
363188;18;10;2020;04:04;0;AV GAL OSORIO DE PAIVA;;;5047;;ColisÃ£o;;;;Meio de Quadra;;;0;1;0;1;0;0;0;0;0;0;0;0;-3,80248300000;-38,59988700000;mq_qgis
363180;18;10;2020;02:29;0;RUA PAPI JUNIOR;;;2324;;Queda;;;;Meio de Quadra;;;0;1;0;0;0;1;0;0;0;0;0;0;-3,75464811000;-38,55980250000;mq_qgis
363194;18;10;2020;04:55;0;AV AREIA BRANCA;;;130;;Queda;;;;Meio de Quadra;;;0;1;0;0;0;0;0;0;0;1;0;0;-3,72845000000;-38,47406300000;mq_qgis
363195;18;10;2020;05:44;0;RUA JULIO SILVA;;;;;Queda;Amanhecer;;;Meio de Quadra;;;0;1;0;0;0;1;0;0;0;0;0;0;;;
363196;18;10;2020;00:20;0;RUA MON HIPOLITO BRASIL;;;;;ColisÃ£o;;;;Meio de Quadra;;;0;1;0;1;0;0;0;0;0;1;0;0;;;
363197;18;10;2020;13:27;0;RUA JORGE DE SOUSA;;;190;;ColisÃ£o;Luz do Dia;;;Meio de Quadra;;;0;1;0;1;0;0;0;0;0;1;0;0;;;
363198;18;10;2020;13:40;0;AV GOV RAUL BARBOSA;;;4180;;ColisÃ£o;Luz do Dia;;;Meio de Quadra;;;0;1;0;1;0;0;0;0;0;1;0;0;-3,76147300000;-38,50689100000;mq_match
363199;18;10;2020;14:12;0;AV PERIMETRAL;;;491;;Queda;Luz do Dia;;;Meio de Quadra;;;0;1;0;0;0;0;0;0;0;1;0;0;;;
363200;18;10;2020;14:19;9168;AV LUCIANO CARNEIRO;AV BORGES DE MELO;;;;ColisÃ£o;Luz do Dia;;;Cruz;SemÃ¡foro;Comercial;0;1;0;1;0;0;0;0;0;1;0;0;-3,75646500000;-38,53409700000;inter_match
363245;18;10;2020;15:59;0;RUA JUVENTUDE;;;80;;Queda;Luz do Dia;;;Meio de Quadra;;;0;1;0;0;0;0;0;0;0;1;0;0;-3,83025000000;-38,56893000000;mq_gpsv
363246;18;10;2020;16:24;0;RUA GAL RABELO;;;433;;ColisÃ£o;Luz do Dia;;;Meio de Quadra;;;0;1;0;0;0;0;0;0;0;0;0;0;-3,80692000000;-38,60632000000;mq_gpsv