COD_ACIDENTE;DIA;MES;ANO;HORA;INTERSECAO;LOG1;LOG2;LOG3;NUMERO;REFERENCIA;NATUREZA;ILUMINACAO;TEMPO;SUPERFICIEPISTA;TIPOCRUZAMENTO;CONTROLETRAFEGO;USOSOLO;MORTOS;FERIDOS;ILESOS;AUTOMOVEL;ONIBUS;BICICLETA;CAMINHAO;MICROONIBUS;CICLOMOTOR;MOTOCICLETA;TRACAOANIMAL;TREM;LATITUDE;LONGITUDE;METODO
363247;18;10;2020;17:42;0;AV GAL OSORIO DE PAIVA;;;5399;;ColisÃ£o;Anoitecer;;;Meio de Quadra;;;0;1;0;1;0;0;0;0;0;1;0;0;-3,80437736000;-38,60172900000;mq_qgis
363241;18;10;2020;14:26;0;RUA DIOGO CORREIA;;;;;Queda;Luz do Dia;;;Meio de Quadra;;;0;1;0;0;0;0;0;0;0;1;0;0;;;
363242;18;10;2020;14:31;0;AV LUCIANO CARNEIRO;;;862;;ColisÃ£o;Luz do Dia;;;Meio de Quadra;;;0;1;0;1;0;0;0;0;0;1;0;0;-3,75496000000;-38,53373000000;mq_gpsv
362908;18;10;2020;14:40;0;AV LUCIANO CARNEIRO;;;869;;ColisÃ£o Lateral;Luz do Dia;Bom;Seca;Meio de Quadra;SemÃ¡foro;Residencial;0;1;1;1;0;0;0;0;0;1;0;0;-3,75547100000;-38,53377500000;mq_match
362910;18;10;2020;19:50;13054;AV J CJ JOSE WALTER;AV B CJ JOSE WALTER;;;;ColisÃ£o Traseira;Anoitecer;Bom;Seca;T;NÃ£o HÃ¡ Controle;Comercial;0;0;2;1;0;0;0;0;0;0;0;0;-3,82693900000;-38,55444500000;inter_match
362918;18;10;2020;13:00;0;RUA ANGELICA GURGEL;;;195;;Atropelamento;Luz do Dia;Bom;Seca;Meio de Quadra;;;0;1;1;0;0;0;0;0;1;0;0;0;-3,83418500000;-38,49905000000;mq_match
363523;18;10;2020;18:27;0;AV HILDEBRANDO POMPEU;;;340;;ColisÃ£o;Anoitecer;;;Meio de Quadra;;;0;1;0;0;0;0;0;0;0;0;0;0;;;
363524;18;10;2020;19:31;0;RUA MIGUEL GONCALVES;;;545;;Atropelamento;;;;Meio de Quadra;;;0;1;0;0;0;0;0;0;0;0;0;0;-3,75542000000;-38,55895000000;mq_gpsv
363525;18;10;2020;19:32;0;RUA NUNES VALENTE;;;2021;;ColisÃ£o;;;;Meio de Quadra;;;0;1;0;0;0;0;1;0;0;1;0;0;-3,75414000000;-38,50911000000;mq_gpsv
363530;18;10;2020;21:56;4080;AV JOSE BASTOS;RUA CEARA;;;;ColisÃ£o;;;;Cruz;SemÃ¡foro;Comercial;0;1;0;1;0;0;0;0;0;1;0;0;-3,76000800000;-38,56411200000;inter_match
363531;18;10;2020;22:12;0;ET DO JATOBA;;;2462;;Queda;;;;Meio de Quadra;;;0;1;0;0;0;0;0;0;0;1;0;0;-3,79397077000;-38,62646740000;mq_qgis
363532;18;10;2020;22:38;0;RUA NEREIDE;;;477;;ColisÃ£o;;;;Meio de Quadra;;;0;2;0;0;0;0;0;0;0;0;0;0;-3,78891000000;-38,59513000000;mq_gpsv
363535;18;10;2020;23:06;5030;AV ALM BARROSO;RUA ALM JACEGUAI;;;;ColisÃ£o;;;;T;SemÃ¡foro;Lazer;0;1;0;0;0;0;0;0;0;1;0;0;-3,72074900000;-38,51936300000;inter_match
363536;19;10;2020;00:55;0;RUA JOSE DANTAS PEREIRA;;;;;ColisÃ£o;;;;Meio de Quadra;;;0;1;0;1;0;0;0;0;0;1;0;0;;;
363537;19;10;2020;07:00;206;RUA TEN QUEIROZ;RUA PDE PERDIGAO SAMPAIO;;;;Queda;Luz do Dia;;;;;;0;1;0;0;0;0;0;0;0;1;0;0;-3,74556800000;-38,59384600000;inter_match
363538;19;10;2020;07:00;0;RUA PRO HERIBALDO COSTA;;;566;;ColisÃ£o;Luz do Dia;;;Meio de Quadra;;;0;1;0;1;0;0;0;0;0;1;0;0;-3,75750971000;-38,58251820000;mq_qgis
363544;19;10;2020;09:44;0;RUA LEONARDO MOTA;;;225;;ColisÃ£o;Luz do Dia;;;Meio de Quadra;;;0;1;0;1;0;0;0;0;0;0;0;0;-3,72823000000;-38,49359000000;mq_gpsv
363591;19;10;2020;20:01;738;AV FRANCISCO SA;RUA DNA MENDINHA;;;;ColisÃ£o;;;;Cruz;SemÃ¡foro;Residencial;0;1;0;1;0;0;0;0;0;1;0;0;-3,71266600000;-38,57123800000;inter_match
363580;19;10;2020;19:04;0;RD BR 116;;;;;ColisÃ£o;;;;Meio de Quadra;;;0;1;0;0;0;0;0;0;0;0;0;0;;;
363559;19;10;2020;13:05;0;RUA LEANDRO MONTEIRO;;;;;Queda;Luz do Dia;;;Meio de Quadra;;;0;1;0;0;0;0;0;0;0;1;0;0;;;
363560;19;10;2020;13:32;0;RUA LUCAS FRANCISCO ANTONIO;;;454;;Queda;Luz do Dia;;;Meio de Quadra;;;0;1;0;0;0;0;0;0;0;1;0;0;-3,77167323000;-38,47262870000;mq_qgis
363561;19;10;2020;15:09;0;AV ALANIS MARIA LAURINDO DE OLIVEIRA;;;9458;;Atropelamento;Luz do Dia;;;Meio de Quadra;;;0;1;0;1;0;0;0;0;0;0;0;0;;;
363562;19;10;2020;15:44;0;AV GAL OSORIO DE PAIVA;;;5841;;ColisÃ£o;Luz do Dia;;;Meio de Quadra;;;0;1;0;1;0;0;0;0;0;1;0;0;-3,80753400000;-38,60480400000;mq_match
363563;19;10;2020;16:04;0;AV PRS CASTELO BRANCO;;;1939;;ColisÃ£o;Luz do Dia;;;Meio de Quadra;;;0;1;0;1;0;0;0;0;0;1;0;0;-3,71511000000;-38,54463000000;mq_gpsv
363564;19;10;2020;16:34;0;RUA ISMAEL PORDEUS;;;1177;;Atropelamento;Luz do Dia;;;Meio de Quadra;;;0;1;0;1;0;0;0;0;0;0;0;0;-3,72448000000;-38,47237000000;mq_gpsv
363566;19;10;2020;16:37;0;RUA FRANCISCO PAIVA;;;1460;;Queda;Luz do Dia;;;Meio de Quadra;;;0;1;0;0;0;0;0;0;0;1;0;0;-3,79572000000;-38,61600000000;mq_gpsv
363567;19;10;2020;16:56;0;AV WASHINGTON SOARES;;;6301;;ColisÃ£o;Luz do Dia;;;Meio de Quadra;;;0;1;0;1;0;0;0;0;0;1;0;0;-3,81429500000;-38,48083900000;mq_match
363568;19;10;2020;17:02;0;RUA MON HIPOLITO BRASIL;;;1000;;ColisÃ£o;Anoitecer;;;Meio de Quadra;;;0;1;0;1;0;0;0;0;0;1;0;0;-3,75748500000;-38,58146900000;mq_qgis
363569;19;10;2020;17:49;0;AV WASHINGTON SOARES;;;;;ColisÃ£o;Anoitecer;;;Meio de Quadra;;;0;1;0;1;0;0;0;0;0;1;0;0;;;
363570;19;10;2020;18:22;7619;RUA RIO GRANDE DO SUL;RUA SERGIPE;;;;ColisÃ£o;Anoitecer;;;Cruz;Pare;Residencial;0;1;1;1;0;1;0;0;0;0;0;0;-3,76145000000;-38,56945200000;inter_match
362947;19;10;2020;15:50;9043;RUA BAR ARATANHA;RUA PDE MIGUELINHO;;;;ColisÃ£o Transversal;Luz do Dia;Bom;Seca;Cruz;Pare;Comercial;0;0;3;1;0;0;0;0;0;1;0;0;-3,74386100000;-38,53004500000;inter_match
362940;19;10;2020;15:30;0;AV GAL OSORIO DE PAIVA;;;5841;;ColisÃ£o Traseira;Luz do Dia;Bom;Seca;Meio de Quadra;SemÃ¡foro;Comercial;0;1;1;1;0;0;0;0;0;1;0;0;-3,80753400000;-38,60480400000;mq_match
362280;19;10;2020;06:30;0;RD BR 116;;;;KM-15;ColisÃ£o Lateral;Luz do Dia;;Seca;Meio de Quadra;;;0;1;1;1;0;0;0;0;0;1;0;0;-3,88232900000;-38,50111300000;rod_match
362283;19;10;2020;18:45;0;RD BR 116;;;;KM-07;Atropelamento;;;Seca;Meio de Quadra;;;0;3;0;0;0;0;0;0;0;1;0;0;-3,78627635900;-38,51156140000;rod_match
362562;19;10;2020;07:44;0;RUA RAIMUNDO NERY;RUA EINSTEIN;;0;;ColisÃ£o Transversal;Luz do Dia;Bom;Seca;Meio de Quadra;Pare;Residencial;0;1;1;0;0;0;0;0;0;1;0;0;-3,79413000000;-38,58642000000;inter_gpsv
362563;19;10;2020;09:15;22845;RUA GOV JOAO CARLOS;RUA CON LIMA SUCUPIRA;;;;ColisÃ£o Transversal;Luz do Dia;Bom;Seca;Cruz;Pare;Residencial;0;0;2;0;0;0;0;0;0;1;0;0;-3,77795100000;-38,55151800000;inter_match
362564;19;10;2020;10:57;0;RUA ARARIPE PRATA;;;34;;NÃ£o Informado;Luz do Dia;Bom;Seca;Meio de Quadra;NÃ£o HÃ¡ Controle;Comercial;0;1;1;1;0;0;0;0;0;1;0;0;-3,77639625000;-38,56815950000;mq_qgis
362565;19;10;2020;15:36;0;RUA ANGELICA GURGEL;RUA STA TEREZINHA DO MEN JES E DA SAG FACE;;195;;NÃ£o Informado;Luz do Dia;Bom;Seca;Meio de Quadra;NÃ£o HÃ¡ Controle;Comercial;0;1;0;0;0;0;0;0;0;1;0;0;-3,83580000000;-38,51455000000;inter_gpsv
362566;19;10;2020;15:30;15356;AV SEN VIRGILIO TAVORA;RUA REPUBLICA DO LIBANO;;;;ColisÃ£o Traseira;Luz do Dia;Bom;Molhada;Cruz;SemÃ¡foro;Comercial;0;1;1;1;0;0;0;0;0;1;0;0;-3,73288920000;-38,49181700000;inter_match
362567;19;10;2020;19:36;10842;RUA PRO HERIBALDO COSTA;RUA CUIABA;;;;ColisÃ£o Transversal;Via Iluminada;Bom;Seca;Cruz;Pare;Residencial;0;1;1;1;0;0;0;0;0;1;0;0;-3,76496100000;-38,58647100000;inter_match
362568;19;10;2020;20:11;738;AV FRANCISCO SA;RUA DNA MENDINHA;;;;NÃ£o Informado;Via Iluminada;Bom;Seca;Cruz;SemÃ¡foro;Residencial;0;1;0;1;0;0;0;0;0;1;0;0;-3,71266600000;-38,57123800000;inter_match
362569;19;10;2020;10:04;0;AV ENG LEAL LIMA VERDE (SAPIRANGA/COITE);;;960;;Capotamento;Via Iluminada;Bom;Seca;Meio de Quadra;NÃ£o HÃ¡ Controle;Residencial;0;2;0;1;0;0;0;0;0;0;0;0;-3,79755375000;-38,47552420000;mq_qgis
362571;19;10;2020;11:01;11332;AV GODOFREDO MACIEL;RUA ROSA CRUZ;;;;ColisÃ£o Lateral;Luz do Dia;Bom;Seca;Cruz;Pare;Comercial;0;0;2;1;1;0;0;0;0;0;0;0;-3,79781700000;-38,57033400000;inter_match
362691;19;10;2020;19:30;15392;RUA ARAUJO TORREAO;RUA INACIO VASCONCELOS;;;;ColisÃ£o Transversal;Via Iluminada;Bom;Seca;Cruz;Pare;Residencial;0;1;1;1;0;0;0;0;0;1;0;0;-3,81299400000;-38,49687300000;inter_match
365116;19;10;2020;08:00;1258;AV SANTOS DUMONT;RUA MON BRUNO;;;;ColisÃ£o Transversal;Luz do Dia;Bom;Seca;Cruz;Pare;Comercial;0;1;1;0;0;0;0;0;0;1;0;0;-3,73259500000;-38,50950600000;inter_match
362572;20;10;2020;10:43;15106;RUA JOAO CORDEIRO;RUA DRAGAO DO MAR;;0;;ColisÃ£o Lateral;Luz do Dia;Bom;Seca;Cruz;Pare;Residencial;0;1;1;1;0;0;0;0;0;1;0;0;-3,72228300000;-38,51209600000;inter_match
362573;20;10;2020;14:15;0;RUA MON CATAO;;;1300;;ColisÃ£o Lateral;Luz do Dia;Bom;Seca;Meio de Quadra;NÃ£o HÃ¡ Controle;Residencial;0;1;1;1;0;0;0;0;0;1;0;0;-3,74369600000;-38,49216700000;mq_qgis
362570;20;10;2020;07:43;0;AV 13 DE MAIO;;;441;;ColisÃ£o Traseira;Luz do Dia;Chuva;Molhada;Meio de Quadra;SemÃ¡foro;Comercial;0;0;3;1;0;0;0;0;0;0;0;0;-3,75273300000;-38,52533659000;mq_match
362579;20;10;2020;05:57;0;RUA CARLOS AMORA;;;0;;NÃ£o Informado;Luz do Dia;Bom;Seca;Meio de Quadra;NÃ£o HÃ¡ Controle;Comercial;0;1;0;1;0;0;0;0;0;0;0;0;-3,77611540000;-38,56294600000;mq_match
363870;20;10;2020;22:25;4612;AV WASHINGTON SOARES;AV OLIVEIRA PAIVA;;;;ColisÃ£o;;;;;;;0;2;0;1;0;0;0;0;0;0;0;0;-3,79569500000;-38,47990800000;inter_match
363876;20;10;2020;08:26;0;AV BEZERRA DE MENEZES;;;115;;ColisÃ£o;Luz do Dia;;;Meio de Quadra;;;0;1;0;1;0;0;0;0;0;1;0;0;-3,73182750000;-38,54582200000;mq_match
363715;20;10;2020;05:42;0;AV DR SILAS MUNGUBA;;;;;ColisÃ£o;Amanhecer;;;Meio de Quadra;;;0;1;0;0;0;0;0;0;0;0;0;0;;;
363716;20;10;2020;08:07;0;RUA DR ABDENAGO;;;420;;Queda;Luz do Dia;;;Meio de Quadra;;;0;1;0;0;0;0;0;0;0;1;0;0;-3,74102000000;-38,56934000000;mq_gpsv
363717;20;10;2020;09:58;0;AV SEN FERNANDES TAVORA;;;2870;;ColisÃ£o;Luz do Dia;;;Meio de Quadra;;;0;1;0;1;0;0;0;0;0;1;0;0;-3,75528600000;-38,59742100000;mq_match
363718;20;10;2020;10:52;0;AV CARNEIRO DE MENDONCA;;;;;Queda;Luz do Dia;;;Meio de Quadra;;;0;1;0;0;0;0;0;0;0;1;0;0;;;
363719;20;10;2020;11:00;0;AV ABOLICAO;;;3340;;ColisÃ£o;Luz do Dia;;;Meio de Quadra;;;0;1;0;1;0;0;0;0;0;1;0;0;-3,72643200000;-38,48978800000;mq_match
363720;20;10;2020;11:04;0;AV GODOFREDO MACIEL;;;3000;;ColisÃ£o;Luz do Dia;;;Meio de Quadra;;;0;1;0;1;0;0;0;0;0;1;0;0;-3,80202077800;-38,57165256000;mq_match
363721;20;10;2020;12:17;0;RUA PRO JOAQUIM NOGUEIRA D29;;;1002;;ColisÃ£o;Luz do Dia;;;Meio de Quadra;;;0;1;0;1;0;0;0;0;0;1;0;0;-3,74751900000;-38,58938100000;mq_gpsv
363816;20;10;2020;21:30;0;RUA SEN ROBERT KENNEDY;;;147;;Atropelamento;Anoitecer;;;Meio de Quadra;;;0;1;0;0;0;0;0;0;0;1;0;0;-3,70053800000;-38,57736900000;mq_match
363797;20;10;2020;12:17;0;RUA JOAQUIM NABUCO;;;1208;;ColisÃ£o;Luz do Dia;;;Meio de Quadra;;;0;1;0;1;0;0;0;0;0;1;0;0;-3,73578400000;-38,50145300000;mq_match
363800;20;10;2020;14:41;0;RUA DELMIRO FARIAS;;;55;PÃ‡A. JARDIM AMÃ‰RICA;ColisÃ£o;Luz do Dia;;;;;;0;1;0;0;0;0;0;0;0;0;0;0;-3,75547700000;-38,54149470000;mq_qgis
363803;20;10;2020;16:16;9170;AV EDUARDO GIRAO;RUA GAL SILVA JUNIOR;;;;ColisÃ£o;Luz do Dia;;;Cruz;SemÃ¡foro;Comercial;0;1;0;1;0;1;0;0;0;0;0;0;-3,75430900000;-38,53078500000;inter_match
363877;21;10;2020;08:58;0;AV JOSE BASTOS;;;;;ColisÃ£o;Luz do Dia;;;Meio de Quadra;;;0;1;0;1;0;0;0;0;0;1;0;0;;;
363878;21;10;2020;08:58;0;AV PRS COSTA E SILVA;;;2560;;ColisÃ£o;Luz do Dia;;;Meio de Quadra;;;0;1;0;0;0;0;0;0;0;1;0;0;-3,82068886000;-38,55923980000;mq_qgis
363871;21;10;2020;05:36;0;AV CEL CARVALHO;;;2824;;ColisÃ£o;Amanhecer;;;Meio de Quadra;;;0;1;0;1;0;0;0;0;0;1;0;0;-3,72839500000;-38,58503100000;mq_match
363872;21;10;2020;06:13;0;RUA POE MARIO LINHARES (J.WALTER);;;51;;Queda;Luz do Dia;;;Meio de Quadra;;;0;1;0;0;0;0;0;0;0;1;0;0;-3,82355000000;-38,55096000000;mq_gpsv
363873;21;10;2020;07:04;0;RUA STA ANGELA;;;771;;ColisÃ£o;Luz do Dia;;;Meio de Quadra;;;0;1;0;1;0;0;0;0;0;1;0;0;-3,83397343000;-38,50327260000;mq_qgis
363874;21;10;2020;07:37;0;AV JOSE BASTOS;;;4150;;ColisÃ£o;Luz do Dia;;;Meio de Quadra;;;0;1;0;1;0;0;0;0;0;1;0;0;-3,75400600000;-38,55446750000;mq_match
363875;21;10;2020;08:58;0;AV WASHINGTON SOARES;;;3340;;ColisÃ£o;Luz do Dia;;;Meio de Quadra;;;0;1;0;1;0;0;0;0;0;1;0;0;-3,78131030000;-38,48127260000;mq_match
363889;21;10;2020;17:50;0;AV MAE LISBOA;;;;;ColisÃ£o;Anoitecer;;;Meio de Quadra;;;0;1;0;0;0;0;0;0;0;1;0;0;;;
363886;21;10;2020;14:17;0;AV DR SILAS MUNGUBA;;;3038;;ColisÃ£o;Luz do Dia;;;Meio de Quadra;;;0;1;0;1;0;0;0;0;0;1;0;0;-3,78821822200;-38,54649978000;mq_match
363887;21;10;2020;15:52;0;AV GAL OSORIO DE PAIVA;;;3638;;ColisÃ£o;Luz do Dia;;;Meio de Quadra;;;0;1;0;0;0;0;0;0;0;0;0;0;-3,79236900000;-38,59003700000;mq_match
363881;21;10;2020;11:02;0;AV AGUANAMBI;;;889;;ColisÃ£o;Luz do Dia;;;Meio de Quadra;;;0;1;0;1;0;0;0;0;0;1;0;0;-3,74448667000;-38,52555820000;mq_qgis
363882;21;10;2020;11:42;0;AV ENG SANTANA JUNIOR;;;1221;;ColisÃ£o;Luz do Dia;;;Meio de Quadra;;;0;1;0;1;0;0;0;0;0;1;0;0;-3,73832500000;-38,48375600000;mq_qgis
363883;21;10;2020;12:04;0;AV CONTORNO SUL;;;937;;ColisÃ£o;Luz do Dia;;;Meio de Quadra;;;0;1;0;1;0;0;0;0;0;1;0;0;-3,83713055000;-38,51884070000;mq_qgis
363884;21;10;2020;13:16;305;RUA GAL PIRAGIBE;RUA DAMIAO FERNANDES;;;;ColisÃ£o;Luz do Dia;;;;;;0;1;0;1;0;0;0;0;0;1;0;0;-3,74358000000;-38,55677000000;inter_gpsv
363900;21;10;2020;18:04;0;AV SEN CARLOS JEREISSATI (AEROPORTO);;;;;ColisÃ£o;Anoitecer;;;Meio de Quadra;;;0;1;0;0;0;0;0;0;0;1;0;0;;;
363901;21;10;2020;18:20;0;AV SGT HERMINIO SAMPAIO;;;4588;;ColisÃ£o;Anoitecer;;;Meio de Quadra;;;0;2;0;0;0;0;0;0;0;0;0;0;-3,73201867000;-38,58050500000;mq_qgis
363903;21;10;2020;18:55;0;RUA BERNARDO MANUEL;;;8321;;ColisÃ£o;;;;Meio de Quadra;;;0;1;0;1;0;0;0;0;0;1;0;0;-3,79258421000;-38,54954940000;mq_qgis
363904;21;10;2020;19:03;0;AV MR HULL;;;;;ColisÃ£o;;;;Meio de Quadra;;;0;1;0;1;0;0;0;0;0;1;0;0;;;
364788;21;10;2020;09:32;18028;AV DIOGUINHO;RUA RENATO BRAGA;;;;ColisÃ£o;Luz do Dia;;;Cruz;SemÃ¡foro;Comercial;0;0;2;0;0;0;0;0;0;0;0;0;-3,73142800000;-38,45888900000;inter_match
364790;21;10;2020;21:30;25951;AV JOSE LEON;RUA STENIO GOMES (JD OLIVEIRAS);;;;ColisÃ£o;;;;T;Pare;Comercial;0;0;2;0;0;0;1;0;0;1;0;0;-3,78841900000;-38,49942700000;inter_match
364792;21;10;2020;13:15;9148;RUA GUILHERME MOREIRA;RUA DOM SEBASTIAO LEME;;;;ColisÃ£o;Luz do Dia;;;Cruz;Pare;Residencial;0;0;2;0;0;0;0;0;0;1;0;0;-3,75007300000;-38,52559000000;inter_match
362574;21;10;2020;07:25;0;AV ROGACIANO LEITE;;;1815;;ColisÃ£o Traseira;Luz do Dia;Bom;Seca;Meio de Quadra;NÃ£o HÃ¡ Controle;Comercial;0;1;1;1;0;0;0;0;0;1;0;0;-3,77055700000;-38,49806500000;mq_match
362575;21;10;2020;13:32;1658;RUA MON CATAO;RUA BENI DE CARVALHO;;0;;ColisÃ£o Transversal;Luz do Dia;Bom;Seca;Cruz;NÃ£o HÃ¡ Controle;Comercial;0;1;1;1;0;0;0;0;0;1;0;0;-3,74661800000;-38,49311300000;inter_match
362576;21;10;2020;14:10;9155;AV EDUARDO GIRAO;AV LUCIANO CARNEIRO;;0;;ColisÃ£o Traseira;Luz do Dia;Bom;Seca;Cruz;SemÃ¡foro;Comercial;0;0;2;1;0;0;0;0;0;0;0;0;-3,75227500000;-38,53281100000;inter_match
362577;21;10;2020;14:31;5036;RUA PESSOA ANTA;RUA BORIS;;;;ColisÃ£o Lateral;Luz do Dia;Bom;Seca;Cruz;NÃ£o HÃ¡ Controle;Comercial;0;1;1;1;0;0;0;0;0;1;0;0;-3,72097600000;-38,52101700000;inter_match
362578;21;10;2020;15:02;0;AV JOSE LEON;;;2713;;ColisÃ£o Frontal;Luz do Dia;Bom;Seca;Meio de Quadra;Pare;Escola;0;1;1;1;0;0;0;0;0;1;0;0;-3,79114400000;-38,48821200000;mq_qgis
362613;21;10;2020;08:35;22099;AV JOSE BASTOS;RUA JOSE FACANHA;;4150;;NÃ£o Informado;Luz do Dia;Bom;Seca;Meio de Quadra;NÃ£o HÃ¡ Controle;Comercial;0;2;1;1;0;0;0;0;0;1;0;0;-3,75435900000;-38,55482200000;inter_match
362284;21;10;2020;09:00;0;RD BR 116;;;;KM-06;ColisÃ£o;Luz do Dia;;Seca;Meio de Quadra;;;0;1;1;1;0;0;0;0;0;1;0;0;-3,80469100000;-38,50305300000;rod_match
362965;21;10;2020;17:20;26269;AV DIOGUINHO;AV DR ALDY MENTOR;;;;ColisÃ£o Frontal;Anoitecer;Bom;Seca;Cruz;SemÃ¡foro;Comercial;0;1;2;1;0;0;0;0;0;1;0;0;-3,75617050000;-38,44590000000;inter_match
363086;21;10;2020;07:45;0;AV GOV RAUL BARBOSA;;;3860;;ColisÃ£o Traseira;Luz do Dia;Nublado;Seca;Meio de Quadra;NÃ£o HÃ¡ Controle;Comercial;0;1;1;1;0;0;0;0;0;1;0;0;-3,75969000000;-38,50471000000;mq_gpsv
363068;21;10;2020;12:30;13368;RUA JOAO BRIGIDO;RUA J DA PENHA;;;;ColisÃ£o Traseira;Luz do Dia;Bom;Seca;Cruz;Pare;Comercial;0;0;2;0;0;0;0;0;0;1;0;0;-3,73892500000;-38,52111700000;inter_match
363065;21;10;2020;12:00;0;AV CESAR CALS;;;1231;;ColisÃ£o Transversal;Luz do Dia;Bom;Seca;Meio de Quadra;NÃ£o HÃ¡ Controle;Comercial;0;0;3;1;0;0;0;0;0;1;0;0;-3,72870283000;-38,46037930000;mq_qgis
362998;21;10;2020;21:20;25446;AV DOS EXPEDICIONARIOS;RUA EDUARDO ANGELIM;;;;ColisÃ£o Transversal;Via Iluminada;Bom;Seca;T;Outros;Residencial;0;2;1;1;0;0;0;0;0;1;0;0;-3,77059000000;-38,54292000000;inter_gpsv
363021;21;10;2020;11:00;25116;AV ROGACIANO LEITE;RUA PDE FRANCISCO PITA;;;;Outros;Luz do Dia;Bom;Seca;Cruz;SemÃ¡foro;Comercial;0;1;1;0;0;0;0;0;0;1;0;0;-3,78096000000;-38,50176600000;inter_match
363058;21;10;2020;13:30;0;AV NORTE SUL;;;;;ColisÃ£o Lateral;Luz do Dia;Bom;Seca;;;;0;0;2;0;0;0;0;0;0;1;0;0;;;
363009;21;10;2020;19:27;0;AV JOSE LEON;;;1300;;ColisÃ£o Lateral;Via Iluminada;Bom;;Meio de Quadra;SemÃ¡foro;Residencial;0;1;1;0;0;0;1;0;0;1;0;0;-3,78841900000;-38,49942700000;mq_qgis
363118;22;10;2020;09:00;5039;RUA PESSOA ANTA;AV ALBERTO NEPOMUCENO;;;;ColisÃ£o Traseira;Luz do Dia;Chuva;Molhada;;;Comercial;0;0;2;1;0;0;0;0;0;0;0;0;-3,72125700000;-38,52321200000;inter_match
363141;22;10;2020;18:45;0;AV DR THEBERGE;;;1073;;ColisÃ£o Traseira;Via Iluminada;Bom;Seca;Meio de Quadra;;Residencial;0;1;1;0;0;0;0;0;0;1;0;0;-3,71225520000;-38,56416980000;mq_qgis
362287;22;10;2020;17:00;0;RD BR 020;;;;KM 430;Tombamento;Anoitecer;;Seca;Meio de Quadra;;;0;2;0;0;0;0;0;0;0;1;0;0;-3,86876900000;-38,50833300000;rod_match
362288;22;10;2020;17:20;0;RD BR 116;;;;KM-13;ColisÃ£o Lateral;Anoitecer;;Seca;Meio de Quadra;;;0;0;2;1;0;0;0;0;0;1;0;0;-3,86467000000;-38,49772700000;rod_match
362580;22;10;2020;07:48;13156;AV D CJ JOSE WALTER;AV J CJ JOSE WALTER;;;;Choque c/ ObstÃ¡culo Fixo;Amanhecer;Chuva;Molhada;T;Pare;Residencial;0;1;0;1;0;0;0;0;0;0;0;0;-3,83159900000;-38,55583200000;inter_match
362581;22;10;2020;08:00;0;AV EDILSON B SOARES;AV MIN GENTIL BARREIRA;;0;;ColisÃ£o Transversal;Luz do Dia;Chuva;Molhada;Cruz;NÃ£o HÃ¡ Controle;Comercial;0;0;2;1;0;0;0;0;0;0;0;0;-3,78867000000;-38,47202000000;inter_gpsv
362582;22;10;2020;09:48;15160;AV ABOLICAO;RUA SILVA PAULET;;;;ColisÃ£o Traseira;Luz do Dia;Chuva;Molhada;T;NÃ£o HÃ¡ Controle;Comercial;0;0;2;1;0;0;0;0;0;1;0;0;-3,72511100000;-38,50241200000;inter_match
362583;22;10;2020;14:00;5433;RUA METON DE ALENCAR;RUA MAJ FACUNDO;;;;ColisÃ£o Transversal;Luz do Dia;Bom;Seca;Cruz;Pare;Comercial;0;1;1;1;0;0;0;0;0;1;0;0;-3,73391700000;-38,52989900000;inter_match
362584;22;10;2020;17:14;0;AV PRO GOMES DE MATOS;;;1680;;ColisÃ£o Traseira;Luz do Dia;Bom;Seca;Meio de Quadra;NÃ£o HÃ¡ Controle;Comercial;0;0;3;1;0;0;0;0;0;1;0;0;-3,76620114000;-38,54994470000;mq_qgis
362585;22;10;2020;21:28;1257;RUA COSTA BARROS;RUA SILVA PAULET;;;;ColisÃ£o Transversal;Via Iluminada;Bom;Seca;Cruz;Pare;Residencial;0;2;1;1;0;0;0;0;0;0;0;0;-3,73256500000;-38,50479900000;inter_match
364794;22;10;2020;15:05;0;RUA ROBERTO SILVA;;;70;;Choque c/ ObstÃ¡culo Fixo;Luz do Dia;;;Meio de Quadra;;;0;0;1;0;0;0;0;0;0;0;0;0;-3,77260782000;-38,47579000000;mq_qgis
363924;22;10;2020;08:51;9358;RUA COS LAFAYETE;RUA ALBERTO DE OLIVEIRA;;;;ColisÃ£o;Luz do Dia;;;;Pare;Comercial;0;1;0;1;0;0;0;0;0;1;0;0;-3,71832100000;-38,57937100000;inter_match
363925;22;10;2020;00:55;0;RUA JOSE VILAR;;;2180;;Queda;;;;Meio de Quadra;;;0;1;0;0;0;0;0;0;0;1;0;0;-3,74348000000;-38,50714000000;mq_gpsv
363926;22;10;2020;09:01;22176;AV ENG HUMBERTO MONTE;AV JOSE BASTOS;;;;ColisÃ£o;Luz do Dia;;;T;SemÃ¡foro;Comercial;0;1;0;1;0;0;0;0;0;1;0;0;-3,75496600000;-38,55545500000;inter_match
363927;22;10;2020;09:05;0;AV ANTONIO SALES;;;3410;;Queda;Luz do Dia;;;Meio de Quadra;;;0;1;0;0;0;0;0;0;0;1;0;0;-3,74791600000;-38,49449400000;mq_match