COD_ACIDENTE;DIA;MES;ANO;HORA;INTERSECAO;LOG1;LOG2;LOG3;NUMERO;REFERENCIA;NATUREZA;ILUMINACAO;TEMPO;SUPERFICIEPISTA;TIPOCRUZAMENTO;CONTROLETRAFEGO;USOSOLO;MORTOS;FERIDOS;ILESOS;AUTOMOVEL;ONIBUS;BICICLETA;CAMINHAO;MICROONIBUS;CICLOMOTOR;MOTOCICLETA;TRACAOANIMAL;TREM;LATITUDE;LONGITUDE;METODO
363928;22;10;2020;09:50;0;RUA DES PRAXEDES;;;210;;Atropelamento;Luz do Dia;;;Meio de Quadra;;;0;1;0;1;0;0;0;0;0;0;0;0;-3,75808000000;-38,55191000000;mq_match
363929;22;10;2020;10:31;0;AV PRS COSTA E SILVA;;;2230;;Queda;Luz do Dia;;;Meio de Quadra;;;0;1;0;0;0;0;0;0;0;1;0;0;-3,81953857000;-38,56164820000;mq_qgis
363930;22;10;2020;10:56;0;RUA PERNAMBUCO;;;1891;;Atropelamento;Luz do Dia;;;Meio de Quadra;;;0;1;0;0;0;0;0;0;0;1;0;0;-3,75539728200;-38,57436685000;mq_match
363931;22;10;2020;12:04;0;AV DUQ CAXIAS;;;101;;Atropelamento;Luz do Dia;;;Meio de Quadra;;;0;1;0;1;0;0;0;0;0;0;0;0;-3,73313700000;-38,52570400000;mq_match
363932;22;10;2020;12:07;7579;RUA BANDEIRA DE MELO;RUA CAPRICHO;;;;ColisÃ£o;Luz do Dia;;;;;;0;1;0;0;0;0;0;0;0;1;0;0;-3,78736000000;-38,52517000000;inter_gpsv
363933;22;10;2020;13:38;0;AV DOS EXPEDICIONARIOS;;;5425;;ColisÃ£o;Luz do Dia;;;Meio de Quadra;;;0;1;0;0;0;0;0;0;0;1;0;0;-3,76699086000;-38,54180080000;mq_qgis
363934;22;10;2020;13:43;1424;RUA CARLOS VASCONCELOS;AV HERACLITO GRACA;;;;ColisÃ£o;Luz do Dia;;;Cruz;SemÃ¡foro;Comercial;0;1;0;0;0;0;0;0;0;1;0;0;-3,73759000000;-38,51228500000;inter_match
363935;22;10;2020;14:45;0;AV BENJAMIM BRASIL;;;430;;Queda;Luz do Dia;;;Meio de Quadra;;;0;1;0;0;0;0;0;0;0;1;0;0;-3,80414100000;-38,56921900000;mq_qgis
363936;22;10;2020;15:26;19820;AV JOVITA FEITOSA;RUA GAL PIRAGIBE;;;;ColisÃ£o;Luz do Dia;;;Cruz;SemÃ¡foro;Residencial;0;1;0;1;0;0;0;0;0;1;0;0;-3,74004900000;-38,55748400000;inter_match
363937;22;10;2020;19:29;0;RUA PAULA NEI;;;729;;ColisÃ£o;;;;Meio de Quadra;;;0;1;0;1;0;0;0;0;0;1;0;0;-3,74160841000;-38,49179820000;mq_qgis
363938;22;10;2020;18:04;0;RUA D JD MESSEJANA;;;3185;;ColisÃ£o;Anoitecer;;;Meio de Quadra;;;0;1;0;0;0;0;0;0;0;0;0;0;;;
363939;22;10;2020;18:12;0;AV CARNEIRO DE MENDONCA;;;583;;ColisÃ£o;Anoitecer;;;Meio de Quadra;;;0;1;0;0;0;0;0;0;0;0;0;0;-3,76498600000;-38,56508000000;mq_match
363910;22;10;2020;05:50;0;AV FRANCISCO SA;;;;;ColisÃ£o;Amanhecer;;;Meio de Quadra;;;0;1;0;1;0;0;0;0;0;1;0;0;;;
363912;22;10;2020;06:02;0;RUA LEONARDO MOTA;;;716;;Queda;Luz do Dia;;;Meio de Quadra;;;0;1;0;0;0;0;0;0;0;1;0;0;-3,73249420000;-38,49501000000;mq_qgis
363914;22;10;2020;06:51;0;RUA CON DE CASTRO;;;3032;;ColisÃ£o;Luz do Dia;;;Meio de Quadra;;;0;1;0;1;0;0;0;0;0;1;0;0;-3,79535700000;-38,58300300000;mq_match
363916;22;10;2020;06:59;0;AV GODOFREDO MACIEL;;;;;ColisÃ£o;Luz do Dia;;;Meio de Quadra;;;0;1;0;1;0;0;0;0;0;1;0;0;;;
363918;22;10;2020;07:04;0;RUA EURICO MEDINA;;;1150;;Queda;Luz do Dia;;;Meio de Quadra;;;0;1;0;0;0;0;0;0;0;1;0;0;-3,76288242000;-38,58826430000;mq_qgis
363920;22;10;2020;07:32;0;AV 13 DE MAIO;;;825;;ColisÃ£o;Luz do Dia;;;Meio de Quadra;;;0;1;0;1;0;0;0;0;0;1;0;0;-3,75150300000;-38,52734000000;mq_match
363941;22;10;2020;10:37;0;RUA LUIS VIEIRA;;;166;;Atropelamento;Luz do Dia;;;Meio de Quadra;;;0;1;0;0;0;0;0;0;0;1;0;0;-3,79683828000;-38,58626270000;mq_qgis
363942;22;10;2020;18:55;0;RUA PEDRO DE SOUZA;;;558;;Queda;;;;Meio de Quadra;;;0;1;0;0;0;0;0;0;0;1;0;0;-3,85224843000;-38,50038670000;mq_qgis
363943;22;10;2020;19:09;0;AV GODOFREDO MACIEL;;;;;ColisÃ£o;;;;Meio de Quadra;;;0;2;0;1;0;0;0;0;0;1;0;0;;;
363945;22;10;2020;19:40;0;RUA PDE GUERRA;;;755;;ColisÃ£o;;;;Meio de Quadra;;;0;1;0;0;0;0;0;0;0;0;0;0;-3,73755836000;-38,55099990000;mq_qgis
363947;22;10;2020;20:16;0;AV WASHINGTON SOARES;;;;;ColisÃ£o;;;;Meio de Quadra;;;0;1;0;1;0;1;0;0;0;0;0;0;;;
363948;22;10;2020;20:22;0;AV BEZERRA DE MENEZES;;;342;;Queda;;;;Meio de Quadra;;;0;1;0;0;0;1;0;0;0;0;0;0;-3,73223086000;-38,54788040000;mq_qgis
363949;22;10;2020;20:57;1257;RUA COSTA BARROS;RUA SILVA PAULET;;;;ColisÃ£o;;;;Cruz;Pare;Residencial;0;1;0;0;0;0;0;0;0;0;0;0;-3,73256500000;-38,50479900000;inter_match
363950;22;10;2020;22:17;0;AV JOSE BASTOS;;;4000;;Acidente Pessoal;;;;Meio de Quadra;;;0;2;0;0;0;0;0;0;0;0;0;0;-3,75329550000;-38,55375650000;mq_match
363951;22;10;2020;07:54;5466;AV VIS RIO BRANCO;RUA METON DE ALENCAR;;;;ColisÃ£o;Luz do Dia;;;Cruz;SemÃ¡foro;Comercial;0;1;0;0;0;0;0;0;0;1;0;0;-3,73577000000;-38,52415300000;inter_match
363955;23;10;2020;09:39;0;AV DIOGUINHO;;;3999;;ColisÃ£o;Luz do Dia;;;Meio de Quadra;;;0;1;1;0;0;0;0;0;0;0;0;0;-3,75010000000;-38,44873000000;mq_gpsv
363956;23;10;2020;11:46;0;AV PERIMETRAL;;;669;;ColisÃ£o;Luz do Dia;;;Meio de Quadra;;;0;1;0;1;0;0;0;0;0;1;0;0;;;
363957;23;10;2020;12:06;9069;RUA LAURO MAIA;RUA GUILHERME MOREIRA;;;;ColisÃ£o;Luz do Dia;;;Cruz;Pare;Residencial;0;1;0;1;0;0;0;0;0;0;0;0;-3,74967300000;-38,52239900000;inter_match
363958;23;10;2020;12:59;0;RUA JABORANDI;;;1838;;ColisÃ£o;Luz do Dia;;;Meio de Quadra;;;0;1;0;1;0;0;0;0;0;1;0;0;-3,84268800000;-38,51875900000;mq_qgis
363960;23;10;2020;14:43;0;RUA GERMANO FRANCK;;;765;;ColisÃ£o;Luz do Dia;;;Meio de Quadra;;;0;1;0;1;0;0;0;0;0;1;0;0;-3,77790711000;-38,56278340000;mq_qgis
363961;23;10;2020;15:06;0;RD CE-040;;;;;Atropelamento;Luz do Dia;;;Meio de Quadra;;;0;1;0;0;0;0;0;0;0;0;0;0;;;
363964;23;10;2020;15:14;0;AV GAL OSORIO DE PAIVA;;;;;ColisÃ£o;Luz do Dia;;;Meio de Quadra;;;0;1;0;1;0;0;0;0;0;1;0;0;;;
363965;23;10;2020;15:40;0;RUA JOSE MARTINS;;;1935;;ColisÃ£o;Luz do Dia;;;Meio de Quadra;;;0;1;0;1;0;0;0;0;0;1;0;0;-3,78646000000;-38,60940000000;mq_gpsv
363966;23;10;2020;16:16;0;AV GODOFREDO MACIEL;;;393;;ColisÃ£o;Luz do Dia;;;Meio de Quadra;;;0;1;0;1;0;0;0;0;0;1;0;0;-3,77984564000;-38,56480520000;mq_qgis
363967;23;10;2020;17:33;0;AV MR HULL;;;5000;;ColisÃ£o;Anoitecer;;;Meio de Quadra;;;0;1;0;0;0;0;1;0;0;1;0;0;-3,73921061400;-38,58867060000;mq_match
363968;23;10;2020;17:34;0;RUA MARIA GOMES DE SA;;;;;ColisÃ£o;Anoitecer;;;Meio de Quadra;;;0;1;0;0;0;1;0;0;0;1;0;0;;;
363969;23;10;2020;17:58;0;RUA MARQ DE ABRANTES;;;890;;Acidente Pessoal;Anoitecer;;;Meio de Quadra;;;0;1;0;1;0;0;0;0;0;1;0;0;;;
363972;23;10;2020;18:08;0;RUA PDE VALDEVINO;;;;;Atropelamento;Anoitecer;;;Meio de Quadra;;;0;1;0;0;0;0;0;0;0;1;0;0;;;
363974;23;10;2020;18:13;13534;AV SORIANO ALBUQUERQUE;RUA JOAO CORDEIRO;;;;ColisÃ£o;Anoitecer;;;Cruz;Pare;Residencial;0;1;0;0;0;0;0;0;0;0;0;0;-3,74787100000;-38,51945800000;inter_match
363976;23;10;2020;20:13;0;AV GODOFREDO MACIEL;;;922;;ColisÃ£o;;;;Meio de Quadra;;;0;1;0;1;0;0;0;0;0;0;0;0;-3,78488140000;-38,56648300000;mq_match
363977;23;10;2020;20:42;0;RUA PDE PERDIGAO SAMPAIO;;;661;;ColisÃ£o;;;;Meio de Quadra;;;0;1;0;1;0;0;0;0;0;1;0;0;-3,74225500000;-38,59433100000;mq_match
363978;23;10;2020;21:01;0;AV DOS EXPEDICIONARIOS;;;4474;;ColisÃ£o;;;;Meio de Quadra;;;0;1;0;1;0;0;0;0;0;1;0;0;-3,75749439400;-38,53894512000;mq_match
363979;23;10;2020;22:25;0;RUA ROSA LEITE OLIVEIRA;;;1089;;ColisÃ£o;;;;Meio de Quadra;;;0;1;0;1;0;0;0;0;0;1;0;0;-3,72791000000;-38,58729000000;mq_gpsv
363980;23;10;2020;23:05;0;RUA CON DE CASTRO;;;3951;;ColisÃ£o;;;;Meio de Quadra;;;0;2;0;1;0;0;0;0;0;1;0;0;;;
364796;23;10;2020;20:50;0;RUA OSCAR ARARIPE;;;3611;;ColisÃ£o;;;;Meio de Quadra;;;0;0;1;0;0;0;0;0;0;0;0;0;-3,78387000000;-38,62293900000;mq_match
364797;23;10;2020;14:10;0;AV MAE MANOEL MAVIGNIER;;;6321;;ColisÃ£o;Luz do Dia;;;Meio de Quadra;;;0;0;2;0;0;0;0;0;0;0;0;0;;;
364799;23;10;2020;16:10;0;AV WASHINGTON SOARES;;;2601;;Outros;Luz do Dia;;;Meio de Quadra;;;0;0;1;0;0;0;0;0;0;1;0;0;-3,78280000000;-38,48095000000;mq_gpsv
362586;23;10;2020;09:50;5466;AV VIS RIO BRANCO;RUA METON DE ALENCAR;;0;;ColisÃ£o Traseira;Luz do Dia;Bom;Seca;Cruz;SemÃ¡foro;Comercial;0;2;0;0;0;0;0;0;0;1;0;0;-3,73577000000;-38,52415300000;inter_match
362587;23;10;2020;10:39;0;RUA NOGUEIRA ACIOLI;;;1462;;NÃ£o Informado;Luz do Dia;Bom;Seca;;;;0;1;1;1;0;0;0;0;0;1;0;0;-3,73639000000;-38,51899500000;mq_qgis
362588;23;10;2020;11:37;22990;AV DR SILAS MUNGUBA;RUA AMERICO VESPUCIO;;;;Capotamento;Luz do Dia;Bom;Seca;T;SemÃ¡foro;Comercial;0;0;2;1;0;0;0;0;0;0;0;0;-3,78656440000;-38,54987000000;inter_match
362589;23;10;2020;13:00;0;AV GAL OSORIO DE PAIVA;;;2962;;ColisÃ£o Traseira;Luz do Dia;Bom;Seca;;;;0;1;1;0;0;0;0;0;0;1;0;0;-3,78858500000;-38,58635150000;mq_match
362590;23;10;2020;19:14;22157;RUA DELMIRO FARIAS;RUA MON FURTADO;;0;;ColisÃ£o Transversal;Anoitecer;Bom;Seca;Cruz;NÃ£o HÃ¡ Controle;Comercial;0;1;1;1;0;0;0;0;0;1;0;0;-3,74754400000;-38,55055000000;inter_match
362591;23;10;2020;21:41;0;AV GAL OSORIO DE PAIVA;;;14;;ColisÃ£o Lateral;Via Iluminada;Bom;Seca;Outros;Pare;Residencial;0;1;1;1;0;0;0;0;0;0;0;0;-3,77179500000;-38,56229900000;mq_match
362592;23;10;2020;21:21;0;RUA LEONARDO MOTA;;;715;;ColisÃ£o Lateral;Via Iluminada;Bom;Seca;Meio de Quadra;Gesto;Comercial;0;1;1;0;0;0;0;0;0;1;0;0;-3,73261854500;-38,49504945000;mq_match
362593;23;10;2020;20:00;19578;AV GODOFREDO MACIEL;RUA ROQUET PINTO;;0;;Engavetamento;Via Iluminada;Bom;Seca;T;SemÃ¡foro;Comercial;0;0;0;1;0;0;0;0;0;0;0;0;-3,78441800000;-38,56618200000;inter_match
362594;23;10;2020;20:54;0;RUA 20 CJ JOSE WALTER;;;15;;Choque c/ ObstÃ¡culo Fixo;Anoitecer;Bom;Seca;Meio de Quadra;NÃ£o HÃ¡ Controle;Residencial;0;1;0;0;0;0;0;0;0;0;0;0;-3,82673204000;-38,55156980000;mq_qgis
362289;23;10;2020;18:00;0;RD BR 116;;;;KM-02;Engavetamento;Anoitecer;;Seca;Meio de Quadra;;;0;1;3;1;0;0;0;0;0;1;0;0;-3,77139100000;-38,51678000000;rod_match
363172;23;10;2020;21:00;0;AV PRS CASTELO BRANCO;;;3732;;ColisÃ£o Frontal;Via Iluminada;Bom;Seca;Meio de Quadra;SemÃ¡foro Intermitente;Escola;0;1;1;0;1;0;0;0;0;1;0;0;-3,70942500000;-38,56540400000;mq_qgis
363168;23;10;2020;09:30;0;AV DIOGUINHO;;;2800;;ColisÃ£o Traseira;Luz do Dia;Bom;Seca;Meio de Quadra;Outros;Comercial;0;1;1;0;1;0;0;0;0;0;0;0;-3,74052000000;-38,45397000000;mq_gpsv
363324;23;10;2020;22:00;12826;AV DOS EXPEDICIONARIOS;RUA ANDRE CHAVES;;;;ColisÃ£o Transversal;Anoitecer;Bom;Seca;Cruz;SemÃ¡foro;Residencial;0;1;1;1;0;0;0;0;0;1;0;0;-3,75734500000;-38,53890300000;inter_match
363341;24;10;2020;08:59;0;RUA SOLON PINHEIRO;;;1041;;ColisÃ£o;Luz do Dia;;;Meio de Quadra;;;0;1;1;1;0;0;0;0;0;1;0;0;-3,73958000000;-38,52917000000;mq_gpsv
363339;24;10;2020;08:25;1289;AV SANTOS DUMONT;RUA SILVA PAULET;;;;ColisÃ£o;Luz do Dia;;;Cruz;Pare;Comercial;0;1;1;1;0;0;0;0;0;1;0;0;-3,73398500000;-38,50525800000;inter_match
363331;24;10;2020;00:54;0;RUA VITAL BRASIL;;;1759;;ColisÃ£o;;;;Meio de Quadra;;;0;1;1;1;0;0;0;0;0;1;0;0;-3,77842312000;-38,59654730000;mq_qgis
363332;24;10;2020;00:59;0;AV ROGACIANO LEITE;;;2160;;ColisÃ£o;;;;Meio de Quadra;;;0;1;1;0;0;0;0;0;0;0;0;0;-3,77382500000;-38,49911100000;mq_match
363333;24;10;2020;05:09;6941;AV PENETRACAO NORTE SUL;AV CONTORNO NORTE D71;;;;ColisÃ£o;Amanhecer;;;;;;0;1;1;1;0;0;0;0;0;1;0;0;-3,81123500000;-38,58992100000;inter_match
363334;24;10;2020;06:41;0;AV GAL OSORIO DE PAIVA;;;6128;;ColisÃ£o;Luz do Dia;;;Meio de Quadra;;;0;2;0;1;0;0;0;0;0;1;0;0;-3,80998900000;-38,60713200000;mq_match
363335;24;10;2020;06:56;0;AV GAL OSORIO DE PAIVA;;;4249;;Queda;Luz do Dia;;;Meio de Quadra;;;0;1;0;0;0;0;0;0;0;1;0;0;-3,79609462000;-38,59371500000;mq_qgis
363336;24;10;2020;07:26;26246;RUA ANTONIO NERY;RUA JOSE ABILIO;;;;ColisÃ£o;Luz do Dia;;;Cruz;Pare;Residencial;0;1;1;0;0;0;0;0;0;0;0;0;-3,78301377400;-38,60155828600;inter_match
363337;24;10;2020;07:59;0;RUA POMPILIO GOMES;;;1911;;ColisÃ£o;Luz do Dia;;;Meio de Quadra;;;0;2;0;0;0;0;0;0;0;1;0;0;-3,82855829000;-38,52125800000;mq_qgis
363372;24;10;2020;11:52;0;RUA POMPILIO GOMES;;;271;;ColisÃ£o;Luz do Dia;;;Meio de Quadra;;;0;1;1;1;0;0;0;0;0;1;0;0;;;
363369;24;10;2020;11:26;0;RUA CON DE CASTRO;;;1140;;Queda;Luz do Dia;;;Meio de Quadra;;;0;1;0;0;0;0;0;0;0;1;0;0;-3,78197400000;-38,57064300000;mq_match
363347;24;10;2020;11:19;0;RUA FRANCISCO PAIVA;;;1119;;ColisÃ£o;Luz do Dia;;;Meio de Quadra;;;0;1;1;1;0;0;0;0;0;1;0;0;-3,79209000000;-38,61465000000;mq_gpsv
363345;24;10;2020;10:18;0;AV SANTOS DUMONT;;;7700;;ColisÃ£o;Luz do Dia;;;Meio de Quadra;;;0;1;1;1;0;1;0;0;0;0;0;0;-3,74723000000;-38,46421950000;mq_match
363385;24;10;2020;15:13;0;AV CEL CARVALHO;;;2021;;ColisÃ£o;Luz do Dia;;;Meio de Quadra;;;0;1;1;1;0;0;0;0;0;1;0;0;-3,72033150000;-38,58718090000;mq_qgis
363378;24;10;2020;11:54;0;AV GAL OSORIO DE PAIVA;;;7627;;ColisÃ£o;Luz do Dia;;;Meio de Quadra;;;0;1;1;1;0;0;0;0;0;1;0;0;-3,81901000000;-38,61580000000;mq_gpsv
363379;24;10;2020;13:02;0;RUA PORTO VELHO;;;1434;;ColisÃ£o;Luz do Dia;;;Meio de Quadra;;;0;1;1;0;0;0;1;0;0;1;0;0;-3,76348977000;-38,59164340000;mq_qgis
363382;24;10;2020;15:01;0;RUA PDE PEDRO DE ALENCAR;;;2363;;Queda;Luz do Dia;;;Meio de Quadra;;;0;1;0;0;0;0;0;0;0;1;0;0;;;
363387;24;10;2020;16:20;0;RUA STA ROSA D20/21 (JACARECANGA);;;401;;Atropelamento;Luz do Dia;;;Meio de Quadra;;;0;1;1;0;0;0;0;0;0;1;0;0;-3,71287082000;-38,55333650000;mq_qgis
363394;24;10;2020;16:42;0;AV WASHINGTON LUIS;;;169;;Atropelamento;Luz do Dia;;;Meio de Quadra;;;0;1;1;0;0;0;0;0;0;0;0;0;-3,71716424000;-38,59067060000;mq_qgis
363395;24;10;2020;17:40;0;RUA PROF. MANOEL LOURENCO;;;419;;ColisÃ£o;Anoitecer;;;Meio de Quadra;;;0;1;1;1;0;0;0;0;0;1;0;0;-3,80548000000;-38,62600000000;mq_gpsv
363413;24;10;2020;22:16;0;AV GODOFREDO MACIEL;;;4606;;ColisÃ£o;;;;Meio de Quadra;;;0;1;1;1;0;0;0;0;0;1;0;0;-3,81543000000;-38,57483000000;mq_gpsv
363414;24;10;2020;22:49;19833;AV ENG HUMBERTO MONTE;AV JOVITA FEITOSA;;;;ColisÃ£o;;;;Cruz;SemÃ¡foro;Comercial;0;1;1;1;0;0;0;0;0;1;0;0;-3,74196300000;-38,56654400000;inter_match
363404;24;10;2020;17:51;13070;AV C CJ JOSE WALTER;AV JOAO DE ARAUJO LIMA;;;;ColisÃ£o;Anoitecer;;;Outros;SemÃ¡foro;Residencial;0;1;1;1;0;0;0;0;0;1;0;0;-3,82760400000;-38,55936800000;inter_match
363408;24;10;2020;20:10;0;AV VICENTE DE CASTRO;;;1700;;ColisÃ£o;;;;Meio de Quadra;;;0;1;1;1;0;0;0;0;0;1;0;0;-3,72134000000;-38,47826000000;mq_gpsv
363409;24;10;2020;21:11;0;AV GAL OSORIO DE PAIVA;;;857;;ColisÃ£o;;;;Meio de Quadra;;;0;1;1;1;0;0;0;0;0;1;0;0;-3,77790600000;-38,57011500000;mq_match
363406;24;10;2020;18:26;0;RUA BOM JESUS (GRANJA LISBOA);;;2413;;ColisÃ£o;Anoitecer;;;Meio de Quadra;;;0;1;1;1;0;0;0;0;0;1;0;0;-3,79017438000;-38,61429720000;mq_qgis
363175;24;10;2020;09:04;0;RUA COSME JERONIMO;;;1281;;ColisÃ£o Frontal;Luz do Dia;Bom;Seca;Meio de Quadra;NÃ£o HÃ¡ Controle;Residencial;0;1;1;1;1;0;0;0;0;0;0;0;-3,82352000000;-38,58731000000;mq_gpsv
363206;24;10;2020;14:10;14367;RUA NAT FEIJO;RUA GERSON FARIAS;;;;ColisÃ£o Transversal;Luz do Dia;Bom;Seca;Duplo T;NÃ£o HÃ¡ Controle;Residencial;0;3;1;1;0;0;0;0;0;1;0;0;-3,72238600000;-38,55239900000;inter_match
362595;24;10;2020;03:02;0;AV BORGES DE MELO;;;1591;;ColisÃ£o Lateral;Luz do Dia;Nublado;Seca;Meio de Quadra;SemÃ¡foro;Comercial;0;1;1;1;0;0;0;0;0;0;0;0;-3,75772900000;-38,53262900000;mq_match
362597;24;10;2020;13:14;0;RUA DOM HENRIQUE;RUA ANTONIO COSTA MENDES;;0;;ColisÃ£o Lateral;Luz do Dia;Bom;Seca;Meio de Quadra;Pare;Comercial;0;1;1;1;0;0;0;0;0;1;0;0;-3,78757630000;-38,58146860000;inter_match
362598;24;10;2020;19:11;0;AV 13 DE MAIO;;;2264;;ColisÃ£o;Via Iluminada;Bom;NÃ£o informada;Meio de Quadra;NÃ£o HÃ¡ Controle;Comercial;0;0;2;1;0;0;0;0;0;1;0;0;-3,74294500000;-38,53679500000;mq_qgis
362599;24;10;2020;20:53;0;AV DA INDEPENDENCIA;;;2135;;ColisÃ£o Transversal;Via Iluminada;Bom;Seca;Meio de Quadra;NÃ£o HÃ¡ Controle;Residencial;0;0;1;1;0;0;0;0;0;0;0;0;-3,72454250000;-38,59900550000;mq_qgis
362600;24;10;2020;21:35;0;RUA VITAL BRASIL;;;1495;;Engavetamento;Via Iluminada;Bom;Seca;Meio de Quadra;NÃ£o HÃ¡ Controle;Residencial;0;0;3;1;0;0;0;0;0;0;0;0;-3,77908265000;-38,59421690000;mq_qgis
364816;24;10;2020;10:10;0;RUA CEL FABRICIANO;;;;;ColisÃ£o;Luz do Dia;;;Meio de Quadra;;;0;0;2;0;1;0;0;0;0;1;0;0;;;
364818;24;10;2020;11:35;0;RUA VALPARAISO;;;1292;;ColisÃ£o;Luz do Dia;;;Meio de Quadra;;;0;0;2;0;0;0;0;0;0;1;0;0;-3,84075158000;-38,52999820000;mq_qgis
364263;24;10;2020;14:47;0;AV LUCIANO CARNEIRO;;;2585;;ColisÃ£o;Luz do Dia;;;Meio de Quadra;;;0;1;0;1;0;0;0;0;0;1;0;0;-3,77092100000;-38,53851800000;mq_match
364820;25;10;2020;16:50;15205;AV ABOLICAO;RUA OSVALDO CRUZ (ALDEOTA);;;;ColisÃ£o;Luz do Dia;;;Cruz;SemÃ¡foro;Comercial;0;0;2;1;0;0;0;0;0;1;0;0;-3,72669000000;-38,49744500000;inter_match
364822;25;10;2020;04:35;0;RD CE-040;;;;KM-11;ColisÃ£o;Luz do Dia;;;Meio de Quadra;;;0;0;1;1;0;0;0;0;0;0;0;0;-3,84962623000;-38,47606989000;rod_match
362601;25;10;2020;02:04;0;AV SGT HERMINIO SAMPAIO;;;1511;;Engavetamento;Via Iluminada;Bom;Seca;Meio de Quadra;NÃ£o HÃ¡ Controle;Residencial;0;0;5;1;0;0;0;0;0;0;0;0;-3,72519445900;-38,55406895000;mq_match
362602;25;10;2020;06:45;1280;RUA ILDEFONSO ALBANO;RUA PINTO MADEIRA;;;;ColisÃ£o Transversal;Luz do Dia;Bom;Seca;Cruz;SemÃ¡foro;Comercial;0;1;3;1;0;0;0;0;0;0;0;0;-3,73361000000;-38,51331700000;inter_match
362603;25;10;2020;08:22;0;RUA GUSTAVO SAMPAIO;;;1413;;Choque c/ ObstÃ¡culo Fixo;Luz do Dia;Bom;Seca;Meio de Quadra;NÃ£o HÃ¡ Controle;Residencial;0;2;0;0;0;0;0;0;0;0;0;0;-3,73543500000;-38,55731300000;mq_qgis
362604;25;10;2020;13:53;0;RUA DOM HENRIQUE;RUA ANTONIO COSTA MENDES;;0;;ColisÃ£o;Luz do Dia;Bom;NÃ£o informada;;;;0;2;1;1;0;0;0;0;0;1;0;0;-3,78757630000;-38,58146860000;inter_match
362605;25;10;2020;13:50;0;RUA NUNES VALENTE;;;1978;;ColisÃ£o Transversal;Luz do Dia;Bom;Seca;Meio de Quadra;NÃ£o HÃ¡ Controle;Residencial;0;1;1;1;0;0;0;0;0;1;0;0;-3,74103833000;-38,50527360000;mq_qgis
362606;25;10;2020;14:16;0;RUA OSVALDO CRUZ;AV ABOLICAO;;0;;ColisÃ£o Transversal;Luz do Dia;Bom;Seca;Meio de Quadra;SemÃ¡foro;Comercial;0;1;1;0;0;0;0;0;0;1;0;0;-3,72664870000;-38,49745100000;inter_match
362607;25;10;2020;15:56;0;RUA CON DE CASTRO;;;4126;;ColisÃ£o;Luz do Dia;Bom;Seca;Meio de Quadra;NÃ£o HÃ¡ Controle;Residencial;0;1;1;0;1;0;0;0;0;1;0;0;-3,80216030000;-38,58946600000;mq_match
362608;25;10;2020;15:10;24104;AV CESAR CALS;RUA HERMINIA BONAVIDES;;0;;ColisÃ£o Transversal;Luz do Dia;Bom;Seca;T;Pare;Residencial;0;0;2;1;0;0;0;0;0;0;0;0;-3,72953700000;-38,45992600000;inter_match
362609;25;10;2020;22:28;12425;RUA RIBEIRO LEITAO;ET PICI;;;;Atropelamento;Via Iluminada;Bom;Seca;Cruz;NÃ£o HÃ¡ Controle;Residencial;1;0;1;1;0;0;0;0;0;0;0;0;-3,75920000000;-38,57552000000;inter_gpsv
362292;25;10;2020;19:57;0;RD BR 116;;;;KM-08;Tombamento;;;Seca;Meio de Quadra;;;0;0;2;1;0;0;0;0;0;1;0;0;-3,82201800000;-38,50326900000;rod_match
363221;25;10;2020;13:05;3853;AV 13 DE MAIO;RUA DOS PRACINHAS;;;;ColisÃ£o Lateral;Luz do Dia;Bom;Seca;Cruz;SemÃ¡foro;Comercial;0;1;1;1;0;0;0;0;0;1;0;0;-3,73767000000;-38,54278900000;inter_match
363254;25;10;2020;12:20;0;RUA BENTO ALBUQUERQUE;;;1190;;ColisÃ£o Transversal;Luz do Dia;Bom;;Meio de Quadra;Outros;Residencial;0;0;2;0;0;0;0;0;0;1;0;0;-3,74518736000;-38,47872140000;mq_qgis
363421;25;10;2020;00:28;0;RUA C (LOT PRQ ARACAPE);;;482;;ColisÃ£o;;;;Meio de Quadra;;;0;1;1;0;0;0;0;0;0;0;0;0;;;
363434;25;10;2020;01:58;5295;AV IMPERADOR;RUA PEDRO I;;;;ColisÃ£o;;;;Cruz;SemÃ¡foro;Comercial;0;1;1;1;0;0;0;0;0;1;0;0;-3,72916100000;-38,53503500000;inter_match
363435;25;10;2020;01:58;0;AV IMPERADOR;;;;;Atropelamento;;;;Meio de Quadra;;;0;1;1;0;0;0;0;0;0;0;0;0;;;
363436;25;10;2020;02:26;0;AV OLAVO BILAC;;;423;;Queda;;;;Meio de Quadra;;;0;2;0;0;0;0;0;0;0;1;0;0;-3,72485721000;-38,56571320000;mq_qgis
363437;25;10;2020;02:36;0;RUA MANUEL CASTELO BRANCO;;;1375;;ColisÃ£o;;;;Meio de Quadra;;;0;1;1;1;0;0;0;0;0;1;0;0;-3,83381000000;-38,48257900000;mq_match
363431;25;10;2020;01:49;4650;RUA PEDRO LAZAR;RUA DES JOSE GIL DE CARVALHO;;;;ColisÃ£o;;;;Cruz;Pare;Residencial;0;1;1;1;0;0;0;0;0;1;0;0;-3,80270770000;-38,48842600000;inter_match