COD_ACIDENTE;DIA;MES;ANO;HORA;INTERSECAO;LOG1;LOG2;LOG3;NUMERO;REFERENCIA;NATUREZA;ILUMINACAO;TEMPO;SUPERFICIEPISTA;TIPOCRUZAMENTO;CONTROLETRAFEGO;USOSOLO;MORTOS;FERIDOS;ILESOS;AUTOMOVEL;ONIBUS;BICICLETA;CAMINHAO;MICROONIBUS;CICLOMOTOR;MOTOCICLETA;TRACAOANIMAL;TREM;LATITUDE;LONGITUDE;METODO
363440;25;10;2020;08:23;0;AV CEL CARVALHO;;;;;Queda;Luz do Dia;;;Meio de Quadra;;;0;1;0;0;0;0;0;0;0;1;0;0;;;
363424;25;10;2020;01:20;0;RD DR MENDEL STEINBRUCH;;;;;Queda;;;;Meio de Quadra;;;0;1;0;0;0;0;0;0;0;1;0;0;;;
363445;25;10;2020;10:01;0;RUA PRO FRANCISCO GONCALVES;;;1271;;ColisÃ£o;Luz do Dia;;;Meio de Quadra;;;0;1;1;1;0;0;0;0;0;1;0;0;-3,74985000000;-38,49172000000;mq_gpsv
363442;25;10;2020;08:25;12837;AV DOMINGOS OLIMPIO;RUA JAIME BENEVOLO;;;;ColisÃ£o;Luz do Dia;;;Cruz;SemÃ¡foro;Comercial;0;1;1;1;0;0;0;0;0;1;0;0;-3,73778000000;-38,52724500000;inter_match
363463;25;10;2020;15:13;0;AV DIOGUINHO;;;1310;;ColisÃ£o;Luz do Dia;;;Meio de Quadra;;;0;1;1;1;0;0;0;0;0;0;0;0;-3,72880000000;-38,46036000000;mq_gpsv
363464;25;10;2020;15:33;0;RUA TIBURCIO CAVALCANTE;;;2250;;ColisÃ£o;Luz do Dia;;;Meio de Quadra;;;0;1;1;0;0;0;0;0;0;0;0;0;-3,74469000000;-38,50542000000;mq_gpsv
363465;25;10;2020;16:59;0;RUA 27 DE JULHO;;;1430;;Queda;Luz do Dia;;;Meio de Quadra;;;0;1;0;0;0;0;0;0;0;1;0;0;;;
363466;25;10;2020;17:49;0;RUA COLETORA A (MONDUBIM);;;18;;ColisÃ£o;Anoitecer;;;Meio de Quadra;;;0;1;1;0;0;0;0;0;0;0;0;0;-3,81757000000;-38,57869000000;mq_gpsv
363415;25;10;2020;00:08;1709;RUA CAP ARAGAO;RUA CAP OLAVO;;;;Atropelamento;;;;Cruz;SemÃ¡foro;Comercial;0;1;1;0;0;0;0;0;0;1;0;0;-3,76534800000;-38,51593700000;inter_match
363416;25;10;2020;00:15;19667;AV BEZERRA DE MENEZES;RUA DOM LINO;;;;ColisÃ£o;;;;;;;0;1;1;0;0;0;0;0;0;0;0;0;-3,73423200000;-38,55756800000;inter_match
363417;25;10;2020;00:23;14448;AV SGT HERMINIO SAMPAIO;RUA DEMOSTENES CARVALHO;;;;ColisÃ£o;;;;T;Pare;Comercial;0;1;1;1;0;0;0;0;0;1;0;0;-3,72611700000;-38,55906800000;inter_match
363571;25;10;2020;22:11;0;AV HERACLITO GRACA;;;;;ColisÃ£o;;;;Meio de Quadra;;;0;1;1;1;0;0;0;0;0;1;0;0;;;
363572;25;10;2020;23:42;10749;RUA PRO HERIBALDO COSTA;AV SEN FERNANDES TAVORA;;;;ColisÃ£o;;;;Cruz;SemÃ¡foro;Comercial;0;1;1;1;0;0;0;0;0;0;0;0;-3,76100600000;-38,58438400000;inter_match
363555;25;10;2020;19:18;0;AV PERIMETRAL;;;692;;ColisÃ£o;;;;Meio de Quadra;;;0;1;1;1;0;0;0;0;0;1;0;0;;;
363556;25;10;2020;19:30;0;AV C CJ JOSE WALTER;;;850;;ColisÃ£o;;;;Meio de Quadra;;;0;1;1;1;0;0;0;0;0;1;0;0;-3,82773750000;-38,55894500000;mq_qgis
363557;25;10;2020;19:35;2955;RUA MARIA JULIA;RUA SAO FRANCISCO D21;;;;ColisÃ£o;;;;Cruz;Pare;Comercial;0;1;1;1;0;0;0;0;0;1;0;0;-3,79860800000;-38,60163300000;inter_match
363558;25;10;2020;20:31;0;AV WASHINGTON SOARES;;;132;;ColisÃ£o;;;;Meio de Quadra;;;0;1;1;0;0;0;0;0;0;1;0;0;-3,75735800000;-38,48984500000;mq_qgis
363565;25;10;2020;22:02;0;RUA MONTE LIBANO;;;925;;Queda;;;;Meio de Quadra;;;0;1;0;0;0;0;0;0;0;1;0;0;-3,82771175000;-38,56417900000;mq_match
363468;25;10;2020;18:00;5150;RUA SEN ALENCAR;RUA BAR RIO BRANCO;;;;ColisÃ£o;Anoitecer;;;T;Pare;Comercial;0;1;1;1;0;0;0;0;0;1;0;0;-3,72487900000;-38,52775200000;inter_match
363448;25;10;2020;10:20;0;RUA SEN ROBERT KENNEDY;;;128;;ColisÃ£o;Luz do Dia;;;Meio de Quadra;;;0;1;1;1;0;0;0;0;0;1;0;0;-3,70024450000;-38,57723480000;mq_qgis
363450;25;10;2020;10:55;0;LOGRADOURO SEM NOME;;;;;Queda;Luz do Dia;;;Meio de Quadra;;;0;1;0;0;0;1;0;0;0;0;0;0;;;
363451;25;10;2020;11:01;0;AV DR SILAS MUNGUBA;;;;;ColisÃ£o;Luz do Dia;;;Meio de Quadra;;;0;1;1;1;0;0;0;0;0;1;0;0;;;
363452;25;10;2020;11:03;0;AV FRANCISCO SA;;;;;ColisÃ£o;Luz do Dia;;;Meio de Quadra;;;0;1;1;1;0;0;0;0;0;1;0;0;;;
363470;25;10;2020;18:05;0;RUA HUMAITA D73;;;238;;ColisÃ£o;Anoitecer;;;Meio de Quadra;;;0;1;1;0;0;0;0;0;0;0;0;0;-3,76517702000;-38,60144180000;mq_qgis
363477;25;10;2020;18:29;0;RD BR 116;;;;;Atropelamento;Anoitecer;;;Meio de Quadra;;;0;1;1;1;0;0;0;0;0;0;0;0;;;
363478;25;10;2020;18:53;0;AV GENIBAU;;;;;ColisÃ£o;;;;Meio de Quadra;;;0;1;1;0;0;0;0;0;0;0;0;0;;;
363475;25;10;2020;18:25;2884;RUA MARIA JULIA;RUA MARTINS CARVALHO;;;;Atropelamento;Anoitecer;;;Cruz;Pare;Comercial;1;0;1;0;0;0;0;0;0;1;0;0;-3,79633300000;-38,60094900000;inter_match
363576;26;10;2020;05:06;0;AV VIS RIO BRANCO;;;1303;CIADADE DA CRIANCA;Choque c/ ObstÃ¡culo Fixo;Amanhecer;;;Meio de Quadra;;;0;1;0;1;0;0;0;0;0;0;0;0;-3,73233728000;-38,52483890000;mq_qgis
363577;26;10;2020;06:51;0;AV GAL OSORIO DE PAIVA;;;7773;;ColisÃ£o;Luz do Dia;;;Meio de Quadra;;;0;1;1;1;0;0;0;0;0;1;0;0;-3,82037112000;-38,61722880000;mq_qgis
363587;26;10;2020;08:10;0;RUA EDUARDO ANGELIM;;;1290;;ColisÃ£o;Luz do Dia;;;Meio de Quadra;;;0;1;1;1;0;0;0;0;0;1;0;0;-3,76953084000;-38,54406350000;mq_qgis
363588;26;10;2020;09:22;0;AV DOM LUIS;;;1233;;ColisÃ£o;Luz do Dia;;;Meio de Quadra;;;0;1;1;1;0;0;0;0;0;1;0;0;-3,73573300000;-38,48968000000;mq_match
363589;26;10;2020;09:39;0;RUA PARNAMIRIM;;;45;;Atropelamento;Luz do Dia;;;Meio de Quadra;;;0;1;1;0;0;0;0;0;0;1;0;0;-3,81130000000;-38,51706000000;mq_gpsv
363590;26;10;2020;09:49;26086;RUA AZEVEDO BOLAO;AV JOSE JATAHY;;;;Queda;Luz do Dia;;;Cruz;SemÃ¡foro;Residencial;0;1;0;0;0;0;0;0;0;1;0;0;-3,73366300000;-38,54449400000;inter_match
363582;26;10;2020;07:00;0;RUA JOAO CRISPIM D65;;;1950;;ColisÃ£o;Luz do Dia;;;Meio de Quadra;;;0;1;1;0;0;0;1;0;0;1;0;0;;;
363583;26;10;2020;07:36;0;AV GAL MURILO BORGES;;;;;ColisÃ£o;Luz do Dia;;;Meio de Quadra;;;0;1;1;1;0;0;0;0;0;1;0;0;;;
363573;26;10;2020;00:12;0;RUA RIO GRANDE DO SUL;;;1253;;Atropelamento;;;;Meio de Quadra;;;0;1;1;1;0;0;0;0;0;0;0;0;-3,75957708000;-38,56817960000;mq_qgis
363574;26;10;2020;03:25;0;AV H CJ CEARA;;;2476;;ColisÃ£o;;;;Meio de Quadra;;;0;1;1;1;0;0;0;0;0;1;0;0;-3,77707600000;-38,62146200000;mq_match
363595;26;10;2020;10:04;0;RD BR 116;;;6000;KM-06;Queda;Luz do Dia;;;Meio de Quadra;;;0;1;0;0;0;0;0;0;0;1;0;0;-3,80469100000;-38,50305300000;rod_match
363607;26;10;2020;13:06;17311;RUA ROMEU MARTINS;RUA JOAO FIRMINO;;;;ColisÃ£o;Luz do Dia;;;Cruz;Pare;Comercial;0;1;1;1;0;0;0;0;0;1;0;0;-3,76427400000;-38,55558200000;inter_match
363608;26;10;2020;13:12;0;AV GODOFREDO MACIEL;;;5833;;ColisÃ£o;Luz do Dia;;;Meio de Quadra;;;0;1;1;1;0;0;0;0;0;1;0;0;-3,82540500000;-38,57915700000;mq_match
363597;26;10;2020;10:26;10595;RUA ATILANO MOURA;AV CEL GUSTAVO A LIMA;;;;ColisÃ£o;Luz do Dia;;;Com Via FÃ©rrea;Pare;Residencial;0;1;1;1;0;0;0;0;0;1;0;0;-3,76216600000;-38,48958700000;inter_match
363598;26;10;2020;10:54;0;RUA MIGUEL ARAGAO;;;800;;ColisÃ£o;Luz do Dia;;;Meio de Quadra;;;0;1;1;1;0;0;0;0;0;0;0;0;-3,83408500000;-38,58635250000;mq_match
363599;26;10;2020;11:14;0;RUA CON DE CASTRO;;;3826;;ColisÃ£o;Luz do Dia;;;Meio de Quadra;;;0;1;1;0;0;0;0;0;0;1;0;0;-3,80011900000;-38,58745800000;mq_match
363600;26;10;2020;11:39;0;RUA ODORICO DE MORAIS;;;129;;Queda;Luz do Dia;;;Meio de Quadra;;;0;1;0;0;0;0;0;0;0;1;0;0;-3,71535015000;-38,55350470000;mq_qgis
363601;26;10;2020;12:02;0;RUA PRO JUREMA;;;112;;Queda;Luz do Dia;;;Meio de Quadra;;;0;1;0;0;0;0;0;0;0;1;0;0;-3,71717514000;-38,54768740000;mq_qgis
363602;26;10;2020;12:09;0;AV DUQ CAXIAS;;;924;;Queda;Luz do Dia;;;Meio de Quadra;;;0;1;0;0;0;1;0;0;0;0;0;0;-3,73089482000;-38,53265170000;mq_qgis
363603;26;10;2020;12:14;0;RUA PROF. MANOEL LOURENCO;;;;;ColisÃ£o;Luz do Dia;;;Meio de Quadra;;;0;1;1;1;0;0;0;0;0;1;0;0;;;
363604;26;10;2020;12:24;0;RUA COS LAFAYETE;;;482;;Queda;Luz do Dia;;;Meio de Quadra;;;0;2;0;0;0;0;0;0;0;1;0;0;-3,71802850000;-38,58237200000;mq_qgis
363605;26;10;2020;12:56;0;AV SGT HERMINIO SAMPAIO;;;4143;;ColisÃ£o;Luz do Dia;;;Meio de Quadra;;;0;1;1;1;0;0;0;0;0;1;0;0;-3,73069000000;-38,57715000000;mq_match
363624;26;10;2020;14:29;0;AV I CJ CEARA;;;1405;;ColisÃ£o;Luz do Dia;;;Meio de Quadra;;;0;1;1;0;0;0;0;0;0;0;0;0;-3,77310348000;-38,59997720000;mq_qgis
363625;26;10;2020;16:49;0;RUA DOM EXPEDITO LOPES;;;2250;;ColisÃ£o;Luz do Dia;;;Meio de Quadra;;;0;1;1;1;0;1;0;0;0;0;0;0;-3,74372635000;-38,50533540000;mq_qgis
363626;26;10;2020;18:44;0;RUA AGAMENON;;;;;ColisÃ£o;;;;Meio de Quadra;;;0;1;1;1;0;0;0;0;0;1;0;0;;;
363627;26;10;2020;19:46;0;AV JOSE LEON;;;1078;;ColisÃ£o;;;;Meio de Quadra;;;0;1;1;1;0;0;0;0;0;1;0;0;-3,78771200000;-38,50223100000;mq_match
363628;26;10;2020;22:20;19130;RUA LAURO NOGUEIRA;RUA DES WALDETARIO P MOTA;;;;ColisÃ£o;;;;Cruz;Pare;Residencial;0;2;1;1;0;0;0;0;0;1;0;0;-3,73897360000;-38,48196000000;inter_match
363629;26;10;2020;22:39;0;RUA MARTINS CARVALHO;;;3829;;Queda;;;;Meio de Quadra;;;0;1;0;0;0;0;0;0;0;1;0;0;-3,78893328000;-38,62618540000;mq_qgis
362293;26;10;2020;16:30;0;RD BR 116;;;;KM-01;Queda;Luz do Dia;;Seca;Meio de Quadra;;;0;1;0;0;0;0;0;0;0;1;0;0;-3,76255400000;-38,51870200000;rod_match
362610;26;10;2020;04:30;19559;RUA CON DE CASTRO;RUA OSVALDO ARANHA;;;;ColisÃ£o Transversal;Via Iluminada;Bom;Seca;T;Pare;Comercial;0;0;1;0;1;0;0;0;0;1;0;0;-3,78321800000;-38,57178400000;inter_match
362611;26;10;2020;09:25;0;AV BORGES DE MELO;;;0;SINDIONIBUS;Atropelamento;Luz do Dia;Bom;Seca;Meio de Quadra;NÃ£o HÃ¡ Controle;Residencial;0;1;1;0;0;0;0;0;0;1;0;0;-3,75606500000;-38,53470600000;mq_match
362612;26;10;2020;10:11;0;AV HERACLITO GRACA;;;0;BANCO CENTRAL;ColisÃ£o Lateral;Luz do Dia;Bom;Seca;Meio de Quadra;SemÃ¡foro;Comercial;0;0;2;1;0;0;0;0;0;0;0;0;;;
362614;26;10;2020;10:48;11843;AV FRANCISCO SA;RUA JOAO SALGADO;;0;;NÃ£o Informado;Luz do Dia;Bom;Seca;T;Pare;Comercial;0;1;1;1;0;0;0;0;0;1;0;0;-3,72047500000;-38,54804300000;inter_match
362615;26;10;2020;13:32;20025;AV HEROIS DO ACRE;RUA JOAQUIM MARTINS;;0;;Choque c/ ObstÃ¡culo Fixo;Luz do Dia;Bom;Seca;T;Pare;Residencial;0;0;2;1;0;0;0;0;0;0;0;0;-3,80309000000;-38,54058000000;inter_gpsv
362616;26;10;2020;14:44;1271;RUA JOAQUIM NABUCO;RUA MARCOS MACEDO;;0;;ColisÃ£o Transversal;Luz do Dia;Bom;Seca;Cruz;Pare;Residencial;0;1;1;1;0;0;0;0;0;1;0;0;-3,73327700000;-38,50064500000;inter_match
362617;27;10;2020;02:34;13432;AV ANTONIO SALES;AV RUI BARBOSA;;;;ColisÃ£o Lateral;Via Iluminada;Bom;Seca;Cruz;SemÃ¡foro;Comercial;2;0;2;1;0;0;1;0;0;0;0;0;-3,74261100000;-38,51156900000;inter_match
362618;27;10;2020;07:40;376;RUA GAL BERNARDO FIGUEIREDO;RUA PRO ANACLETO;;;;ColisÃ£o Lateral;Luz do Dia;Bom;Seca;T;Pare;Comercial;0;2;1;1;0;0;0;0;0;1;0;0;-3,73959370000;-38,55186000000;inter_match
362619;27;10;2020;08:05;1394;RUA TORRES CAMARA;RUA TIBURCIO CAVALCANTE;;;;ColisÃ£o Transversal;Luz do Dia;Bom;Seca;Cruz;SemÃ¡foro;Comercial;0;1;2;1;0;0;0;0;0;1;0;0;-3,73693300000;-38,50290600000;inter_match
362620;27;10;2020;10:28;19957;AV LUCIANO CARNEIRO;RUA STA QUITERIA;;;;ColisÃ£o Transversal;Luz do Dia;Bom;Seca;Cruz;SemÃ¡foro;Comercial;0;1;1;1;0;0;0;0;0;1;0;0;-3,76053700000;-38,53533900000;inter_match
362621;27;10;2020;10:30;0;AV PRS COSTA E SILVA;RUA PAU BRASIL;;0;;ColisÃ£o Transversal;Luz do Dia;Bom;Seca;;;;0;3;0;0;0;0;0;0;0;1;0;0;-3,82391000000;-38,54806500000;inter_match
362622;27;10;2020;13:46;0;AV GAL OSORIO DE PAIVA;;;1607;;ColisÃ£o Traseira;Luz do Dia;Bom;Seca;Meio de Quadra;NÃ£o HÃ¡ Controle;Comercial;0;2;0;0;0;0;0;0;0;1;0;0;-3,78165189000;-38,57601860000;mq_qgis
362623;27;10;2020;12:53;0;AV SGT HERMINIO SAMPAIO;;;3356;;ColisÃ£o Frontal;Luz do Dia;Bom;Seca;Meio de Quadra;NÃ£o HÃ¡ Controle;Comercial;0;1;1;1;0;0;0;0;0;1;0;0;-3,72821400000;-38,57070200000;mq_match
362624;27;10;2020;20:15;5292;RUA COSTA BARROS;RUA GONCALVES LEDO;;0;;ColisÃ£o Transversal;Via Iluminada;Bom;Seca;Cruz;Pare;Comercial;0;1;2;1;0;0;0;0;0;0;0;0;-3,72908800000;-38,51542600000;inter_match
362625;27;10;2020;19:40;0;AV VIS RIO BRANCO;;;3260;;Capotamento;Via Iluminada;Bom;Seca;Meio de Quadra;NÃ£o HÃ¡ Controle;Residencial;0;0;2;1;0;0;0;0;0;0;0;0;-3,74951700000;-38,52128260000;mq_qgis
362630;27;10;2020;10:30;663;RUA COELHO DA FONSECA;RUA CRUZEIRO DO SUL;;;;ColisÃ£o Lateral;Luz do Dia;Bom;Seca;Cruz;Pare;Comercial;0;1;1;1;0;0;0;0;0;1;0;0;-3,71379000000;-38,56115000000;inter_gpsv
362294;27;10;2020;09:05;0;RD BR 116;;;;KM-05;Engavetamento;Luz do Dia;;Seca;Meio de Quadra;;;0;1;2;1;0;0;0;0;0;0;0;0;-3,79650200000;-38,50678700000;rod_match
363630;27;10;2020;07:18;15290;RUA JOAQUIM NABUCO;RUA CANUTO DE AGUIAR;;;;Queda;Luz do Dia;;;Cruz;Pare;Residencial;0;1;0;0;0;0;0;0;0;1;0;0;-3,72936000000;-38,49939000000;inter_match
363642;27;10;2020;14:55;0;AV SEN FERNANDES TAVORA;;;2501;;ColisÃ£o;Luz do Dia;;;Meio de Quadra;;;0;1;1;1;0;0;0;0;0;1;0;0;-3,75566600000;-38,59537100000;mq_match
363638;27;10;2020;13:28;0;AV EDUARDO GIRAO;;;311;;Queda;Luz do Dia;;;Meio de Quadra;;;0;1;0;0;0;0;0;0;0;1;0;0;-3,75661000000;-38,52802000000;mq_gpsv
363639;27;10;2020;14:17;25423;AV SANTOS DUMONT;AV ZUCA ACIOLY;;;;ColisÃ£o;Luz do Dia;;;T;Pare;Residencial;0;2;0;1;0;0;0;0;0;1;0;0;-3,74681600000;-38,46562300000;inter_match
363640;27;10;2020;14:43;0;AV WASHINGTON SOARES;;;2340;;ColisÃ£o;Luz do Dia;;;Meio de Quadra;;;0;1;1;1;0;0;0;0;0;1;0;0;-3,77796657200;-38,48146285700;mq_match
363653;27;10;2020;18:35;0;AV DUQ CAXIAS;;;403;;ColisÃ£o;;;;Meio de Quadra;;;0;1;1;1;0;0;0;0;0;1;0;0;-3,73240500000;-38,52795200000;mq_match
363654;27;10;2020;19:34;0;RUA CASTRO E SILVA;;;950;;Atropelamento;;;;Meio de Quadra;;;0;1;1;0;0;0;0;0;0;1;0;0;-3,72175800000;-38,53370200000;mq_match
363655;27;10;2020;22:53;0;AV 13 DE MAIO;;;403;;ColisÃ£o;;;;Meio de Quadra;;;0;1;1;1;0;0;0;0;0;1;0;0;-3,75285700000;-38,52528900000;mq_gpsv
363632;27;10;2020;07:52;0;RUA POMPILIO GOMES;;;;;ColisÃ£o;Luz do Dia;;;Meio de Quadra;;;0;1;1;0;0;0;0;0;0;1;0;0;;;
363633;27;10;2020;09:29;15370;AV SEN VIRGILIO TAVORA;AV DOM LUIS;;;;ColisÃ£o;Luz do Dia;;;Cruz;SemÃ¡foro;Lazer;0;2;0;0;0;0;0;0;0;1;0;0;-3,73482900000;-38,49250700000;inter_match
363634;27;10;2020;10:04;25729;RUA ANTONIO POMPEU;AV TRISTAO GONCALVES;;;;ColisÃ£o;Luz do Dia;;;Cruz;SemÃ¡foro;Comercial;0;1;1;0;0;0;0;0;0;0;0;0;-3,73338800000;-38,53508800000;inter_match
363635;27;10;2020;11:53;9250;RUA COS TRISTAO;AV FELINO BARROSO;;;;ColisÃ£o;Luz do Dia;;;;;;0;1;1;1;0;0;0;0;0;1;0;0;-3,74422000000;-38,52852000000;inter_gpsv
363636;27;10;2020;12:20;0;AV ALBERTO CRAVEIRO;;;;;Queda;Luz do Dia;;;Meio de Quadra;;;0;1;0;0;0;0;0;0;0;1;0;0;;;
363644;27;10;2020;16:21;10695;RUA MON HIPOLITO BRASIL;RUA PRO HERIBALDO COSTA;;;;ColisÃ£o;Luz do Dia;;;Cruz;SemÃ¡foro;Residencial;0;1;1;0;0;0;1;0;0;1;0;0;-3,75706900000;-38,58227500000;inter_match
363645;27;10;2020;16:54;1159;RUA MANUEL TEIXEIRA;RUA OLIMPIO LEITE;;;;ColisÃ£o;Luz do Dia;;;Cruz;Gesto;Residencial;0;1;1;1;0;0;0;0;0;1;0;0;-3,81682900000;-38,47932900000;inter_match
363646;27;10;2020;17:20;0;AV JOSE JATAHY;;;944;;ColisÃ£o;Anoitecer;;;Meio de Quadra;;;0;2;1;1;0;0;0;0;0;1;0;0;-3,72957390000;-38,54517210000;mq_match
363647;27;10;2020;17:28;0;RUA ROMEU MARTINS;;;43;;ColisÃ£o;Anoitecer;;;Meio de Quadra;;;0;1;1;1;0;0;0;0;0;1;0;0;-3,76291000000;-38,55768000000;mq_gpsv
363648;27;10;2020;17:43;0;AV SEN CARLOS JEREISSATI (AEROPORTO);;;;;ColisÃ£o;Anoitecer;;;Meio de Quadra;;;0;1;1;1;0;0;0;0;0;1;0;0;;;
363649;27;10;2020;18:00;0;AV FRE CIRILO;;;;;Queda;Anoitecer;;;Meio de Quadra;;;0;1;0;0;0;1;0;0;0;0;0;0;;;
363650;27;10;2020;18:04;0;AV CEL CARVALHO;;;3621;;ColisÃ£o;Anoitecer;;;Meio de Quadra;;;0;3;0;0;0;0;0;0;0;0;0;0;-3,70361340000;-38,59150300000;mq_match
363271;27;10;2020;18:10;18302;RUA DRAGAO DO MAR;RUA SEN ALMINO;;;;ColisÃ£o Lateral;Anoitecer;Bom;Seca;Cruz;Gesto;Comercial;0;1;2;1;0;0;0;0;0;1;0;0;-3,72181600000;-38,51791900000;inter_match
363297;27;10;2020;10:00;5964;RUA 442 CJ CEARA;RUA 436 CJ CEARA;;;;Queda;Luz do Dia;Bom;Seca;Com Via FÃ©rrea;NÃ£o HÃ¡ Controle;Residencial;0;0;1;0;0;0;0;0;0;1;0;0;-3,76275900000;-38,60480100000;inter_gpsv
363137;27;10;2020;11:23;0;AV SEN FERNANDES TAVORA;;;1172;;ColisÃ£o;Luz do Dia;;;Meio de Quadra;;;0;1;0;1;0;0;0;0;0;1;0;0;-3,76178400000;-38,58292400000;mq_qgis
363117;27;10;2020;06:54;11242;AV DR SILAS MUNGUBA;RUA DUARTE PIMENTEL;;;;ColisÃ£o;Luz do Dia;;;T;Pare;Comercial;0;1;0;1;0;0;0;0;0;1;0;0;-3,78943000000;-38,54293000000;inter_gpsv
363323;28;10;2020;17:30;7762;AV ANTONIO SALES;RUA NUNES VALENTE;;;;ColisÃ£o Transversal;Anoitecer;Bom;Seca;Cruz;Pare;Residencial;0;0;2;1;0;0;0;0;0;1;0;0;-3,74423700000;-38,50631400000;inter_match
363656;28;10;2020;00:33;0;AV ANTONIO SALES;;;3525;;ColisÃ£o;;;;Meio de Quadra;;;0;1;1;0;0;0;0;0;0;0;0;0;-3,74925700000;-38,49003900000;mq_match
363657;28;10;2020;07:53;9531;RUA 23 DE JUNHO;RUA SGT BARBOSA D70;;;;ColisÃ£o;Luz do Dia;;;;;;0;1;1;1;0;0;0;0;0;1;0;0;-3,81527000000;-38,54283000000;inter_gpsv
363659;28;10;2020;07:56;10044;RUA EMILIO DE MENESES;RUA ANTONIO NERY;;;;ColisÃ£o;Luz do Dia;;;Cruz;SemÃ¡foro;Comercial;0;1;1;1;0;0;0;0;0;1;0;0;-3,77816200000;-38,60020400000;inter_match
363662;28;10;2020;08:38;0;AV PONTES VIEIRA;;;52;;Atropelamento;Luz do Dia;;;Meio de Quadra;;;0;1;1;0;0;0;0;0;0;1;0;0;-3,75343800000;-38,52010300000;mq_match
363663;28;10;2020;09:43;1592;RUA CAROLINA SUCUPIRA;RUA CEL JUCA;;;;ColisÃ£o;Luz do Dia;;;Cruz;Pare;Residencial;0;1;1;1;0;0;0;0;0;1;0;0;-3,74338900000;-38,49311400000;inter_match
363664;28;10;2020;12:36;0;RUA COS ARAUJO LIMA;;;1377;;Queda;Luz do Dia;;;Meio de Quadra;;;0;1;0;0;0;0;0;0;0;1;0;0;-3,75003600000;-38,59009600000;mq_qgis
363669;28;10;2020;14:23;0;AV SEN FERNANDES TAVORA;;;1648;;ColisÃ£o;Luz do Dia;;;Meio de Quadra;;;0;1;1;1;0;0;0;0;0;1;0;0;-3,75939800000;-38,58737700000;mq_qgis
363666;28;10;2020;12:42;0;RUA RAIMUNDO ARISTIDES;;;335;;ColisÃ£o;Luz do Dia;;;Meio de Quadra;;;0;1;1;0;0;0;0;0;0;0;0;0;-3,82048980000;-38,58914520000;mq_qgis
363671;28;10;2020;16:34;0;RUA MANUEL ARRUDA;;;256;;ColisÃ£o;Luz do Dia;;;Meio de Quadra;;;0;1;1;1;0;0;0;0;0;1;0;0;-3,82820124000;-38,50705280000;mq_qgis
363673;28;10;2020;16:36;0;RUA ISABEL;;;;;Queda;Luz do Dia;;;Meio de Quadra;;;0;1;0;0;0;0;0;0;0;1;0;0;;;
363674;28;10;2020;18:02;0;RUA ABILIO FARIAS;;;407;;Atropelamento;Anoitecer;;;Meio de Quadra;;;0;1;1;1;0;0;0;0;0;0;0;0;-3,74921000000;-38,58221000000;mq_gpsv
363675;28;10;2020;18:35;0;RUA LUIS VIEIRA;;;381;;ColisÃ£o;;;;Meio de Quadra;;;0;1;1;0;0;0;0;0;0;0;0;0;-3,79485000000;-38,58706400000;mq_match
363676;28;10;2020;18:55;17584;RUA MATO GROSSO;RUA PARA;;;;ColisÃ£o;;;;Cruz;Pare;Residencial;0;1;1;0;0;0;0;0;0;1;0;0;-3,75565700000;-38,56313100000;inter_match
363677;28;10;2020;20:25;0;RD BR 116;;;;;Atropelamento;;;;Meio de Quadra;;;0;1;1;0;0;0;0;0;0;1;0;0;;;
363678;28;10;2020;22:53;0;AV PRS CASTELO BRANCO;;;;;ColisÃ£o;;;;Meio de Quadra;;;0;1;1;0;0;0;0;0;0;0;0;0;;;
363679;28;10;2020;23:54;0;AV SGT HERMINIO SAMPAIO;;;2505;;ColisÃ£o;;;;Meio de Quadra;;;0;1;1;1;0;0;0;0;0;1;0;0;-3,72681700000;-38,56300400000;mq_match
362627;28;10;2020;07:39;21319;RUA GUSTAVO SAMPAIO;RUA JOSE SOMBRA;;;;ColisÃ£o Transversal;Luz do Dia;Bom;Seca;Cruz;Pare;Residencial;0;1;1;1;0;0;0;0;0;1;0;0;-3,73334900000;-38,54726000000;inter_match
362628;28;10;2020;13:27;5402;RUA VINTE E QUATRO DE MAIO;RUA METON DE ALENCAR;;;;ColisÃ£o Transversal;Luz do Dia;Bom;Seca;Cruz;Pare;Comercial;0;2;1;1;0;0;0;0;0;1;0;0;-3,73262600000;-38,53384800000;inter_match
364838;28;10;2020;18:34;25727;RUA 701 CJ CEARA;RUA MIN ALBUQUERQUE LIMA;;;;ColisÃ£o;;;;Cruz;Pare;Comercial;0;0;2;0;0;0;1;0;0;0;0;0;-3,77015000000;-38,59823200000;inter_match
364840;29;10;2020;21:40;0;AV PRS CASTELO BRANCO;;;3732;;ColisÃ£o;;;;Meio de Quadra;;;0;0;2;0;1;0;0;0;0;1;0;0;-3,70942500000;-38,56540400000;mq_qgis
363922;29;10;2020;17:58;0;AV WASHINGTON SOARES;;;;;ColisÃ£o;Anoitecer;;;Meio de Quadra;;;0;1;1;1;0;0;0;0;0;1;0;0;;;
363917;29;10;2020;17:54;13257;AV F CJ JOSE WALTER;AV I CJ JOSE WALTER;;;;ColisÃ£o;Anoitecer;;;Cruz;Pare;Rural;0;2;0;0;0;0;0;0;0;1;0;0;-3,83672700000;-38,55424300000;inter_match