COD_ACIDENTE;DIA;MES;ANO;HORA;INTERSECAO;LOG1;LOG2;LOG3;NUMERO;REFERENCIA;NATUREZA;ILUMINACAO;TEMPO;SUPERFICIEPISTA;TIPOCRUZAMENTO;CONTROLETRAFEGO;USOSOLO;MORTOS;FERIDOS;ILESOS;AUTOMOVEL;ONIBUS;BICICLETA;CAMINHAO;MICROONIBUS;CICLOMOTOR;MOTOCICLETA;TRACAOANIMAL;TREM;LATITUDE;LONGITUDE;METODO
363911;29;10;2020;17:38;0;RD QUARTO ANEL VIARIO;;;;;Queda;Anoitecer;;;Meio de Quadra;;;0;1;0;0;0;0;0;0;0;1;0;0;;;
363902;29;10;2020;17:58;0;AV ZEZE DIOGO;;;911;;Atropelamento;Anoitecer;;;Meio de Quadra;;;1;0;1;0;1;0;0;0;0;0;0;0;-3,71479020000;-38,46572020000;mq_qgis
363897;29;10;2020;13:37;0;AV GODOFREDO MACIEL;;;5900;;ColisÃ£o;Luz do Dia;;;Meio de Quadra;;;0;1;1;1;0;0;0;0;0;1;0;0;-3,82642218000;-38,57948370000;mq_qgis
363898;29;10;2020;13:55;5297;AV DUQ CAXIAS;RUA TEREZA CRISTINA;;;;ColisÃ£o;Luz do Dia;;;Cruz;SemÃ¡foro;Comercial;0;1;1;1;0;0;0;0;0;1;0;0;-3,72933500000;-38,53745200000;inter_match
363899;29;10;2020;15:30;6577;AV H CJ CEARA;RUA 916 CJ CEARA;;;;ColisÃ£o;Luz do Dia;;;Duplo T;NÃ£o HÃ¡ Controle;Residencial;0;2;0;0;0;0;0;0;0;1;0;0;-3,77667400000;-38,61804300000;inter_match
363895;29;10;2020;11:41;0;AV ZEZE DIOGO;;;1231;;ColisÃ£o;Luz do Dia;;;Meio de Quadra;;;0;1;1;1;0;0;0;0;0;1;0;0;-3,71800274000;-38,46427170000;mq_qgis
363909;29;10;2020;16:18;0;AV C CJ CEARA;;;297;;Queda;Luz do Dia;;;Meio de Quadra;;;0;1;0;0;0;0;0;0;0;1;0;0;-3,76130900000;-38,60901200000;mq_qgis
364097;29;10;2020;18:56;0;LOGRADOURO SEM NOME;;;;;Atropelamento;;;;Meio de Quadra;;;0;1;1;1;0;0;0;0;0;0;0;0;;;
364099;29;10;2020;20:13;0;AV JOR THOMAZ COELHO;;;2245;;ColisÃ£o;;;;Meio de Quadra;;;0;1;1;0;0;0;0;0;0;1;0;0;-3,82802288000;-38,51584960000;mq_qgis
364100;29;10;2020;20:21;13021;AV I CJ JOSE WALTER;AV A CJ JOSE WALTER;;;;ColisÃ£o;;;;Cruz;Pare;Residencial;0;1;1;1;0;0;0;0;0;1;0;0;-3,82583400000;-38,55093500000;inter_match
364101;29;10;2020;20:33;0;AV SEN CARLOS JEREISSATI (AEROPORTO);;;580;;ColisÃ£o;;;;Meio de Quadra;;;0;1;1;1;0;1;0;0;0;0;0;0;-3,78328000000;-38,52298000000;mq_gpsv
364102;29;10;2020;23:02;3502;RUA MUCAMBINHO (MESSEJANA);RUA MANUEL ARRUDA;;;;ColisÃ£o;;;;Cruz;NÃ£o HÃ¡ Controle;Comercial;0;1;1;1;0;0;0;0;0;1;0;0;-3,82827900000;-38,50673600000;inter_match
364095;29;10;2020;18:41;0;RUA COM GARCIA;;;992;;ColisÃ£o;;;;Meio de Quadra;;;0;1;1;1;0;0;0;0;0;1;0;0;-3,79280400000;-38,58288900000;mq_qgis
363854;29;10;2020;07:54;0;AV FRANCISCO SA;;;3907;;Atropelamento;Luz do Dia;;;Meio de Quadra;;;0;1;1;0;0;0;0;0;0;1;0;0;-3,71659330000;-38,55990000000;mq_match
363855;29;10;2020;11:06;0;RUA PDE JANUARIO CAMPOS;;;34;;ColisÃ£o;Luz do Dia;;;Meio de Quadra;;;0;1;1;1;0;0;0;0;0;1;0;0;-3,79114000000;-38,48915000000;mq_gpsv
362629;29;10;2020;06:42;1360;RUA JOAQUIM NABUCO;RUA DES LEITE ALBUQUERQUE;;;;ColisÃ£o Transversal;Luz do Dia;Bom;Seca;Cruz;Pare;Comercial;0;3;1;1;0;0;0;0;0;1;0;0;-3,73627300000;-38,50162100000;inter_match
362631;29;10;2020;07:00;0;RUA VALPARAISO;;;663;;ColisÃ£o Traseira;Luz do Dia;Bom;Seca;Meio de Quadra;Pare;Comercial;0;1;1;0;1;0;0;0;0;1;0;0;-3,84392943000;-38,52612810000;mq_qgis
362632;29;10;2020;09:57;15531;AV FRE CIRILO;RUA PAULO SETUBAL;;;;ColisÃ£o Transversal;Luz do Dia;Bom;Seca;Outros;SemÃ¡foro;Comercial;0;1;1;1;0;0;0;0;0;1;0;0;-3,82050200000;-38,49602800000;inter_match
362633;29;10;2020;17:27;0;RUA MONTE LIBANO;;;776;;ColisÃ£o Lateral;Luz do Dia;Bom;Seca;;;;0;1;1;1;1;0;0;0;0;0;0;0;-3,82624000000;-38,56320000000;mq_gpsv
363325;29;10;2020;18:27;0;AV GOV RAUL BARBOSA;;;5482;;Atropelamento;Anoitecer;Bom;Seca;Meio de Quadra;NÃ£o HÃ¡ Controle;Residencial;0;2;1;0;0;0;0;0;0;1;0;0;-3,76748600000;-38,50938200000;mq_match
363377;30;10;2020;13:30;1383;RUA MARCOS MACEDO;RUA MON CATAO;;;;ColisÃ£o Transversal;Luz do Dia;Bom;Seca;Cruz;Pare;Comercial;0;2;0;1;0;0;0;0;0;1;0;0;-3,73684980000;-38,48993000000;inter_match
363375;30;10;2020;09:00;26176;AV ODILON GUIMARAES;RUA AFONSO HENRIQUE;;;;ColisÃ£o Frontal;Luz do Dia;Bom;Seca;T;Pare;Comercial;0;1;2;1;0;0;0;0;0;1;0;0;-3,82672000000;-38,48033000000;inter_match
363366;30;10;2020;17:23;0;RUA GONCALVES DIAS;;;260;;ColisÃ£o Frontal;Anoitecer;Bom;Seca;Meio de Quadra;NÃ£o HÃ¡ Controle;Residencial;0;1;1;1;0;0;0;0;0;1;0;0;-3,74172614000;-38,55374090000;mq_qgis
362634;30;10;2020;07:30;20042;AV PRS JUSCELINO KUBITSCHEK (PASSARÃ‰);AV DR SILAS MUNGUBA;;0;ROTATÃ“RIA CASTELÃƒO;ColisÃ£o Transversal;Luz do Dia;Bom;Seca;RotatÃ³ria;DÃª PreferÃªncia;Lazer;0;1;1;1;0;0;0;0;0;1;0;0;-3,80213000000;-38,52933000000;inter_gpsv
362635;30;10;2020;08:18;23433;RUA MON SALAZAR;RUA PRO CARVALHO;;;;ColisÃ£o Transversal;Luz do Dia;Bom;Seca;Cruz;Pare;Comercial;0;2;0;1;0;0;0;0;0;1;0;0;-3,75614600000;-38,51430800000;inter_match
362636;30;10;2020;07:46;0;AV JOAO PESSOA;RUA PDE MACEDO;;4633;;ColisÃ£o;Luz do Dia;Bom;Seca;Meio de Quadra;Pare;Comercial;0;1;1;1;0;0;0;0;0;1;0;0;-3,74572000000;-38,54343000000;inter_gpsv
362637;30;10;2020;11:05;7762;AV ANTONIO SALES;RUA NUNES VALENTE;;0;;ColisÃ£o Lateral;Luz do Dia;Bom;Seca;Cruz;Pare;Residencial;0;0;2;1;0;0;0;0;0;0;0;0;-3,74423700000;-38,50631400000;inter_match
362638;30;10;2020;14:13;0;AV JOSE BASTOS;;;3830;;Engavetamento;Luz do Dia;Bom;Seca;T;NÃ£o HÃ¡ Controle;Comercial;0;0;0;1;0;0;0;0;0;0;0;0;-3,75191100000;-38,55236300000;mq_match
362639;30;10;2020;14:34;0;RUA PDE GUERRA;;;1268;;ColisÃ£o Lateral;Luz do Dia;Bom;Seca;Meio de Quadra;Pare;Comercial;0;1;1;1;0;0;0;0;0;1;0;0;-3,73861850000;-38,55614350000;mq_qgis
362640;30;10;2020;18:20;0;AV AUGUSTO DOS ANJOS;;;180;;ColisÃ£o Lateral;Via Iluminada;Bom;Seca;Meio de Quadra;SemÃ¡foro;Comercial;0;0;0;1;0;0;0;0;0;0;0;0;-3,77058300000;-38,57065200000;mq_match
362641;30;10;2020;20:15;0;RUA SENA MADUREIRA;;;723;;ColisÃ£o Traseira;Via Iluminada;Bom;Seca;Meio de Quadra;NÃ£o HÃ¡ Controle;Comercial;0;1;2;1;0;0;0;0;0;0;0;0;-3,72666164300;-38,52591328600;mq_match
362646;30;10;2020;07:01;19683;RUA PRO JOSE DE BARCELOS;RUA AZEVEDO BOLAO;;;;ColisÃ£o Traseira;Luz do Dia;Bom;Seca;Cruz;SemÃ¡foro;Residencial;0;1;1;1;0;0;0;0;0;1;0;0;-3,73519600000;-38,55061000000;inter_match
364107;30;10;2020;09:24;303;RUA TIP SALES;RUA ROTARY;;;;ColisÃ£o;Luz do Dia;;;Meio de Quadra;Pare;Residencial;0;1;1;1;0;0;0;0;0;1;0;0;-3,74355300000;-38,56356400000;inter_match
364110;30;10;2020;11:17;0;AV GAL OSORIO DE PAIVA;;;;;Atropelamento;Luz do Dia;;;Meio de Quadra;;;0;1;1;0;0;0;0;0;0;0;0;0;;;
364111;30;10;2020;11:34;6543;RUA 916 CJ CEARA;RUA 910 CJ CEARA;;;;ColisÃ£o;Luz do Dia;;;;;;0;1;1;1;0;1;0;0;0;0;0;0;-3,77502200000;-38,61762300000;inter_gpsv
364112;30;10;2020;14:04;0;RUA EDUARDO PERDIGAO;;;398;;ColisÃ£o;Luz do Dia;;;Meio de Quadra;;;0;1;1;0;0;0;0;0;0;1;0;0;-3,77776200000;-38,56181800000;mq_qgis
364113;30;10;2020;17:54;0;RUA LAURO NOGUEIRA;;;957;;ColisÃ£o;Anoitecer;;;Meio de Quadra;;;0;1;1;1;0;1;0;0;0;0;0;0;-3,74030000000;-38,47746000000;mq_gpsv
364103;30;10;2020;03:20;1279;RUA OSVALDO CRUZ (ALDEOTA);AV DOM LUIS;;;;ColisÃ£o;;;;Cruz;SemÃ¡foro;Comercial;0;1;1;0;0;0;0;0;0;1;0;0;-3,73261600000;-38,49935300000;inter_match
364104;30;10;2020;07:16;0;RUA BERNARDO MANUEL;;;9977;;ColisÃ£o;Luz do Dia;;;Meio de Quadra;;;0;1;1;1;0;1;0;0;0;0;0;0;-3,80388800000;-38,55296200000;mq_match
364173;30;10;2020;17:57;0;AV WASHINGTON SOARES;;;1321;;Atropelamento;Anoitecer;;;Meio de Quadra;;;0;1;1;0;0;0;0;0;0;0;0;0;-3,76649600000;-38,48243300000;mq_match
364178;30;10;2020;18:03;3956;RUA PEDRO MACHADO;RUA JULIO CESAR D12;;;;ColisÃ£o;Anoitecer;;;Cruz;NÃ£o HÃ¡ Controle;Residencial;0;1;1;1;0;0;0;0;0;1;0;0;-3,75610200000;-38,54809500000;inter_match
364179;30;10;2020;18:20;0;AV CEL CARVALHO;;;1627;;ColisÃ£o;Anoitecer;;;Meio de Quadra;;;0;1;1;1;0;0;0;0;0;1;0;0;-3,71587780000;-38,58833450000;mq_match
364180;30;10;2020;18:37;0;RUA CANDIDO MAIA;;;;;ColisÃ£o;;;;Meio de Quadra;;;0;1;1;1;0;0;0;0;0;1;0;0;;;
364181;30;10;2020;19:28;0;AV BENJAMIM BRASIL;;;1685;;ColisÃ£o;;;;Meio de Quadra;;;0;1;1;1;0;0;0;0;0;1;0;0;-3,80707893300;-38,56081148000;mq_match
364184;30;10;2020;21:42;17383;RUA BAR SOBRAL;RUA EUZEBIO DE QUEIROS;;;;ColisÃ£o;;;;Cruz;Pare;Residencial;0;1;1;1;0;0;0;0;0;1;0;0;-3,76705100000;-38,55412100000;inter_match
364185;30;10;2020;22:04;0;RD BR 116;;;;;ColisÃ£o;;;;Meio de Quadra;;;0;1;1;0;0;0;0;0;0;0;0;0;;;
364187;30;10;2020;22:59;0;AV PAROARAS;;;1084;;ColisÃ£o;;;;Meio de Quadra;;;0;3;0;0;0;0;0;0;0;0;0;0;-3,80866257000;-38,54390270000;mq_qgis
364189;30;10;2020;23:18;0;LOGRADOURO SEM NOME;;;;;ColisÃ£o;;;;Meio de Quadra;;;0;1;1;0;0;0;0;0;0;0;0;0;;;
364841;30;10;2020;08:30;0;RUA WALDIR DIOGO;;;597;;Outros;Luz do Dia;;;Meio de Quadra;;;0;0;2;1;1;0;0;0;0;0;0;0;-3,80581300000;-38,58312100000;mq_qgis
364843;31;10;2020;15:00;0;RUA EDUARDO PERDIGAO;;;;;Outros;Luz do Dia;;;Meio de Quadra;;;0;0;2;0;1;0;0;0;0;0;0;0;;;
364845;31;10;2020;00:30;0;AV PAROARAS;;;1084;;ColisÃ£o;;;;Meio de Quadra;;;0;0;2;0;0;1;0;0;0;1;0;0;-3,80866257000;-38,54390270000;mq_qgis
363923;31;10;2020;06:21;3789;AV 13 DE MAIO;RUA WALDERY UCHOA;;;;Atropelamento;Luz do Dia;;;Cruz;DÃª PreferÃªncia;Comercial;1;0;1;1;0;0;0;0;0;0;0;0;-3,74239900000;-38,53742700000;inter_match
364195;31;10;2020;01:43;0;AV MR HULL;;;5286;;ColisÃ£o;;;;Meio de Quadra;;;0;2;1;1;0;0;0;0;0;1;0;0;-3,73967700000;-38,59163900000;mq_qgis
364206;31;10;2020;05:33;0;AV 13 DE MAIO;;;;;ColisÃ£o;Amanhecer;;;Meio de Quadra;;;0;1;1;1;0;0;0;0;0;1;0;0;;;
364207;31;10;2020;06:16;19224;AV SANTOS DUMONT;RUA FRANCISCO MATOS;;;;ColisÃ£o;Luz do Dia;;;Cruz;SemÃ¡foro;Residencial;0;1;1;0;0;0;0;0;0;0;0;0;-3,74549700000;-38,46967500000;inter_match
364287;31;10;2020;15:06;0;RUA REINO UNIDO;;;180;;Queda;Luz do Dia;;;Meio de Quadra;;;0;1;0;0;0;0;0;0;0;1;0;0;-3,78465600000;-38,50426200000;mq_qgis
364288;31;10;2020;15:34;0;RUA NOSSA SRA DAS GRACAS;;;1124;;Atropelamento;Luz do Dia;;;Meio de Quadra;;;0;1;1;0;0;0;0;0;0;1;0;0;-3,70829597000;-38,55967400000;mq_qgis
364289;31;10;2020;15:52;0;AV GODOFREDO MACIEL;;;3399;;ColisÃ£o;Luz do Dia;;;Meio de Quadra;;;0;1;1;1;0;0;0;0;0;1;0;0;-3,80485700000;-38,57253600000;mq_match
364290;31;10;2020;16:15;20042;AV DR SILAS MUNGUBA;AV DEP PAULINO ROCHA;;;;Queda;Luz do Dia;;;;;;0;1;0;0;0;0;0;0;0;1;0;0;-3,80722900000;-38,52478200000;inter_match
364291;31;10;2020;17:06;19688;RUA AZEVEDO BOLAO;RUA PRO RAIMUNDO ARRUDA;;;;ColisÃ£o;Anoitecer;;;Cruz;Gesto;Comercial;0;1;1;1;0;0;0;0;0;1;0;0;-3,73541400000;-38,55170100000;inter_match
364292;31;10;2020;17:19;0;RUA PROF. MANOEL LOURENCO;;;;;ColisÃ£o;Anoitecer;;;Meio de Quadra;;;0;1;1;1;0;0;0;0;0;1;0;0;;;
364293;31;10;2020;18:01;0;RUA TEODOMIRO DE CASTRO;;;6478;;Atropelamento;Anoitecer;;;Meio de Quadra;;;0;1;1;0;0;0;0;0;0;1;0;0;-3,71628614000;-38,57832940000;mq_qgis
364294;31;10;2020;19:06;0;RUA DR QUIXADA FELICIO;;;605;;Atropelamento;;;;Meio de Quadra;;;0;1;1;1;0;0;0;0;0;0;0;0;-3,70940000000;-38,59843000000;mq_gpsv
364295;31;10;2020;18:01;0;RUA TEODORO DE CASTRO;;;900;;Queda;Anoitecer;;;Meio de Quadra;;;0;1;0;0;0;1;0;0;0;0;0;0;-3,78146800000;-38,59894300000;mq_qgis
364296;31;10;2020;20:19;0;RUA CONTORNO DA UNIFOR;;;;;Atropelamento;;;;Meio de Quadra;;;0;1;1;0;0;0;0;0;0;0;0;0;;;
364297;31;10;2020;22:23;0;AV C CJ CEARA;;;1829;;Queda;;;;Meio de Quadra;;;0;1;0;0;0;0;0;0;0;1;0;0;-3,77438400000;-38,61582600000;mq_match
364298;31;10;2020;22:41;0;RUA PDE FRANCISCO PINTO;;;990;;ColisÃ£o;;;;Meio de Quadra;;;0;1;1;0;0;0;0;0;0;1;0;0;;;
364269;31;10;2020;07:34;0;AV DEP PAULINO ROCHA;;;33;;Atropelamento;Luz do Dia;;;Meio de Quadra;;;0;1;1;0;0;0;0;0;0;1;0;0;-3,80103200000;-38,50731100000;mq_match
364270;31;10;2020;07:47;2788;RUA ITU;RUA DR FERNANDO AUGUSTO;;;;ColisÃ£o;Luz do Dia;;;;;;0;1;1;1;0;0;0;0;0;1;0;0;-3,79302200000;-38,60331900000;inter_match
364271;31;10;2020;08:56;21372;AV JOVITA FEITOSA;RUA JOSE SOMBRA;;;;ColisÃ£o;Luz do Dia;;;T;SemÃ¡foro;Residencial;0;1;1;1;0;0;0;0;0;1;0;0;-3,73776300000;-38,54630100000;inter_match
364272;31;10;2020;12:39;0;AV HIS RAIMUNDO GIRAO;;;91;;ColisÃ£o;Luz do Dia;;;Meio de Quadra;;;0;1;1;1;0;0;0;0;0;1;0;0;-3,72030000000;-38,51510000000;mq_match
364273;31;10;2020;12:44;18743;RUA VALPARAISO;RUA CATOLE;;;;Queda;Luz do Dia;;;Cruz;SemÃ¡foro;Comercial;0;1;0;0;0;0;0;0;0;1;0;0;-3,84640700000;-38,52017100000;inter_match
364274;31;10;2020;12:55;0;RUA LUIS VIEIRA;;;284;;ColisÃ£o;Luz do Dia;;;Meio de Quadra;;;0;1;1;1;0;0;0;0;0;1;0;0;-3,79579100000;-38,58669000000;mq_match
364276;31;10;2020;13:26;0;AV TRISTAO GONCALVES;;;613;;Atropelamento;Luz do Dia;;;Meio de Quadra;;;0;1;1;1;0;0;0;0;0;0;0;0;-3,72703417000;-38,53317810000;mq_qgis
364278;31;10;2020;13:39;0;AV FRANCISCO SA;;;3447;;Atropelamento;Luz do Dia;;;Meio de Quadra;;;0;1;1;0;0;0;0;0;0;1;0;0;-3,71791900000;-38,55582200000;mq_match
364280;31;10;2020;14:49;0;RUA RECANTO VERDE;;;;;Queda;Luz do Dia;;;Meio de Quadra;;;0;1;0;0;0;0;0;0;0;1;0;0;;;
364281;31;10;2020;14:58;0;RUA BARTOLOMEU DE GUSMAO;;;840;;Atropelamento;Luz do Dia;;;Meio de Quadra;;;0;1;1;0;0;0;0;0;0;1;0;0;-3,75750450000;-38,52506150000;mq_qgis
364282;31;10;2020;15:02;0;AV PRS COSTA E SILVA;;;;;ColisÃ£o;Luz do Dia;;;Meio de Quadra;;;0;1;1;0;0;0;0;0;0;1;0;0;;;
364285;31;10;2020;15:06;14421;AV SGT HERMINIO SAMPAIO;RUA PDE ANCHIETA;;;;ColisÃ£o;Luz do Dia;;;Cruz;SemÃ¡foro;Comercial;0;1;1;1;0;0;0;0;0;1;0;0;-3,72469300000;-38,55107900000;inter_match
362642;31;10;2020;07:47;9246;AV 13 DE MAIO;RUA BAR RIO BRANCO;;;;NÃ£o Informado;Amanhecer;Nublado;Molhada;Cruz;SemÃ¡foro;Comercial;0;0;1;0;1;0;0;0;0;1;0;0;-3,74512900000;-38,53425500000;inter_match
362643;31;10;2020;10:26;25847;RUA MONTE PASCOAL;RUA ALVES DE SOUZA;;;;Atropelamento;Luz do Dia;Bom;Seca;;NÃ£o HÃ¡ Controle;Comercial;0;2;0;0;0;0;0;0;0;1;0;0;-3,80579000000;-38,59763000000;inter_gpsv
362298;31;10;2020;09:40;0;RD BR 222;;;;KM-02;Queda;Luz do Dia;;Seca;Meio de Quadra;;;0;4;1;1;0;0;0;0;0;1;0;0;-3,74036240000;-38,59699610000;rod_match
362296;31;10;2020;09:00;0;AV MR HULL;;;;;ColisÃ£o Lateral;Luz do Dia;;Molhada;Meio de Quadra;;;0;2;1;1;0;0;0;0;0;1;0;0;;;
363397;31;10;2020;13:00;0;AV ENG LUIS VIEIRA;;;;;ColisÃ£o Lateral;Luz do Dia;Bom;Seca;Meio de Quadra;Pare;Residencial;0;1;1;1;0;0;0;0;0;1;0;0;;;
363402;31;10;2020;02:15;0;RUA DR JOSE LOURENCO;;;2270;;ColisÃ£o Traseira;Via Iluminada;Nublado;Seca;Meio de Quadra;NÃ£o HÃ¡ Controle;Residencial;0;0;3;1;0;0;0;0;0;0;0;0;-3,74362517000;-38,51066750000;mq_qgis
363380;31;10;2020;16:47;0;AV CASTELO DE CASTRO;;;574;;ColisÃ£o Lateral;Luz do Dia;Bom;Seca;Meio de Quadra;SemÃ¡foro;Comercial;0;2;1;0;0;0;0;0;0;1;0;0;-3,83428222000;-38,52160280000;mq_qgis
363381;31;10;2020;14:15;5508;RUA FLORIANO PEIXOTO;RUA LIBERATO BARROSO;;;;ColisÃ£o Transversal;Luz do Dia;Bom;Seca;Cruz;Outros;Comercial;0;0;3;1;0;0;0;0;0;1;0;0;-3,72865000000;-38,52756000000;inter_gpsv
363386;31;10;2020;20:50;0;AV GAL OSORIO DE PAIVA;;;5852;;ColisÃ£o Traseira;Via Iluminada;Bom;Seca;Meio de Quadra;SemÃ¡foro;Residencial;1;1;0;1;0;0;0;0;0;1;0;0;-3,80759400000;-38,60486000000;mq_match
363076;31;10;2020;13:53;10765;RUA PRO MIRAMAR DA PONTE;RUA FLORIANOPOLIS;;;;ColisÃ£o Transversal;Luz do Dia;Bom;Seca;Cruz;Pare;Residencial;0;1;1;1;0;0;0;0;0;1;0;0;-3,76161000000;-38,58569000000;inter_gpsv
362644;1;11;2020;09:54;0;AV BERNARDO MANUEL;;;9996;;Queda;Luz do Dia;Bom;Seca;Meio de Quadra;SemÃ¡foro;Residencial;0;0;0;1;0;0;0;0;0;0;0;0;-3,82964000000;-38,56058000000;mq_gpsv
362645;1;11;2020;04:41;0;AV DOM MANUEL;;;268;;Choque c/ ObstÃ¡culo Fixo;Via Iluminada;Bom;Seca;Meio de Quadra;NÃ£o HÃ¡ Controle;Comercial;0;1;0;1;0;0;0;0;0;0;0;0;-3,72649766000;-38,52051350000;mq_qgis
362657;1;11;2020;22:20;0;AV DR ALDY MENTOR;;;0;;Choque c/ ObstÃ¡culo Fixo;Via Iluminada;Bom;Seca;Meio de Quadra;Gesto;Rural;0;0;1;1;0;0;0;0;0;0;0;0;-3,75337530000;-38,46234000000;mq_match
364453;1;11;2020;16:40;0;ROD CE 010;;;;;ColisÃ£o;Luz do Dia;;;Meio de Quadra;;;0;0;2;1;0;0;0;0;0;1;0;0;;;
363739;1;11;2020;03:46;6855;AV CONTORNO OESTE D71;AV CONTORNO SUL D71;;;;Queda;;;;;;;0;1;0;0;0;0;0;0;0;1;0;0;-3,84022000000;-38,59757000000;inter_gpsv
363742;1;11;2020;04:53;0;AV FRANCISCO SA;;;3633;;ColisÃ£o;;;;Meio de Quadra;;;0;1;0;0;0;0;0;0;0;0;0;0;-3,71720489000;-38,55794130000;mq_qgis
363757;1;11;2020;10:57;0;RUA CESARIO LANGE;;;689;;Atropelamento;Luz do Dia;;;Meio de Quadra;;;0;1;0;0;0;0;0;0;0;1;0;0;-3,82861467000;-38,49019840000;mq_qgis
363758;1;11;2020;12:49;0;RUA SGT JOAO PINHEIRO;;;;;Queda;Luz do Dia;;;Meio de Quadra;;;0;1;0;0;0;0;0;0;0;1;0;0;;;
363759;1;11;2020;13:18;0;AV PRS CASTELO BRANCO;;;112;;Choque c/ ObstÃ¡culo Fixo;Luz do Dia;;;Meio de Quadra;;;0;2;0;1;0;0;0;0;0;0;0;0;-3,72194700000;-38,52510000000;mq_match
363760;1;11;2020;14:15;0;RUA ISMAEL PORDEUS;;;1455;;Queda;Luz do Dia;;;Meio de Quadra;;;0;1;0;0;0;1;0;0;0;0;0;0;-3,72544000000;-38,47431000000;mq_gpsv
363761;1;11;2020;15:34;0;RUA FREDERICO SEVERO;;;120;;ColisÃ£o;Luz do Dia;;;Meio de Quadra;;;0;1;0;0;0;0;0;0;0;0;0;0;-3,81950830000;-38,49603630000;mq_match
363744;1;11;2020;05:19;0;RUA CON DE CASTRO;;;9458;;Queda;Amanhecer;;;Meio de Quadra;;;0;1;0;0;0;0;0;0;0;1;0;0;-3,82502931000;-38,60593430000;mq_qgis
363745;1;11;2020;05:46;0;RUA JOSE DANTAS PEREIRA;;;;;Queda;Amanhecer;;;Meio de Quadra;;;0;1;0;0;0;0;0;0;0;1;0;0;;;
363746;1;11;2020;05:53;0;RUA BIAS MENDES;;;2097;;Queda;Amanhecer;;;Meio de Quadra;;;0;1;0;0;0;0;0;0;0;1;0;0;;;
363747;1;11;2020;06:45;0;RUA AURELIANO LEAL;;;17;;Queda;Luz do Dia;;;Meio de Quadra;;;0;1;0;0;0;1;0;0;0;0;0;0;-3,82217000000;-38,58272000000;mq_gpsv
363748;1;11;2020;06:55;5150;RUA BAR RIO BRANCO;RUA SEN ALENCAR;;;;ColisÃ£o;Luz do Dia;;;T;Pare;Comercial;0;1;0;0;0;0;0;0;0;1;0;0;-3,72487900000;-38,52775200000;inter_match
363749;1;11;2020;07:21;0;AV MR HULL;;;7305;;Atropelamento;Luz do Dia;;;Meio de Quadra;;;0;1;1;0;1;0;0;0;0;0;0;0;;;
363750;1;11;2020;09:01;0;RUA BERNARDO MANUEL;;;9996;;ColisÃ£o;Luz do Dia;;;Meio de Quadra;;;0;1;0;0;0;0;0;0;0;0;0;0;-3,80566000000;-38,55350100000;mq_qgis
363751;1;11;2020;09:55;0;AV PRS CASTELO BRANCO;;;4336;;Atropelamento;Luz do Dia;;;Meio de Quadra;;;0;1;0;0;0;0;0;0;0;0;0;0;-3,70752000000;-38,57039000000;mq_gpsv
363752;1;11;2020;10:29;0;RUA BENU MARCONDES;;;41;;ColisÃ£o;Luz do Dia;;;Meio de Quadra;;;0;1;0;1;0;0;0;0;0;1;0;0;;;
363753;1;11;2020;10:57;0;AV LUCIANO CARNEIRO;;;2750;;ColisÃ£o;Luz do Dia;;;Meio de Quadra;;;0;1;0;1;0;0;0;0;0;1;0;0;;;
363763;1;11;2020;15:55;0;RUA FERNANDO WEYNE;;;277;;Queda;Luz do Dia;;;Meio de Quadra;;;0;1;0;0;0;1;0;0;0;0;0;0;-3,72019000000;-38,55333000000;mq_gpsv
363764;1;11;2020;16:37;0;RUA PRO JOSE BONIFACIO;;;251;;ColisÃ£o;Luz do Dia;;;Meio de Quadra;;;0;2;0;0;0;0;0;0;0;1;0;0;-3,70789719000;-38,56187810000;mq_qgis
363765;1;11;2020;17:19;0;AV 1 CANINDEZINHO;;;649;;Queda;Anoitecer;;;Meio de Quadra;;;0;1;0;0;0;0;0;0;0;1;0;0;-3,80846000000;-38,59813000000;mq_gpsv
363766;1;11;2020;17:40;0;RUA GAL TOME CORDEIRO;;;630;;Queda;Anoitecer;;;Meio de Quadra;;;0;1;0;0;0;1;0;0;0;0;0;0;-3,71658000000;-38,58263000000;mq_gpsv
363767;1;11;2020;18:02;0;RUA MANUEL TEOFILO;;;728;;ColisÃ£o;Anoitecer;;;Meio de Quadra;;;0;1;0;1;0;0;0;0;0;1;0;0;-3,78498000000;-38,56239000000;mq_gpsv
363768;1;11;2020;18:13;0;RUA JOSE DANTAS PEREIRA;;;;;Queda;Anoitecer;;;Meio de Quadra;;;0;1;0;0;0;1;0;0;0;0;0;0;;;
363769;1;11;2020;18:23;0;RUA ESTEVAO DE CAMPOS;;;1040;;ColisÃ£o;Anoitecer;;;Meio de Quadra;;;0;2;0;0;0;0;0;0;0;1;0;0;-3,70324000000;-38,58395000000;mq_gpsv
363770;1;11;2020;18:29;0;AV PRS CASTELO BRANCO;;;5540;;Atropelamento;Anoitecer;;;Meio de Quadra;;;0;1;0;1;0;0;0;0;0;0;0;0;-3,70340800000;-38,58056700000;mq_match
363771;1;11;2020;18:40;0;RUA GAL GOIS MONTEIRO;;;454;;ColisÃ£o;;;;Meio de Quadra;;;0;2;0;1;0;0;0;0;0;1;0;0;;;