COD_ACIDENTE;DIA;MES;ANO;HORA;INTERSECAO;LOG1;LOG2;LOG3;NUMERO;REFERENCIA;NATUREZA;ILUMINACAO;TEMPO;SUPERFICIEPISTA;TIPOCRUZAMENTO;CONTROLETRAFEGO;USOSOLO;MORTOS;FERIDOS;ILESOS;AUTOMOVEL;ONIBUS;BICICLETA;CAMINHAO;MICROONIBUS;CICLOMOTOR;MOTOCICLETA;TRACAOANIMAL;TREM;LATITUDE;LONGITUDE;METODO
363772;1;11;2020;19:34;0;RUA TEODOMIRO DE CASTRO;;;6155;;ColisÃ£o;;;;Meio de Quadra;;;0;1;0;1;0;0;0;0;0;1;0;0;-3,71736000000;-38,57542000000;mq_match
363773;1;11;2020;19:55;0;RUA PRO ANACLETO;;;95;;ColisÃ£o;;;;Meio de Quadra;;;0;1;0;1;0;0;0;0;0;0;0;0;-3,73454600000;-38,55299000000;mq_qgis
363774;1;11;2020;20:21;0;AV DR SILAS MUNGUBA;;;4210;;Queda;;;;Meio de Quadra;;;0;1;0;0;0;1;0;0;0;0;0;0;-3,79120600000;-38,53790000000;mq_match
363775;1;11;2020;20:38;0;AV H CJ CEARA;;;2299;;ColisÃ£o;;;;Meio de Quadra;;;0;1;0;1;0;0;0;0;0;1;0;0;-3,77672900000;-38,61850700000;mq_qgis
363776;1;11;2020;20:41;0;RUA FRANCISCO JOSE A PEREIRA;;;;;Atropelamento;;;;Meio de Quadra;;;0;1;0;0;0;0;0;0;0;0;0;0;;;
363777;1;11;2020;21:10;0;AV DR SILAS MUNGUBA;;;2975;;Atropelamento;;;;Meio de Quadra;;;0;1;0;0;0;0;0;0;0;1;0;0;-3,78806520000;-38,54693580000;mq_match
363778;1;11;2020;21:22;0;RUA NEREU RAMOS;;;;;Atropelamento;;;;Meio de Quadra;;;0;1;0;0;0;0;0;0;0;1;0;0;;;
363779;1;11;2020;23:07;0;RUA STA LIDUINA D42;;;58;;Atropelamento;;;;Meio de Quadra;;;0;1;0;1;0;0;0;0;0;0;0;0;-3,79844900000;-38,58504300000;mq_qgis
363780;1;11;2020;23:22;0;RUA TIRADENTES;;;822;;ColisÃ£o;;;;Meio de Quadra;;;0;1;0;1;0;0;0;0;0;1;0;0;-3,74013236000;-38,55121300000;mq_qgis
363781;1;11;2020;23:34;0;RUA CEL VIRGILIO NOGUEIRA (BOM JARDIM);;;261;;Atropelamento;;;;Meio de Quadra;;;0;1;0;0;0;0;0;0;0;1;0;0;;;
363782;2;11;2020;00:11;0;RUA CON DE CASTRO;;;956;;ColisÃ£o;;;;Meio de Quadra;;;0;2;0;1;0;0;0;0;0;1;0;0;-3,78154400000;-38,57024500000;mq_match
363783;2;11;2020;00:19;0;RUA 4 DE OUTUBRO;;;1200;;Atropelamento;;;;Meio de Quadra;;;0;2;0;0;0;0;0;0;0;1;0;0;;;
363785;2;11;2020;00:45;0;RUA CAP OLAVO;;;288;;ColisÃ£o;;;;Meio de Quadra;;;0;1;0;1;0;0;0;0;0;1;0;0;-3,76474722000;-38,51602460000;mq_qgis
363804;2;11;2020;19:58;0;AV CEL CARVALHO;;;3068;;ColisÃ£o;;;;Meio de Quadra;;;0;1;0;1;0;0;0;0;0;1;0;0;-3,72993200000;-38,58478000000;mq_qgis
363805;2;11;2020;20:10;0;RUA CARLOS CHAGAS;;;1216;;ColisÃ£o;;;;Meio de Quadra;;;0;1;0;0;0;0;0;0;0;0;0;0;-3,77854000000;-38,59092000000;mq_gpsv
363801;2;11;2020;18:20;0;AV CARNEIRO DE MENDONCA;;;1301;;ColisÃ£o;Anoitecer;;;Meio de Quadra;;;0;1;0;0;0;0;0;0;0;1;0;0;-3,76198600000;-38,57072100000;mq_match
363802;2;11;2020;18:50;0;RUA PARA;;;390;;ColisÃ£o;;;;Meio de Quadra;;;0;1;0;0;0;0;0;0;0;1;0;0;-3,75587815000;-38,56277940000;mq_qgis
363788;2;11;2020;00:53;0;AV SEN VIRGILIO TAVORA;;;866;;Atropelamento;;;;Meio de Quadra;;;0;1;0;1;0;0;0;0;0;0;0;0;-3,73454916000;-38,49241860000;mq_qgis
363789;2;11;2020;05:35;0;RUA PORTO VELHO;;;;;ColisÃ£o;Amanhecer;;;Meio de Quadra;;;0;1;0;1;0;0;0;0;0;1;0;0;;;
363790;2;11;2020;07:25;0;AV GOV RAUL BARBOSA;;;7151;;Queda;Luz do Dia;;;Meio de Quadra;;;0;1;0;0;0;0;0;0;0;1;0;0;-3,77516100000;-38,51298000000;mq_qgis
363791;2;11;2020;10:46;0;RUA PERNAMBUCO;;;;;Queda;Luz do Dia;;;Meio de Quadra;;;0;1;0;0;0;0;0;0;0;1;0;0;;;
363792;2;11;2020;11:25;0;RUA JOSE ACIOLY;;;486;;ColisÃ£o;Luz do Dia;;;Meio de Quadra;;;0;1;0;1;0;1;0;0;0;0;0;0;-3,73319105000;-38,58845470000;mq_qgis
363793;2;11;2020;16:35;0;RUA PESC CHICO BINDA;;;;;Queda;Luz do Dia;;;Meio de Quadra;;;0;1;0;0;0;0;0;0;0;1;0;0;;;
363794;2;11;2020;16:45;0;RUA JOSE PEDRA;;;488;;Queda;Luz do Dia;;;Meio de Quadra;;;0;1;0;0;0;0;0;0;0;1;0;0;-3,79219408000;-38,54867330000;mq_qgis
363795;2;11;2020;17:47;0;RUA JORGE DUMAR;;;1630;;Atropelamento;Anoitecer;;;Meio de Quadra;;;0;1;0;1;0;0;0;0;0;0;0;0;-3,75027000000;-38,53878000000;mq_gpsv
363807;2;11;2020;20:31;0;RUA MARIA JULIA;;;1009;;ColisÃ£o;;;;Meio de Quadra;;;0;1;0;1;0;0;0;0;0;1;0;0;-3,79064000000;-38,59930000000;mq_gpsv
363808;2;11;2020;23:53;7628;RUA ALAGOAS;RUA RIO GRANDE DO SUL;;;;ColisÃ£o;;;;Cruz;NÃ£o HÃ¡ Controle;Residencial;0;1;0;1;0;0;0;0;0;1;0;0;-3,76076200000;-38,56893400000;inter_match
363799;2;11;2020;17:55;0;RUA PRO JOSE HENRIQUE;;;;;Queda;Anoitecer;;;Meio de Quadra;;;0;1;0;0;0;0;0;0;0;1;0;0;;;
362647;2;11;2020;08:20;0;RUA VINTE E UM DE ABRIL;RUA VIRIATO RIBEIRO;;0;;NÃ£o Informado;Luz do Dia;Bom;Seca;Meio de Quadra;Pare;Residencial;0;0;1;1;0;0;0;0;0;0;0;0;-3,74571000000;-38,56479000000;inter_gpsv
362648;2;11;2020;19:50;4615;RUA CRISANTO M DA ROCHA;RUA JOSE ANASTACIO DIAS;;0;;ColisÃ£o Transversal;Via Iluminada;Bom;Seca;Cruz;NÃ£o HÃ¡ Controle;Comercial;0;0;2;1;0;0;0;0;0;0;0;0;-3,79766700000;-38,48043200000;inter_match
362649;3;11;2020;06:50;3844;RUA ADOLFO HERBSTER;RUA JOAO GENTIL;;;;ColisÃ£o Transversal;Luz do Dia;Bom;Seca;Cruz;Pare;Residencial;0;1;1;1;0;1;0;0;0;0;0;0;-3,74547500000;-38,53957700000;inter_match
362650;3;11;2020;07:40;11768;AV PRS CASTELO BRANCO;AV FILOMENO GOMES;;;;ColisÃ£o Lateral;Luz do Dia;Bom;Seca;T;SemÃ¡foro;Lazer;0;1;1;0;1;0;0;0;0;1;0;0;-3,71554200000;-38,54198200000;inter_match
362651;3;11;2020;07:35;0;RUA DEMETRIO MENEZES;;;3670;;NÃ£o Informado;Luz do Dia;Nublado;Seca;Meio de Quadra;SemÃ¡foro;Comercial;0;0;2;1;0;0;0;0;0;0;0;0;-3,73544000000;-38,58413800000;mq_qgis
362652;3;11;2020;09:46;0;AV ALM BARROSO;;;672;;ColisÃ£o Traseira;Luz do Dia;Nublado;Seca;Meio de Quadra;SemÃ¡foro;Comercial;0;1;1;0;0;0;0;0;0;1;0;0;-3,72048500000;-38,51734100000;mq_match
362653;3;11;2020;11:09;5249;RUA SEN ALMIR PINTO;RUA COSTA BARROS;;;;ColisÃ£o Lateral;Luz do Dia;Bom;Seca;Outros;Pare;Comercial;0;1;1;1;0;0;0;0;0;1;0;0;-3,72631000000;-38,52468000000;inter_gpsv
362654;3;11;2020;14:35;0;AV JOAO PESSOA;;;6943;;ColisÃ£o;Luz do Dia;Bom;Seca;;;;0;3;1;1;0;0;0;0;0;1;0;0;-3,77104400000;-38,56137900000;mq_match
362655;3;11;2020;20:12;0;AV SGT HERMINIO SAMPAIO;;;4939;;ColisÃ£o Lateral;Via Iluminada;Bom;Seca;Y;SemÃ¡foro;Comercial;0;1;1;1;0;0;0;0;0;1;0;0;-3,73375800000;-38,58410600000;mq_qgis
363815;3;11;2020;08:55;0;AV GODOFREDO MACIEL;;;;;ColisÃ£o;Luz do Dia;;;Meio de Quadra;;;0;2;0;0;0;0;0;0;0;1;0;0;;;
363813;3;11;2020;08:14;0;RUA DR THOMPSON BULCAO;;;500;;ColisÃ£o;Luz do Dia;;;Meio de Quadra;;;0;1;0;1;0;0;0;0;0;1;0;0;-3,77001000000;-38,49205000000;mq_gpsv
363809;3;11;2020;04:05;0;AV PRS CASTELO BRANCO;;;168;;Queda;;;;;;;0;1;0;0;0;0;0;0;0;1;0;0;-3,72312000000;-38,52156300000;mq_match
363810;3;11;2020;05:38;0;AV PRS CASTELO BRANCO;;;240;;ColisÃ£o;Amanhecer;;;Meio de Quadra;;;0;1;0;0;0;0;0;0;0;0;0;0;-3,72130000000;-38,52710000000;mq_match
363811;3;11;2020;05:45;0;RUA BAR AQUIRAZ;;;2530;;ColisÃ£o;Amanhecer;;;Meio de Quadra;;;0;1;0;1;0;0;0;0;0;1;0;0;;;
363818;3;11;2020;08:59;0;AV DIOGUINHO;;;2493;;ColisÃ£o;Luz do Dia;;;Meio de Quadra;;;0;1;0;1;0;0;0;0;0;1;0;0;-3,74217000000;-38,45304000000;mq_match
363819;3;11;2020;09:00;0;RUA PDE PEDRO DE ALENCAR;;;1850;;ColisÃ£o;Luz do Dia;;;Meio de Quadra;;;0;1;0;1;0;0;0;0;0;1;0;0;-3,84388700000;-38,49438700000;mq_match
363820;3;11;2020;09:03;0;AV SEN CARLOS JEREISSATI (AEROPORTO);;;;;ColisÃ£o;Luz do Dia;;;Meio de Quadra;;;0;1;0;1;0;0;0;0;0;1;0;0;;;
363821;3;11;2020;10:00;0;AV OLIVEIRA PAIVA;;;1111;;Queda;Luz do Dia;;;Meio de Quadra;;;0;1;0;0;0;0;0;0;0;1;0;0;-3,79577000000;-38,49678000000;mq_match
363822;3;11;2020;10:26;13372;RUA JOAO BRIGIDO;RUA NOGUEIRA ACIOLI;;;;ColisÃ£o;Luz do Dia;;;Cruz;SemÃ¡foro;Residencial;0;1;0;1;0;0;0;0;0;1;0;0;-3,73925900000;-38,52004400000;inter_match
363852;3;11;2020;23:42;0;AV ZEZE DIOGO;;;1124;;Queda;;;;Meio de Quadra;;;0;1;0;0;0;0;0;0;0;1;0;0;-3,71716077000;-38,46465010000;mq_qgis
363846;3;11;2020;19:30;0;AV MR HULL;;;3970;;ColisÃ£o;;;;Meio de Quadra;;;0;1;0;0;0;0;0;0;0;1;0;0;-3,73776000000;-38,57982000000;mq_gpsv
363847;3;11;2020;21:07;0;AV PERIMETRAL;;;;;Queda;;;;Meio de Quadra;;;0;1;0;0;0;0;0;0;0;1;0;0;;;
363848;3;11;2020;21:45;0;AV GAL OSORIO DE PAIVA;;;1327;;ColisÃ£o;;;;Meio de Quadra;;;0;1;0;1;0;0;0;0;0;1;0;0;-3,77998000000;-38,57336000000;mq_gpsv
363849;3;11;2020;21:56;0;RUA LAURO NOGUEIRA;;;779;;ColisÃ£o;;;;Meio de Quadra;;;0;1;0;1;0;1;0;0;0;0;0;0;-3,73986000000;-38,47882000000;mq_gpsv
363850;3;11;2020;23:19;0;RUA ENCANTO DA BARRA;;;141;;ColisÃ£o;;;;Meio de Quadra;;;0;1;0;0;0;0;0;0;0;0;0;0;-3,70001000000;-38,57870000000;mq_gpsv
363839;3;11;2020;16:21;0;AV F CJ CEARA;;;773;;Queda;Luz do Dia;;;Meio de Quadra;;;0;1;0;0;0;1;0;0;0;0;0;0;-3,76613914000;-38,60397380000;mq_qgis
363840;3;11;2020;17:24;0;RUA FREI HUMBERTO;;;;;Queda;Anoitecer;;;Meio de Quadra;;;0;1;0;0;0;0;0;0;0;1;0;0;;;
363841;3;11;2020;17:28;0;AV OLIVEIRA PAIVA;;;;;ColisÃ£o;Anoitecer;;;Meio de Quadra;;;0;1;0;0;0;0;0;0;0;0;0;0;;;
363842;3;11;2020;17:56;21546;RUA TULIPA NEGRA;RUA CEREJEIRAS;;;;ColisÃ£o;Anoitecer;;;Cruz;Pare;Comercial;0;1;0;0;0;0;0;0;0;1;0;0;-3,81941700000;-38,59765500000;inter_match
363843;3;11;2020;18:44;0;RUA BERNARDO MANUEL;;;13405;;Queda;;;;Meio de Quadra;;;0;2;0;0;0;0;0;0;0;1;0;0;-3,83466786000;-38,56230400000;mq_qgis
363826;3;11;2020;11:18;0;AV MOZART PINHEIRO DE LUCENA;;;1361;;Atropelamento;Luz do Dia;;;Meio de Quadra;;;0;1;0;0;0;0;0;0;0;1;0;0;-3,71483800000;-38,59470700000;mq_qgis
363827;3;11;2020;11:46;0;AV SANTOS DUMONT;;;847;;ColisÃ£o;Luz do Dia;;;Meio de Quadra;;;0;1;0;1;1;0;0;0;0;0;0;0;-3,73053500000;-38,51584800000;mq_match
363828;3;11;2020;12:13;0;RD BR 116;;;;;Atropelamento;Luz do Dia;;;Meio de Quadra;;;0;1;0;1;0;0;0;0;0;0;0;0;;;
363829;3;11;2020;12:29;0;AV BEZERRA DE MENEZES;;;1643;;ColisÃ£o;Luz do Dia;;;Meio de Quadra;;;0;1;0;1;0;0;0;0;0;1;0;0;-3,73462363900;-38,55948512800;mq_match
363830;3;11;2020;12:46;0;RUA PRO GOMES BRASIL;;;201;;ColisÃ£o;Luz do Dia;;;Meio de Quadra;;;0;1;0;0;0;0;0;0;0;1;0;0;-3,77409700000;-38,56760200000;mq_match
363831;3;11;2020;15:38;0;RUA ABEL RIBEIRO;;;;;ColisÃ£o;Luz do Dia;;;Meio de Quadra;;;0;1;0;1;0;0;0;0;0;1;0;0;;;
363832;3;11;2020;16:06;0;AV SEN CARLOS JEREISSATI (AEROPORTO);;;;;Queda;Luz do Dia;;;Meio de Quadra;;;0;1;0;0;0;0;0;0;0;1;0;0;;;
363833;3;11;2020;16:12;0;AV CONTORNO SUL;;;160;;ColisÃ£o;Luz do Dia;;;Meio de Quadra;;;0;1;0;1;0;0;0;0;0;1;0;0;-3,85763550000;-38,48968550000;mq_qgis
363940;3;11;2020;01:00;0;TR CICERO HERMINIO;;;14;;Atropelamento;;;;Meio de Quadra;;;1;0;1;1;0;0;0;0;0;0;0;0;-3,70594140000;-38,56289940000;mq_qgis
363959;4;11;2020;10:40;0;RUA CATOLE;;;;;Choque c/ ObstÃ¡culo Fixo;Luz do Dia;;;Meio de Quadra;;;1;0;0;0;0;0;0;0;0;1;0;0;-3,85897600000;-38,52318300000;fat_match
364190;4;11;2020;21:09;0;AV SEN CARLOS JEREISSATI (AEROPORTO);;;401;;ColisÃ£o;;;;Meio de Quadra;;;0;1;0;1;0;0;0;0;0;0;0;0;;;
364191;4;11;2020;21:50;0;RUA LAURO MAIA;;;950;;ColisÃ£o;;;;Meio de Quadra;;;0;1;0;0;0;0;0;0;0;1;0;0;-3,74803600000;-38,52273600000;mq_qgis
364188;4;11;2020;20:17;0;RUA ARI MAIA;;;796;;Queda;;;;Meio de Quadra;;;0;1;0;0;0;0;0;0;0;1;0;0;-3,78222000000;-38,62114000000;mq_gpsv
364186;4;11;2020;19:48;0;AV RAD JOSE LIMA VERDE;;;537;;ColisÃ£o;;;;Meio de Quadra;;;0;1;0;1;0;0;0;0;0;1;0;0;-3,69591188300;-38,58643139000;mq_match
364182;4;11;2020;18:17;0;AV DR THEBERGE;;;1288;;ColisÃ£o;Anoitecer;;;Meio de Quadra;;;0;1;0;1;0;0;0;0;0;1;0;0;-3,71366300000;-38,56463700000;mq_match
364183;4;11;2020;18:29;0;RUA VALPARAISO;;;;;ColisÃ£o;Anoitecer;;;Meio de Quadra;;;0;1;0;1;0;0;0;0;0;1;0;0;;;
364174;4;11;2020;18:02;0;AV VICENTE DE CASTRO;;;;;Queda;Anoitecer;;;Meio de Quadra;;;0;1;0;0;0;1;0;0;0;0;0;0;;;
364175;4;11;2020;18:05;0;RD BR 116;;;3000;KM-03;ColisÃ£o;Anoitecer;;;Meio de Quadra;;;0;1;0;0;0;0;0;0;0;0;0;0;-3,77983800000;-38,51437200000;rod_match
364176;4;11;2020;18:09;0;RUA BENEDITO MACEDO;;;79;;Queda;Anoitecer;;;Meio de Quadra;;;0;1;0;0;0;1;0;0;0;0;0;0;-3,71628000000;-38,47576000000;mq_gpsv
364177;4;11;2020;18:09;0;RD BR 116;;;12000;KM-12;ColisÃ£o;Anoitecer;;;Meio de Quadra;;;0;1;0;1;0;0;0;0;0;1;0;0;-3,85574000000;-38,49606600000;rod_match
364164;4;11;2020;12:17;17373;RUA CEL ALEXANDRINO;AV PRO GOMES DE MATOS;;;;ColisÃ£o;Luz do Dia;;;Cruz;SemÃ¡foro Manual;Residencial;0;1;0;0;0;0;0;0;0;1;0;0;-3,76673200000;-38,55040300000;inter_match
364165;4;11;2020;12:38;0;RUA VALPARAISO;;;1362;;ColisÃ£o;Luz do Dia;;;Meio de Quadra;;;0;1;0;0;0;0;0;0;0;0;0;0;-3,84034711300;-38,53048612000;mq_match
364166;4;11;2020;14:12;0;RUA ADOLFO CAMINHA;;;217;;Atropelamento;Luz do Dia;;;Meio de Quadra;;;0;1;0;1;0;0;0;0;0;0;0;0;-3,72103639400;-38,52508319000;mq_match
364167;4;11;2020;14:35;19331;RUA PRO GOMES BRASIL;AV GAL OSORIO DE PAIVA;;;;Queda;Luz do Dia;;;T;SemÃ¡foro;Comercial;0;1;0;0;0;0;0;0;0;1;0;0;-3,77561800000;-38,56645100000;inter_match
364168;4;11;2020;15:12;19009;RUA DES WALDETARIO P MOTA;RUA AVILA GOULART;;;;ColisÃ£o;Luz do Dia;;;Cruz;SemÃ¡foro;Residencial;0;2;0;1;0;0;0;0;0;1;0;0;-3,73447800000;-38,47916000000;inter_match
364169;4;11;2020;15:43;0;AV MAE LISBOA;;;1780;;ColisÃ£o;Luz do Dia;;;Meio de Quadra;;;0;1;0;0;0;0;0;0;0;0;0;0;-3,80793650000;-38,46380800000;mq_qgis
364170;4;11;2020;15:56;0;AV VIS RIO BRANCO;;;2173;;ColisÃ£o;Luz do Dia;;;Meio de Quadra;;;0;1;0;1;0;0;0;0;0;1;0;0;-3,73996600000;-38,52329600000;mq_match
364171;4;11;2020;17:10;0;AV GODOFREDO MACIEL;;;3933;;Queda;Anoitecer;;;Meio de Quadra;;;0;1;0;0;0;0;0;0;0;1;0;0;-3,79847020000;-38,57043670000;mq_match
364172;4;11;2020;17:25;0;RUA ESPLANADA DO MUCURIPE;;;;;ColisÃ£o;Anoitecer;;;Meio de Quadra;;;0;1;0;1;0;1;0;0;0;0;0;0;;;
364457;4;11;2020;16:00;0;RD CE-025;;;;KM-02;Atropelamento;Luz do Dia;;;Meio de Quadra;;;0;1;1;0;0;0;0;0;0;1;0;0;-3,80763450500;-38,46108452000;rod_match
364196;4;11;2020;22:30;0;RUA VALDETARIO MOTA;;;422;;Queda;;;;Meio de Quadra;;;0;1;0;0;0;0;0;0;0;1;0;0;-3,73352000000;-38,47861000000;mq_gpsv
364194;4;11;2020;22:06;0;AV PERIMETRAL;;;1089;;ColisÃ£o;;;;Meio de Quadra;;;0;2;0;1;0;0;0;0;0;1;0;0;-3,78556270000;-38,59001170000;mq_qgis
363864;4;11;2020;10:17;0;RUA BRAGANCA;;;1095;;ColisÃ£o;Luz do Dia;;;Meio de Quadra;;;0;1;0;1;0;0;0;0;0;1;0;0;-3,78418100000;-38,59746100000;mq_qgis
363865;4;11;2020;12:16;0;AV EDUARDO GIRAO;;;;;ColisÃ£o;Luz do Dia;;;Meio de Quadra;;;0;1;0;1;0;1;0;0;0;0;0;0;;;
363859;4;11;2020;07:08;0;RD BR 116;;;2273;;ColisÃ£o;Luz do Dia;;;Meio de Quadra;;;0;1;0;0;0;0;0;0;0;0;0;0;-3,80949200000;-38,50071100000;rod_match
363860;4;11;2020;07:31;0;RUA TOMAS ACIOLI;;;950;;ColisÃ£o;Luz do Dia;;;Meio de Quadra;;;0;1;0;1;0;0;0;0;0;1;0;0;-3,74500063000;-38,50936900000;mq_qgis
363861;4;11;2020;09:26;0;AV FRE CIRILO;;;;;ColisÃ£o;Luz do Dia;;;Meio de Quadra;;;0;1;0;1;0;0;0;0;0;1;0;0;;;
363862;4;11;2020;09:50;0;RUA VALDETARIO MOTA;;;;;Atropelamento;Luz do Dia;;;Meio de Quadra;;;0;1;0;0;0;0;0;0;0;1;0;0;;;
362656;4;11;2020;07:41;23791;RUA COSTA FREIRE;RUA RAIMUNDO NERY;;0;;ColisÃ£o Transversal;Luz do Dia;Bom;Seca;Cruz;Pare;Comercial;0;2;1;1;0;0;0;0;0;1;0;0;-3,79414400000;-38,58642300000;inter_match
362658;4;11;2020;15:56;25063;RUA ARMANDO MONTEIRO;AV DOS EXPEDICIONARIOS;;;;ColisÃ£o Frontal;Luz do Dia;Bom;Seca;Cruz;SemÃ¡foro;Comercial;0;1;1;1;0;0;0;0;0;1;0;0;-3,76223000000;-38,54037200000;inter_match
362659;4;11;2020;15:00;26091;AV JOVITA FEITOSA;AV JOSE JATAHY;;;;ColisÃ£o Transversal;Luz do Dia;Bom;Seca;Cruz;SemÃ¡foro;Comercial;0;0;3;1;0;0;0;0;0;0;0;0;-3,73727300000;-38,54393600000;inter_match
362435;4;11;2020;17:45;0;AV PRS JUSCELINO KUBITSCHEK (PASSARÃ‰);;;3269;;ColisÃ£o Lateral;Anoitecer;Bom;Seca;Meio de Quadra;NÃ£o HÃ¡ Controle;Residencial;0;2;0;1;0;0;0;0;0;1;0;0;;;
362431;4;11;2020;15:10;7400;RUA CEL MATOS DOURADO;RUA PRO EDGAR DE ARRUDA;;;;ColisÃ£o Transversal;Luz do Dia;Bom;Seca;Cruz;Pare;Comercial;0;2;1;1;0;0;0;0;0;1;0;0;-3,75820200000;-38,58484800000;inter_match
362436;5;11;2020;07:30;0;AV GOV RAUL BARBOSA;;;3050;;ColisÃ£o Transversal;Luz do Dia;Bom;Seca;Meio de Quadra;NÃ£o HÃ¡ Controle;Comercial;0;0;2;1;0;1;0;0;0;0;0;0;-3,75419336000;-38,50414430000;mq_qgis
362437;5;11;2020;19:20;12347;RUA RIO GRANDE DO SUL;RUA DIAMANTINA;;;;ColisÃ£o Lateral;;Bom;Seca;Cruz;SemÃ¡foro;Residencial;0;1;1;0;0;0;0;0;0;1;0;0;-3,76334200000;-38,57049900000;inter_match
362660;5;11;2020;02:40;18464;AV SGT HERMINIO SAMPAIO;RUA PEDRO PONCIANO;;;;ColisÃ£o Frontal;Via Iluminada;Bom;Seca;T;Pare;Comercial;0;0;2;1;0;0;1;0;0;0;0;0;-3,73046000000;-38,57655000000;inter_gpsv
362661;5;11;2020;15:30;9033;RUA CEL SOLON;RUA DOM SEBASTIAO LEME;;;;ColisÃ£o Transversal;Luz do Dia;Bom;Seca;Cruz;Pare;Residencial;0;1;1;1;0;0;0;0;0;1;0;0;-3,74296300000;-38,52679900000;inter_match
364199;5;11;2020;00:52;0;AV SGT HERMINIO SAMPAIO;;;5286;;ColisÃ£o;;;;Meio de Quadra;;;0;1;0;1;0;0;1;0;0;0;0;0;-3,73415000000;-38,58665250000;mq_qgis
364208;5;11;2020;07:33;0;AV DES MOREIRA;;;3050;;ColisÃ£o;Luz do Dia;;;Meio de Quadra;;;0;1;0;1;0;1;0;0;0;0;0;0;-3,75277200000;-38,50395570000;mq_match
364209;5;11;2020;11:41;0;RUA CARNEIRO DA CUNHA (JACARECANGA);;;449;;ColisÃ£o;Luz do Dia;;;Meio de Quadra;;;0;1;0;1;0;0;0;0;0;1;0;0;-3,72452000000;-38,54500000000;mq_gpsv
364201;5;11;2020;06:30;0;AV DEP PAULINO ROCHA;;;;;ColisÃ£o;Luz do Dia;;;Meio de Quadra;;;0;1;0;0;0;0;0;0;0;0;0;0;;;
364203;5;11;2020;06:32;0;AV 13 DE MAIO;;;1485;;ColisÃ£o;Luz do Dia;;;Meio de Quadra;;;0;1;0;1;0;0;0;0;0;1;0;0;-3,74743741000;-38,53153890000;mq_qgis
364214;5;11;2020;11:55;0;RUA CEL JOAO OLIVEIRA;;;1110;;Atropelamento;Luz do Dia;;;Meio de Quadra;;;0;1;0;0;0;0;0;0;0;0;0;0;-3,82320100000;-38,48512300000;mq_qgis
364215;5;11;2020;12:27;0;AV JOSE LEON;;;1919;;Queda;Luz do Dia;;;Meio de Quadra;;;0;1;0;0;0;1;0;0;0;0;0;0;-3,78954400000;-38,49489700000;mq_qgis
364216;5;11;2020;13:14;0;AV MON TABOSA;;;368;;Atropelamento;Luz do Dia;;;Meio de Quadra;;;0;1;0;1;0;0;0;0;0;0;0;0;-3,72378600000;-38,51607600000;mq_match
364217;5;11;2020;13:17;0;RUA POMPILIO GOMES;;;414;;ColisÃ£o;Luz do Dia;;;Meio de Quadra;;;0;1;0;1;0;0;0;0;0;1;0;0;;;
364218;5;11;2020;14:06;0;RUA PRO HERIBALDO COSTA;;;1351;;ColisÃ£o;Luz do Dia;;;Meio de Quadra;;;0;1;0;1;0;0;0;0;0;1;0;0;-3,76389982000;-38,58591690000;mq_qgis
364219;5;11;2020;14:16;0;AV SGT HERMINIO SAMPAIO;;;2148;;ColisÃ£o;Luz do Dia;;;Meio de Quadra;;;0;1;0;1;0;0;0;0;0;1;0;0;-3,72618050000;-38,55942350000;mq_match
364220;5;11;2020;15:07;0;AV BORGES DE MELO;;;;;ColisÃ£o;Luz do Dia;;;Meio de Quadra;;;0;1;0;1;0;0;0;0;0;1;0;0;;;
364212;5;11;2020;11:52;0;RUA SAO FRANCISCO D34;;;396;;ColisÃ£o;Luz do Dia;;;Meio de Quadra;;;0;1;0;0;0;0;0;0;0;0;0;0;-3,79894400000;-38,60089400000;mq_gpsv
364222;5;11;2020;15:53;0;AV MIGUEL DIAS;;;320;;ColisÃ£o;Luz do Dia;;;Meio de Quadra;;;0;1;0;1;0;0;0;0;0;1;0;0;-3,75996850000;-38,48823110000;mq_match
364224;5;11;2020;15:54;0;RUA 602 CJ CEARA;;;;;ColisÃ£o;Luz do Dia;;;Meio de Quadra;;;0;1;0;1;0;0;0;0;0;1;0;0;;;
364226;5;11;2020;16:36;0;AV ENG LEAL LIMA VERDE (SAPIRANGA/COITE);;;1000;;ColisÃ£o;Luz do Dia;;;Meio de Quadra;;;0;1;0;1;0;0;0;0;0;1;0;0;-3,79766000000;-38,47558000000;mq_gpsv
364205;5;11;2020;07:31;23734;RUA JOAO AREAS;RUA CON DE CASTRO;;;;ColisÃ£o;Luz do Dia;;;;;;0;1;0;1;0;0;0;0;0;1;0;0;-3,78760000000;-38,57584000000;inter_gpsv
364228;5;11;2020;17:06;0;RUA CON DE CASTRO;;;7050;;ColisÃ£o;Anoitecer;;;Meio de Quadra;;;0;1;0;1;0;0;0;0;0;1;0;0;-3,81717635000;-38,60068840000;mq_qgis
364230;5;11;2020;17:09;0;AV BEZERRA DE MENEZES;;;;;Atropelamento;Anoitecer;;;Meio de Quadra;;;0;1;0;1;0;0;0;0;0;0;0;0;;;
364231;5;11;2020;17:17;0;AV SANTOS DUMONT;;;7580;;Queda;Anoitecer;;;Meio de Quadra;;;0;1;0;0;0;0;0;0;0;1;0;0;-3,74662850000;-38,46615700000;mq_match
364233;5;11;2020;17:18;5749;AV DES GONZAGA;RUA JULIO LIMA;;;;ColisÃ£o;Anoitecer;;;Cruz;Pare;Comercial;0;1;0;1;0;0;0;0;0;1;0;0;-3,79614300000;-38,50041100000;inter_match