COD_ACIDENTE;DIA;MES;ANO;HORA;INTERSECAO;LOG1;LOG2;LOG3;NUMERO;REFERENCIA;NATUREZA;ILUMINACAO;TEMPO;SUPERFICIEPISTA;TIPOCRUZAMENTO;CONTROLETRAFEGO;USOSOLO;MORTOS;FERIDOS;ILESOS;AUTOMOVEL;ONIBUS;BICICLETA;CAMINHAO;MICROONIBUS;CICLOMOTOR;MOTOCICLETA;TRACAOANIMAL;TREM;LATITUDE;LONGITUDE;METODO
364235;5;11;2020;17:41;7765;RUA TIBURCIO CAVALCANTE;RUA DOM EXPEDITO LOPES;;;;ColisÃ£o;Anoitecer;;;Cruz;SemÃ¡foro;Residencial;0;2;0;0;0;0;0;0;0;1;0;0;-3,74388360000;-38,50518400000;inter_match
364238;5;11;2020;17:52;0;RUA PRO COSTA MENDES;;;1258;;ColisÃ£o;Anoitecer;;;Meio de Quadra;;;0;1;0;1;0;0;0;0;0;1;0;0;-3,75148030000;-38,55057000000;mq_match
364239;5;11;2020;17:59;5436;RUA GAL CLARINDO DE QUEIROZ;RUA JAIME BENEVOLO;;;;Atropelamento;Anoitecer;;;Cruz;Pare;Comercial;0;1;0;0;0;0;0;0;0;1;0;0;-3,73406000000;-38,52601700000;inter_match
364240;5;11;2020;19:35;0;AV JOR JOAO RAMOS;;;3005;;ColisÃ£o;;;;Meio de Quadra;;;0;1;0;0;0;0;0;0;0;0;0;0;-3,83963235000;-38,58219740000;mq_qgis
364241;5;11;2020;19:48;0;RUA RIO GRANDE DO SUL;;;1344;;ColisÃ£o;;;;Meio de Quadra;;;0;1;0;0;0;0;0;0;0;0;0;0;-3,76001100000;-38,56846700000;mq_match
364242;5;11;2020;21:01;0;RUA SOL;;;721;;ColisÃ£o;;;;Meio de Quadra;;;0;1;0;0;0;0;0;0;0;0;0;0;-3,83529000000;-38,57953000000;mq_gpsv
364243;5;11;2020;21:06;0;AV PRS CASTELO BRANCO;;;;;Queda;;;;Meio de Quadra;;;0;1;0;0;0;0;0;0;0;1;0;0;;;
364470;5;11;2020;15:30;0;AV SEN CARLOS JEREISSATI (AEROPORTO);;;;KM 02;ColisÃ£o;Luz do Dia;;;Meio de Quadra;;;0;0;2;1;1;0;0;0;0;0;0;0;-3,78219400000;-38,53542400000;rod_match
364473;5;11;2020;20:30;0;AV MIN JOSE AMERICO;;;;;Outros;;;;Meio de Quadra;;;0;0;2;1;0;0;0;0;0;0;0;0;;;
364696;5;11;2020;12:15;0;AV JOVITA FEITOSA;;;314;;ColisÃ£o;Luz do Dia;;;Meio de Quadra;;;0;2;0;0;0;0;0;0;0;1;0;0;-3,73776300000;-38,54630100000;mq_qgis
364697;5;11;2020;09:00;0;RUA PERNAMBUCO;;;;;ColisÃ£o;Luz do Dia;;;Meio de Quadra;;;0;1;1;0;0;0;0;0;0;1;0;0;;;
364698;5;11;2020;10:45;0;RUA NUNES FEIJO;;;1119;;ColisÃ£o;Luz do Dia;;;Meio de Quadra;;;0;0;2;0;1;0;0;0;0;0;0;0;-3,84710000000;-38,50497000000;mq_gpsv
364699;6;11;2020;20:30;0;AV VICENTE DE CASTRO;;;;;ColisÃ£o;;;;Meio de Quadra;NÃ£o HÃ¡ Controle;Industrial;0;0;2;0;0;0;1;0;0;0;0;0;;;
364485;6;11;2020;15:30;0;AV MIN JOSE AMERICO;;;;;ColisÃ£o;Luz do Dia;;;Meio de Quadra;;;0;0;2;1;0;0;0;1;0;0;0;0;;;
364244;6;11;2020;01:56;0;RUA PERNAMBUCO;;;2951;;Atropelamento de Animal;;;;Meio de Quadra;;;0;1;0;0;0;0;0;0;0;0;0;0;-3,74985800000;-38,57959300000;mq_match
364245;6;11;2020;06:05;0;TERM DE MESSEJANA;;;;;Atropelamento;Luz do Dia;;;Meio de Quadra;;;0;1;0;0;1;0;0;0;0;0;0;0;;;
364246;6;11;2020;06:16;0;RD BR 116;;;9000;KM-09;Atropelamento;Luz do Dia;;;Meio de Quadra;;;0;1;0;0;0;0;0;0;0;1;0;0;-3,83083700000;-38,50486500000;rod_match
364247;6;11;2020;06:17;0;AV LINEU MACHADO;;;1451;;ColisÃ£o;Luz do Dia;;;Meio de Quadra;;;0;1;0;0;0;0;0;0;0;0;0;0;-3,77238868100;-38,58027126000;mq_match
364248;6;11;2020;06:20;0;AV DES MOREIRA;;;2200;;ColisÃ£o;Luz do Dia;;;Meio de Quadra;;;0;1;0;0;0;0;0;0;0;0;0;0;-3,74457700000;-38,50103050000;mq_qgis
364249;6;11;2020;06:54;0;RUA GERMANO FRANCK;;;777;;ColisÃ£o;Luz do Dia;;;Meio de Quadra;;;0;1;0;1;0;0;0;0;0;1;0;0;-3,77798836000;-38,56288000000;mq_qgis
364250;6;11;2020;06:54;0;AV DIOGUINHO;;;280;;Queda;Luz do Dia;;;Meio de Quadra;;;0;2;0;0;0;0;0;0;0;1;0;0;-3,72701000000;-38,46133000000;mq_gpsv
364251;6;11;2020;06:55;0;AV GODOFREDO MACIEL;;;3255;;ColisÃ£o;Luz do Dia;;;Meio de Quadra;;;0;1;0;1;0;0;0;0;0;1;0;0;-3,80408800000;-38,57229600000;mq_match
364252;6;11;2020;07:50;0;AV GAL OSORIO DE PAIVA;;;5281;;ColisÃ£o;Luz do Dia;;;Meio de Quadra;;;0;1;0;1;0;1;0;0;0;0;0;0;-3,80373662500;-38,60112288000;mq_match
364253;6;11;2020;08:14;0;RUA QUINZE (PQ DOIS IRMAOS);;;781;;ColisÃ£o;Luz do Dia;;;Meio de Quadra;;;0;1;0;1;0;0;0;0;0;1;0;0;;;
364254;6;11;2020;08:46;0;AV AUGUSTO DOS ANJOS;;;241;;Atropelamento;Luz do Dia;;;Meio de Quadra;;;0;1;0;0;0;0;0;0;0;1;0;0;-3,77118472000;-38,57103920000;mq_qgis
364268;6;11;2020;10:21;0;RUA JOAO VINTE TRES;;;4936;;ColisÃ£o;Luz do Dia;;;Meio de Quadra;;;0;1;0;0;0;0;1;0;0;1;0;0;;;
364260;6;11;2020;09:27;0;RUA BAR AQUIRAZ;;;1702;;ColisÃ£o;Luz do Dia;;;Meio de Quadra;;;0;1;0;1;0;0;0;0;0;1;0;0;-3,84191734000;-38,48395560000;mq_qgis
364264;6;11;2020;10:15;0;AV CONTORNO NORTE D71;;;1212;;ColisÃ£o;Luz do Dia;;;Meio de Quadra;;;0;2;0;1;0;0;0;0;0;1;0;0;-3,81364700000;-38,58795000000;mq_match
364265;6;11;2020;10:21;0;RUA 10 CJ PEQ MONDUBIM;;;1206;;ColisÃ£o;Luz do Dia;;;Meio de Quadra;;;0;1;0;0;0;0;0;0;0;1;0;0;;;
364286;6;11;2020;15:35;0;RUA TUPI D35;;;475;;ColisÃ£o;Luz do Dia;;;Meio de Quadra;;;0;2;0;1;0;0;0;0;0;1;0;0;-3,76216900000;-38,57992600000;mq_gpsv
364283;6;11;2020;14:28;0;RUA TEN QUEIROZ;;;1207;;ColisÃ£o;Luz do Dia;;;Meio de Quadra;;;0;1;0;0;0;0;0;0;0;1;0;0;;;
364284;6;11;2020;14:55;17271;RUA VASCO DA GAMA;RUA EDITE BRAGA;;;;Queda;Luz do Dia;;;Cruz;Pare;Comercial;0;1;0;0;0;1;0;0;0;0;0;0;-3,76213600000;-38,54872200000;inter_match
364279;6;11;2020;12:59;0;AV DEP PAULINO ROCHA;;;145;;ColisÃ£o;Luz do Dia;;;Meio de Quadra;;;0;1;0;1;0;0;0;0;0;1;0;0;-3,80000000000;-38,50601000000;mq_gpsv
364277;6;11;2020;11:30;0;AV AUGUSTO DOS ANJOS;;;2171;;ColisÃ£o;Luz do Dia;;;Meio de Quadra;;;0;1;0;1;0;0;0;0;0;1;0;0;-3,78486100000;-38,58322500000;mq_match
364275;6;11;2020;10:23;0;RUA OSCAR ARARIPE;;;;;ColisÃ£o;Luz do Dia;;;Meio de Quadra;;;0;1;0;1;0;0;0;0;0;1;0;0;;;
364299;6;11;2020;18:08;0;AV CASTELO DE CASTRO;;;1247;;ColisÃ£o;Anoitecer;;;Meio de Quadra;;;0;1;0;0;0;0;0;0;0;0;0;0;-3,84071000000;-38,52168000000;mq_gpsv
364300;6;11;2020;22:30;0;RUA JUVENCIO VASCONCELOS;;;25;;Atropelamento;;;;Meio de Quadra;;;0;1;0;1;0;0;0;0;0;0;0;0;-3,72412011000;-38,48144220000;mq_qgis
362662;6;11;2020;05:30;0;RUA PAULO FIRMEZA;;;581;;ColisÃ£o Lateral;Amanhecer;Bom;Seca;Meio de Quadra;NÃ£o HÃ¡ Controle;Residencial;0;2;1;1;0;0;0;0;0;1;0;0;-3,75728600000;-38,51462000000;mq_qgis
362663;6;11;2020;11:28;0;RUA OSVALDO CRUZ;;;2554;;ColisÃ£o Traseira;Luz do Dia;Bom;Seca;Meio de Quadra;NÃ£o HÃ¡ Controle;Residencial;0;1;2;1;0;0;0;0;0;0;0;0;-3,74812000000;-38,50432000000;mq_gpsv
362664;6;11;2020;13:45;5718;RUA CON BRAVEZA;RUA JOAO LEONEL;;0;;ColisÃ£o Transversal;Luz do Dia;Bom;Seca;Cruz;Pare;Residencial;0;0;2;1;0;0;0;0;0;0;0;0;-3,80003900000;-38,49683400000;inter_match
362665;6;11;2020;16:35;0;RUA DA ZAMBAIA;;;90;;ColisÃ£o Transversal;Luz do Dia;Bom;Seca;Meio de Quadra;NÃ£o HÃ¡ Controle;Residencial;0;0;0;1;0;0;0;0;0;0;0;0;;;
362666;6;11;2020;04:27;0;AV SGT HERMINIO SAMPAIO;;;3470;;Choque c/ ObstÃ¡culo Fixo;Via Iluminada;Bom;Seca;Meio de Quadra;SemÃ¡foro;Comercial;0;2;0;1;0;0;0;0;0;0;0;0;-3,72861390000;-38,57168600000;mq_match
362667;6;11;2020;19:14;0;AV JOR THOMAZ COELHO;;;305;;ColisÃ£o Traseira;Anoitecer;Bom;Seca;Meio de Quadra;SemÃ¡foro;Comercial;0;1;1;1;0;0;0;0;0;1;0;0;-3,83250540000;-38,49962460000;mq_match
362668;6;11;2020;20:42;0;AV DOM MANUEL;;;175;;Engavetamento;Via Iluminada;Bom;Seca;;;;0;1;2;1;0;0;0;0;0;1;0;0;-3,72584133000;-38,52030530000;mq_qgis
363652;6;11;2020;11:50;6741;RUA ALMEIDA PRADO;RUA VILEBALDO AGUIAR;;;;ColisÃ£o Lateral;Luz do Dia;Bom;Seca;Cruz;Pare;Residencial;0;0;2;1;0;0;0;0;0;1;0;0;-3,74454500000;-38,47541300000;inter_match
362669;7;11;2020;07:51;12925;AV AGUANAMBI;AV DOMINGOS OLIMPIO;;;;ColisÃ£o Traseira;Luz do Dia;Bom;Molhada;Cruz;SemÃ¡foro;Comercial;0;2;2;1;0;0;0;0;0;1;0;0;-3,73868300000;-38,52462800000;inter_match
362670;7;11;2020;11:15;0;AV PONTES VIEIRA;;;639;;ColisÃ£o Traseira;Luz do Dia;Bom;Seca;Meio de Quadra;NÃ£o HÃ¡ Controle;Comercial;0;0;2;0;0;0;0;0;0;0;0;0;-3,75295200000;-38,51545300000;mq_match
362671;7;11;2020;14:46;5174;AV TRISTAO GONCALVES;RUA GUILHERME ROCHA;;;;Atropelamento;Luz do Dia;Bom;Seca;Cruz;SemÃ¡foro;Comercial;0;1;1;1;0;0;0;0;0;0;0;0;-3,72545200000;-38,53270700000;inter_match
362672;7;11;2020;16:20;0;AV MON TABOSA;;;697;;Atropelamento;Luz do Dia;Bom;Seca;Meio de Quadra;NÃ£o HÃ¡ Controle;Comercial;1;1;0;0;0;0;0;0;0;1;0;0;-3,72397500000;-38,51309600000;mq_qgis
362824;7;11;2020;18:30;6533;RUA 309 CJ CEARA;AV C CJ CEARA;;;;Queda;Anoitecer;Bom;Seca;T;Pare;Residencial;0;1;0;0;0;0;0;0;0;1;0;0;-3,77485500000;-38,61596400000;inter_match
364301;7;11;2020;00:33;0;RUA AIRES DA CUNHA;;;872;;Queda;;;;Meio de Quadra;;;0;1;0;0;0;0;0;0;0;1;0;0;-3,77929000000;-38,60483000000;mq_gpsv
364302;7;11;2020;00:44;0;RUA INSTITUTO DO CEARA;;;308;;Queda;;;;Meio de Quadra;;;0;1;0;0;0;1;0;0;0;0;0;0;-3,73794994000;-38,53710370000;mq_qgis
364303;7;11;2020;08:11;0;AV PRS JUSCELINO KUBITSCHEK (PASSARÃ‰);;;3600;;Acidente Pessoal;Luz do Dia;;;Meio de Quadra;;;0;1;0;0;0;0;0;0;0;1;0;0;-3,81377200000;-38,52979100000;mq_match
364304;7;11;2020;09:47;0;RUA MARIA GOMES DE SA;;;506;;Queda;Luz do Dia;;;Meio de Quadra;;;0;1;0;0;0;0;0;0;0;1;0;0;-3,82795000000;-38,57689000000;mq_gpsv
364305;7;11;2020;10:35;0;AV JOR THOMAZ COELHO;;;;;ColisÃ£o;Luz do Dia;;;Meio de Quadra;;;0;1;0;0;0;0;0;0;0;1;0;0;;;
364306;7;11;2020;10:49;0;RUA SGT JOAO PINHEIRO;;;1740;;ColisÃ£o;Luz do Dia;;;Meio de Quadra;;;0;1;0;1;0;1;0;0;0;0;0;0;-3,78728930000;-38,62406980000;mq_match
364307;7;11;2020;10:54;0;RUA RAIMUNDO ARISTIDES;;;859;;ColisÃ£o;Luz do Dia;;;Meio de Quadra;;;0;1;0;1;0;0;0;0;0;1;0;0;-3,81726672000;-38,59261610000;mq_qgis
364308;7;11;2020;12:45;0;AV BEZERRA DE MENEZES;;;1070;;Queda;Luz do Dia;;;Meio de Quadra;;;0;1;0;0;0;1;0;0;0;0;0;0;-3,73356202700;-38,55428538000;mq_match
364309;7;11;2020;13:06;0;AV PERIMETRAL;;;3929;;ColisÃ£o;Luz do Dia;;;Meio de Quadra;;;0;1;0;1;0;0;0;0;0;1;0;0;;;
364310;7;11;2020;14:28;0;RUA MIRTES CORDEIRO;;;1130;;ColisÃ£o;Luz do Dia;;;Meio de Quadra;;;0;1;0;1;0;0;0;0;0;1;0;0;-3,78820000000;-38,60163000000;mq_match
364311;7;11;2020;14:38;0;AV CEL CARVALHO;;;3098;;Queda;Luz do Dia;;;Meio de Quadra;;;0;1;0;0;0;1;0;0;0;0;0;0;-3,73061847100;-38,58469662000;mq_match
364312;7;11;2020;15:26;10695;RUA MON HIPOLITO BRASIL;RUA PRO HERIBALDO COSTA;;;;ColisÃ£o;Luz do Dia;;;Cruz;SemÃ¡foro;Residencial;0;1;0;1;0;0;0;0;0;1;0;0;-3,75706900000;-38,58227500000;inter_match
364356;7;11;2020;20:33;0;RUA ARAPONGA;;;393;;ColisÃ£o;;;;Meio de Quadra;;;0;1;0;1;0;0;0;0;0;1;0;0;-3,78477700000;-38,57727000000;mq_qgis
364318;7;11;2020;15:33;15277;AV ANTONIO JUSTA;AV SEN VIRGILIO TAVORA;;;;ColisÃ£o;Luz do Dia;;;Cruz;Gesto;Comercial;0;1;0;1;0;0;0;0;0;1;0;0;-3,72887500000;-38,49069200000;inter_match
364319;7;11;2020;16:08;0;RUA STA CATARINA (BELA VISTA / PAN AMERICANO);;;390;;ColisÃ£o;Luz do Dia;;;Meio de Quadra;;;0;1;0;1;0;0;0;0;0;0;0;0;-3,75384899000;-38,56537040000;mq_qgis
364320;7;11;2020;16:23;0;RUA EMILIO DE MENESES;;;;;ColisÃ£o;Luz do Dia;;;Meio de Quadra;;;0;2;0;1;0;0;0;0;0;1;0;0;;;
364321;7;11;2020;18:10;0;AV DIOGUINHO;;;;;Atropelamento;Anoitecer;;;Meio de Quadra;;;0;2;0;0;0;0;0;0;0;1;0;0;;;
364322;7;11;2020;18:10;0;AV SGT HERMINIO SAMPAIO;;;4829;;ColisÃ£o;Anoitecer;;;Meio de Quadra;;;0;1;0;1;0;0;0;0;0;1;0;0;-3,73289800000;-38,58270500000;mq_match
364323;7;11;2020;20:05;0;RUA CARNAUBAL;;;750;;ColisÃ£o;;;;Meio de Quadra;;;0;1;0;1;0;0;0;0;0;1;0;0;-3,72237000000;-38,58471000000;mq_gpsv
364491;7;11;2020;07:10;0;RD CE-040;;;;KM-07;ColisÃ£o;Luz do Dia;;;Meio de Quadra;;;0;1;1;1;0;0;0;0;0;1;0;0;-3,81715944500;-38,48303286000;rod_match
364358;7;11;2020;21:46;0;AV B;;;111;;ColisÃ£o;;;;Meio de Quadra;;;0;1;0;0;0;0;0;0;0;1;0;0;-3,82782000000;-38,55243000000;mq_gpsv
364359;7;11;2020;22:21;0;AV DOS EXPEDICIONARIOS;;;4773;;ColisÃ£o;;;;Meio de Quadra;;;0;1;0;1;0;0;0;0;0;1;0;0;-3,76083800000;-38,53994600000;mq_match
364360;7;11;2020;22:48;0;RUA ISMAEL PORDEUS;;;455;;ColisÃ£o;;;;Meio de Quadra;;;0;1;0;1;0;1;0;0;0;0;0;0;-3,72188000000;-38,46699000000;mq_gpsv
364362;7;11;2020;23:52;0;RUA TAVARES COUTINHO;;;1313;;Queda;;;;Meio de Quadra;;;0;1;0;0;0;0;0;0;0;1;0;0;;;
364363;7;11;2020;23:55;0;RUA BOA VISTA;;;2558;;Queda;;;;Meio de Quadra;;;0;1;0;0;0;0;0;0;0;1;0;0;-3,80599000000;-38,63454000000;mq_gpsv
363987;7;11;2020;14:06;0;AV TRISTAO GONCALVES;;;388;;Atropelamento;Luz do Dia;;;Meio de Quadra;;;1;1;0;0;0;0;0;0;0;1;0;0;-3,72535809000;-38,53267860000;mq_qgis
363994;7;11;2020;12:10;17899;AV SGT HERMINIO SAMPAIO;RUA EVANDRO LUZ;;;;ColisÃ£o Transversal;Luz do Dia;;;T;NÃ£o HÃ¡ Controle;Comercial;1;1;0;0;0;0;0;0;0;1;0;0;-3,73084100000;-38,57754900000;inter_match
364700;7;11;2020;09:59;3905;RUA PDE CICERO;RUA CARLOS CAMARA;;;;ColisÃ£o;Luz do Dia;;;Cruz;Pare;Residencial;0;0;2;0;0;0;0;0;0;0;0;0;-3,74647300000;-38,54259900000;inter_match
364364;8;11;2020;01:03;0;AV F CJ CEARA;;;257;;Queda;;;;Meio de Quadra;;;0;1;0;0;0;0;0;0;0;1;0;0;-3,76356303000;-38,60743840000;mq_qgis
364369;8;11;2020;06:19;0;AV DOMINGOS OLIMPIO;;;515;;Atropelamento;Luz do Dia;;;Meio de Quadra;;;0;1;0;1;0;0;0;0;0;0;0;0;-3,73748550000;-38,52830150000;mq_qgis
364370;8;11;2020;06:30;0;RUA CARLOS VASCONCELOS;;;137;;ColisÃ£o;Luz do Dia;;;Meio de Quadra;;;0;1;0;1;0;1;0;0;0;0;0;0;-3,72314900000;-38,50761200000;mq_qgis
364371;8;11;2020;06:39;0;AV CEL CARVALHO;;;1140;;ColisÃ£o;Luz do Dia;;;Meio de Quadra;;;0;1;0;1;0;0;0;0;0;1;0;0;-3,71200300000;-38,58929600000;mq_qgis
364372;8;11;2020;07:21;0;RUA DR RODRIGO C SANDOVAL;;;525;;ColisÃ£o;Luz do Dia;;;Meio de Quadra;;;0;1;0;1;0;0;0;0;0;1;0;0;-3,80635000000;-38,56785000000;mq_gpsv
364375;8;11;2020;07:22;0;RUA MARTINS CARVALHO;;;226;;Queda;Luz do Dia;;;Meio de Quadra;;;0;1;0;0;0;0;0;0;0;1;0;0;-3,79745775000;-38,59742090000;mq_qgis
364376;8;11;2020;10:20;0;RUA DAS PEDRINHAS;;;524;;ColisÃ£o;Luz do Dia;;;Meio de Quadra;;;0;3;0;0;0;0;0;0;0;0;0;0;-3,76269768000;-38,60027600000;mq_qgis
364377;8;11;2020;10:22;0;RUA DIONISIO ALENCAR FILHO;;;50;;ColisÃ£o;Luz do Dia;;;Meio de Quadra;;;0;1;0;0;0;0;0;0;0;0;0;0;-3,82877000000;-38,48656000000;mq_gpsv
364385;8;11;2020;16:05;0;RUA RICARDO A BRAGA;;;298;;ColisÃ£o;Luz do Dia;;;Meio de Quadra;;;0;1;0;1;0;0;0;0;0;1;0;0;-3,78702903000;-38,50212450000;mq_qgis
364386;8;11;2020;16:51;0;RUA DULCINEIA GONDIM;;;608;;ColisÃ£o;Luz do Dia;;;Meio de Quadra;;;0;1;0;1;0;0;0;0;0;1;0;0;-3,75765992000;-38,54698950000;mq_qgis
364387;8;11;2020;18:06;0;RUA CATOLE;;;2270;;ColisÃ£o;Anoitecer;;;Meio de Quadra;;;0;1;0;0;0;0;0;0;0;1;0;0;-3,84989100000;-38,52115100000;mq_match
364389;8;11;2020;19:13;0;AV SGT HERMINIO SAMPAIO;;;1575;;ColisÃ£o;;;;Meio de Quadra;;;0;1;0;0;0;0;0;0;0;1;0;0;-3,72532700000;-38,55466500000;mq_match
364390;8;11;2020;19:15;0;AV GAL OSORIO DE PAIVA;;;4801;;ColisÃ£o;;;;Meio de Quadra;;;0;1;0;1;0;0;0;0;0;1;0;0;-3,80090900000;-38,59836762000;mq_match
364391;8;11;2020;19:21;0;RUA BALDUINO FREIRE;;;1762;;Queda;;;;Meio de Quadra;;;0;1;0;0;0;0;0;0;0;1;0;0;-3,73570000000;-38,58733000000;mq_gpsv
364392;8;11;2020;19:53;0;RUA PLANALTINA (BONSUCESSO);;;108;;ColisÃ£o;;;;Meio de Quadra;;;0;1;0;0;0;0;0;0;0;1;0;0;-3,78618798000;-38,58486640000;mq_qgis
364393;8;11;2020;20:53;0;AV EDILSON B SOARES;;;;;ColisÃ£o;;;;Meio de Quadra;;;0;1;0;1;0;0;0;0;0;1;0;0;;;
364394;8;11;2020;21:20;0;RUA DR JOAQUIM BENTO;;;281;;Queda;;;;Meio de Quadra;;;0;1;0;0;0;0;0;0;0;1;0;0;-3,82878532000;-38,48889840000;mq_qgis
364395;8;11;2020;22:12;0;AV GOV RAUL BARBOSA;;;7502;VIADUTO BR-116;Queda;;;;Meio de Quadra;;;0;1;0;0;0;0;0;0;0;1;0;0;-3,77778550000;-38,51365550000;mq_match
364396;8;11;2020;23:32;0;AV CEL CARVALHO;;;;;ColisÃ£o;;;;Meio de Quadra;;;0;1;0;1;0;0;0;0;0;1;0;0;;;
364366;8;11;2020;03:13;0;RUA JOAO FERREIRA;;;837;;Queda;;;;Meio de Quadra;;;0;1;0;0;0;0;0;0;0;1;0;0;-3,81533779000;-38,50849760000;mq_qgis
364367;8;11;2020;03:49;0;AV MON AMARILIO RODRIGUES;;;145;;ColisÃ£o;;;;Meio de Quadra;;;0;1;0;0;0;0;0;0;0;0;0;0;-3,83549091000;-38,52463100000;mq_qgis
364381;8;11;2020;15:31;0;RUA ANTONIO BANDEIRA D41;;;120;;ColisÃ£o;Luz do Dia;;;Meio de Quadra;;;0;1;0;1;0;0;0;0;0;1;0;0;-3,78359500000;-38,56483400000;mq_match
364383;8;11;2020;16:01;0;RUA EMILIO DE MENESES;;;654;;ColisÃ£o;Luz do Dia;;;Meio de Quadra;;;0;1;0;1;0;0;0;0;0;1;0;0;-3,78176476000;-38,58735740000;mq_qgis
364495;8;11;2020;18:25;0;RD CE-040;;;;KM-06;Atropelamento;Anoitecer;;;Meio de Quadra;;;0;1;1;1;0;0;0;0;0;0;0;0;-3,80959680400;-38,47873348000;rod_match
362825;8;11;2020;08:30;0;AV CEL CARVALHO;;;1140;;ColisÃ£o Traseira;Luz do Dia;Bom;Seca;Meio de Quadra;NÃ£o HÃ¡ Controle;Comercial;0;1;1;0;0;0;0;0;0;1;0;0;-3,71200300000;-38,58929600000;mq_qgis
362673;8;11;2020;08:37;15343;RUA NUNES VALENTE;RUA PEREIRA FILGUEIRAS;;;;ColisÃ£o;Luz do Dia;Bom;Seca;Cruz;SemÃ¡foro;Comercial;0;2;1;1;0;0;0;0;0;1;0;0;-3,73178600000;-38,50231000000;inter_match
362676;8;11;2020;07:31;0;AV ENG SANTANA JUNIOR;;;2690;;Choque c/ ObstÃ¡culo Fixo;Luz do Dia;Bom;Seca;Meio de Quadra;NÃ£o HÃ¡ Controle;Comercial;0;0;1;1;0;0;0;0;0;0;0;0;-3,74477000000;-38,48886300000;mq_match
362836;8;11;2020;13:05;0;AV LUCIANO CARNEIRO;;;1991;;ColisÃ£o Lateral;Luz do Dia;Bom;Seca;Meio de Quadra;SemÃ¡foro;Residencial;0;0;3;1;0;0;0;0;0;0;0;0;-3,76546720000;-38,53695300000;mq_match
362834;8;11;2020;19:32;15287;AV ANTONIO JUSTA;RUA PRO DIAS DA ROCHA;;;;Choque c/ ObstÃ¡culo Fixo;Via Iluminada;Bom;Seca;T;NÃ£o HÃ¡ Controle;Residencial;0;0;2;1;0;0;0;0;0;0;0;0;-3,72920900000;-38,48966500000;inter_match
362831;8;11;2020;13:00;5177;RUA SEN POMPEU;RUA SAO PAULO;;;;ColisÃ£o Transversal;Luz do Dia;Bom;Seca;Cruz;SemÃ¡foro;Comercial;0;2;2;1;0;0;0;0;0;0;0;0;-3,72548600000;-38,52919600000;inter_match
362843;9;11;2020;11:40;1590;RUA PDE VALDEVINO;RUA JOAQUIM NABUCO;;;;Outros;Luz do Dia;Bom;Seca;Cruz;SemÃ¡foro;Comercial;0;0;2;0;0;0;0;0;0;1;0;0;-3,74323000000;-38,50378000000;inter_match
362845;9;11;2020;21:00;0;RUA OSCAR FRANCA;;;591;;ColisÃ£o Transversal;Via Iluminada;Bom;Seca;Meio de Quadra;NÃ£o HÃ¡ Controle;Residencial;0;1;1;1;0;0;0;0;0;1;0;0;-3,79248426000;-38,59787620000;mq_qgis
362677;9;11;2020;08:26;0;AV DUQ CAXIAS;;;403;;ColisÃ£o Lateral;Luz do Dia;Bom;Seca;Meio de Quadra;NÃ£o HÃ¡ Controle;Comercial;0;0;3;1;0;0;0;0;0;0;0;0;-3,73240500000;-38,52795200000;mq_match
362678;9;11;2020;11:40;0;RUA CEL JOAO OLIVEIRA;;;1440;;ColisÃ£o Lateral;Luz do Dia;Bom;Seca;Meio de Quadra;NÃ£o HÃ¡ Controle;Residencial;0;1;1;1;0;0;0;0;0;1;0;0;-3,82362200000;-38,48174700000;mq_qgis
362679;9;11;2020;15:30;5247;AV IMPERADOR;RUA PEDRO PEREIRA;;;;Atropelamento;Luz do Dia;Bom;Seca;Cruz;SemÃ¡foro;Comercial;0;2;0;0;0;0;0;0;0;1;0;0;-3,72771400000;-38,53460900000;inter_match
362680;9;11;2020;16:35;14432;RUA CONRADO CABRAL;RUA ANIBAL MASCARENHAS;;;;ColisÃ£o Lateral;Luz do Dia;Bom;Seca;Cruz;Pare;Residencial;0;1;1;1;0;0;0;0;0;1;0;0;-3,72527000000;-38,54894000000;inter_gpsv
362674;9;11;2020;05:07;5328;AV DUQ CAXIAS;AV TRISTAO GONCALVES;;;;ColisÃ£o Transversal;Via Iluminada;Bom;Seca;Cruz;SemÃ¡foro;Comercial;0;2;2;1;0;0;0;0;0;0;0;0;-3,73040000000;-38,53419600000;inter_match
362675;9;11;2020;08:06;0;RUA OSCAR ROMERO;RUA PARAISO;;0;;NÃ£o Informado;Luz do Dia;Nublado;Molhada;Cruz;NÃ£o HÃ¡ Controle;Residencial;0;1;2;1;1;0;0;0;0;0;0;0;-3,83277300000;-38,57043300000;inter_match
364500;9;11;2020;08:00;0;RD CE-040;;;;KM-03;ColisÃ£o;Luz do Dia;;;Meio de Quadra;;;0;0;2;1;0;0;0;0;0;0;0;0;-3,78261432500;-38,48108390000;rod_match
364504;9;11;2020;12:30;0;RD CE-040;;;;KM-10;ColisÃ£o;Luz do Dia;;;Meio de Quadra;;;0;0;3;1;0;0;0;0;0;1;0;0;-3,84257666000;-38,48088284000;rod_match
364508;9;11;2020;18:50;0;RD CE-060;;;;KM-02;ColisÃ£o;;;;Meio de Quadra;;;0;0;2;1;0;0;0;0;0;0;0;0;-3,83406400000;-38,58211100000;rod_match
363988;9;11;2020;17:50;0;AV GAL OSORIO DE PAIVA;;;;;ColisÃ£o;Anoitecer;;;Meio de Quadra;;;0;1;1;1;0;0;0;0;0;1;0;0;;;
363989;9;11;2020;18:16;0;RUA C (MONDUBIM);;;232;;ColisÃ£o;Anoitecer;;;Meio de Quadra;;;1;1;0;0;0;1;0;0;0;1;0;0;-3,82281000000;-38,56151000000;mq_gpsv