COD_ACIDENTE;DIA;MES;ANO;HORA;INTERSECAO;LOG1;LOG2;LOG3;NUMERO;REFERENCIA;NATUREZA;ILUMINACAO;TEMPO;SUPERFICIEPISTA;TIPOCRUZAMENTO;CONTROLETRAFEGO;USOSOLO;MORTOS;FERIDOS;ILESOS;AUTOMOVEL;ONIBUS;BICICLETA;CAMINHAO;MICROONIBUS;CICLOMOTOR;MOTOCICLETA;TRACAOANIMAL;TREM;LATITUDE;LONGITUDE;METODO
364597;15;11;2020;18:46;0;AV MAE MANOEL MAVIGNIER;;;;;Queda;;;;Meio de Quadra;;;0;1;0;0;0;0;0;0;0;1;0;0;;;
364598;15;11;2020;19:32;0;RUA MON CARNEIRO DA CUNHA;;;310;;Queda;;;;Meio de Quadra;;;0;1;0;0;0;0;0;0;0;1;0;0;-3,77507767000;-38,49356160000;mq_qgis
364599;15;11;2020;19:54;0;AV CONTORNO OESTE D71;;;;;ColisÃ£o;;;;Meio de Quadra;;;0;1;0;0;0;0;0;0;0;0;0;0;;;
364600;15;11;2020;20:00;0;AV PERIMETRAL;;;;;ColisÃ£o;;;;Meio de Quadra;;;0;1;0;0;0;0;0;0;0;0;0;0;;;
364601;15;11;2020;20:02;0;RUA MIGUEL GUSTAVO;;;348;;Queda;;;;Meio de Quadra;;;0;1;0;0;0;1;0;0;0;0;0;0;-3,86439000000;-38,49029000000;mq_gpsv
364602;15;11;2020;20:02;0;RUA VINTE E QUATRO DE MAIO;;;53;;ColisÃ£o;;;;Meio de Quadra;;;0;1;1;1;0;0;0;0;0;1;0;0;-3,72215000000;-38,53041000000;mq_gpsv
364603;15;11;2020;20:05;0;AV PRS CASTELO BRANCO;;;;;Atropelamento;;;;Meio de Quadra;;;0;1;1;1;0;0;0;0;0;0;0;0;;;
364604;15;11;2020;21:40;0;AV GAL OSORIO DE PAIVA;;;1653;;ColisÃ£o;;;;Meio de Quadra;;;0;1;1;0;0;0;0;0;0;1;0;0;-3,78213492300;-38,57673938000;mq_match
364605;15;11;2020;21:53;0;RUA SAO JOAO D20;;;40;;Queda;;;;Meio de Quadra;;;0;1;0;0;0;0;0;0;0;1;0;0;;;
364606;15;11;2020;22:07;0;AV SEN FERNANDES TAVORA;;;2331;;ColisÃ£o;;;;Meio de Quadra;;;0;1;1;0;0;0;0;0;0;1;0;0;-3,75654100000;-38,59274500000;mq_qgis
364607;15;11;2020;22:23;0;AV PRS CASTELO BRANCO;;;;;Queda;;;;Meio de Quadra;;;0;1;0;0;0;1;0;0;0;0;0;0;;;
364608;15;11;2020;23:04;0;AV DES GONZAGA;;;1436;;Queda;;;;Meio de Quadra;;;0;1;0;0;0;0;0;0;0;1;0;0;-3,79929962000;-38,49885120000;mq_qgis
364721;15;11;2020;16:30;26131;RUA CEL MANUEL ANTONIO LEITE;RUA SAO JOAO D34 (BONSUCESSO);;;;ColisÃ£o;Luz do Dia;;;Duplo T;Pare;Residencial;0;0;2;1;0;0;0;0;0;0;0;0;-3,77403800000;-38,59265000000;inter_match
364705;16;11;2020;18:19;0;RUA FRANCISCANO;;;656;;Queda;Anoitecer;;;Meio de Quadra;;;0;1;0;0;0;0;0;0;0;1;0;0;-3,80062000000;-38,60369000000;mq_gpsv
364706;16;11;2020;18:02;0;AV MAE MANOEL MAVIGNIER;;;521;;ColisÃ£o;Anoitecer;;;Meio de Quadra;;;0;1;1;1;0;0;0;0;0;1;0;0;;;
364708;16;11;2020;17:39;0;AV JOSE TAVARES;;;871;;ColisÃ£o;Anoitecer;;;Meio de Quadra;;;0;1;1;1;0;1;0;0;0;0;0;0;;;
364709;16;11;2020;17:11;22940;RUA BERNARDO MANUEL;RUA JAPI;;;;ColisÃ£o;Anoitecer;;;Cruz;Pare;Comercial;0;1;1;1;0;0;0;0;0;1;0;0;-3,78407300000;-38,54692700000;inter_match
364710;16;11;2020;16:44;0;AV D CJ JOSE WALTER;;;131;;ColisÃ£o;Luz do Dia;;;Meio de Quadra;;;0;1;1;1;0;0;0;0;0;1;0;0;-3,83201400000;-38,55445900000;mq_qgis
364711;16;11;2020;16:10;0;RUA JOAO CORDEIRO;;;149;;Queda;Luz do Dia;;;Meio de Quadra;;;0;1;0;0;0;1;0;0;0;0;0;0;-3,72141420000;-38,51181640000;mq_qgis
364609;16;11;2020;00:28;0;RUA MAJ WEYNE;;;207;;Queda;;;;Meio de Quadra;;;0;1;0;0;0;0;0;0;0;1;0;0;-3,75269500000;-38,53936900000;mq_qgis
364610;16;11;2020;01:09;0;AV BENJAMIM BRASIL;;;1688;;ColisÃ£o;;;;Meio de Quadra;;;0;1;0;0;0;0;0;0;0;0;0;0;-3,80662976000;-38,56185600000;mq_qgis
364611;16;11;2020;06:40;0;RUA RIO BRANCO;;;;;ColisÃ£o;Luz do Dia;;;Meio de Quadra;;;0;1;0;0;0;0;0;0;0;0;0;0;;;
364612;16;11;2020;08:11;0;AV GODOFREDO MACIEL;;;5618;;Queda;Luz do Dia;;;Meio de Quadra;;;0;1;0;0;0;0;0;0;0;1;0;0;-3,82392550000;-38,57865000000;mq_match
364613;16;11;2020;08:57;0;RUA JOSE DANTAS PEREIRA;;;;;ColisÃ£o;Luz do Dia;;;Meio de Quadra;;;0;1;1;1;0;1;0;0;0;0;0;0;;;
364614;16;11;2020;09:30;1580;RUA NUNES VALENTE;RUA PDE VALDEVINO;;;;Atropelamento;Luz do Dia;;;Cruz;Pare;Comercial;0;1;1;0;0;0;0;0;0;1;0;0;-3,74260800000;-38,50578200000;inter_match
364539;16;11;2020;14:30;0;RD CE-040;;;;KM-06;ColisÃ£o;Luz do Dia;;;Meio de Quadra;;;0;0;2;0;0;0;0;0;0;0;0;0;-3,80959680400;-38,47873348000;rod_match
364540;16;11;2020;17:40;0;RD CE-025;;;;KM-06;ColisÃ£o;Anoitecer;;;Meio de Quadra;;;0;0;2;1;0;0;0;0;0;1;0;0;-3,81098308400;-38,42708101000;rod_match
364537;16;11;2020;10:00;0;RD CE-040;;;;KM-12;Atropelamento;Luz do Dia;;;Meio de Quadra;;;1;0;1;0;0;0;1;0;0;0;0;0;-3,85769094900;-38,47204254000;rod_match
364701;16;11;2020;22:35;0;AV ENG HUMBERTO MONTE;;;2545;;ColisÃ£o;;;;Meio de Quadra;;;0;0;2;0;0;0;0;0;0;1;0;0;-3,74013200000;-38,56799400000;mq_match
364702;16;11;2020;20:50;0;AV AUGUSTO DOS ANJOS;;;444;;ColisÃ£o;;;;Meio de Quadra;;;0;1;1;1;0;0;0;0;0;1;0;0;-3,77204000000;-38,57191000000;mq_gpsv
364676;16;11;2020;09:53;0;RUA BAR AQUIRAZ;;;2763;;Atropelamento;Luz do Dia;;;Meio de Quadra;;;0;1;1;0;0;0;1;0;0;0;0;0;;;
364677;16;11;2020;11:13;0;AV D CJ JOSE WALTER;;;440;;Atropelamento;Luz do Dia;;;Meio de Quadra;;;0;1;0;0;0;0;0;0;0;0;0;0;-3,83123740000;-38,55686770000;mq_match
364678;16;11;2020;11:15;0;AV CAP WALDEMAR PAULA LIMA;;;700;;Queda;Luz do Dia;;;Meio de Quadra;;;0;1;0;0;0;0;0;0;0;1;0;0;-3,82011400000;-38,50829100000;mq_match
364679;16;11;2020;11:23;0;RUA RIO GRANDE DO SUL;;;1235;;ColisÃ£o;Luz do Dia;;;Meio de Quadra;;;0;1;1;1;0;0;0;0;0;1;0;0;-3,75933300000;-38,56801800000;mq_qgis
364680;16;11;2020;11:42;0;AV 13 DE MAIO;;;1363;;Queda;Luz do Dia;;;Meio de Quadra;;;0;1;0;0;0;0;0;0;0;1;0;0;-3,74800000000;-38,53089800000;mq_gpsv
364681;16;11;2020;12:22;0;RUA DOIS;;;140;;Capotamento;Luz do Dia;;;Meio de Quadra;;;0;1;0;0;0;0;0;0;0;0;0;0;-3,82191000000;-38,53201000000;mq_gpsv
364682;16;11;2020;12:29;1280;RUA PINTO MADEIRA;RUA ILDEFONSO ALBANO;;;;ColisÃ£o;Luz do Dia;;;Cruz;SemÃ¡foro;Comercial;0;1;1;0;0;0;0;0;0;1;0;0;-3,73361000000;-38,51331700000;inter_match
364683;16;11;2020;13:46;9228;RUA JAIME BENEVOLO;TR ANA CARTAXO;;;;ColisÃ£o;Luz do Dia;;;T;Pare;Residencial;0;1;1;1;0;0;0;0;0;1;0;0;-3,74866400000;-38,53117300000;inter_match
364686;16;11;2020;15:25;0;RUA SEN POMPEU;;;1481;;ColisÃ£o;Luz do Dia;;;Meio de Quadra;;;0;1;1;1;0;0;0;0;0;1;0;0;-3,73159866700;-38,53104533000;mq_match
364687;16;11;2020;15:54;5246;RUA PEREIRA FILGUEIRAS;RUA GONCALVES LEDO;;;;ColisÃ£o;Luz do Dia;;;Cruz;Pare;Residencial;0;1;1;1;0;0;0;0;0;1;0;0;-3,72766700000;-38,51500400000;inter_match
363981;16;11;2020;03:00;0;AV GODOFREDO MACIEL;;;5083;;Choque c/ ObstÃ¡culo Fixo;;;;Meio de Quadra;;;1;0;0;0;0;0;0;0;0;1;0;0;-3,81880800000;-38,57620400000;mq_match
362723;16;11;2020;13:29;19833;AV ENG HUMBERTO MONTE;AV JOVITA FEITOSA;;;;ColisÃ£o;Luz do Dia;Bom;Seca;Cruz;SemÃ¡foro;Comercial;0;0;5;1;0;0;0;0;0;0;0;0;-3,74196300000;-38,56654400000;inter_match
362724;16;11;2020;15:13;0;RUA 02 UI;;;140;;Choque c/ ObstÃ¡culo Fixo;Luz do Dia;Bom;Seca;Meio de Quadra;NÃ£o HÃ¡ Controle;Residencial;0;0;2;1;0;0;0;0;0;0;0;0;-3,70812687000;-38,56413150000;mq_qgis
362725;16;11;2020;14:15;0;AV DIOGUINHO;;;90;;Atropelamento;Luz do Dia;Bom;Seca;Meio de Quadra;NÃ£o HÃ¡ Controle;Comercial;0;1;1;0;0;0;0;0;0;0;0;0;-3,72668000000;-38,46151000000;mq_gpsv
362726;16;11;2020;17:00;0;RUA DELMIRO FARIAS;;;0;;ColisÃ£o Transversal;Luz do Dia;Bom;Seca;Meio de Quadra;;;0;2;0;1;0;0;0;0;0;1;0;0;;;
362727;16;11;2020;18:48;6781;RUA BENTO ALBUQUERQUE;RUA ZAMENHOF;;;;ColisÃ£o Transversal;Via Iluminada;Bom;Seca;Cruz;Gesto;Residencial;0;1;1;1;0;0;0;0;0;1;0;0;-3,74574000000;-38,47688000000;inter_gpsv
362728;16;11;2020;19:20;0;AV ROGACIANO LEITE;;;;;ColisÃ£o Transversal;Via Iluminada;Bom;Seca;Meio de Quadra;NÃ£o HÃ¡ Controle;Comercial;0;2;0;1;0;0;0;0;0;1;0;0;;;
362729;16;11;2020;23:30;0;AV WENEFRIDO MELO;;;381;;ColisÃ£o Traseira;Via Iluminada;Bom;Seca;Meio de Quadra;NÃ£o HÃ¡ Controle;Residencial;0;1;3;1;1;0;0;0;0;1;0;0;-3,81089450000;-38,57588200000;mq_match
362717;16;11;2020;06:45;5150;RUA BAR RIO BRANCO;RUA SEN ALENCAR;;;;ColisÃ£o Lateral;Amanhecer;Bom;Seca;T;Pare;Comercial;0;0;2;0;0;0;0;0;0;1;0;0;-3,72487900000;-38,52775200000;inter_match
362718;16;11;2020;05:49;3121;RUA MARIA QUINTELA;AV LINEU MACHADO;;;;ColisÃ£o;Via Iluminada;Bom;Seca;Cruz;NÃ£o HÃ¡ Controle;Residencial;0;1;1;1;0;0;0;0;0;0;0;0;-3,77761500000;-38,58304500000;inter_match
362719;16;11;2020;10:31;0;RUA DOM JOAQUIM;;;450;;NÃ£o Informado;Mal Iluminada;Bom;Seca;Meio de Quadra;NÃ£o HÃ¡ Controle;Residencial;0;0;1;1;0;0;0;0;0;0;0;0;-3,72761371000;-38,51728750000;mq_qgis
362742;16;11;2020;14:55;0;AV JOSE JATAHY;;;2573;;ColisÃ£o Traseira;Luz do Dia;Bom;Seca;Meio de Quadra;NÃ£o HÃ¡ Controle;Comercial;0;2;3;1;1;0;0;0;0;1;0;0;-3,74490950000;-38,54400600000;mq_match
362743;16;11;2020;13:10;0;AV CEL CARVALHO;RUA MANUEL MOURA;;0;;ColisÃ£o Traseira;Luz do Dia;Bom;Seca;T;SemÃ¡foro;Comercial;0;0;2;1;0;0;0;0;0;0;0;0;-3,71746000000;-38,58800000000;inter_gpsv
362721;16;11;2020;10:53;0;RUA VALDETARIO MOTA;RUA AVILA GOULART;;;;ColisÃ£o Transversal;Luz do Dia;Bom;Seca;;;;0;1;1;1;0;0;0;0;0;1;0;0;-3,73465200000;-38,47921000000;inter_match
362895;16;11;2020;11:20;0;RUA JULIO DA SILVEIRA;;;;;ColisÃ£o Frontal;Luz do Dia;Bom;;;;;0;1;1;1;0;0;0;0;0;1;0;0;;;
363016;16;11;2020;00:30;0;AV BENJAMIM BRASIL;;;2112;;Choque c/ ObstÃ¡culo Fixo;Via Iluminada;Bom;Seca;Meio de Quadra;NÃ£o HÃ¡ Controle;Residencial;1;1;0;1;0;0;0;0;0;0;0;0;-3,80829200000;-38,55822900000;mq_match
362730;17;11;2020;07:16;2283;RUA SEN ROBERT KENNEDY;RUA DOMINGOS DA VEIGA;;;;ColisÃ£o;Luz do Dia;Chuva;Molhada;Cruz;Pare;Comercial;0;2;1;1;0;0;0;0;0;1;0;0;-3,70309500000;-38,57855300000;inter_match
362731;17;11;2020;07:30;0;RUA CEL MATOS DOURADO;;;560;;ColisÃ£o Lateral;Luz do Dia;Bom;Seca;Meio de Quadra;SemÃ¡foro;Comercial;0;1;1;1;0;0;0;0;0;1;0;0;-3,74367000000;-38,58501100000;mq_match
362732;17;11;2020;08:49;0;AV SORIANO ALBUQUERQUE;;;230;;ColisÃ£o Traseira;Luz do Dia;Bom;Seca;Meio de Quadra;SemÃ¡foro;Residencial;0;1;1;1;0;0;0;0;0;1;0;0;;;
362733;17;11;2020;08:53;22200;AV SGT HERMINIO SAMPAIO;RUA CEL MOZART GONDIM;;0;;ColisÃ£o Transversal;Luz do Dia;Bom;Seca;Cruz;Pare;Comercial;0;1;1;0;0;0;0;0;0;1;0;0;-3,72651600000;-38,56132700000;inter_match
362734;17;11;2020;09:00;0;RUA MON HIPOLITO BRASIL;;;1390;;ColisÃ£o Frontal;Luz do Dia;Bom;Seca;T;Pare;Comercial;0;1;1;0;0;0;0;0;0;1;0;0;-3,75606000000;-38,58410000000;mq_gpsv
362735;17;11;2020;18:20;0;AV AMERICO BARREIRA;;;5355;;NÃ£o Informado;Anoitecer;Bom;Seca;Outros;NÃ£o HÃ¡ Controle;Comercial;0;0;1;0;0;0;0;0;0;0;0;0;-3,75886960000;-38,56356400000;mq_match
362736;17;11;2020;19:25;1341;RUA AFONSO CELSO;RUA MON BRUNO;;;;ColisÃ£o Transversal;Via Iluminada;Bom;Seca;Cruz;Pare;Residencial;0;1;0;1;0;0;0;0;0;1;0;0;-3,73573400000;-38,51051900000;inter_match
362737;17;11;2020;18:00;0;RUA OSVALDO CRUZ (ALDEOTA);RUA DOM EXPEDITO LOPES;;0;;ColisÃ£o Lateral;Anoitecer;Bom;Seca;;;;0;1;1;1;0;0;0;0;0;1;0;0;-3,74437510000;-38,50328450000;inter_match
364413;17;11;2020;19:12;0;AV CEL CARVALHO;;;;;ColisÃ£o;;;;Meio de Quadra;;;0;1;0;0;0;0;0;0;0;1;0;0;;;
364416;17;11;2020;19:48;0;AV PRS COSTA E SILVA;;;1674;;ColisÃ£o;;;;Meio de Quadra;;;0;1;0;0;0;0;0;0;0;1;0;0;-3,81804000000;-38,56499000000;mq_gpsv
364417;17;11;2020;19:49;0;RUA CRISANTO M DA ROCHA;;;13;;ColisÃ£o;;;;Meio de Quadra;;;0;1;0;0;0;0;0;0;0;0;0;0;;;
364418;17;11;2020;19:59;0;AV CEL CARVALHO;;;3127;;ColisÃ£o;;;;Meio de Quadra;;;0;1;0;0;0;0;0;0;0;1;0;0;-3,73139647000;-38,58460210000;mq_qgis
364419;17;11;2020;21:50;0;AV DOLOR BARREIRA;;;379;;Atropelamento;;;;Meio de Quadra;;;0;1;0;0;0;0;0;0;0;1;0;0;-3,72790962000;-38,47326600000;mq_qgis
364420;17;11;2020;23:30;0;RUA CAMPINENSE;;;340;;ColisÃ£o;;;;Meio de Quadra;;;0;1;0;1;0;0;0;0;0;1;0;0;-3,84890077000;-38,52314060000;mq_qgis
364408;17;11;2020;18:52;0;AV JOSE BASTOS;;;2840;;Atropelamento;;;;Meio de Quadra;;;0;1;0;0;0;0;0;0;0;0;0;0;-3,74515650000;-38,54557900000;mq_qgis
364397;17;11;2020;06:44;0;RUA PRO HERIBALDO COSTA;;;560;;ColisÃ£o;Luz do Dia;;;Meio de Quadra;;;0;1;0;1;0;0;0;0;0;1;0;0;-3,75744012000;-38,58247980000;mq_qgis
364398;17;11;2020;07:38;0;RUA RIO GRANDE DO SUL;;;875;;Atropelamento;Luz do Dia;;;Meio de Quadra;;;0;2;0;0;0;0;0;0;0;1;0;0;-3,75657008000;-38,56624280000;mq_qgis
364399;17;11;2020;08:04;0;RUA JOSE HIPOLITO;;;1400;;ColisÃ£o;Luz do Dia;;;Meio de Quadra;;;0;1;0;0;0;0;0;0;0;0;0;0;-3,83740200000;-38,48278700000;mq_qgis
364400;17;11;2020;08:09;0;AV WASHINGTON SOARES;;;2103;;ColisÃ£o;Luz do Dia;;;Meio de Quadra;;;0;1;0;1;0;0;0;0;0;1;0;0;-3,77685400000;-38,48156400000;mq_qgis
364401;17;11;2020;15:29;0;RUA 103 CJ CEARA;;;1200;;ColisÃ£o;Luz do Dia;;;Meio de Quadra;;;0;1;0;1;0;0;0;0;0;1;0;0;;;
364402;17;11;2020;16:57;0;AV DES MOREIRA;;;;;Queda;Luz do Dia;;;Meio de Quadra;;;0;1;0;0;0;1;0;0;0;0;0;0;;;
364403;17;11;2020;17:34;0;AV PRS COSTA E SILVA;;;354;;ColisÃ£o;Anoitecer;;;Meio de Quadra;;;0;1;0;0;0;0;0;0;0;1;0;0;-3,81268000000;-38,57232000000;mq_gpsv
364404;17;11;2020;17:50;0;AV JOSE BASTOS;;;5300;;Atropelamento;Anoitecer;;;Meio de Quadra;;;0;1;0;0;0;0;0;0;0;1;0;0;-3,75879600000;-38,56335100000;mq_match
364405;17;11;2020;17:59;0;RUA MANDACARU D69;;;867;;ColisÃ£o;Anoitecer;;;Meio de Quadra;;;0;1;0;0;0;0;0;0;0;0;0;0;-3,83721339000;-38,51547070000;mq_qgis
364406;17;11;2020;18:31;0;RUA JOSE HIPOLITO;;;277;;ColisÃ£o;;;;Meio de Quadra;;;0;2;0;1;0;0;0;0;0;1;0;0;-3,83287600000;-38,49275600000;mq_match
364544;17;11;2020;16:40;0;AV SEN CARLOS JEREISSATI (AEROPORTO);;;;KM 03;ColisÃ£o;Luz do Dia;;;Meio de Quadra;;;0;0;2;1;0;0;0;0;0;0;0;0;-3,77964100000;-38,54403800000;rod_match
364545;18;11;2020;11:45;0;AV MIN JOSE AMERICO;;;;;ColisÃ£o;Luz do Dia;;;Meio de Quadra;;;0;0;2;1;0;0;0;0;0;0;0;0;;;
364507;18;11;2020;22:49;0;AV SEN FERNANDES TAVORA;;;550;;ColisÃ£o;;;;Meio de Quadra;;;0;1;0;1;0;0;0;0;0;1;0;0;-3,76452144000;-38,57778810000;mq_qgis
364520;18;11;2020;23:19;0;RUA TAUBATE;;;120;;ColisÃ£o;;;;Meio de Quadra;;;0;1;0;1;0;0;0;0;0;1;0;0;-3,77256000000;-38,59669000000;mq_gpsv
364421;18;11;2020;07:23;0;AV MIN JOSE AMERICO;;;2223;;ColisÃ£o;Luz do Dia;;;Meio de Quadra;;;0;2;0;1;0;0;0;0;0;1;0;0;-3,81156483800;-38,48130805000;mq_match
364422;18;11;2020;08:24;0;AV MR HULL;;;2912;;Queda;Luz do Dia;;;Meio de Quadra;;;0;1;0;0;0;1;0;0;0;0;0;0;-3,73679725000;-38,57049400000;mq_qgis
364423;18;11;2020;08:33;0;AV PERIMETRAL;;;3300;;ColisÃ£o;Luz do Dia;;;Meio de Quadra;;;0;2;0;0;0;0;0;0;0;1;0;0;;;
364441;18;11;2020;09:22;0;AV PRO JOSE ARTHUR CARVALHO;;;560;;ColisÃ£o;Luz do Dia;;;Meio de Quadra;;;0;1;0;1;0;0;0;0;0;1;0;0;-3,82647900000;-38,47349800000;mq_match
364466;18;11;2020;12:17;0;RUA TIBURCIO CAVALCANTE;;;974;;ColisÃ£o;Luz do Dia;;;Meio de Quadra;;;0;1;0;1;0;0;0;0;0;1;0;0;-3,73329000000;-38,50176000000;mq_gpsv
364467;18;11;2020;12:39;0;AV WASHINGTON SOARES;;;2565;;ColisÃ£o;Luz do Dia;;;Meio de Quadra;;;0;1;0;1;0;0;0;0;0;1;0;0;-3,82701580000;-38,48213650000;mq_match
364468;18;11;2020;13:22;0;RUA 60 CJ JOSE WALTER;;;510;;ColisÃ£o;Luz do Dia;;;Meio de Quadra;;;0;1;1;0;0;0;0;1;0;1;0;0;-3,83670560000;-38,55832000000;mq_qgis
364469;18;11;2020;13:49;0;AV MIN JOSE AMERICO;;;500;;ColisÃ£o;Luz do Dia;;;Meio de Quadra;;;0;1;0;1;0;0;0;0;0;1;0;0;-3,81099400000;-38,49526900000;mq_match
364460;18;11;2020;09:53;0;RUA DO CARANGUEJO;;;3188;;Queda;Luz do Dia;;;Meio de Quadra;;;0;1;0;0;0;0;0;0;0;1;0;0;;;
364461;18;11;2020;10:42;0;RUA URUCUTUBA;;;1479;;ColisÃ£o;Luz do Dia;;;Meio de Quadra;;;0;1;0;0;0;0;0;0;0;1;0;0;-3,79753900000;-38,60798500000;mq_match
364462;18;11;2020;11:51;0;AV BEIRA MAR;;;3956;;ColisÃ£o;Luz do Dia;;;Meio de Quadra;;;0;1;0;1;0;0;0;0;0;1;0;0;-3,72328150100;-38,48576100000;mq_match
364480;18;11;2020;17:21;0;AV ANTONIO SALES;;;2460;;ColisÃ£o;Anoitecer;;;Meio de Quadra;;;0;1;0;0;0;0;0;0;0;0;0;0;-3,74562400000;-38,50179470000;mq_qgis
364477;18;11;2020;17:08;0;RUA BAR AQUIRAZ;;;2469;;ColisÃ£o;Anoitecer;;;Meio de Quadra;;;0;1;0;1;0;0;0;0;0;1;0;0;;;
364478;18;11;2020;17:10;0;RUA RIO GRANDE DO SUL;;;675;;ColisÃ£o;Anoitecer;;;Meio de Quadra;;;0;1;0;0;0;0;0;0;0;0;0;0;-3,75487841000;-38,56517020000;mq_qgis
364474;18;11;2020;16:09;0;AV CESAR CALS;;;;;ColisÃ£o;Luz do Dia;;;Meio de Quadra;;;0;1;0;0;0;0;0;0;0;0;0;0;;;
364475;18;11;2020;16:23;17385;RUA VICENTE SPINDOLA;RUA JOAQUIM PIMENTA;;;;ColisÃ£o;Luz do Dia;;;;;;0;1;0;1;0;0;0;0;0;1;0;0;-3,76707000000;-38,54487000000;inter_gpsv
364471;18;11;2020;14:33;0;RUA CEL DIONISIO ALENCAR;;;1296;;ColisÃ£o;Luz do Dia;;;Meio de Quadra;;;0;1;0;1;0;0;0;0;0;1;0;0;;;
364472;18;11;2020;14:54;0;RUA BERNARDO MANUEL;;;10698;;ColisÃ£o;Luz do Dia;;;Meio de Quadra;;;0;1;0;1;0;0;0;0;0;1;0;0;-3,81291877000;-38,55574750000;mq_qgis
364503;18;11;2020;21:46;0;RUA CEL MATOS DOURADO;;;1291;;Queda;;;;Meio de Quadra;;;0;1;0;0;0;0;0;0;0;1;0;0;-3,75112700000;-38,58366600000;mq_match
364501;18;11;2020;21:20;0;AV PERIMETRAL;;;;;Queda;;;;Meio de Quadra;;;0;1;0;0;0;0;0;0;0;1;0;0;;;
364505;18;11;2020;21:46;0;RUA MIN ALBUQUERQUE LIMA;;;446;;ColisÃ£o;;;;Meio de Quadra;;;0;2;0;0;0;0;0;0;0;1;0;0;;;
364489;18;11;2020;17:50;0;AV DR THEBERGE;;;868;;ColisÃ£o;Anoitecer;;;Meio de Quadra;;;0;4;0;1;0;0;0;0;0;1;0;0;-3,71086400000;-38,56370500000;mq_match
364498;18;11;2020;20:08;0;RD BR 116;;;4298;;ColisÃ£o;;;;Meio de Quadra;;;0;1;0;1;0;0;0;0;0;1;0;0;-3,80235400000;-38,50386900000;rod_match
364499;18;11;2020;20:45;0;RUA PDE PERDIGAO SAMPAIO;;;435;;ColisÃ£o;;;;Meio de Quadra;;;0;1;0;1;0;0;0;0;0;1;0;0;-3,73539929000;-38,59550520000;mq_qgis
364496;18;11;2020;18:40;0;RUA VITAL BRASIL;;;1465;;Atropelamento;;;;Meio de Quadra;;;0;1;0;0;0;0;0;0;0;1;0;0;-3,77914596000;-38,59399310000;mq_qgis
364493;18;11;2020;18:20;0;AV GODOFREDO MACIEL;;;;;Queda;Anoitecer;;;Meio de Quadra;;;0;1;0;0;0;1;0;0;0;0;0;0;;;
362738;18;11;2020;08:23;1258;AV SANTOS DUMONT;RUA MON BRUNO;;;;ColisÃ£o Transversal;Luz do Dia;Bom;Seca;Cruz;Pare;Comercial;0;1;1;1;0;0;0;0;0;1;0;0;-3,73259500000;-38,50950600000;inter_match
362739;18;11;2020;08:19;1743;RUA CAP ARAGAO;RUA TEN BARBOSA D46;;;;ColisÃ£o Transversal;Luz do Dia;Bom;Seca;Cruz;Pare;Residencial;0;1;2;1;0;0;0;0;0;1;0;0;-3,76473000000;-38,51204000000;inter_match
362740;18;11;2020;10:50;1433;RUA LEONARDO MOTA;RUA DES LEITE ALBUQUERQUE;;0;;ColisÃ£o Transversal;Luz do Dia;Bom;Seca;Cruz;SemÃ¡foro;Comercial;0;1;1;1;0;0;0;0;0;1;0;0;-3,73786200000;-38,49670800000;inter_match
362741;18;11;2020;10:02;0;RUA ARTUR DE CARVALHO;RUA LOURDES VIDAL ALVES;;0;;ColisÃ£o Frontal;Luz do Dia;Bom;Seca;Cruz;NÃ£o HÃ¡ Controle;Residencial;0;1;1;1;0;0;0;0;0;0;0;0;-3,76103000000;-38,53473000000;inter_gpsv
362744;18;11;2020;15:00;1552;RUA PAULA NEI;RUA CEL JUCA;;;;ColisÃ£o Lateral;Luz do Dia;Bom;Seca;Cruz;SemÃ¡foro;Comercial;0;2;1;0;0;0;0;0;0;1;0;0;-3,74133000000;-38,49245000000;inter_gpsv
362745;18;11;2020;20:17;0;RUA MONTE PASCOAL;;;441;;Atropelamento;Via Iluminada;Bom;Seca;Meio de Quadra;NÃ£o HÃ¡ Controle;Comercial;0;1;1;0;0;0;0;0;0;0;0;0;-3,80519000000;-38,59880000000;mq_gpsv
362746;19;11;2020;13:21;1453;AV RUI BARBOSA;AV HERACLITO GRACA;;;;ColisÃ£o Transversal;Luz do Dia;Bom;Seca;Cruz;SemÃ¡foro;Comercial;0;1;1;1;0;0;0;0;0;1;0;0;-3,73814600000;-38,51061200000;inter_match
362747;19;11;2020;13:00;0;RUA MARTINS DE CASTRO;RUA CIDADE ECOLOGICA;;0;;ColisÃ£o Frontal;Luz do Dia;Bom;Seca;T;NÃ£o HÃ¡ Controle;Rural;0;1;1;1;0;1;0;0;0;0;0;0;-3,77347000000;-38,46756000000;inter_gpsv
362748;19;11;2020;15:00;708;AV DR THEBERGE;RUA CRUZ E SOUSA D21;;;;ColisÃ£o Transversal;Luz do Dia;Bom;Seca;T;SemÃ¡foro;Comercial;0;1;1;1;0;0;0;0;1;0;0;0;-3,71921800000;-38,56645600000;inter_match
362749;19;11;2020;15:00;0;AV GODOFREDO MACIEL;;;4036;;ColisÃ£o Traseira;Luz do Dia;Bom;Seca;Meio de Quadra;SemÃ¡foro;Residencial;0;1;2;1;0;0;0;0;0;1;0;0;-3,81016500000;-38,57420500000;mq_match