COD_ACIDENTE;DIA;MES;ANO;HORA;INTERSECAO;LOG1;LOG2;LOG3;NUMERO;REFERENCIA;NATUREZA;ILUMINACAO;TEMPO;SUPERFICIEPISTA;TIPOCRUZAMENTO;CONTROLETRAFEGO;USOSOLO;MORTOS;FERIDOS;ILESOS;AUTOMOVEL;ONIBUS;BICICLETA;CAMINHAO;MICROONIBUS;CICLOMOTOR;MOTOCICLETA;TRACAOANIMAL;TREM;LATITUDE;LONGITUDE;METODO
364835;22;11;2020;21:09;0;AV SEN FERNANDES TAVORA;;;976;;Atropelamento;;;;Meio de Quadra;;;0;1;1;1;0;0;0;0;0;0;0;0;-3,76236625000;-38,58183400000;mq_qgis
364857;22;11;2020;12:09;0;AV CASTELO DE CASTRO;;;;;ColisÃ£o;Luz do Dia;;;Meio de Quadra;;;0;1;1;0;0;0;0;0;0;0;0;0;;;
364861;22;11;2020;11:35;0;RUA SUECIA;;;1179;;ColisÃ£o;Luz do Dia;;;Meio de Quadra;;;0;1;1;1;0;0;0;0;0;1;0;0;-3,78609000000;-38,55508000000;mq_gpsv
364863;22;11;2020;06:44;0;RUA URUCUTUBA;;;140;;Queda;Luz do Dia;;;Meio de Quadra;;;0;1;0;0;0;0;0;0;0;1;0;0;-3,79831769000;-38,59714990000;mq_qgis
364096;22;11;2020;17:40;0;RUA CEL MATOS DOURADO;;;1129;;ColisÃ£o;Anoitecer;;;Meio de Quadra;;;1;1;1;1;0;0;0;0;0;1;0;0;-3,74913700000;-38,58467100000;mq_qgis
363051;22;11;2020;14:00;0;RUA JOAO CORDEIRO;;;1524;;ColisÃ£o Traseira;Luz do Dia;Bom;Seca;Meio de Quadra;NÃ£o HÃ¡ Controle;Residencial;0;0;2;1;0;0;0;0;0;0;0;0;-3,73390981000;-38,51572540000;mq_qgis
362763;22;11;2020;06:05;17383;RUA BAR SOBRAL;RUA EUZEBIO DE QUEIROS;;;;ColisÃ£o Lateral;Luz do Dia;Nublado;Seca;Cruz;Pare;Residencial;0;1;1;1;0;0;0;0;0;1;0;0;-3,76705100000;-38,55412100000;inter_match
362764;22;11;2020;05:30;5096;RUA GUILHERME ROCHA;RUA COS ESTELITA;;;;Choque c/ ObstÃ¡culo Fixo;Amanhecer;Bom;Seca;Cruz;Pare;Residencial;0;2;0;1;0;0;0;0;0;0;0;0;-3,72334700000;-38,53917700000;inter_match
362765;22;11;2020;10:40;24993;AV DOM MANUEL;RUA ROCHA LIMA;;;;ColisÃ£o Transversal;Luz do Dia;Nublado;Seca;Cruz;SemÃ¡foro;Comercial;0;2;2;1;0;0;0;0;0;0;0;0;-3,73595900000;-38,52358700000;inter_match
362766;22;11;2020;16:53;3975;RUA ALBERTO MAGNO;RUA PRO COSTA MENDES;;239;;NÃ£o Informado;Luz do Dia;Bom;Seca;Cruz;SemÃ¡foro;Residencial;0;0;2;1;0;0;0;0;0;0;0;0;-3,75752800000;-38,54354800000;inter_match
362767;22;11;2020;20:22;0;RUA DOM MAURICIO;;;450;;ColisÃ£o Lateral;Via Iluminada;Bom;Seca;Meio de Quadra;NÃ£o HÃ¡ Controle;Residencial;0;2;1;1;0;0;0;0;0;1;0;0;-3,73256000000;-38,57613000000;mq_gpsv
362787;22;11;2020;10:57;0;RUA SGT BARBOSA;RUA 23 DE JULHO;;0;;ColisÃ£o;Luz do Dia;Bom;Seca;Meio de Quadra;Pare;Residencial;0;1;1;1;0;0;0;0;0;1;0;0;-3,77905000000;-38,61856000000;inter_gpsv
362768;23;11;2020;08:53;0;AV FRE CIRILO;;;4141;;NÃ£o Informado;Luz do Dia;Nublado;Seca;Meio de Quadra;SemÃ¡foro;Comercial;0;0;2;1;1;0;0;0;0;0;0;0;-3,82052000000;-38,49590000000;mq_gpsv
362769;23;11;2020;08:46;0;AV LAURO VIEIRA CHAVES;;;1538;;ColisÃ£o Traseira;Luz do Dia;Bom;Seca;Meio de Quadra;NÃ£o HÃ¡ Controle;Residencial;0;1;1;1;0;1;0;0;0;0;0;0;-3,77173394000;-38,54122360000;mq_qgis
362770;23;11;2020;08:32;25003;AV SGT HERMINIO SAMPAIO;AV DR THEBERGE;;;;ColisÃ£o Lateral;Luz do Dia;Bom;Seca;Cruz;SemÃ¡foro;Comercial;0;1;1;0;0;0;1;0;0;1;0;0;-3,72791600000;-38,56927600000;inter_match
362771;23;11;2020;09:58;0;RUA MARIA GOMES DE SA;;;1330;;ColisÃ£o Lateral;Luz do Dia;Bom;Seca;T;NÃ£o HÃ¡ Controle;Comercial;0;0;2;0;0;0;0;0;0;1;0;0;-3,82476000000;-38,58285850000;mq_qgis
362772;23;11;2020;08:12;1383;RUA MON CATAO;RUA MARCOS MACEDO;;0;;NÃ£o Informado;Luz do Dia;Bom;Seca;Cruz;Pare;Comercial;0;0;2;1;0;0;0;0;0;0;0;0;-3,73684980000;-38,48993000000;inter_match
362773;23;11;2020;10:09;25182;AV DOMINGOS OLIMPIO;RUA DOM GERONIMO;;;;ColisÃ£o Lateral;Luz do Dia;Nublado;Molhada;Cruz;Pare;Residencial;0;0;2;0;0;0;0;0;0;1;0;0;-3,73321000000;-38,54346000000;inter_gpsv
362774;23;11;2020;10:38;0;AV ENG ALBERTO SA;RUA JOSE CARLOS GURGEL NOGUEIRA;;620;;ColisÃ£o Transversal;Luz do Dia;Bom;Seca;Meio de Quadra;SemÃ¡foro;Comercial;0;1;1;1;0;0;0;0;0;1;0;0;-3,73480000000;-38,47501200000;inter_match
362775;23;11;2020;11:15;0;RUA ALUISIO AZEVEDO;;;460;;ColisÃ£o Lateral;Luz do Dia;Bom;Seca;Meio de Quadra;NÃ£o HÃ¡ Controle;Residencial;0;1;1;1;0;0;0;0;0;1;0;0;-3,77122714000;-38,57724310000;mq_qgis
362776;23;11;2020;13:35;10721;RUA CURITIBA;RUA PRO MIRAMAR DA PONTE;;;;ColisÃ£o Transversal;Luz do Dia;Bom;Seca;Cruz;Pare;Residencial;0;1;1;1;0;0;0;0;0;1;0;0;-3,75958600000;-38,58462800000;inter_match
362777;23;11;2020;14:44;22167;AV JOSE BASTOS;RUA TAVARES IRACEMA;;0;;ColisÃ£o Transversal;Luz do Dia;Bom;Seca;T;NÃ£o HÃ¡ Controle;Comercial;0;1;2;1;0;0;0;0;0;1;0;0;-3,75231300000;-38,55277000000;inter_match
362778;23;11;2020;20:50;14367;RUA NAT FEIJO;RUA GERSON FARIAS;;;;ColisÃ£o Transversal;Via Iluminada;Bom;Seca;Duplo T;NÃ£o HÃ¡ Controle;Residencial;0;1;1;1;0;0;0;0;0;1;0;0;-3,72238600000;-38,55239900000;inter_match
364823;23;11;2020;08:39;0;RUA AMADEU FURTADO;;;726;;ColisÃ£o;Luz do Dia;;;Meio de Quadra;;;0;1;1;1;0;0;0;0;0;1;0;0;-3,74171181000;-38,56278730000;mq_qgis
364824;23;11;2020;09:35;0;RUA DOM JERONIMO D06;;;382;;ColisÃ£o;Luz do Dia;;;Meio de Quadra;;;0;1;1;1;0;0;0;0;0;1;0;0;-3,73474596000;-38,54314560000;mq_qgis
364825;23;11;2020;09:33;22069;AV ENG HUMBERTO MONTE;RUA PAPI JUNIOR;;;;Queda;Luz do Dia;;;Cruz;Pare;Comercial;0;1;0;0;0;0;0;0;0;1;0;0;-3,75255200000;-38,55769700000;inter_match
364826;23;11;2020;09:08;0;AV ANTONIO SALES;;;3410;;Queda;Luz do Dia;;;Meio de Quadra;;;0;1;0;0;0;0;0;0;0;1;0;0;-3,74791600000;-38,49449400000;mq_match
364827;23;11;2020;09:06;0;RUA PRO HERIBALDO COSTA;;;768;;ColisÃ£o;Luz do Dia;;;Meio de Quadra;;;0;1;1;1;0;0;0;0;0;1;0;0;-3,75950400000;-38,58359400000;mq_qgis
364828;23;11;2020;07:07;15172;AV BEIRA MAR;RUA JULIO IBIAPINA;;;;Atropelamento;Luz do Dia;;;;NÃ£o HÃ¡ Controle;Comercial;0;1;1;0;0;1;0;0;0;0;0;0;-3,72563700000;-38,49150300000;inter_match
364829;23;11;2020;06:48;0;AV GAL OSORIO DE PAIVA;;;1470;;ColisÃ£o;Luz do Dia;;;Meio de Quadra;;;0;1;1;1;0;0;0;0;0;1;0;0;-3,78093009100;-38,57487539000;mq_match
364830;23;11;2020;00:26;0;RUA BERNARDO MANUEL;;;10970;;Queda;;;;Meio de Quadra;;;0;1;0;0;0;0;0;0;0;1;0;0;-3,81532600000;-38,55647190000;mq_qgis
364821;23;11;2020;10:24;645;RUA FRE TEOBALDO;RUA COS GOUVEIA;;;;ColisÃ£o;Luz do Dia;;;Cruz;Pare;Residencial;0;1;1;1;0;0;0;0;0;1;0;0;-3,71661100000;-38,56213000000;inter_match
364819;23;11;2020;10:26;0;AV JOAO DE ARAUJO LIMA;;;2161;;ColisÃ£o;Luz do Dia;;;Meio de Quadra;;;0;1;1;1;0;0;0;0;0;1;0;0;-3,84106000000;-38,56234700000;mq_match
364814;23;11;2020;13:57;8125;RUA MANUEL DE QUEIROZ;RUA BENTO ALBUQUERQUE;;;;ColisÃ£o;Luz do Dia;;;Cruz;Pare;Comercial;0;1;1;1;0;0;0;0;0;1;0;0;-3,74883700000;-38,46739300000;inter_match
364804;23;11;2020;18:54;0;RUA RAIMUNDO MATIAS;;;754;;ColisÃ£o;;;;Meio de Quadra;;;0;1;1;1;0;0;0;0;0;1;0;0;-3,88896000000;-38,50806000000;mq_gpsv
364805;23;11;2020;18:39;25636;RUA PORTO VELHO;RUA SAO LUIS D30;;;;ColisÃ£o;;;;Cruz;Outros;Residencial;0;1;1;1;0;0;0;0;0;1;0;0;-3,76219000000;-38,59403000000;inter_gpsv
364806;23;11;2020;17:42;0;LOGRADOURO SEM NOME;;;;;Queda;Anoitecer;;;Meio de Quadra;;;0;1;0;0;0;0;0;0;0;1;0;0;;;
364807;23;11;2020;16:53;0;AV PRS COSTA E SILVA;;;;;Atropelamento;Luz do Dia;;;Meio de Quadra;;;0;1;1;0;1;0;0;0;0;0;0;0;;;
364808;23;11;2020;16:52;0;AV GENIBAU;;;615;;Queda;Luz do Dia;;;Meio de Quadra;;;0;1;0;0;0;0;0;0;0;1;0;0;-3,76070756000;-38,60029580000;mq_qgis
364810;23;11;2020;16:15;0;RUA CEL MATOS DOURADO;;;228;;ColisÃ£o;Luz do Dia;;;Meio de Quadra;;;0;1;1;1;0;0;0;0;0;1;0;0;-3,74087800000;-38,58521350000;mq_match
364811;23;11;2020;15:25;0;RUA JULIO SILVA;;;440;;Queda;Luz do Dia;;;Meio de Quadra;;;0;1;0;0;0;0;0;0;0;1;0;0;-3,74537000000;-38,45462000000;mq_match
364812;23;11;2020;14:43;0;RUA PLANALTINA (PL AYRTON SENNA);;;1690;;ColisÃ£o;Luz do Dia;;;Meio de Quadra;;;0;1;1;0;0;0;0;0;0;1;0;0;-3,83661000000;-38,57117000000;mq_gpsv
364800;23;11;2020;19:32;0;AV MR HULL;;;;;ColisÃ£o;;;;Meio de Quadra;;;0;1;1;1;0;0;0;0;0;0;0;0;;;
364802;23;11;2020;18:59;0;AV ODILON GUIMARAES;;;;;ColisÃ£o;;;;Meio de Quadra;;;0;2;0;0;0;0;0;0;0;1;0;0;;;
364791;23;11;2020;23:33;0;RUA VIS CAIRU;;;468;;Queda;;;;Meio de Quadra;;;0;1;0;0;0;0;0;0;0;1;0;0;-3,72676000000;-38,46467000000;mq_gpsv
364757;23;11;2020;21:22;0;RUA MINAS GERAIS;;;900;;ColisÃ£o;;;;;;;0;2;1;1;0;0;0;0;0;0;0;0;-3,75523706000;-38,56455830000;mq_qgis
364692;23;11;2020;13:45;0;RD CE-025;;;;KM-04;ColisÃ£o;Luz do Dia;;;;;;0;1;1;0;0;0;1;0;0;1;0;0;-3,80511167900;-38,44333873000;rod_match
364693;23;11;2020;06:40;0;RD CE-040;;;;KM-09;ColisÃ£o;Luz do Dia;;;Meio de Quadra;;;0;0;2;1;0;0;0;0;0;1;0;0;-3,83445089700;-38,48246582000;rod_match
364694;23;11;2020;15:40;0;RD CE-040;;;;KM-06;ColisÃ£o;Luz do Dia;;;Meio de Quadra;;;0;0;2;1;1;0;0;0;0;0;0;0;-3,80959680400;-38,47873348000;rod_match
364748;24;11;2020;08:50;26083;AV JOSE JATAHY;AV BEZERRA DE MENEZES;;;;ColisÃ£o;Luz do Dia;;;Cruz;SemÃ¡foro;Comercial;0;1;1;0;0;0;1;0;0;1;0;0;-3,73151830000;-38,54502060000;inter_match
364749;24;11;2020;07:00;0;AV 13 DE MAIO;;;360;VIADUTO AGUANAMBI;ColisÃ£o;Luz do Dia;;;Meio de Quadra;;;0;0;2;1;0;0;0;0;0;0;0;0;-3,75324200000;-38,52475000000;mq_match
364751;24;11;2020;01:00;0;AV H UI 508;;;2959;;ColisÃ£o;;;;Meio de Quadra;;;0;0;2;1;0;0;0;0;0;0;0;0;-3,77492000000;-38,60472000000;mq_gpsv
364846;24;11;2020;18:38;0;RUA ERNESTO PEDRO SANTOS;;;650;;ColisÃ£o;;;;Meio de Quadra;;;0;1;1;1;0;0;0;0;0;1;0;0;-3,76541633000;-38,57776210000;mq_qgis
364847;24;11;2020;20:12;0;AV CEL CARVALHO;;;1700;;Queda;;;;Meio de Quadra;;;0;1;0;0;0;0;0;0;0;1;0;0;-3,71751200000;-38,58793800000;mq_match
364689;24;11;2020;11:50;0;RD CE-025;;;;KM-03;Engavetamento;Luz do Dia;;;Meio de Quadra;;;0;0;3;1;0;0;0;0;0;0;0;0;-3,80588917900;-38,45224656000;rod_match
364690;24;11;2020;10:30;0;AV SEN CARLOS JEREISSATI (AEROPORTO);;;;KM 03;ColisÃ£o;Luz do Dia;;;Meio de Quadra;;;0;0;2;1;0;0;0;0;0;0;0;0;-3,77964100000;-38,54403800000;rod_match
364691;24;11;2020;13:15;0;AV SEN CARLOS JEREISSATI (AEROPORTO);;;3000;KM 03;ColisÃ£o;Luz do Dia;;;Meio de Quadra;;;0;0;2;1;0;0;0;0;0;0;0;0;-3,77964100000;-38,54403800000;mq_match
363990;24;11;2020;08:00;8057;AV JOAO PESSOA;RUA ANTONIO MARTINS;;;;ColisÃ£o Transversal;Luz do Dia;;;T;Gesto;Comercial;1;2;0;0;0;0;0;0;0;1;0;0;-3,75544300000;-38,55215300000;inter_match
364324;24;11;2020;17:01;0;RUA VINTE E QUATRO DE MAIO;;;411;;ColisÃ£o;Anoitecer;;;Meio de Quadra;;;0;1;0;1;0;0;0;0;0;1;0;0;-3,72525997000;-38,53145830000;mq_qgis
364325;24;11;2020;17:36;455;RUA BELEM;RUA PORTO ALEGRE;;;;ColisÃ£o;Anoitecer;;;Cruz;Pare;Residencial;0;1;0;1;0;0;0;0;0;1;0;0;-3,75889300000;-38,59314600000;inter_match
364326;24;11;2020;18:13;12172;RD BR 116;RUA STA EFIGENIA;;;;ColisÃ£o;Anoitecer;;;;;;0;1;0;0;0;0;0;0;0;1;0;0;-3,83876800000;-38,50137500000;inter_gpsv
364327;24;11;2020;10:19;0;RUA DESCARTES BRAGA;;;171;;ColisÃ£o;Luz do Dia;;;Meio de Quadra;;;0;1;0;1;0;0;0;0;0;1;0;0;-3,79536000000;-38,61019000000;mq_gpsv
364328;24;11;2020;19:46;0;RD BR 116;;;;;ColisÃ£o;;;;Meio de Quadra;;;0;2;0;1;0;0;0;0;0;1;0;0;;;
364330;24;11;2020;20:17;0;RUA SGT JOAO PINHEIRO;;;;;ColisÃ£o;;;;Meio de Quadra;;;0;1;0;1;0;0;0;0;0;1;0;0;;;
364331;24;11;2020;20:40;0;AV FRANCISCO SA;;;4521;;ColisÃ£o;;;;Meio de Quadra;;;0;1;0;0;0;0;0;0;0;0;0;0;-3,71482200000;-38,56501600000;mq_qgis
364332;24;11;2020;22:05;0;RUA JORGE FIGUEIREDO (ANCURI);;;2733;;ColisÃ£o;;;;Meio de Quadra;;;0;2;0;0;0;0;0;0;0;1;0;0;-3,88705000000;-38,52247000000;mq_gpsv
364266;24;11;2020;15:00;10682;AV ROGACIANO LEITE;AV WASHINGTON SOARES;;;;ColisÃ£o;Luz do Dia;;;;;;0;1;2;1;0;0;0;0;0;1;0;0;-3,75648200000;-38,49147700000;inter_match
364267;24;11;2020;16:41;7791;AV PONTES VIEIRA;RUA VIS MAUA;;;;ColisÃ£o;Luz do Dia;;;Cruz;SemÃ¡foro;Residencial;0;1;0;1;0;0;0;0;0;1;0;0;-3,75165300000;-38,50440100000;inter_match
364261;24;11;2020;13:24;0;AV CARAPINIMA;;;;;Queda;Luz do Dia;;;Meio de Quadra;;;0;1;0;0;0;0;0;0;0;1;0;0;;;
364262;24;11;2020;13:39;0;AV IMPERADOR;;;1738;;ColisÃ£o;Luz do Dia;;;Meio de Quadra;;;0;1;0;1;0;0;0;0;0;1;0;0;-3,73645655000;-38,53719000000;mq_qgis
364255;24;11;2020;00:17;0;RUA MON HIPOLITO BRASIL;;;1200;;ColisÃ£o;;;;Meio de Quadra;;;0;1;0;0;0;0;0;0;0;0;0;0;-3,75748500000;-38,58146900000;mq_qgis
364256;24;11;2020;01:26;0;AV FRE CIRILO;;;3481;;Queda;;;;Meio de Quadra;;;0;1;0;0;0;0;0;0;0;1;0;0;-3,81504200000;-38,49841000000;mq_match
364257;24;11;2020;07:36;0;AV AGUANAMBI;;;;;ColisÃ£o;Luz do Dia;;;Meio de Quadra;;;0;1;0;1;0;0;0;0;0;0;0;0;;;
364258;24;11;2020;11:58;0;RUA COS LAFAYETE;;;586;;ColisÃ£o;Luz do Dia;;;Meio de Quadra;;;0;1;0;0;0;0;0;0;0;0;0;0;-3,71791941000;-38,58343780000;mq_qgis
364259;24;11;2020;12:41;0;AV DOS EXPEDICIONARIOS;;;3489;;Queda;Luz do Dia;;;Meio de Quadra;;;0;1;0;0;0;0;0;0;0;1;0;0;-3,75071200000;-38,53684900000;mq_match
362779;24;11;2020;08:30;0;AV JOSE BASTOS;;;3512;;ColisÃ£o Lateral;Luz do Dia;Chuva;Seca;Meio de Quadra;NÃ£o HÃ¡ Controle;Comercial;0;1;1;0;0;0;0;0;0;1;0;0;-3,74988700000;-38,55034800000;mq_qgis
362780;24;11;2020;16:00;0;AV DUQ CAXIAS;;;144;;Atropelamento;Luz do Dia;Bom;Seca;Meio de Quadra;NÃ£o HÃ¡ Controle;Comercial;0;1;1;0;0;0;0;0;0;1;0;0;-3,73302000000;-38,52582000000;mq_gpsv
362781;24;11;2020;15:00;0;RUA VICENTE LEITE;;;1154;;Choque c/ ObstÃ¡culo Fixo;Luz do Dia;Bom;Seca;Meio de Quadra;NÃ£o HÃ¡ Controle;Comercial;0;0;1;1;0;0;0;0;0;1;0;0;-3,73691211000;-38,49533270000;mq_qgis
362782;24;11;2020;16:56;0;AV CARAPINIMA;;;1783;;ColisÃ£o Transversal;Luz do Dia;Bom;Seca;Outros;NÃ£o HÃ¡ Controle;Residencial;0;1;1;0;0;0;0;0;0;1;0;0;-3,73727700000;-38,53742300000;mq_qgis
362783;24;11;2020;16:29;24451;AV LAURO VIEIRA CHAVES;RUA JOSE FELICIO;;;;ColisÃ£o Lateral;Luz do Dia;Bom;Seca;T;Pare;Comercial;0;0;2;1;0;0;0;0;0;0;0;0;-3,77206400000;-38,53933400000;inter_match
362785;24;11;2020;20:43;0;AV ROGACIANO LEITE;;;2001;;ColisÃ£o Lateral;Via Iluminada;Bom;Seca;Meio de Quadra;NÃ£o HÃ¡ Controle;Residencial;0;1;1;1;0;0;0;0;0;1;0;0;-3,77206500000;-38,49855100000;mq_match
362786;24;11;2020;21:01;0;RUA ERNESTO PEDRO SANTOS;;;715;;ColisÃ£o Lateral;Via Iluminada;Bom;Seca;;;;0;0;2;0;1;0;0;0;0;1;0;0;-3,76488884000;-38,57748110000;mq_qgis
362788;25;11;2020;01:35;0;RUA CICERO ALVES SOUZA;;;101;;ColisÃ£o Traseira;Via Iluminada;Nublado;Molhada;Meio de Quadra;NÃ£o HÃ¡ Controle;Residencial;0;0;0;1;0;0;0;0;0;0;0;0;-3,79302459000;-38,49917030000;mq_qgis
362789;25;11;2020;08:45;0;AV IMPERADOR;;;1367;;ColisÃ£o Traseira;Luz do Dia;Chuva;Molhada;Meio de Quadra;NÃ£o HÃ¡ Controle;Comercial;0;0;3;1;0;0;0;0;0;0;0;0;-3,73304500000;-38,53617900000;mq_match
362790;25;11;2020;14:36;23725;RUA DOM HENRIQUE;RUA MON AGOSTINHO;;;;ColisÃ£o Lateral;Luz do Dia;Bom;Seca;Cruz;Pare;Comercial;0;2;0;0;0;0;0;0;0;1;0;0;-3,78738400000;-38,58168300000;inter_match
364333;25;11;2020;06:12;0;AV SEN CARLOS JEREISSATI (AEROPORTO);;;;;ColisÃ£o;Luz do Dia;;;Meio de Quadra;;;0;1;1;0;0;0;0;0;0;1;0;0;;;
364334;25;11;2020;06:42;0;AV HIS RAIMUNDO GIRAO;;;129;;Queda;Luz do Dia;;;Meio de Quadra;;;0;1;0;0;0;0;0;0;0;1;0;0;-3,72035000000;-38,51420000000;mq_gpsv
364335;25;11;2020;07:04;0;RUA GUANABARA;;;841;;ColisÃ£o;Luz do Dia;;;Meio de Quadra;;;0;1;0;1;0;1;0;0;0;0;0;0;-3,75830643000;-38,56989220000;mq_qgis
364336;25;11;2020;07:32;0;AV ALM HENRIQUE SABOIA;;;;;Queda;Luz do Dia;;;Meio de Quadra;;;0;1;0;0;0;0;0;0;0;1;0;0;;;
364337;25;11;2020;07:47;0;AV GAL OSORIO DE PAIVA;;;;;Queda;Luz do Dia;;;Meio de Quadra;;;0;1;0;0;0;0;0;0;0;1;0;0;;;
364338;25;11;2020;07:50;0;AV DR SILAS MUNGUBA;;;5050;;Queda;Luz do Dia;;;Meio de Quadra;;;0;1;0;0;0;0;0;0;0;1;0;0;-3,79748878800;-38,53148158000;mq_match
364339;25;11;2020;08:02;10703;RUA PRO HERIBALDO COSTA;RUA PRO PAULO LOPES;;;;ColisÃ£o;Luz do Dia;;;T;Pare;Residencial;0;1;1;1;0;0;0;0;0;1;0;0;-3,75802000000;-38,58280000000;inter_match
364340;25;11;2020;08:05;0;RUA BETEL;;;2385;;ColisÃ£o;Luz do Dia;;;Meio de Quadra;;;0;1;0;1;0;0;0;0;0;1;0;0;;;
364341;25;11;2020;08:06;0;AV SGT HERMINIO SAMPAIO;;;853;;Queda;Luz do Dia;;;Meio de Quadra;;;0;1;0;0;0;0;0;0;0;1;0;0;-3,72453700000;-38,54832810000;mq_qgis
364342;25;11;2020;08:21;0;RUA ALUISIO AZEVEDO;;;;;ColisÃ£o;Luz do Dia;;;Meio de Quadra;;;0;1;0;1;0;0;0;0;0;1;0;0;;;
364344;25;11;2020;08:48;0;RUA VALPARAISO;;;1910;;ColisÃ£o;Luz do Dia;;;Meio de Quadra;;;0;1;0;1;0;0;0;0;0;1;0;0;-3,84645200000;-38,51851000000;mq_match
364345;25;11;2020;08:49;7426;RUA NATAL;AV SEN FERNANDES TAVORA;;;;ColisÃ£o;Luz do Dia;;;Cruz;NÃ£o HÃ¡ Controle;Comercial;0;1;0;0;0;0;0;0;0;1;0;0;-3,75791500000;-38,59017200000;inter_match
364346;25;11;2020;08:57;0;AV IMPERADOR;;;1397;;ColisÃ£o;Luz do Dia;;;Meio de Quadra;;;0;1;0;0;0;0;0;0;0;1;0;0;-3,73339000000;-38,53627700000;mq_match
364347;25;11;2020;09:35;0;RUA DES GOMES PARENTE;;;1478;;ColisÃ£o;Luz do Dia;;;;;;0;1;0;1;0;0;0;0;0;1;0;0;;;
364348;25;11;2020;09:45;0;RUA JOSE CARLOS GURGEL NOGUEIRA;;;125;;ColisÃ£o;Luz do Dia;;;Meio de Quadra;;;0;1;0;0;0;0;0;0;0;1;0;0;-3,73297300000;-38,47386000000;mq_match
364349;25;11;2020;09:50;7395;RUA PRO EDGAR DE ARRUDA;RUA ARACAJU;;;;ColisÃ£o;Luz do Dia;;;Cruz;Pare;Residencial;0;1;0;1;0;0;0;0;0;1;0;0;-3,75741600000;-38,58632400000;inter_match
364350;25;11;2020;10:15;0;AV IMPERADOR;;;373;;Queda;Luz do Dia;;;Meio de Quadra;;;0;1;0;0;0;0;0;0;0;1;0;0;-3,72410332000;-38,53353810000;mq_qgis
364351;25;11;2020;12:10;0;AV MR HULL;;;5286;;ColisÃ£o;Luz do Dia;;;Meio de Quadra;;;0;1;0;0;0;0;0;0;0;1;0;0;-3,73967700000;-38,59163900000;mq_qgis
364352;25;11;2020;14:05;0;AV ALM HENRIQUE SABOIA;;;;;ColisÃ£o;Luz do Dia;;;Meio de Quadra;;;0;1;0;0;0;0;0;0;0;1;0;0;;;
364353;25;11;2020;14:05;0;AV ALM HENRIQUE SABOIA;;;;;Queda;Luz do Dia;;;Meio de Quadra;;;0;1;0;0;0;0;0;0;0;1;0;0;;;
364354;25;11;2020;14:31;0;AV CONTORNO NORTE D71;;;;;Queda;Luz do Dia;;;Meio de Quadra;;;0;1;0;0;0;0;0;0;0;1;0;0;;;
364442;25;11;2020;18:30;0;RUA LUCIANO DE QUEIROS;;;1751;;ColisÃ£o;Anoitecer;;;Meio de Quadra;;;0;1;0;1;0;0;0;0;0;1;0;0;-3,77364623000;-38,58610970000;mq_qgis
364443;25;11;2020;18:37;0;AV LINEU MACHADO;;;246;;ColisÃ£o;;;;Meio de Quadra;;;0;1;0;1;0;0;0;0;0;1;0;0;-3,76270650000;-38,57521850000;mq_match
364444;25;11;2020;19:39;0;RUA MELO DE OLIVEIRA;;;1392;;ColisÃ£o;;;;Meio de Quadra;;;0;1;0;0;0;0;0;0;0;0;0;0;-3,77710650000;-38,58054250000;mq_qgis
364445;25;11;2020;21:07;0;AV GOV RAUL BARBOSA;;;;;Queda;;;;Meio de Quadra;;;0;1;0;0;0;0;0;0;0;1;0;0;;;
364448;25;11;2020;21:51;0;RUA EDMILSON BARROS DE OLIVEIRA;;;125;;Queda;;;;Meio de Quadra;;;0;1;0;0;0;1;0;0;0;0;0;0;;;
364436;25;11;2020;;0;RUA BERNARDO MANUEL;;;10935;;ColisÃ£o;Luz do Dia;;;Meio de Quadra;;;0;1;0;0;0;0;0;0;0;0;0;0;-3,81459128000;-38,55624963000;mq_match
364437;25;11;2020;16:21;0;RUA JOSE HIPOLITO;;;1251;;;Luz do Dia;;;Meio de Quadra;;;0;1;0;0;0;0;0;0;0;1;0;0;-3,83617200000;-38,48518300000;mq_match
364438;25;11;2020;17:04;0;RUA ESTEVAO DE CAMPOS;;;549;;ColisÃ£o;Anoitecer;;;Meio de Quadra;;;0;2;0;0;0;0;0;0;0;1;0;0;-3,70482400000;-38,58020200000;mq_qgis
364439;25;11;2020;18:12;0;RUA VIS CAUIPE;;;165;;ColisÃ£o;Anoitecer;;;Meio de Quadra;;;0;2;0;1;0;0;0;0;0;1;0;0;-3,77501505900;-38,57991818000;mq_match
364440;25;11;2020;18:23;0;AV SEN FERNANDES TAVORA;;;;;Atropelamento;Anoitecer;;;Meio de Quadra;;;0;1;0;0;0;0;0;0;0;1;0;0;;;
364674;25;11;2020;15:00;0;RD CE-040;;;;KM-10;ColisÃ£o;Luz do Dia;;;Meio de Quadra;;;0;0;2;1;0;0;0;0;0;1;0;0;-3,84257666000;-38,48088284000;rod_match
364872;25;11;2020;16:20;0;RUA CANDIDO CASTELO BRANCO;;;830;;ColisÃ£o;Luz do Dia;;;Meio de Quadra;;;0;0;2;1;0;0;0;0;0;0;0;0;;;
364747;25;11;2020;11:00;7862;AV ANTONIO SALES;RUA PRO DIAS DA ROCHA;;;;ColisÃ£o;Luz do Dia;;;Cruz;Pare;Comercial;0;0;2;1;0;0;0;0;0;0;0;0;-3,74758600000;-38,49553500000;inter_match