COD_ACIDENTE;DIA;MES;ANO;HORA;INTERSECAO;LOG1;LOG2;LOG3;NUMERO;REFERENCIA;NATUREZA;ILUMINACAO;TEMPO;SUPERFICIEPISTA;TIPOCRUZAMENTO;CONTROLETRAFEGO;USOSOLO;MORTOS;FERIDOS;ILESOS;AUTOMOVEL;ONIBUS;BICICLETA;CAMINHAO;MICROONIBUS;CICLOMOTOR;MOTOCICLETA;TRACAOANIMAL;TREM;LATITUDE;LONGITUDE;METODO
364004;2;12;2020;08:31;17412;RUA ALBERTO MAGNO;RUA BAR SOBRAL;;0;;ColisÃ£o Lateral;Luz do Dia;Bom;Seca;Cruz;SemÃ¡foro;Comercial;0;0;2;1;0;0;0;0;0;0;0;0;-3,76799100000;-38,55241700000;inter_match
364005;2;12;2020;10:54;0;AV PRS CASTELO BRANCO;;;1223;BOMBEIROS;ColisÃ£o;Luz do Dia;Bom;Seca;Meio de Quadra;SemÃ¡foro;Residencial;0;1;1;1;0;0;0;0;0;1;0;0;-3,71817900000;-38,53527700000;mq_match
365364;2;12;2020;17:38;0;AV WASHINGTON SOARES;;;;;ColisÃ£o;Anoitecer;;;Meio de Quadra;;;0;1;1;1;0;0;0;0;0;1;0;0;;;
365365;2;12;2020;17:41;13304;AV I CJ JOSE WALTER;AV G CJ JOSE WALTER;;;;ColisÃ£o;Anoitecer;;;Cruz;Pare;Residencial;0;1;1;1;0;0;0;0;0;1;0;0;-3,83906100000;-38,55495600000;inter_match
365366;2;12;2020;17:54;0;AV SANTOS DUMONT;;;;;ColisÃ£o;Anoitecer;;;Meio de Quadra;;;0;1;1;1;0;0;0;0;0;1;0;0;;;
365367;2;12;2020;18:06;0;RUA BERNARDO MANUEL;;;333;;ColisÃ£o;Anoitecer;;;Meio de Quadra;;;0;1;1;1;0;0;0;0;0;1;0;0;-3,84196000000;-38,56488000000;mq_gpsv
365368;2;12;2020;18:21;0;RUA 10 (CJ JOAO PAULO II);;;56;;Queda;Anoitecer;;;Meio de Quadra;;;0;1;0;0;0;0;0;0;0;1;0;0;;;
365369;2;12;2020;19:14;0;AV I CJ CEARA;;;220;;ColisÃ£o;;;;Meio de Quadra;;;0;1;1;1;0;0;0;0;0;1;0;0;-3,76666000000;-38,60046000000;mq_gpsv
365370;2;12;2020;19:23;0;AV MR HULL;;;3650;;Atropelamento;;;;Meio de Quadra;;;0;1;1;0;0;0;0;0;0;1;0;0;-3,73765750000;-38,57708850000;mq_match
365371;2;12;2020;19:31;0;LOGRADOURO SEM NOME;;;;;Atropelamento;;;;Meio de Quadra;;;0;1;1;1;0;0;0;0;0;0;0;0;;;
365372;2;12;2020;21:54;0;RUA CAP VASCONCELOS D46;;;77;;ColisÃ£o;;;;Meio de Quadra;;;0;1;1;0;0;0;0;0;0;1;0;0;-3,76225124300;-38,51759573000;mq_match
365233;2;12;2020;00:59;0;RUA MIGUEL GURGEL;;;;;ColisÃ£o;;;;Meio de Quadra;;;0;1;1;0;0;0;0;0;0;0;0;0;;;
365234;2;12;2020;01:19;0;AV 13 DE MAIO;;;;;Queda;;;;Meio de Quadra;;;0;1;0;0;0;0;0;0;0;1;0;0;;;
365235;2;12;2020;07:42;0;RD BR 116;;;9000;KM-09;ColisÃ£o;Luz do Dia;;;Meio de Quadra;;;0;2;0;1;0;0;0;0;0;1;0;0;-3,83083700000;-38,50486500000;rod_match
365236;2;12;2020;08:32;22022;RUA PRO JOAO BOSCO;RUA MAJ PEDRO SAMPAIO;;;;ColisÃ£o;Luz do Dia;;;Cruz;Pare;Residencial;0;1;1;1;0;0;0;0;0;1;0;0;-3,73888000000;-38,54678000000;inter_gpsv
365237;2;12;2020;09:04;0;AV GAL OSORIO DE PAIVA;;;2257;;ColisÃ£o;Luz do Dia;;;Meio de Quadra;;;0;1;1;1;0;0;0;0;0;1;0;0;-3,78529400000;-38,58174600000;mq_qgis
365238;2;12;2020;11:33;0;RUA PORTO VELHO;;;450;;ColisÃ£o;Luz do Dia;;;Meio de Quadra;;;0;1;1;0;0;0;0;0;0;1;0;0;-3,76700150000;-38,58507700000;mq_qgis
365239;2;12;2020;12:45;0;RUA COS ALVARO DE OLIVEIRA;;;1331;;ColisÃ£o;Luz do Dia;;;Meio de Quadra;;;0;1;1;1;0;0;0;0;0;1;0;0;;;
365240;2;12;2020;16:53;0;AV GODOFREDO MACIEL;;;;;Atropelamento;Luz do Dia;;;Meio de Quadra;;;0;1;1;1;0;0;0;0;0;0;0;0;;;
365241;2;12;2020;17:12;0;AV MR HULL;;;;;ColisÃ£o;Anoitecer;;;Meio de Quadra;;;0;1;1;0;0;0;0;0;0;0;0;0;;;
365121;2;12;2020;07:30;0;RD BR 116;;;7000;KM-07;ColisÃ£o Traseira;Luz do Dia;;;Meio de Quadra;;;0;1;3;1;0;0;0;0;0;0;0;0;-3,78627635900;-38,51156140000;rod_match
365122;2;12;2020;19:25;0;RD BR 116;;;500;;Atropelamento;;;;Meio de Quadra;;;0;2;0;0;0;0;0;0;0;1;0;0;-3,79603590000;-38,50719230000;rod_match
363619;2;12;2020;13:00;0;AV FILOMENO GOMES;;;430;;ColisÃ£o Transversal;Luz do Dia;Bom;Seca;Meio de Quadra;;;0;1;1;1;0;0;0;0;0;0;0;0;-3,71878400000;-38,54165000000;mq_match
363610;2;12;2020;14:00;0;AV ALM HENRIQUE SABOIA;;;;;Atropelamento;Luz do Dia;Bom;Seca;Meio de Quadra;NÃ£o HÃ¡ Controle;Comercial;0;2;0;0;0;1;0;0;0;0;0;0;;;
363611;2;12;2020;18:35;0;RUA JULIO AZEVEDO;;;750;;ColisÃ£o Lateral;Via Iluminada;Bom;Seca;;;;0;1;1;0;0;0;0;0;0;1;0;0;-3,73839950000;-38,47941600000;mq_qgis
363606;2;12;2020;08:25;0;AV PRS CASTELO BRANCO;;;70;;ColisÃ£o Traseira;Luz do Dia;Bom;Molhada;Outros;Outros;Comercial;0;1;2;1;0;0;0;0;0;1;0;0;-3,72291850000;-38,52249300000;mq_match
363631;3;12;2020;07:20;0;AV JOAO DE ARAUJO LIMA;;;801;;Queda;Luz do Dia;Chuva;Molhada;Meio de Quadra;Outros;Comercial;0;2;0;0;0;0;0;0;0;1;0;0;-3,82895574300;-38,55969384000;mq_match
363643;3;12;2020;14:20;1600;RUA LEONARDO MOTA;RUA GAL TERTULIANO POTYGUARA;;;;ColisÃ£o Transversal;Luz do Dia;Bom;Seca;Cruz;SemÃ¡foro;Comercial;0;1;1;0;0;0;1;0;0;1;0;0;-3,74376200000;-38,49862600000;inter_match
363641;3;12;2020;09:30;0;AV GOV RAUL BARBOSA;;;300;;ColisÃ£o Traseira;Luz do Dia;Bom;Seca;;;;0;1;1;1;0;0;0;0;0;1;0;0;-3,71662040000;-38,47325950000;mq_match
363637;3;12;2020;18:17;0;AV LUCIANO CARNEIRO;;;2970;;ColisÃ£o Traseira;Anoitecer;Bom;Seca;Meio de Quadra;NÃ£o HÃ¡ Controle;Comercial;0;0;2;1;0;0;0;0;0;1;0;0;;;
363623;3;12;2020;10:50;0;RUA JOAQUIM MOREIRA D36;;;241;;ColisÃ£o Traseira;Luz do Dia;Bom;Seca;Meio de Quadra;;Residencial;0;1;1;1;0;0;0;0;0;1;0;0;-3,77235000000;-38,56340000000;mq_match
365123;3;12;2020;06:50;0;RD BR 116;;;6500;KM-06;ColisÃ£o Traseira;Luz do Dia;;;Meio de Quadra;;;0;1;1;0;1;0;0;0;0;1;0;0;-3,80469100000;-38,50305300000;rod_match
365124;3;12;2020;07:25;0;RD BR 116;;;13000;KM-13;ColisÃ£o Transversal;Luz do Dia;;;Meio de Quadra;;;0;1;1;0;0;0;1;0;0;1;0;0;-3,86467000000;-38,49772700000;rod_match
365373;3;12;2020;05:58;0;AV JOAO PESSOA;;;3902;;ColisÃ£o;Amanhecer;;;Meio de Quadra;;;0;1;1;0;0;0;0;0;0;0;0;0;-3,74814925000;-38,54560960000;mq_qgis
365374;3;12;2020;06:38;0;AV JOVITA FEITOSA;;;;;ColisÃ£o;Luz do Dia;;;Meio de Quadra;;;0;2;0;1;0;0;0;0;0;1;0;0;;;
365375;3;12;2020;06:40;6760;AV ENG SANTANA JUNIOR;RUA GAL TERTULIANO POTYGUARA;;;;Queda;Luz do Dia;;;T;SemÃ¡foro;Comercial;0;2;0;0;0;0;0;0;0;1;0;0;-3,74666900000;-38,48946300000;inter_match
365376;3;12;2020;07:08;13389;AV ANTONIO SALES;RUA JOAO CORDEIRO;;;;ColisÃ£o;Luz do Dia;;;Cruz;SemÃ¡foro;Comercial;0;1;1;1;0;0;0;0;0;1;0;0;-3,74058800000;-38,51806800000;inter_match
365377;3;12;2020;07:10;0;AV PRS CASTELO BRANCO;;;70;;ColisÃ£o;Luz do Dia;;;Meio de Quadra;;;0;1;1;1;0;0;0;0;0;1;0;0;-3,72291850000;-38,52249300000;mq_match
365378;3;12;2020;07:28;0;RUA CAMELIA;;;549;;ColisÃ£o;Luz do Dia;;;Meio de Quadra;;;0;1;1;1;0;0;0;0;0;1;0;0;-3,70804600000;-38,56653060000;mq_qgis
365379;3;12;2020;09:30;0;AV PRS CASTELO BRANCO;;;;;Queda;Luz do Dia;;;Meio de Quadra;;;0;2;0;0;0;0;0;0;0;1;0;0;;;
365380;3;12;2020;10:27;0;AV JOSE BASTOS;;;;;Atropelamento;Luz do Dia;;;Meio de Quadra;;;0;1;1;1;0;0;0;0;0;0;0;0;;;
365381;3;12;2020;10:42;0;RUA MAJ FACUNDO;;;661;;Queda;Luz do Dia;;;Meio de Quadra;;;0;1;0;0;0;0;0;0;0;1;0;0;-3,72899926000;-38,52830710000;mq_qgis
365382;3;12;2020;15:46;0;AV CASTELO DE CASTRO;;;288;;Queda;Luz do Dia;;;Meio de Quadra;;;0;1;0;0;0;0;0;0;0;1;0;0;-3,83203000000;-38,52159000000;mq_gpsv
365383;3;12;2020;17:16;0;RUA BAR CRATO;;;1280;;Queda;Anoitecer;;;Meio de Quadra;;;0;1;0;0;0;0;0;0;0;1;0;0;-3,72162200000;-38,56100200000;mq_qgis
365384;3;12;2020;17:26;26083;AV BEZERRA DE MENEZES;AV JOSE JATAHY;;;;Atropelamento;Anoitecer;;;Cruz;SemÃ¡foro;Comercial;0;1;1;0;0;0;0;0;0;0;0;0;-3,73151830000;-38,54502060000;inter_match
365385;3;12;2020;18:40;0;AV D CJ JOSE WALTER;;;440;;Queda;;;;Meio de Quadra;;;0;1;0;0;0;0;0;0;0;1;0;0;-3,83123740000;-38,55686770000;mq_match
365487;3;12;2020;08:42;12520;AV AUGUSTO DOS ANJOS;RUA ALUISIO AZEVEDO;;;;ColisÃ£o;Luz do Dia;;;Duplo T;SemÃ¡foro;Comercial;0;1;1;0;0;0;0;0;0;0;0;0;-3,77339000000;-38,57316140000;inter_match
366009;3;12;2020;19:09;0;AV JOAO PESSOA;;;4747;;ColisÃ£o;;;;;;;0;2;1;1;0;0;0;0;0;1;0;0;-3,75401295000;-38,55089380000;mq_qgis
366010;3;12;2020;19:53;614;AV DR THEBERGE;RUA IRINEU DE SOUZA;;;;ColisÃ£o;;;;;;;0;1;1;0;0;0;0;0;0;1;0;0;-3,71214300000;-38,56413400000;inter_match
366011;3;12;2020;19:58;0;RUA TULIPA;;;538;;ColisÃ£o;;;;Meio de Quadra;;;0;1;1;0;0;0;0;0;0;0;0;0;-3,71511130000;-38,57978240000;mq_qgis
366012;3;12;2020;21:10;0;RUA BOM JESUS (GRANJA LISBOA);;;1398;;Atropelamento;;;;Meio de Quadra;;;0;1;1;0;0;0;0;0;0;1;0;0;-3,79324295000;-38,60476350000;mq_qgis
364011;3;12;2020;06:52;0;AV SGT HERMINIO SAMPAIO;;;715;;ColisÃ£o Traseira;Luz do Dia;Nublado;Molhada;Meio de Quadra;NÃ£o HÃ¡ Controle;Residencial;0;1;1;1;0;0;0;0;0;1;0;0;-3,72459300000;-38,54712700000;mq_match
364012;3;12;2020;10:31;11768;AV PRS CASTELO BRANCO;AV FILOMENO GOMES;;0;;ColisÃ£o Transversal;Luz do Dia;Bom;Seca;T;SemÃ¡foro;Escola;0;1;1;1;0;0;0;0;0;1;0;0;-3,71554200000;-38,54198200000;inter_match
364013;3;12;2020;09:16;2412;AV FRANCISCO SA;RUA IRAPUA;;;;ColisÃ£o Transversal;Luz do Dia;Bom;Seca;Cruz;SemÃ¡foro;Comercial;0;2;1;0;0;0;0;0;0;1;0;0;-3,70635600000;-38,58609900000;inter_match
364014;3;12;2020;12:57;9207;RUA CEL PERGENTINO FERREIRA;RUA CAROLINO DE AQUINO;;;;ColisÃ£o Transversal;Luz do Dia;Bom;Seca;Cruz;Pare;Residencial;0;0;2;1;0;0;0;0;0;0;0;0;-3,74903400000;-38,52732300000;inter_match
364015;3;12;2020;12:25;5272;RUA TEREZA CRISTINA;RUA PEDRO I;;0;;ColisÃ£o Lateral;Luz do Dia;Bom;Seca;Cruz;Pare;Comercial;0;2;0;1;1;0;0;0;0;0;0;0;-3,72847500000;-38,53719600000;inter_match
364510;3;12;2020;05:50;0;ROD CE 010;;;12000;;ColisÃ£o;Amanhecer;;;Meio de Quadra;;;0;0;2;0;0;0;0;0;0;1;0;0;;;
364513;4;12;2020;08:00;0;RD CE-040;;;;KM-03;ColisÃ£o;Luz do Dia;;;Meio de Quadra;;;0;0;2;1;0;0;0;0;0;0;0;0;-3,78261432500;-38,48108390000;rod_match
364514;4;12;2020;15:00;0;RD CE-040;;;;KM-10;ColisÃ£o;Luz do Dia;;;Meio de Quadra;;;0;0;2;1;0;0;0;0;0;0;0;0;-3,84257666000;-38,48088284000;rod_match
364016;4;12;2020;09:00;0;RUA JOAQUIM LIMA;;;900;;NÃ£o Informado;Luz do Dia;Bom;Seca;Meio de Quadra;NÃ£o HÃ¡ Controle;Comercial;0;0;5;0;0;0;0;0;0;0;0;0;-3,74149800000;-38,47920900000;mq_match
364017;4;12;2020;12:20;0;AV OLIVEIRA PAIVA;;;1600;;ColisÃ£o Traseira;Luz do Dia;Bom;Seca;Meio de Quadra;;;0;1;1;1;0;0;0;0;0;1;0;0;-3,79573900000;-38,49202800000;mq_qgis
364018;4;12;2020;18:16;0;AV VIS RIO BRANCO;;;3106;;ColisÃ£o Transversal;Via Iluminada;Bom;Seca;Meio de Quadra;SemÃ¡foro;Residencial;0;1;0;1;0;0;0;0;0;1;0;0;-3,74842000000;-38,52151000000;mq_qgis
364060;4;12;2020;07:50;6756;AV ENG SANTANA JUNIOR;AV ANTONIO SALES;;0;;NÃ£o Informado;Luz do Dia;Bom;Seca;Outros;NÃ£o HÃ¡ Controle;Comercial;0;0;2;1;0;0;0;0;0;0;0;0;-3,74925700000;-38,49003900000;inter_match
364118;4;12;2020;20:00;0;RD BR 116;;;5000;KM-05;Atropelamento;;;;Meio de Quadra;;;1;0;1;1;0;0;0;0;0;0;0;0;-3,79650200000;-38,50678700000;rod_match
364856;4;12;2020;18:30;0;RUA CON DE CASTRO;;;1628;;ColisÃ£o;Anoitecer;;;Meio de Quadra;;;0;0;3;1;0;0;0;0;0;0;0;0;-3,78571550000;-38,57408950000;mq_qgis
366013;4;12;2020;00:02;0;RUA DES HERMES PARAHYBA;;;369;;ColisÃ£o;;;;Meio de Quadra;;;0;2;1;1;0;0;0;0;0;1;0;0;-3,71397843000;-38,58709560000;mq_qgis
366014;4;12;2020;02:47;0;LOGRADOURO SEM NOME;;;250;;Queda;;;;Meio de Quadra;;;0;1;0;0;0;1;0;0;0;0;0;0;-3,82196445000;-38,54348790000;mq_qgis
366015;4;12;2020;02:56;0;AV PRS COSTA E SILVA;;;2257;;ColisÃ£o;;;;Meio de Quadra;;;0;1;1;0;0;0;0;0;0;0;0;0;-3,81963100000;-38,56145460000;mq_qgis
366016;4;12;2020;05:06;15053;RUA HOLANDA;RUA FRANCA;;;;ColisÃ£o;Amanhecer;;;Cruz;Pare;Residencial;0;1;1;0;0;0;0;0;0;0;0;0;-3,79479000000;-38,56431000000;inter_gpsv
366017;4;12;2020;05:18;0;RUA ANSELMO NOGUEIRA;;;2788;;Queda;Amanhecer;;;Meio de Quadra;;;0;1;0;0;0;0;0;0;0;1;0;0;;;
366018;4;12;2020;05:24;0;AV DEP PAULINO ROCHA;;;;;ColisÃ£o;Amanhecer;;;Meio de Quadra;;;0;1;1;0;0;0;0;0;0;0;0;0;;;
366019;4;12;2020;08:16;0;AV SGT HERMINIO SAMPAIO;;;1060;;Queda;Luz do Dia;;;Meio de Quadra;;;0;1;0;0;0;0;0;0;0;1;0;0;-3,72461666700;-38,55016467000;mq_match
366020;4;12;2020;08:45;22057;RUA MAJ PEDRO SAMPAIO;RUA CAPISTRANO;;;;Queda;Luz do Dia;;;Cruz;Pare;Residencial;0;1;0;0;0;0;0;0;0;1;0;0;-3,73833200000;-38,54628300000;inter_match
366021;4;12;2020;08:50;0;RUA CIDADE ECOLOGICA;;;55;;ColisÃ£o;Luz do Dia;;;Meio de Quadra;;;0;1;1;1;0;0;0;0;0;1;0;0;-3,77208000000;-38,47122000000;mq_gpsv
366022;4;12;2020;10:12;0;RUA TERNURA (PALMEIRAS);;;1680;;Queda;Luz do Dia;;;Meio de Quadra;;;0;1;0;0;0;0;0;0;0;1;0;0;-3,84790000000;-38,52856000000;mq_gpsv
366023;4;12;2020;10:40;0;AL AMALIA MARIA;;;;;Atropelamento;Luz do Dia;;;Meio de Quadra;;;0;1;1;0;0;0;0;0;0;1;0;0;;;
366024;4;12;2020;11:31;3767;AV DOMINGOS OLIMPIO;AV IMPERADOR;;;;ColisÃ£o;Luz do Dia;;;Cruz;SemÃ¡foro;Comercial;0;1;1;1;0;0;0;0;0;1;0;0;-3,73479000000;-38,53669700000;inter_match
366025;4;12;2020;11:39;0;AV JOVITA FEITOSA;;;86;;ColisÃ£o;Luz do Dia;;;Meio de Quadra;;;0;1;1;1;0;0;0;0;0;1;0;0;-3,73734000000;-38,54464000000;mq_gpsv
366026;4;12;2020;11:44;0;RUA PRO VIRGILIO DE MORAIS;;;133;;ColisÃ£o;Luz do Dia;;;Meio de Quadra;;;0;1;1;1;0;0;0;0;0;1;0;0;-3,74953100000;-38,59632500000;mq_qgis
366027;4;12;2020;13:00;0;RUA ENG DIOGO VITAL CRUZ;;;260;;Queda;Luz do Dia;;;Meio de Quadra;;;0;1;0;0;0;1;0;0;0;0;0;0;-3,82853000000;-38,46567000000;mq_gpsv
366028;4;12;2020;14:13;0;AV PRS CASTELO BRANCO;;;4028;;ColisÃ£o;Luz do Dia;;;Meio de Quadra;;;0;2;0;0;0;0;0;0;0;1;0;0;-3,70844050000;-38,56829800000;mq_qgis
366029;4;12;2020;14:40;2431;RUA JERONIMO ALBUQUERQUE;RUA ESTEVAO DE CAMPOS;;;;ColisÃ£o;Luz do Dia;;;Cruz;Pare;Residencial;0;1;1;1;0;0;0;0;0;1;0;0;-3,70671300000;-38,57629200000;inter_match
366030;4;12;2020;14:59;0;RUA CARLOS CHAGAS;;;887;;ColisÃ£o;Luz do Dia;;;Meio de Quadra;;;0;1;1;1;0;0;0;0;0;1;0;0;-3,77931490000;-38,58811570000;mq_qgis
366031;4;12;2020;15:18;0;RUA MELQUIADES PINTO;;;80;;Atropelamento;Luz do Dia;;;Meio de Quadra;;;0;1;1;1;0;0;0;0;0;0;0;0;-3,72961037000;-38,50678210000;mq_qgis
366032;4;12;2020;16:45;0;RUA SAO PAULO;;;1432;;ColisÃ£o;Luz do Dia;;;Meio de Quadra;;;0;1;1;1;0;0;0;0;0;1;0;0;-3,72228900000;-38,53885500000;mq_qgis
366033;4;12;2020;17:20;24283;AV ANTONIO JUSTA;RUA CASTRO MONTE;;;;ColisÃ£o;Anoitecer;;;Cruz;Pare;Residencial;0;1;1;1;0;1;0;0;0;0;0;0;-3,73058300000;-38,48614900000;inter_match
366034;4;12;2020;17:59;6850;AV PDE ANTONIO TOMAS;RUA BATISTA DE OLIVEIRA;;;;ColisÃ£o;Anoitecer;;;Cruz;SemÃ¡foro;Residencial;0;2;1;1;0;0;0;0;0;1;0;0;-3,74590600000;-38,48194700000;inter_match
366035;4;12;2020;18:19;0;RUA DIOGO CORREIA;;;418;;Atropelamento;Anoitecer;;;Meio de Quadra;;;0;1;1;0;0;0;0;0;0;1;0;0;-3,77068267000;-38,59024820000;mq_qgis
366036;4;12;2020;18:31;0;RUA EMILIO DE MENESES;;;528;;ColisÃ£o;;;;Meio de Quadra;;;0;1;1;0;0;0;0;0;0;0;0;0;-3,78206490000;-38,58631330000;mq_qgis
366037;4;12;2020;21:00;0;RUA FRANCISCO PAIVA;;;;;ColisÃ£o;;;;Meio de Quadra;;;0;1;1;0;0;0;0;0;0;0;0;0;;;
366038;4;12;2020;21:40;0;RD CE-040;;;10565;;Queda;;;;Meio de Quadra;;;0;1;0;0;0;1;0;0;0;0;0;0;-3,83443500000;-38,50337300000;rod_match
366039;4;12;2020;22:36;0;AV PRS CASTELO BRANCO;;;100;;Atropelamento;;;;Meio de Quadra;;;0;1;1;1;0;0;0;0;0;0;0;0;-3,72270850000;-38,52311700000;mq_match
366040;4;12;2020;22:42;0;RUA STA RITA;;;363;;Atropelamento;;;;Meio de Quadra;;;0;1;1;0;0;0;0;0;0;1;0;0;-3,69806000000;-38,58386000000;mq_gpsv
366041;4;12;2020;22:50;0;AV VICENTE DE CASTRO;;;;;ColisÃ£o;;;;Meio de Quadra;;;0;1;1;0;0;0;0;0;0;0;0;0;;;
366042;4;12;2020;23:16;24331;AV LUCIANO CARNEIRO;RUA ARMANDO MONTEIRO;;;;ColisÃ£o;;;;Cruz;Pare;Residencial;0;1;1;1;0;0;0;0;0;1;0;0;-3,76345400000;-38,53621900000;inter_match
365125;4;12;2020;08:30;0;RD BR 116;;;4000;KM-04;ColisÃ£o Traseira;Luz do Dia;;;Meio de Quadra;;;0;2;1;1;0;0;0;0;0;1;0;0;-3,80235400000;-38,50386900000;rod_match
365126;4;12;2020;09:22;0;RD BR 116;;;3000;KM-03;Queda;Luz do Dia;;;Meio de Quadra;;;0;2;0;0;0;0;0;0;0;1;0;0;-3,77983800000;-38,51437200000;rod_match
365127;4;12;2020;17:00;0;RD BR 116;;;4000;KM-04;Tombamento;Anoitecer;;;Meio de Quadra;;;0;2;0;0;0;0;0;0;0;1;0;0;-3,80235400000;-38,50386900000;rod_match
365128;4;12;2020;19:50;0;RD BR 222;;;400;;ColisÃ£o Traseira;;;;Meio de Quadra;;;0;2;1;1;0;0;0;0;0;1;0;0;;;
365129;5;12;2020;19:15;0;RD BR 116;;;2000;KM-02;Atropelamento;;;;Meio de Quadra;;;0;1;1;1;0;0;0;0;0;0;0;0;-3,77139100000;-38,51678000000;rod_match
365130;5;12;2020;20:30;0;RD BR 116;;;11400;KM-11;ColisÃ£o Traseira;;;;Meio de Quadra;;;0;0;2;1;0;0;0;0;0;0;0;0;-3,84716000000;-38,49717600000;rod_match
366043;5;12;2020;00:44;0;AV GODOFREDO MACIEL;;;;;Queda;;;;Meio de Quadra;;;0;1;0;0;0;0;0;0;0;1;0;0;;;
366044;5;12;2020;04:44;0;AV FRE CIRILO;;;111;;Queda;;;;Meio de Quadra;;;0;1;0;0;0;0;0;0;0;1;0;0;-3,81106000000;-38,50008000000;mq_gpsv
366045;5;12;2020;07:08;0;ET DO JATOBA;;;2150;;Queda;Luz do Dia;;;Meio de Quadra;;;0;1;0;0;0;0;0;0;0;1;0;0;-3,79178000000;-38,62626000000;mq_gpsv
366046;5;12;2020;09:22;11285;RUA CARLOS STUDART;RUA FRANCISCO GLICERIO;;;;ColisÃ£o;Luz do Dia;;;Cruz;Pare;Comercial;0;1;1;0;0;0;0;0;0;0;0;0;-3,79630680000;-38,56898000000;inter_match
366047;5;12;2020;09:59;0;AV PASTEUR;;;908;;ColisÃ£o;Luz do Dia;;;Meio de Quadra;;;0;1;1;1;0;0;0;0;0;1;0;0;-3,71390500000;-38,55974200000;mq_qgis
366048;5;12;2020;10:12;0;AV PRS COSTA E SILVA;;;2252;;ColisÃ£o;Luz do Dia;;;Meio de Quadra;;;0;1;1;0;0;0;0;0;0;0;0;0;-3,81961526000;-38,56148760000;mq_qgis
366049;5;12;2020;10:19;0;RUA SEN POMPEU;;;2179;;ColisÃ£o;Luz do Dia;;;Meio de Quadra;;;0;1;1;0;0;0;0;0;0;1;0;0;-3,73782000000;-38,53271000000;mq_gpsv
366050;5;12;2020;10:29;0;RUA BAR SOBRAL;;;1369;;Queda;Luz do Dia;;;Meio de Quadra;;;0;2;0;0;0;0;0;0;0;1;0;0;-3,76338776000;-38,56046580000;mq_qgis
366051;5;12;2020;10:30;0;RUA DAS PEDRINHAS;;;422;;Atropelamento;Luz do Dia;;;Meio de Quadra;;;0;1;1;1;0;0;0;0;0;0;0;0;-3,76313460000;-38,60036360000;mq_qgis
366052;5;12;2020;12:08;0;AV JOAO DE ARAUJO LIMA;;;1580;;ColisÃ£o;Luz do Dia;;;Meio de Quadra;;;0;1;1;1;0;0;0;0;0;1;0;0;-3,83556000000;-38,56131000000;mq_gpsv
366053;5;12;2020;12:19;0;RUA BOLEVAR;;;317;;Atropelamento;Luz do Dia;;;Meio de Quadra;;;0;1;1;1;0;0;0;0;0;0;0;0;-3,81424000000;-38,55460000000;mq_gpsv
366054;5;12;2020;12:21;0;RUA ANA BATISTA;;;553;;Queda;Luz do Dia;;;Meio de Quadra;;;0;1;0;0;0;0;0;0;0;1;0;0;-3,72263000000;-38,58467000000;mq_gpsv
366055;5;12;2020;12:35;0;RUA JOAQUIM LEITAO;;;921;;ColisÃ£o;Luz do Dia;;;Meio de Quadra;;;0;1;1;1;0;0;0;0;0;1;0;0;-3,74638100000;-38,59179400000;mq_qgis
366056;5;12;2020;12:53;0;AV ENG LEAL LIMA VERDE (SAPIRANGA/COITE);;;;;ColisÃ£o;Luz do Dia;;;Meio de Quadra;;;0;1;1;1;0;0;0;0;0;1;0;0;;;
366058;5;12;2020;13:04;0;AV PRS COSTA E SILVA;;;;JOSE WALTER;Capotamento;Luz do Dia;;;Meio de Quadra;;;0;2;0;1;0;0;0;0;0;0;0;0;;;
366059;5;12;2020;13:34;0;AV CASTELO DE CASTRO;;;1552;JANGURUSSU;Atropelamento;Luz do Dia;;;Meio de Quadra;;;0;2;0;0;0;0;0;0;0;1;0;0;-3,84335535300;-38,52155599000;mq_match
366060;5;12;2020;13:37;7744;RUA CEARA;RUA STA CATARINA (BELA VISTA / PAN AMERICANO);;;;ColisÃ£o;Luz do Dia;;;Cruz;Pare;Residencial;0;1;1;1;0;0;0;0;0;1;0;0;-3,75764100000;-38,56777500000;inter_match
366061;5;12;2020;15:13;0;RUA GURGEL DO AMARAL;;;1522;;ColisÃ£o;Luz do Dia;;;Meio de Quadra;;;0;1;1;1;0;0;0;0;0;1;0;0;-3,83823000000;-38,48124000000;mq_gpsv
366062;5;12;2020;15:20;0;RUA FRANCISCO COSTA;;;36;;Queda;Luz do Dia;;;Meio de Quadra;;;0;1;0;0;0;0;0;0;0;1;0;0;-3,84071862000;-38,51663550000;mq_qgis
366063;5;12;2020;15:56;24108;RUA DO HORIZONTE;RUA DA CIOBA;;;;Atropelamento de Animal;Luz do Dia;;;;;;0;1;0;0;0;0;0;0;0;1;0;0;-3,72958000000;-38,47358000000;inter_gpsv
366065;5;12;2020;15:59;0;RUA VERBENA;;;1019;;Queda;Luz do Dia;;;Meio de Quadra;;;0;1;0;0;0;1;0;0;0;0;0;0;;;
366066;5;12;2020;16:00;0;AV AREIA BRANCA;;;490;;ColisÃ£o;Luz do Dia;;;Meio de Quadra;;;0;1;1;1;0;0;0;0;0;1;0;0;-3,72764600000;-38,47567500000;mq_match
366067;5;12;2020;17:03;0;AV G CJ CEARA;;;705;;ColisÃ£o;Anoitecer;;;Meio de Quadra;;;0;1;1;0;0;0;0;0;0;0;0;0;-3,77455400000;-38,60997600000;mq_qgis