COD_ACIDENTE;DIA;MES;ANO;HORA;INTERSECAO;LOG1;LOG2;LOG3;NUMERO;REFERENCIA;NATUREZA;ILUMINACAO;TEMPO;SUPERFICIEPISTA;TIPOCRUZAMENTO;CONTROLETRAFEGO;USOSOLO;MORTOS;FERIDOS;ILESOS;AUTOMOVEL;ONIBUS;BICICLETA;CAMINHAO;MICROONIBUS;CICLOMOTOR;MOTOCICLETA;TRACAOANIMAL;TREM;LATITUDE;LONGITUDE;METODO
364037;8;12;2020;07:43;1649;RUA CEL JUCA;RUA GAL TERTULIANO POTYGUARA;;;;ColisÃ£o;Luz do Dia;Bom;Seca;Cruz;Pare;Comercial;0;1;1;1;0;0;0;0;0;0;0;0;-3,74532500000;-38,49376600000;inter_match
364038;8;12;2020;07:21;0;RUA MODESTA;TV CORUMBI;;115;;ColisÃ£o Lateral;Luz do Dia;Bom;Seca;T;Pare;Residencial;0;1;1;0;1;0;0;0;0;1;0;0;-3,79913000000;-38,52871000000;inter_gpsv
364039;8;12;2020;09:20;14679;AV OLIVEIRA PAIVA;RUA PDE JANUARIO CAMPOS;;0;;ColisÃ£o Traseira;Luz do Dia;Bom;Seca;T;SemÃ¡foro;Comercial;0;1;1;1;0;0;0;0;0;1;0;0;-3,79601800000;-38,48964600000;inter_match
364079;8;12;2020;10:06;25008;RUA TEODOMIRO DE CASTRO;RUA SILVIO ROMERO;;;;ColisÃ£o Transversal;Luz do Dia;Bom;Seca;Cruz;Pare;Residencial;0;1;1;0;0;0;0;0;0;1;0;0;-3,71953800000;-38,57079400000;inter_match
364617;8;12;2020;08:30;0;AV SEN CARLOS JEREISSATI (AEROPORTO);;;3500;;ColisÃ£o;Luz do Dia;;;Meio de Quadra;;;0;1;1;0;1;0;0;0;0;1;0;0;-3,77861000000;-38,54649000000;mq_gpsv
364926;8;12;2020;17:00;5402;RUA VINTE E QUATRO DE MAIO;RUA METON DE ALENCAR;;;;ColisÃ£o;Anoitecer;;;Cruz;Pare;Comercial;0;0;2;1;0;0;0;0;0;0;0;0;-3,73262600000;-38,53384800000;inter_match
365679;8;12;2020;07:08;0;ET DO FIO (MESSEJANA);;;;;ColisÃ£o;Luz do Dia;;;Meio de Quadra;;;0;1;1;1;0;0;0;0;0;1;0;0;;;
365680;8;12;2020;06:33;0;AV MIN JOSE AMERICO;;;;;Atropelamento;Luz do Dia;;;Meio de Quadra;;;0;1;1;0;0;0;0;0;0;1;0;0;;;
365681;8;12;2020;06:26;0;RUA CEL VIRGILIO NOGUEIRA (BOM JARDIM);;;651;;ColisÃ£o;Luz do Dia;;;Meio de Quadra;;;0;1;1;0;0;0;0;0;0;1;0;0;-3,78843000000;-38,60855000000;mq_gpsv
365682;8;12;2020;05:57;0;AV CASTELO DE CASTRO;;;115;;ColisÃ£o;Amanhecer;;;Meio de Quadra;;;0;1;1;0;0;0;0;0;0;0;0;0;-3,83014000000;-38,52133000000;mq_gpsv
365562;8;12;2020;10:32;1746;RUA DJALMA PETIT;RUA PILOTO D46;;;;Atropelamento;Luz do Dia;;;Cruz;Pare;Comercial;0;1;1;1;0;0;0;0;0;0;0;0;-3,76512000000;-38,51051000000;inter_gpsv
365563;8;12;2020;10:53;0;AV DIOGUINHO;;;110;;ColisÃ£o;Luz do Dia;;;Meio de Quadra;;;0;1;1;1;0;0;0;0;0;1;0;0;-3,72672000000;-38,46149000000;mq_gpsv
365564;8;12;2020;12:09;5410;RUA GAL CLARINDO DE QUEIROZ;RUA MAJ FACUNDO;;;;ColisÃ£o;Luz do Dia;;;Cruz;SemÃ¡foro;Comercial;0;1;1;1;0;0;0;0;0;0;0;0;-3,73289500000;-38,52958700000;inter_match
365565;8;12;2020;12:23;19130;RUA LAURO NOGUEIRA;RUA DES WALDETARIO P MOTA;;;;ColisÃ£o;Luz do Dia;;;Cruz;Pare;Residencial;0;2;0;0;0;0;0;0;0;1;0;0;-3,73897360000;-38,48196000000;inter_match
365566;8;12;2020;14:00;0;AV MIGUEL DIAS;;;636;;ColisÃ£o;Luz do Dia;;;Meio de Quadra;;;0;1;1;1;0;0;0;0;0;1;0;0;-3,76300000000;-38,48787000000;mq_gpsv
365494;8;12;2020;17:44;0;AV PRS COSTA E SILVA;;;258;;ColisÃ£o;Anoitecer;;;Meio de Quadra;;;0;1;1;0;0;0;1;0;0;1;0;0;-3,83723000000;-38,55885000000;mq_gpsv
365495;8;12;2020;15:56;0;AV AUGUSTO DOS ANJOS;;;1215;;ColisÃ£o;Luz do Dia;;;Meio de Quadra;;;0;1;1;1;0;0;0;0;0;1;0;0;-3,77748300000;-38,57681100000;mq_qgis
365496;8;12;2020;15:26;0;RD BR 116;;;2000;KM-02;Queda;Luz do Dia;;;Meio de Quadra;;;0;1;0;0;0;0;0;0;0;1;0;0;-3,77139100000;-38,51678000000;rod_match
365497;8;12;2020;15:30;0;AV GAL OSORIO DE PAIVA;;;7700;;ColisÃ£o;Luz do Dia;;;Meio de Quadra;;;0;1;1;0;0;0;0;0;0;0;0;0;-3,81971600000;-38,61658500000;mq_qgis
365248;9;12;2020;06:08;0;AV ANTONIO SALES;;;1689;;Queda;Luz do Dia;;;Meio de Quadra;;;0;1;0;0;0;0;0;0;0;1;0;0;-3,74345000000;-38,50860000000;mq_gpsv
365249;9;12;2020;06:44;18911;RUA VALPARAISO;AV IRACEMA (CJ PALMEIRAS);;;;ColisÃ£o;Luz do Dia;;;Cruz;NÃ£o HÃ¡ Controle;Comercial;0;1;0;0;0;0;0;0;0;0;0;0;-3,84319900000;-38,52703400000;inter_match
365250;9;12;2020;07:26;0;RUA CON DE CASTRO;;;1140;;ColisÃ£o;Luz do Dia;;;Meio de Quadra;;;0;1;1;0;0;0;0;0;0;1;0;0;-3,78197400000;-38,57064300000;mq_match
365251;9;12;2020;07:40;0;RUA OSCAR LEITAO;;;76;;ColisÃ£o;Luz do Dia;;;Meio de Quadra;;;0;1;1;0;0;0;0;0;0;1;0;0;-3,83915961000;-38,49308650000;mq_qgis
365252;9;12;2020;07:41;0;AV C CJ CEARA;;;475;;ColisÃ£o;Luz do Dia;;;Meio de Quadra;;;0;1;1;1;0;0;0;0;0;1;0;0;-3,76272000000;-38,60948000000;mq_gpsv
365253;9;12;2020;08:08;0;AV VIS RIO BRANCO;;;3520;;ColisÃ£o;Luz do Dia;;;Meio de Quadra;;;0;1;0;0;0;0;0;0;0;0;0;0;-3,75192500000;-38,52080400000;mq_qgis
365254;9;12;2020;08:12;0;RUA DOM HENRIQUE;;;416;;Queda;Luz do Dia;;;Meio de Quadra;;;0;1;0;0;0;0;0;0;0;1;0;0;-3,78783000000;-38,58110000000;mq_gpsv
365255;9;12;2020;08:15;12814;RUA ALBERTO MAGNO;RUA DELMIRO FARIAS;;;;ColisÃ£o;Luz do Dia;;;Cruz;Pare;Comercial;0;1;1;1;0;0;0;0;0;1;0;0;-3,75537500000;-38,54163300000;inter_match
365256;9;12;2020;09:04;0;AV SANTOS DUMONT;;;1075;;Queda;Luz do Dia;;;Meio de Quadra;;;0;1;0;0;0;0;0;0;0;1;0;0;-3,73108127000;-38,51416170000;mq_qgis
365257;9;12;2020;09:22;0;AV PASTEUR;;;1301;;Queda;Luz do Dia;;;Meio de Quadra;;;0;1;0;0;0;1;0;0;0;0;0;0;-3,71737900000;-38,56092300000;mq_qgis
365258;9;12;2020;11:27;0;AV DEP PAULINO ROCHA;;;;;ColisÃ£o;Luz do Dia;;;Meio de Quadra;;;0;1;0;0;0;0;0;0;0;0;0;0;;;
365259;9;12;2020;13:34;0;RUA ROSINHA SAMPAIO;;;1629;;ColisÃ£o;Luz do Dia;;;Meio de Quadra;;;0;1;1;1;0;0;0;0;0;1;0;0;-3,72542200000;-38,59326800000;mq_match
365260;9;12;2020;13:56;0;AV GAL OSORIO DE PAIVA;;;3420;;ColisÃ£o;Luz do Dia;;;Meio de Quadra;;;0;1;1;1;0;0;0;0;0;1;0;0;-3,79111069200;-38,58883538000;mq_match
365261;9;12;2020;14:16;0;RUA MANUEL MOURA;;;596;;ColisÃ£o;Luz do Dia;;;Meio de Quadra;;;0;1;1;1;0;0;0;0;0;1;0;0;-3,72664000000;-38,59241000000;mq_gpsv
365262;9;12;2020;14:54;0;AV JOSE BASTOS;;;4699;;Atropelamento;Luz do Dia;;;Meio de Quadra;;;0;1;1;0;0;0;0;0;0;1;0;0;-3,75718300000;-38,55907100000;mq_qgis
365263;9;12;2020;15:46;0;RUA DNA LEOPOLDINA;;;1606;;ColisÃ£o;Luz do Dia;;;Meio de Quadra;;;0;1;1;1;0;0;0;0;0;1;0;0;-3,73919700000;-38,52238600000;mq_qgis
365264;9;12;2020;15:51;0;AV DIOGUINHO;;;5530;;Atropelamento de Animal;Luz do Dia;;;Meio de Quadra;;;0;1;0;0;0;0;0;0;0;1;0;0;-3,76069400000;-38,44367000000;mq_match
365265;9;12;2020;17:43;0;RUA JOSE FACANHA;;;852;;ColisÃ£o;Anoitecer;;;Meio de Quadra;;;0;1;0;0;0;0;0;0;0;0;0;0;-3,75105000000;-38,55840000000;mq_gpsv
365266;9;12;2020;18:13;0;RUA DR PEDRO BORGES;;;20;;Atropelamento;Anoitecer;;;Meio de Quadra;;;0;1;1;1;0;0;0;0;0;0;0;0;-3,72818683000;-38,52619270000;mq_qgis
365267;9;12;2020;22:27;0;RUA HOLANDA;;;1600;;ColisÃ£o;;;;Meio de Quadra;;;0;1;1;1;0;0;0;0;0;1;0;0;-3,80185300000;-38,56032900000;mq_match
365131;9;12;2020;11:20;0;RD BR 116;;;5800;KM-06;Tombamento;Luz do Dia;;;Meio de Quadra;;;0;1;1;0;0;0;0;0;0;1;0;0;-3,80469100000;-38,50305300000;rod_match
364054;9;12;2020;11:30;0;RUA TULIPA NEGRA;RUA VITORIA REGIA;;0;;ColisÃ£o Traseira;Luz do Dia;Bom;Seca;Meio de Quadra;Pare;Residencial;0;1;1;1;0;0;0;0;0;1;0;0;-3,82031000000;-38,59644000000;inter_gpsv
364055;9;12;2020;16:50;14682;AV OLIVEIRA PAIVA;RUA JUNIOR ROCHA;;0;;Capotamento;Luz do Dia;Bom;Seca;Cruz;SemÃ¡foro;Comercial;0;1;2;1;0;0;0;0;0;0;0;0;-3,79618900000;-38,48822400000;inter_match
364056;9;12;2020;12:30;10726;RUA CURITIBA;RUA PRO HERIBALDO COSTA;;;;ColisÃ£o Transversal;Luz do Dia;Bom;Seca;Cruz;Pare;Comercial;0;1;1;0;0;0;0;0;0;1;0;0;-3,75999200000;-38,58385300000;inter_match
364057;9;12;2020;16:55;25009;RUA TULIPA;RUA TEODOMIRO DE CASTRO;;0;;ColisÃ£o Transversal;Luz do Dia;Bom;Seca;Cruz;SemÃ¡foro;Residencial;0;2;0;0;0;0;0;0;0;1;0;0;-3,71565200000;-38,57997500000;inter_match
364058;9;12;2020;16:21;17311;RUA ROMEU MARTINS;RUA JOAO FIRMINO;;;;ColisÃ£o Transversal;Luz do Dia;Bom;Seca;Cruz;Pare;Residencial;0;1;1;0;0;0;0;0;0;1;0;0;-3,76427400000;-38,55558200000;inter_match
364049;9;12;2020;07:15;16039;AV PRS COSTA E SILVA;RUA CEL TIBURCIO;;;;ColisÃ£o Transversal;Luz do Dia;Bom;Seca;Cruz;SemÃ¡foro;Comercial;0;1;1;1;0;0;0;0;0;1;0;0;-3,81216700000;-38,57370300000;inter_match
364050;9;12;2020;10:22;0;RUA SAO TOMAZ DE AQUINO;RUA PEDRO VERISSIMO;;0;;ColisÃ£o Transversal;Luz do Dia;Bom;Seca;Meio de Quadra;NÃ£o HÃ¡ Controle;Residencial;0;0;2;1;0;0;0;0;0;0;0;0;-3,81584000000;-38,52620000000;inter_gpsv
364051;9;12;2020;09:40;0;RUA FAUSTO CABRAL;RUA RIO PRADO;;0;;ColisÃ£o Lateral;Luz do Dia;Bom;Seca;Meio de Quadra;NÃ£o HÃ¡ Controle;Residencial;0;1;1;0;0;0;0;0;0;1;0;0;-3,73203000000;-38,48209000000;inter_gpsv
364052;9;12;2020;10:51;0;RUA PAULO FIRMEZA;;;287;;ColisÃ£o Traseira;Luz do Dia;Bom;Seca;Meio de Quadra;NÃ£o HÃ¡ Controle;Residencial;0;0;2;1;0;0;0;0;0;1;0;0;-3,75757445000;-38,51735480000;mq_qgis
363712;9;12;2020;07:15;0;RUA 15 DE NOVEMBRO;;;613;;ColisÃ£o Traseira;Luz do Dia;Bom;;Meio de Quadra;NÃ£o HÃ¡ Controle;Comercial;0;0;2;1;0;0;0;0;0;1;0;0;;;
363713;9;12;2020;17:30;0;RUA RIO GRANDE DO NORTE;;;660;;ColisÃ£o Lateral;Anoitecer;Bom;Seca;Meio de Quadra;NÃ£o HÃ¡ Controle;Residencial;0;1;1;1;0;0;0;0;0;1;0;0;-3,76034000000;-38,56480000000;mq_gpsv
363730;9;12;2020;16:30;0;AV PRS JUSCELINO KUBITSCHEK (PASSARÃ‰);;;3495;;ColisÃ£o Traseira;Luz do Dia;Bom;Seca;Meio de Quadra;Pare;Residencial;0;1;2;1;0;0;0;0;0;1;0;0;;;
363731;10;12;2020;08:41;0;RUA SABIAGUABA;;;;;Choque c/ ObstÃ¡culo Fixo;Luz do Dia;Bom;Seca;Meio de Quadra;;Outros;0;0;1;1;0;0;0;0;0;0;0;0;;;
363732;10;12;2020;19:10;0;AV PRS COSTA E SILVA;;;1011;;ColisÃ£o Lateral;Via Iluminada;Bom;Seca;Meio de Quadra;SemÃ¡foro;Residencial;0;1;1;0;0;0;0;0;0;1;0;0;-3,81333177000;-38,57043930000;mq_qgis
364059;10;12;2020;08:18;0;AV AUGUSTO DOS ANJOS;;;489;;ColisÃ£o Lateral;Luz do Dia;Bom;Seca;Meio de Quadra;NÃ£o HÃ¡ Controle;Comercial;0;0;2;1;0;0;0;0;0;1;0;0;-3,77304700000;-38,57279210000;mq_match
364061;10;12;2020;10:28;812;AV GOV RAUL BARBOSA;RUA CEL GONCALO D46;;;;ColisÃ£o Transversal;Luz do Dia;Bom;Seca;Outros;NÃ£o HÃ¡ Controle;Comercial;0;1;1;0;0;0;0;0;0;0;0;0;-3,77368700000;-38,51273900000;inter_match
364062;10;12;2020;15:03;0;AV FRANCISCO SA;;;0;;ColisÃ£o Lateral;Luz do Dia;Bom;Seca;Cruz;SemÃ¡foro;Comercial;0;0;2;1;0;0;0;0;0;0;0;0;-3,71688680000;-38,55827700000;mq_match
364063;10;12;2020;15:14;0;RUA WALDIR DIOGO;;;507;;ColisÃ£o Traseira;Luz do Dia;Bom;Seca;Meio de Quadra;NÃ£o HÃ¡ Controle;Residencial;0;2;0;1;0;0;0;0;0;0;0;0;-3,80622000000;-38,58248700000;mq_match
364064;10;12;2020;17:10;22672;AV COS GOMES DE FREITAS (SAPIRANGA/COITE);RUA ELISEU ORIA;;0;;ColisÃ£o Traseira;Luz do Dia;Bom;Seca;Cruz;SemÃ¡foro;Comercial;0;1;1;1;0;0;0;0;0;0;0;0;-3,79548700000;-38,47741800000;inter_match
364065;10;12;2020;19:20;5402;RUA METON DE ALENCAR;RUA VINTE E QUATRO DE MAIO;;;;ColisÃ£o Transversal;Via Iluminada;Bom;Seca;Cruz;Pare;Comercial;0;2;1;1;0;0;0;0;0;1;0;0;-3,73262600000;-38,53384800000;inter_match
364066;10;12;2020;16:40;24998;RUA FRANCISCANO;RUA MARIA JULIA;;;;ColisÃ£o Transversal;Amanhecer;Bom;Seca;Cruz;Pare;Residencial;0;1;1;1;0;0;0;0;0;1;0;0;-3,80091000000;-38,60275000000;inter_gpsv
364120;10;12;2020;23:00;0;AV FRANCISCO SA;;;;;Atropelamento;;;;Meio de Quadra;;;1;0;1;0;0;0;0;0;0;1;0;0;-3,70531100000;-38,58780400000;fat_match
364930;10;12;2020;18:00;10730;AV SEN FERNANDES TAVORA;RUA VITORIA (AV. PERIMETRAL);;;;ColisÃ£o;Anoitecer;;;Cruz;SemÃ¡foro;Comercial;0;1;1;0;0;0;0;0;0;1;0;0;-3,76019300000;-38,58590300000;inter_match
364931;10;12;2020;16:00;0;RUA TEN BENEVOLO;;;1055;;ColisÃ£o;Luz do Dia;;;Meio de Quadra;;;0;0;1;0;0;0;0;0;0;0;0;0;-3,72705030000;-38,51181800000;mq_match
364932;10;12;2020;20:30;0;RUA MARIA JULIA;;;;;ColisÃ£o;;;;Meio de Quadra;;;0;0;2;1;0;0;0;0;0;1;0;0;;;
364618;10;12;2020;01:40;0;RD CE-040;;;;KM-05;ColisÃ£o;Anoitecer;;;Meio de Quadra;;;0;0;2;1;0;0;0;0;0;0;0;0;-3,80059582300;-38,47953463000;rod_match
364619;10;12;2020;08:00;0;RD CE-040;;;;KM-07;ColisÃ£o;Luz do Dia;;;Meio de Quadra;;;0;0;2;0;0;0;0;0;0;0;0;0;-3,81715944500;-38,48303286000;rod_match
364620;10;12;2020;07:50;0;RD CE-025;;;;KM-06;ColisÃ£o;Luz do Dia;;;Meio de Quadra;;;0;0;2;1;0;0;0;0;0;0;0;0;-3,81098308400;-38,42708101000;rod_match
365132;10;12;2020;08:45;0;RD BR 116;;;1000;KM-01;Outros;Luz do Dia;;;Meio de Quadra;;;0;2;0;0;0;0;0;0;0;1;0;0;-3,76255400000;-38,51870200000;rod_match
365133;10;12;2020;15:50;0;RD BR 222;;;500;;Engavetamento;Luz do Dia;;;Meio de Quadra;;;0;1;4;1;0;0;0;0;0;0;0;0;-3,74008000000;-38,59406300000;rod_match
365134;10;12;2020;20:15;0;RD BR 116;;;7000;KM-07;ColisÃ£o Lateral;;;;Meio de Quadra;;;0;1;1;1;0;0;0;0;0;1;0;0;-3,78627635900;-38,51156140000;rod_match
365135;10;12;2020;21:35;0;RD BR 116;;;9800;KM-10;ColisÃ£o Lateral;;;;Meio de Quadra;;;0;0;2;1;0;0;0;0;0;0;0;0;-3,83443500000;-38,50337300000;rod_match
365268;10;12;2020;00:06;0;ET DO FIO (MESSEJANA);;;31258;;ColisÃ£o;;;;Meio de Quadra;;;0;1;1;0;0;0;0;0;0;1;0;0;;;
365269;10;12;2020;05:49;0;AV PRS CASTELO BRANCO;;;5986;;ColisÃ£o;Amanhecer;;;Meio de Quadra;;;0;1;1;1;0;0;0;0;0;1;0;0;-3,70180000000;-38,58402200000;mq_match
365270;10;12;2020;06:44;0;RUA VALPARAISO;;;;;ColisÃ£o;Luz do Dia;;;Meio de Quadra;;;0;1;0;0;0;0;0;0;0;1;0;0;;;
365271;10;12;2020;07:28;0;RUA MIN ALBUQUERQUE LIMA;;;100;;ColisÃ£o;Luz do Dia;;;Meio de Quadra;;;0;1;1;1;0;0;0;0;0;1;0;0;-3,76705352000;-38,61007390000;mq_qgis
365272;10;12;2020;08:35;0;RUA OSCAR ARARIPE;;;3781;;ColisÃ£o;Luz do Dia;;;Meio de Quadra;;;0;1;0;0;0;0;0;0;0;0;0;0;-3,78343500000;-38,62452500000;mq_match
365273;10;12;2020;08:45;0;AV ALM HENRIQUE SABOIA;;;;;ColisÃ£o;Luz do Dia;;;Meio de Quadra;;;0;1;1;1;0;0;0;0;0;1;0;0;;;
365275;10;12;2020;11:27;2393;AV 20 DE JANEIRO;RUA MOACIR;;;;ColisÃ£o;Luz do Dia;;;;;;0;1;1;0;0;0;0;0;0;1;0;0;-3,70591000000;-38,58071000000;inter_gpsv
365276;10;12;2020;12:21;0;AV RAD JOSE LIMA VERDE;;;;;ColisÃ£o;Luz do Dia;;;Meio de Quadra;;;0;1;1;1;0;0;0;0;0;1;0;0;;;
365277;10;12;2020;14:00;0;RUA MIGUEL GURGEL;;;;;Queda;Luz do Dia;;;Meio de Quadra;;;0;1;0;0;0;0;0;0;0;1;0;0;;;
365278;10;12;2020;15:53;0;RUA BERNARDO MANUEL;;;9833;;Queda;Luz do Dia;;;Meio de Quadra;;;0;1;0;0;0;0;0;0;0;1;0;0;-3,80363435000;-38,55289330000;mq_qgis
365279;10;12;2020;16:59;0;AV GOV LEONEL BRIZOLA;;;425;;ColisÃ£o;Luz do Dia;;;Meio de Quadra;;;0;1;1;1;0;0;0;0;0;1;0;0;;;
365280;10;12;2020;18:43;0;RUA GAL SAMPAIO;;;;;ColisÃ£o;;;;Meio de Quadra;;;0;1;1;1;0;0;0;0;0;1;0;0;;;
365281;10;12;2020;19:24;0;AV PRS CASTELO BRANCO;;;1000;;ColisÃ£o;;;;Meio de Quadra;;;0;1;1;1;0;0;0;0;0;1;0;0;-3,71801000000;-38,53548000000;mq_match
365282;10;12;2020;19:34;0;AV BENJAMIM BRASIL;;;399;;ColisÃ£o;;;;Meio de Quadra;;;0;1;1;1;0;0;0;0;0;1;0;0;-3,80403400000;-38,56956700000;mq_qgis
365283;10;12;2020;19:35;0;RUA LAURO MAIA;;;999;;ColisÃ£o;;;;Meio de Quadra;;;0;1;1;1;0;0;0;0;0;1;0;0;-3,74852776000;-38,52263500000;mq_qgis
365284;10;12;2020;20:33;0;AV LUCIANO CARNEIRO;;;869;;ColisÃ£o;;;;Meio de Quadra;;;0;1;1;1;0;0;0;0;0;0;0;0;-3,75547100000;-38,53377500000;mq_match
365286;10;12;2020;21:04;0;RUA BENTO ALBUQUERQUE;;;2074;;ColisÃ£o;;;;Meio de Quadra;;;0;1;1;1;0;0;0;0;0;1;0;0;-3,74756400000;-38,47134700000;mq_qgis
365288;10;12;2020;22:11;0;RUA OSCAR ARARIPE;;;706;;Queda;;;;Meio de Quadra;;;0;1;0;0;0;0;0;0;0;1;0;0;-3,79167046000;-38,59779720000;mq_qgis
365289;10;12;2020;23:48;0;AV BEZERRA DE MENEZES;;;2275;;Queda;;;;Meio de Quadra;;;0;1;0;0;0;0;0;0;0;1;0;0;-3,73582800000;-38,56516700000;mq_match
365290;11;12;2020;02:30;0;AV PERIMETRAL;;;3391;;ColisÃ£o;;;;Meio de Quadra;;;0;1;0;0;0;0;0;0;0;0;0;0;-3,82945440000;-38,52684000000;mq_match
365291;11;12;2020;06:07;0;RUA VALPARAISO;;;1500;;ColisÃ£o;Luz do Dia;;;Meio de Quadra;;;0;1;0;0;0;0;0;0;0;0;0;0;-3,83853200000;-38,53270100000;mq_match
365292;11;12;2020;06:10;0;AV N CJ JOSE WALTER;;;833;;Queda;Luz do Dia;;;Meio de Quadra;;;0;1;0;0;0;0;0;0;0;1;0;0;;;
365293;11;12;2020;06:20;0;AV ALBERTO CRAVEIRO;;;;;ColisÃ£o;Luz do Dia;;;Meio de Quadra;;;0;1;1;1;0;0;0;0;0;1;0;0;;;
365294;11;12;2020;07:47;0;RUA CURITIBA;;;1636;;ColisÃ£o;Luz do Dia;;;Meio de Quadra;;;0;1;1;1;0;0;0;0;0;1;0;0;-3,75385000000;-38,59832000000;mq_gpsv
365295;11;12;2020;08:23;0;RUA JOAQUIM M DE MACEDO;;;179;;Choque c/ ObstÃ¡culo Fixo;Luz do Dia;;;Meio de Quadra;;;0;1;0;1;0;0;0;0;0;0;0;0;-3,75420358000;-38,57975290000;mq_qgis
365296;11;12;2020;08:29;0;RUA CARLOS CHAGAS;;;1070;;ColisÃ£o;Luz do Dia;;;Meio de Quadra;;;0;1;1;1;0;0;0;0;0;1;0;0;-3,77884000000;-38,58959000000;mq_gpsv
365297;11;12;2020;09:34;0;RUA JORGE DUMAR;;;;;Atropelamento;Luz do Dia;;;Meio de Quadra;;;0;1;1;0;0;0;0;0;0;1;0;0;;;
365298;11;12;2020;09:49;0;AV ABOLICAO;;;2308;;ColisÃ£o;Luz do Dia;;;Meio de Quadra;;;0;1;1;1;0;0;0;0;0;1;0;0;-3,72637300000;-38,49843600000;mq_match
365299;11;12;2020;10:10;0;RUA DO CONTORNO UI 302;;;;;ColisÃ£o;Luz do Dia;;;Meio de Quadra;;;0;1;0;0;0;0;0;0;0;0;0;0;;;
365300;11;12;2020;11:20;0;AV GODOFREDO MACIEL;;;2957;;ColisÃ£o;Luz do Dia;;;Meio de Quadra;;;0;1;0;0;0;0;0;0;0;0;0;0;-3,80166300000;-38,57154100000;mq_match
365301;11;12;2020;12:40;0;AV PRS CASTELO BRANCO;;;;;ColisÃ£o;Luz do Dia;;;Meio de Quadra;;;0;1;1;1;0;1;0;0;0;0;0;0;;;
365302;11;12;2020;13:18;0;RUA VALDETARIO MOTA;;;686;;ColisÃ£o;Luz do Dia;;;Meio de Quadra;;;0;1;0;0;0;0;0;0;0;0;0;0;-3,73559000000;-38,47990000000;mq_gpsv
365303;11;12;2020;13:54;9474;RUA MARIA CLARA;RUA RAIMUNDO BIZARRIA;;;;ColisÃ£o;Luz do Dia;;;;;;0;1;1;1;0;0;0;0;0;1;0;0;-3,72602000000;-38,57920600000;inter_match
365304;11;12;2020;14:25;0;RUA CAETANO SILVA (PASSARÃ‰);;;68;;Queda;Luz do Dia;;;Meio de Quadra;;;0;1;0;0;0;0;0;0;0;1;0;0;;;
365305;11;12;2020;17:09;0;AV G CJ JOSE WALTER;;;741;;Queda;Anoitecer;;;Meio de Quadra;;;0;1;0;0;0;0;0;0;0;1;0;0;-3,83733000000;-38,56089000000;mq_gpsv
365306;11;12;2020;17:16;0;AV MR HULL;;;;;ColisÃ£o;Anoitecer;;;Meio de Quadra;;;0;1;1;1;0;0;0;0;0;1;0;0;;;
365307;11;12;2020;18:10;0;RUA PROF GLAUCO LOBO;;;700;;ColisÃ£o;Anoitecer;;;Meio de Quadra;;;0;1;0;0;0;0;0;0;0;0;0;0;;;
365308;11;12;2020;18:15;0;AV PERIMETRAL;;;700;;ColisÃ£o;Anoitecer;;;Meio de Quadra;;;0;1;1;1;0;0;0;0;0;1;0;0;;;
365309;11;12;2020;18:19;0;RUA MAJ PEDRO SAMPAIO;;;313;;ColisÃ£o;Anoitecer;;;Meio de Quadra;;;0;1;1;1;0;0;0;0;0;1;0;0;-3,74108000000;-38,54842000000;mq_gpsv
365310;11;12;2020;18:23;0;RUA CANAL;;;470;;Queda;Anoitecer;;;Meio de Quadra;;;0;1;0;0;0;0;0;0;0;1;0;0;-3,79779000000;-38,61039000000;mq_gpsv
365311;11;12;2020;18:33;0;RD BR 116;;;16000;KM-16;ColisÃ£o;;;;Meio de Quadra;;;0;1;1;1;0;0;0;0;0;1;0;0;-3,76116570000;-38,51905670000;rod_match
365312;11;12;2020;18:40;18575;RUA SAO FIDELIS D71;RUA OSORIO CORREIA;;;;ColisÃ£o;;;;;;;0;1;1;0;0;0;0;0;0;1;0;0;-3,82369000000;-38,59696000000;inter_gpsv
365313;11;12;2020;19:14;0;RUA LEONARDO MOTA;;;970;;ColisÃ£o;;;;Meio de Quadra;;;0;1;1;0;0;0;0;0;0;1;0;0;-3,73387200000;-38,49544500000;mq_qgis
365314;11;12;2020;19:49;0;AV CONTORNO (CASTELÃƒO);;;;;Queda;;;;Meio de Quadra;;;0;1;0;0;0;0;0;0;0;1;0;0;;;
365315;11;12;2020;20:22;0;AV PRS CASTELO BRANCO;;;;;Queda;;;;Meio de Quadra;;;0;0;1;0;0;0;0;0;0;1;0;0;;;
365316;11;12;2020;20:49;0;AV 9 CJ PEQ MONDUBIM;;;320;;Atropelamento;;;;Meio de Quadra;;;0;1;1;0;0;0;0;0;0;1;0;0;;;
365317;11;12;2020;20:51;0;RUA SAO MATEUS D14;;;320;;ColisÃ£o;;;;Meio de Quadra;;;0;1;1;1;0;0;0;0;0;1;0;0;;;
365318;11;12;2020;21:17;0;RUA EUDES CARDOSO;;;366;;Queda;;;;Meio de Quadra;;;0;1;0;0;0;0;0;0;0;1;0;0;-3,82578311000;-38,48984450000;mq_qgis
365320;11;12;2020;21:31;0;RUA EUDES CARDOSO;;;139;;Queda;;;;Meio de Quadra;;;0;1;0;0;0;0;0;0;0;1;0;0;-3,82555221000;-38,49186740000;mq_qgis
365321;11;12;2020;21:54;0;RUA RAIMUNDO PINHEIRO;;;305;;ColisÃ£o;;;;Meio de Quadra;;;0;1;1;1;0;0;0;0;0;1;0;0;-3,78767000000;-38,59664000000;mq_gpsv